Date,Open,High,Low,Close,Volume,Dividends,Stock Splits,Capital Gains
2007-10-09,58.66484285757895,58.700206540789125,58.44676081523905,58.61179733276367,182700,0.0,0.0,0.0
2007-10-10,58.623548631424676,58.73553955708724,58.46440765534562,58.688385009765625,711600,0.0,0.0,0.0
2007-10-11,58.58230540653533,58.72966003417969,58.493891730567455,58.72966003417969,258000,0.0,0.0,0.0
2007-10-12,58.67660214390693,58.73554308314478,58.54103393644501,58.61765670776367,470400,0.0,0.0,0.0
2007-10-15,58.605884178034714,58.647143294948876,58.49978866355453,58.63535690307617,200800,0.0,0.0,0.0
2007-10-16,58.74145092265879,58.7768145942834,58.61766907815994,58.72966003417969,266400,0.0,0.0,0.0
2007-10-17,58.74141718756587,58.95949903321542,58.7178399210544,58.930030822753906,243600,0.0,0.0,0.0
2007-10-18,59.106920075172106,59.11871097014522,58.98314265940745,59.10102462768555,270000,0.0,0.0,0.0
2007-10-19,59.23654788124684,59.37211608886718,59.14223878083175,59.37211608886719,732700,0.0,0.0,0.0
2007-10-22,59.41926371730958,59.41926371730958,59.23654546384372,59.354427337646484,284500,0.0,0.0,0.0
2007-10-23,59.319030062184304,59.336711883544915,59.20703919769683,59.33671188354492,328900,0.0,0.0,0.0
2007-10-24,59.454655907185746,59.64916062788415,59.35445132735724,59.59611511230469,1018400,0.0,0.0,0.0
2007-10-25,59.60785404537478,59.61374948582529,59.43103130399073,59.44281768798828,236200,0.0,0.0,0.0
2007-10-26,59.38981246948242,59.53127165785241,59.30139879041124,59.38981246948242,348000,0.0,0.0,0.0
2007-10-29,59.40159886146887,59.46643525966064,59.295503345964754,59.38981246948242,261000,0.0,0.0,0.0
2007-10-30,59.442853385005144,59.4664306640625,59.35443971276662,59.4664306640625,252400,0.0,0.0,0.0
2007-10-31,59.271953195021744,59.4487806341015,59.18354397239044,59.30142593383789,767000,0.0,0.0,0.0
2007-11-01,59.36469011085111,59.57776412902646,59.34101471820725,59.44755172729492,251200,0.417,0.0,0.0
2007-11-02,59.459466440792454,59.719891591470216,59.441711001541776,59.51273727416992,401100,0.0,0.0,0.0
2007-11-05,59.642886518554484,59.642886518554484,59.459407806396484,59.459407806396484,509700,0.0,0.0,0.0
2007-11-06,59.42390763668657,59.48901387184759,59.28777518618031,59.382476806640625,418000,0.0,0.0,0.0
2007-11-07,59.42391683152907,59.435752278107046,59.25819348570244,59.39432144165039,716100,0.0,0.0,0.0
2007-11-08,59.489025656943134,59.52453651383975,59.3528931794683,59.45351028442383,469700,0.0,0.0,0.0
2007-11-09,59.58371740091064,59.68433449678176,59.51269569352976,59.66066360473633,184600,0.0,0.0,0.0
2007-11-12,59.483102930578724,59.684337131203286,59.483102930578724,59.57780456542969,224000,0.0,0.0,0.0
2007-11-13,59.63103761965312,59.66654845512301,59.51266515767351,59.58368682861328,276100,0.0,0.0,0.0
2007-11-14,59.50678467579667,59.57189092778384,59.4239229942899,59.56005096435547,336000,0.0,0.0,0.0
2007-11-15,59.66658438274703,59.84414769825435,59.56004729656718,59.814552307128906,493500,0.0,0.0,0.0
2007-11-16,59.77899889559242,59.83818512008793,59.69021730103943,59.77307891845703,1810900,0.0,0.0,0.0
2007-11-19,59.666555585837955,60.00392210998029,59.666555585837955,59.90330505371094,416800,0.0,0.0,0.0
2007-11-20,59.91515082691821,59.926986269431545,59.71391217922389,59.77901840209961,332100,0.0,0.0,0.0
2007-11-21,60.02175151905428,60.23482131958008,59.88561894988078,60.23482131958008,789200,0.0,0.0,0.0
2007-11-23,60.09860318416908,60.24065101014588,59.92695999145508,59.92695999145508,137700,0.0,0.0,0.0
2007-11-26,60.09272959419235,60.619495016276105,60.02170788419069,60.471527099609375,441900,0.0,0.0,0.0
2007-11-27,60.49523343384713,60.49523343384713,60.03357402034217,60.22297286987305,933000,0.0,0.0,0.0
2007-11-28,60.14596591269043,60.22882753727227,60.027588937845046,60.0749397277832,536500,0.0,0.0,0.0
2007-11-29,60.28804719879121,60.41825968551874,60.08089302246212,60.24661636352539,1496800,0.0,0.0,0.0
2007-11-30,60.08682544160675,60.43603216505417,59.944777468561796,60.37092590332031,1734300,0.0,0.0,0.0
2007-12-03,60.55332155355177,60.95740670094369,60.458240561830735,60.68999481201172,630100,0.407,0.0,0.0
2007-12-04,60.71376117610135,60.74941881257134,60.41070073522751,60.45823669433594,580800,0.0,0.0,0.0
2007-12-05,60.49392433039352,60.505807192635736,60.33941991896566,60.34536361694336,442400,0.0,0.0,0.0
2007-12-06,60.2383447783609,60.434441295632965,60.10166705181705,60.27994155883789,805900,0.0,0.0,0.0
2007-12-07,60.17303129488157,60.17303129488157,59.77488514614837,59.935333251953125,406200,0.0,0.0,0.0
2007-12-10,59.947208328854,59.947208328854,59.61443383219796,59.81647872924805,916400,0.0,0.0,0.0
2007-12-11,59.95318062750695,60.262189550715696,59.8105635657185,60.10768508911133,1153500,0.0,0.0,0.0
2007-12-12,59.88183744609247,60.15519308945401,59.733276764736594,60.0482292175293,500900,0.0,0.0,0.0
2007-12-13,59.982865977576076,59.982865977576076,59.75705082594877,59.81647872924805,425500,0.0,0.0,0.0
2007-12-14,59.7808310484277,59.792718444554666,59.56690325527476,59.65009689331055,515300,0.0,0.0,0.0
2007-12-17,59.82836844106335,59.88184811970206,59.63821091638179,59.73923110961914,550800,0.0,0.0,0.0
2007-12-18,59.976930207961566,60.07795040298272,59.8283694975023,60.05418014526367,402300,0.0,0.0,0.0
2007-12-19,60.101712780346205,60.35129365310233,59.95315208936577,60.17896270751953,634800,0.0,0.0,0.0
2007-12-20,60.345363583869755,60.41073066044906,60.125492095947266,60.125492095947266,489200,0.0,0.0,0.0
2007-12-21,60.17302244233509,60.17302244233509,59.864013671875,59.864013671875,411900,0.0,0.0,0.0
2007-12-24,59.86996451994511,59.92344419792463,59.79271458495926,59.8818473815918,190700,0.0,0.0,0.0
2007-12-26,59.869939839725,59.98284738053287,59.63224190136104,59.697608947753906,259200,0.0,0.0,0.0
2007-12-27,59.98344447002487,60.02521133422851,59.786541587816224,60.025211334228516,427200,0.409,0.0,0.0
2007-12-28,60.156481033863926,60.38918278904762,60.07891529955165,60.347415924072266,442500,0.0,0.0,0.0
2007-12-31,60.454827668993836,60.49062654459856,60.17439100409642,60.365325927734375,708000,0.0,0.0,0.0
2008-01-02,60.478675081702576,61.22451509153785,60.29967165844365,60.651710510253906,888900,0.0,0.0,0.0
2008-01-03,60.63381772922611,60.81281661987305,60.484649710896996,60.81281661987305,370600,0.0,0.0,0.0
2008-01-04,60.74719070265656,61.08133020530828,60.74719070265656,60.93812561035156,497700,0.0,0.0,0.0
2008-01-07,60.98590017811956,61.07540197017276,60.75916625020165,61.0157356262207,693600,0.0,0.0,0.0
2008-01-08,60.95602817532787,61.17082595825195,60.824759575806866,61.17082595825195,1544400,0.0,0.0,0.0
2008-01-09,61.12301171089797,61.15881053351757,60.92610908200834,61.02754211425781,437700,0.0,0.0,0.0
2008-01-10,61.00376166804024,61.03359709757706,60.74122900755543,60.90232849121094,291900,0.0,0.0,0.0
2008-01-11,60.979914942712966,61.170849920743905,60.967983498194954,61.164886474609375,315700,0.0,0.0,0.0
2008-01-14,61.16482464956509,61.248358333502715,61.087254405734186,61.212554931640625,290400,0.0,0.0,0.0
2008-01-15,61.34388217967396,61.4333839416504,61.230517529935945,61.43338394165039,361400,0.0,0.0,0.0
2008-01-16,61.43330734583953,61.498941585972084,61.21850520581356,61.24834060668945,620900,0.0,0.0,0.0
2008-01-17,61.31997305206036,61.61830902099609,61.20660847939181,61.618309020996094,807500,0.0,0.0,0.0
2008-01-18,61.43333743834676,61.60637283325196,61.3378723028187,61.60637283325195,809400,0.0,0.0,0.0
2008-01-22,62.035985739156025,62.94292513480601,61.38561092164895,61.70185089111328,793000,0.0,0.0,0.0
2008-01-23,62.28657584618389,62.28657584618389,61.48703772929882,61.516868591308594,911200,0.0,0.0,0.0
2008-01-24,61.72568349854153,61.72568349854153,61.284147729802086,61.36171340942383,469200,0.0,0.0,0.0
2008-01-25,61.206602751854454,61.61233981372916,60.99180051014166,61.46913528442383,585400,0.0,0.0,0.0
2008-01-28,61.46317752783183,61.67201179541029,61.43931010407349,61.588478088378906,484000,0.0,0.0,0.0
2008-01-29,61.546689905266085,61.5944247362398,61.35575513361526,61.39752197265625,450900,0.0,0.0,0.0
2008-01-30,61.46915930252173,61.56462902602856,61.31999127372754,61.49302673339844,557800,0.0,0.0,0.0
2008-01-31,61.74360188602967,61.82713557658169,61.498964254952526,61.76150131225586,649200,0.0,0.0,0.0
2008-02-01,61.86633685326674,61.89629236546097,61.698596954345696,61.6985969543457,610300,0.415,0.0,0.0
2008-02-04,61.6147316964739,61.7105856863386,61.500910796721826,61.66265869140625,336200,0.0,0.0,0.0
2008-02-05,61.91426894654853,61.96219594178092,61.656667060386745,61.85436248779297,622800,0.0,0.0,0.0
2008-02-06,61.84840396451867,61.84840396451867,61.65670045034263,61.80646896362305,698600,0.0,0.0,0.0
2008-02-07,61.78252897979259,61.794513024939036,61.13553222968005,61.26133728027344,622300,0.0,0.0,0.0
2008-02-08,61.48892254353651,61.64468298109397,61.393073130818486,61.5548210144043,543400,0.0,0.0,0.0
2008-02-11,61.63271123003688,61.806443181439604,61.566812746036874,61.68663024902344,746300,0.0,0.0,0.0
2008-02-12,61.51289026017001,61.68662218887242,61.381093309390955,61.66265869140625,653400,0.0,0.0,0.0
2008-02-13,61.494948175700856,61.60278168056061,61.2972526550293,61.2972526550293,510400,0.0,0.0,0.0
2008-02-14,61.189418854175344,61.30324437835781,60.94978833669373,61.10554885864258,578800,0.0,0.0,0.0
2008-02-15,61.183463757401945,61.183463757401945,61.033695164914896,61.07563018798828,455300,0.0,0.0,0.0
2008-02-19,61.02163948761093,61.09352996763816,60.69214716736408,60.78200912475586,597200,0.0,0.0,0.0
2008-02-20,60.63825692364063,60.86590334534729,60.560374396568506,60.68618392944336,405300,0.0,0.0,0.0
2008-02-21,60.9617562452348,61.21935818351316,60.81198778276066,61.18341064453125,486400,0.0,0.0,0.0
2008-02-22,61.021673028034904,61.25531150333099,60.83596156576662,60.859920501708984,987700,0.0,0.0,0.0
2008-02-25,60.91382653997962,60.9497695067974,60.560370607512645,60.64424514770508,557900,0.0,0.0,0.0
2008-02-26,60.75210891929266,60.937820434570305,60.6862104002123,60.93782043457031,638400,0.0,0.0,0.0
2008-02-27,61.05757991420189,61.087535422281825,60.90182406977895,61.06357192993164,633000,0.0,0.0,0.0
2008-02-28,61.31520207361157,61.48294200511038,61.21336062528305,61.42902755737305,434500,0.0,0.0,0.0
2008-02-29,61.644687210949066,61.884317615041006,61.39906478984813,61.66265869140625,922900,0.0,0.0,0.0
2008-03-03,61.568271150962126,61.808796617833075,61.54421814551086,61.6524543762207,388300,0.383,0.0,0.0
2008-03-04,61.58032925604204,61.676536735994375,61.20149997443679,61.38790512084961,385300,0.0,0.0,0.0
2008-03-05,61.387846367767565,61.405889553906,60.9549062408746,60.99699783325195,432100,0.0,0.0,0.0
2008-03-06,61.069143638308,61.15934120575653,60.894762897944524,60.90679168701172,1161200,0.0,0.0,0.0
2008-03-07,61.261593817069354,61.291661217236054,60.86473074318762,61.09322738647461,1087600,0.0,0.0,0.0
2008-03-10,61.26757995862225,61.45398490829241,61.17738238736154,61.41790771484375,444500,0.0,0.0,0.0
2008-03-11,61.05713377236015,61.159355565237476,60.89477719530565,61.04510498046875,564200,0.0,0.0,0.0
2008-03-12,61.267665820412596,61.706625502307844,61.105313634730805,61.6705436706543,429500,0.0,0.0,0.0
2008-03-13,61.54419804948544,61.64641984854355,61.16537365951937,61.40589904785156,417500,0.0,0.0,0.0
2008-03-14,61.61031978360844,61.838816294531426,61.42391485595123,61.6644401550293,490900,0.0,0.0,0.0
2008-03-17,61.58629559567317,62.09139941871198,61.41792918387379,61.92904281616211,722200,0.0,0.0,0.0
2008-03-18,61.95308011424458,62.12746087873781,61.66445336363747,61.78471374511719,398200,0.0,0.0,0.0
2008-03-19,61.79673816190571,62.157528482871456,61.7726897556382,61.97111892700195,403300,0.0,0.0,0.0
2008-03-20,62.11545239942639,62.21767420832431,61.85688838491709,62.18760681152344,315600,0.0,0.0,0.0
2008-03-24,61.862921264069406,61.862921264069406,61.5442269247516,61.73063659667969,423000,0.0,0.0,0.0
2008-03-25,61.784741303435894,61.91703053465324,61.67049067872245,61.844871520996094,490500,0.0,0.0,0.0
2008-03-26,61.844830688608965,62.025225809827134,61.64639697279667,61.6644401550293,341300,0.0,0.0,0.0
2008-03-27,61.63441414815081,61.796766196125105,61.51415371169886,61.68852996826172,371300,0.0,0.0,0.0
2008-03-28,61.70654065048803,61.850854015722454,61.646405876304456,61.83882522583008,466000,0.0,0.0,0.0
2008-03-31,61.89900661001086,62.02528147313094,61.74266433715821,61.7426643371582,555900,0.0,0.0,0.0
2008-04-01,61.667151328455766,61.75771493577072,61.3109403076084,61.32301330566406,1209100,0.415,0.0,0.0
2008-04-02,61.449857933761386,61.564572250636154,61.23250691560957,61.3532600402832,499400,0.0,0.0,0.0
2008-04-03,61.51624307608779,61.63095734088917,61.34115457948622,61.54643249511719,480900,0.0,0.0,0.0
2008-04-04,61.85427080276825,62.02332490472648,61.75163426698357,61.86030960083008,431000,0.0,0.0,0.0
2008-04-07,61.733564490838255,61.87242930324284,61.60677728277654,61.854312896728516,417000,0.0,0.0,0.0
2008-04-08,61.89060152475687,62.08380192654878,61.818149646737055,61.84833908081055,408800,0.0,0.0,0.0
2008-04-09,61.950953032886424,62.18641579214234,61.86038937018971,62.12000274658203,492700,0.0,0.0,0.0
2008-04-10,61.993212816897284,62.12000009676069,61.75171126209407,61.92679977416992,456500,0.0,0.0,0.0
2008-04-11,62.05359635585699,62.14416002826606,61.92077025049166,62.059635162353516,263600,0.0,0.0,0.0
2008-04-14,61.91465916029267,62.089742874923324,61.866357980823665,61.98710632324219,683200,0.0,0.0,0.0
2008-04-15,61.745611147714854,61.87240290794253,61.624862793336874,61.655052185058594,635600,0.0,0.0,0.0
2008-04-16,61.60078190765927,61.733608011531594,61.323056693316985,61.431732177734375,386500,0.0,0.0,0.0
2008-04-17,61.44379704148946,61.45587465274618,61.1902224802071,61.41965103149414,487200,0.0,0.0,0.0
2008-04-18,61.220403066637424,61.59472604890956,61.08757699953761,61.5826530456543,620000,0.0,0.0,0.0
2008-04-21,61.552505426211845,61.618918504860474,61.413645066318544,61.5887336730957,438600,0.0,0.0,0.0
2008-04-22,61.582631134321254,61.75168075729674,61.46188271969784,61.67923355102539,569100,0.0,0.0,0.0
2008-04-23,61.60075416192837,61.636977771665386,61.467928117882515,61.618865966796875,496300,0.0,0.0,0.0
2008-04-24,61.37132301173252,61.46188663159261,61.22642398371061,61.389434814453125,364000,0.0,0.0,0.0
2008-04-25,61.29284282705555,61.38340646233461,61.18416738597224,61.329071044921875,507900,0.0,0.0,0.0
2008-04-28,61.304922513853704,61.498122792746514,61.23850948614762,61.480010986328125,513500,0.0,0.0,0.0
2008-04-29,61.594721718924426,61.66113474780563,61.41963784961006,61.57057571411133,697500,0.0,0.0,0.0
2008-04-30,61.564523575995544,61.94488525390625,61.26868671539833,61.94488525390625,813300,0.0,0.0,0.0
2008-05-01,61.99700420551976,62.00306226021151,61.73050525038451,61.83952713012695,503200,0.326,0.0,0.0
2008-05-02,61.53666379914,61.83344366388343,61.494266675605225,61.73653793334961,462100,0.0,0.0,0.0
2008-05-05,61.784962133827655,61.815243137777195,61.59719957721515,61.76073455810547,541600,0.0,0.0,0.0
2008-05-06,61.86375110962706,61.86375110962706,61.50640445972532,61.5609130859375,930100,0.0,0.0,0.0
2008-05-07,61.518494263473656,61.742595985551695,61.421588532939836,61.73653793334961,299200,0.0,0.0,0.0
2008-05-08,61.778970644712565,62.311964022029585,61.66994874697243,61.89405059814453,731300,0.0,0.0,0.0
2008-05-09,62.04544242567425,62.142348169520005,61.82739872584565,61.918251037597656,433600,0.0,0.0,0.0
2008-05-12,61.88192041654189,62.015169885809584,61.778956597904674,61.809242248535156,579400,0.0,0.0,0.0
2008-05-13,61.66383230478768,61.71834551251312,61.42156575781566,61.45790481567383,482700,0.0,0.0,0.0
2008-05-14,61.66992331625705,61.675981369450724,61.36708534974214,61.548789978027344,292000,0.0,0.0,0.0
2008-05-15,61.59723190622696,61.875846862792976,61.52455376185321,61.87584686279297,350600,0.0,0.0,0.0
2008-05-16,61.700229187333214,61.966723542986614,61.64571593260131,61.724456787109375,387200,0.0,0.0,0.0
2008-05-19,61.86978206864191,61.8940096544398,61.65779646908474,61.82738494873047,630400,0.0,0.0,0.0
2008-05-20,61.960662841796875,61.97883238426247,61.83952485712355,61.960662841796875,670700,0.0,0.0,0.0
2008-05-21,61.875846862792976,61.94246695482224,61.76076697294788,61.87584686279297,540800,0.0,0.0,0.0
2008-05-22,61.72447159424254,61.72447159424254,61.35500869567417,61.50642776489258,509300,0.0,0.0,0.0
2008-05-23,61.62146915551796,61.748660549052744,61.53667489316143,61.74260711669922,584000,0.0,0.0,0.0
2008-05-27,61.47607121415297,61.591151052761376,61.38521895319569,61.397335052490234,865300,0.0,0.0,0.0
2008-05-28,61.336779406186594,61.40946215763549,61.0157720072641,61.1126823425293,371500,0.0,0.0,0.0
2008-05-29,61.09456098981429,61.09456098981429,60.83412003457609,60.94314193725586,621300,0.0,0.0,0.0
2008-05-30,61.14903196681918,61.3367899976431,61.082407255054584,61.16114807128906,1132500,0.0,0.0,0.0
2008-06-02,61.26691155507824,61.55269482829279,61.14529918400949,61.388519287109375,601800,0.394,0.0,0.0
2008-06-03,61.21835525946357,61.522379668849254,61.114988073643076,61.5041389465332,476200,0.0,0.0,0.0
2008-06-04,61.58924924413638,61.595331029660166,61.18793490234269,61.28522491455078,390900,0.0,0.0,0.0
2008-06-05,61.12103035981693,61.23047927033063,61.011581449303215,61.06022644042969,378000,0.0,0.0,0.0
2008-06-06,61.35815549400214,61.44935902675055,61.23046127007372,61.400718688964844,434800,0.0,0.0,0.0
2008-06-09,61.108851210026366,61.254781496074294,61.02372482324506,61.09061050415039,555500,0.0,0.0,0.0
2008-06-10,60.9568268765684,61.03587146580559,60.713606689402674,60.768333435058594,557200,0.0,0.0,0.0
2008-06-11,60.914320727632244,61.06633290706444,60.75014961502464,60.847434997558594,508600,0.0,0.0,0.0
2008-06-12,60.73791001705169,60.750073574045516,60.44604959572849,60.470367431640625,513700,0.0,0.0,0.0
2008-06-13,60.5433809218573,60.72579730325694,60.31232419258687,60.31840133666992,799000,0.0,0.0,0.0
2008-06-16,60.54340890241407,60.56164962117585,60.312352066359125,60.38531494140625,460400,0.0,0.0,0.0
2008-06-17,60.622501726521556,60.634665308055375,60.47657122144558,60.59210205078125,407200,0.0,0.0,0.0
2008-06-18,60.719745323520776,60.859593930734,60.64070066027171,60.847434997558594,345900,0.0,0.0,0.0
2008-06-19,60.75012842747322,60.79876878225434,60.53730773925782,60.53730773925781,435900,0.0,0.0,0.0
2008-06-20,60.871757816200784,60.88391674943876,60.65894169170926,60.71974563598633,419000,0.0,0.0,0.0
2008-06-23,60.76230918314441,60.792713474965986,60.561651990826654,60.64070129394531,515600,0.0,0.0,0.0
2008-06-24,60.76229476928711,60.84742119934175,60.62244155474448,60.76229476928711,514300,0.0,0.0,0.0
2008-06-25,60.82914880021098,60.83523058177351,60.43391650136846,60.792667388916016,487100,0.0,0.0,0.0
2008-06-26,60.95686867656107,61.02983617445861,60.79877475063763,60.871742248535156,540200,0.0,0.0,0.0
2008-06-27,60.79876803257441,61.133196562181844,60.79876803257441,61.01766586303711,466000,0.0,0.0,0.0
2008-06-30,61.20619350234629,61.26699745361118,61.023777009507484,61.048099517822266,639600,0.0,0.0,0.0
2008-07-01,61.416746443323994,61.416746443323994,60.83687973022461,60.83687973022461,854500,0.384,0.0,0.0
2008-07-02,61.044424697979586,61.06273544875154,60.76364898681641,60.763648986816406,812400,0.0,0.0,0.0
2008-07-03,60.958948263810726,61.01998562881287,60.769726378395916,60.78193664550781,281300,0.0,0.0,0.0
2008-07-07,60.788057511122226,61.09324909534962,60.63546171900853,60.99559020996094,603100,0.0,0.0,0.0
2008-07-08,61.0383011273054,61.28245526318519,60.93453713303366,61.23362350463867,327300,0.0,0.0,0.0
2008-07-09,61.34351121920999,61.52662804081499,61.20312103506559,61.4716911315918,392000,0.0,0.0,0.0
2008-07-10,61.508292111894505,61.57543461362501,61.31296974054739,61.526607513427734,577200,0.0,0.0,0.0
2008-07-11,61.68528699765826,61.68528699765826,61.12373591454243,61.178672790527344,478200,0.0,0.0,0.0
2008-07-14,61.172566695695764,61.55100106204183,61.172566695695764,61.270225524902344,366000,0.0,0.0,0.0
2008-07-15,61.428948847723376,61.63648150313922,61.4106381015976,61.508296966552734,433400,0.0,0.0,0.0
2008-07-16,61.3495693531583,61.3556698275116,61.03827285766602,61.038272857666016,487400,0.0,0.0,0.0
2008-07-17,61.03830728590337,61.09934466181862,60.6659732389111,60.769737243652344,503300,0.0,0.0,0.0
2008-07-18,60.635451698639024,60.84298436318173,60.41571807861328,60.41571807861328,438400,0.0,0.0,0.0
2008-07-21,60.62937499355552,60.73313903808593,60.50119505792589,60.73313903808594,317500,0.0,0.0,0.0
2008-07-22,60.68426611504591,60.69647638074512,60.44011202643276,60.525569915771484,302900,0.0,0.0,0.0
2008-07-23,60.54998416642974,60.61102618427957,60.44622018704846,60.59881591796875,405700,0.0,0.0,0.0
2008-07-24,60.678126711944756,61.04435528149031,60.64150059519596,61.01993942260742,320200,0.0,0.0,0.0
2008-07-25,60.91624624453946,60.92845185972833,60.617155118587505,60.70871353149414,394300,0.0,0.0,0.0
2008-07-28,61.007771509504856,61.04439765167542,60.86128091137904,60.983360290527344,458500,0.0,0.0,0.0
2008-07-29,60.91625757245963,60.97118983630616,60.75755660436656,60.910152435302734,279200,0.0,0.0,0.0
2008-07-30,60.958934591102135,61.026077074600586,60.72088566118997,60.97724533081055,403800,0.0,0.0,0.0
2008-07-31,61.26415833397058,61.43506487057268,61.10545741133125,61.28857421875,559600,0.0,0.0,0.0
2008-08-01,61.40009658254434,61.40009658254434,61.06916427832135,61.216243743896484,331500,0.402,0.0,0.0
2008-08-04,61.1671815256418,61.295876570570705,61.02010214223294,61.03848648071289,391600,0.0,0.0,0.0
2008-08-05,61.16105435989405,61.16105435989405,60.922048616996,60.934303283691406,489500,0.0,0.0,0.0
2008-08-06,60.946606630753834,60.946606630753834,60.65857731544508,60.866939544677734,463000,0.0,0.0,0.0
2008-08-07,60.94659819474018,61.222377470965725,60.860801444511495,61.185604095458984,391300,0.0,0.0,0.0
2008-08-08,61.16108227787649,61.23461966275454,61.05077152498814,61.09366989135742,359600,0.0,0.0,0.0
2008-08-11,60.98333184937021,61.17330957605478,60.885275812649674,60.940433502197266,460700,0.0,0.0,0.0
2008-08-12,61.093611074562965,61.21004671371396,61.06296740998458,61.197792053222656,392600,0.0,0.0,0.0
2008-08-13,61.197850970315514,61.271393030764834,60.989484136828075,61.09366989135742,301000,0.0,0.0,0.0
2008-08-14,61.21007897552034,61.28362100392998,61.09364327499995,61.24072265625,417900,0.0,0.0,0.0
2008-08-15,61.42459051871682,61.43071551591599,61.283636098439445,61.418460845947266,333200,0.0,0.0,0.0
2008-08-18,61.43684351411784,61.541024570508654,61.36330146959889,61.522640228271484,526500,0.0,0.0,0.0
2008-08-19,61.51653881868048,61.51653881868048,61.34494531153668,61.47364044189453,284400,0.0,0.0,0.0
2008-08-20,61.565571373937665,61.724910217470935,61.44913091032804,61.57170104980469,277400,0.0,0.0,0.0
2008-08-21,61.55943220391275,61.632974276256526,61.42461208464052,61.583946228027344,361800,0.0,0.0,0.0
2008-08-22,61.40007809225035,61.53490284324745,61.35105005996585,61.51651382446289,497800,0.0,0.0,0.0
2008-08-25,61.74941463911915,61.74941463911915,61.608460169542234,61.70651626586914,267900,0.0,0.0,0.0
2008-08-26,61.602329019024026,61.73102881126326,61.553305647606884,61.632972717285156,634400,0.0,0.0,0.0
2008-08-27,61.6391038685374,61.82295203579231,61.5226634230422,61.70651626586914,334400,0.0,0.0,0.0
2008-08-28,61.77998863890076,61.87804463202341,61.66967798442133,61.76160430908203,372600,0.0,0.0,0.0
2008-08-29,62.055780425200375,62.055780425200375,61.54099570615587,61.74323272705078,701500,0.0,0.0,0.0
2008-09-02,61.71497346240647,61.96722513963125,61.54886005330137,61.948768615722656,1275500,0.394,0.0,0.0
2008-09-03,61.954922742463374,62.059517543070264,61.831876110362266,61.936466217041016,419800,0.0,0.0,0.0
2008-09-04,62.133351896686605,62.256403239058294,62.02876177611724,62.16411590576172,338800,0.0,0.0,0.0
2008-09-05,62.2871209263406,62.37325446147145,61.97949981689453,61.97949981689453,667100,0.0,0.0,0.0
2008-09-08,62.114897612500236,62.45328294883443,62.04106680441034,62.367149353027344,873300,0.0,0.0,0.0
2008-09-09,62.42864042593301,62.68088734220871,62.33019939933903,62.64397430419922,540400,0.0,0.0,0.0
2008-09-10,62.38562952141485,62.644030406752194,62.38562952141485,62.6009635925293,515400,0.0,0.0,0.0
2008-09-11,62.6932251326898,62.6932251326898,62.44712714113111,62.520957946777344,371800,0.0,0.0,0.0
2008-09-12,62.5701365242158,62.582443998124425,62.139468815933185,62.26866912841797,514800,0.0,0.0,0.0
2008-09-15,62.35477195101305,62.6623929322158,62.29324869355723,62.51473617553711,386900,0.0,0.0,0.0
2008-09-16,62.767053561133444,62.80397131228358,61.881107330322266,61.881107330322266,676000,0.0,0.0,0.0
2008-09-17,61.99797529959141,62.305596503148614,61.89338521692445,62.03489303588867,707900,0.0,0.0,0.0
2008-09-18,61.831910690940106,62.25642978878649,61.67809996782832,61.862674713134766,1016900,0.0,0.0,0.0
2008-09-19,61.52426842415687,62.44097870937664,61.38276054145248,62.13951110839844,1985000,0.0,0.0,0.0
2008-09-22,61.4504419692314,61.96724830148042,60.90903005852579,61.16743087768555,1719500,0.0,0.0,0.0
2008-09-23,61.10584485398565,61.27811189002665,60.908967570806695,61.07508087158203,435500,0.0,0.0,0.0
2008-09-24,60.90901208129485,61.185869349547666,60.75520144472592,61.148956298828125,2371500,0.0,0.0,0.0
2008-09-25,61.21662889651085,61.21662889651085,60.66290970640007,61.0382080078125,633200,0.0,0.0,0.0
2008-09-26,60.69978194359039,61.09353647383282,60.38600718876698,60.73054122924805,473200,0.0,0.0,0.0
2008-09-29,60.632121823902025,61.04433297908533,59.67849451845951,60.45370101928711,751500,0.0,0.0,0.0
2008-09-30,60.44759235870337,61.08744529910515,59.696995549887255,60.65677261352539,655400,0.0,0.0,0.0
2008-10-01,60.471486459967366,61.015048678204984,58.37135221041166,60.22441101074219,800000,0.39,0.0,0.0
2008-10-02,60.193489872178176,60.792645957174315,59.86611709482635,60.4590950012207,400400,0.0,0.0,0.0
2008-10-03,60.6691271721159,60.916202545166016,59.82907373128798,60.916202545166016,501200,0.0,0.0,0.0
2008-10-06,60.916170193768984,61.42884578330524,59.019875134993875,60.93470001220703,798300,0.0,0.0,0.0
2008-10-07,60.78651223457975,60.90386942932705,59.61908076916734,59.67467498779297,818000,0.0,0.0,0.0
2008-10-08,59.40287426147324,59.89084687190293,57.475696543146654,58.47634506225586,835000,0.0,0.0,0.0
2008-10-09,58.38371705893749,58.908754274432006,57.38306809662425,58.61226272583008,946600,0.0,0.0,0.0
2008-10-10,56.394765000532026,56.82096537264952,53.6151764570516,54.60347366333008,1559700,0.0,0.0,0.0
2008-10-13,55.83260593202696,57.79066832573287,55.59170890378263,56.71589660644531,911000,0.0,0.0,0.0
2008-10-14,57.21623312525265,58.834571594238284,57.19770330553316,57.908042907714844,773100,0.0,0.0,0.0
2008-10-15,58.321883935779525,59.174293236425655,57.31505791933136,58.834564208984375,678200,0.0,0.0,0.0
2008-10-16,58.834571594238284,59.16812248689495,57.74744328253158,57.908042907714844,482900,0.0,0.0,0.0
2008-10-17,57.679546309873835,59.27317813115161,57.14216223269296,58.11810302734375,588500,0.0,0.0,0.0
2008-10-20,58.61220373937844,59.39666732506882,58.315717201729456,59.155765533447266,537600,0.0,0.0,0.0
2008-10-21,59.55113961040446,60.051464015172236,58.433124180976485,59.67467498779297,571000,0.0,0.0,0.0
2008-10-22,60.082315370006086,60.53322822521459,59.76112072234196,60.366455078125,666800,0.0,0.0,0.0
2008-10-23,60.514660276096464,60.514660276096464,58.99515423321083,59.30399703979492,855400,0.0,0.0,0.0
2008-10-24,59.39049625732814,59.514031544042176,58.61221075583618,58.80369186401367,400100,0.0,0.0,0.0
2008-10-27,58.49484899410526,59.20518867485565,57.87716313476911,58.21689224243164,675400,0.0,0.0,0.0
2008-10-28,58.494865157165826,58.82841617888108,57.908065313682016,58.420745849609375,602700,0.0,0.0,0.0
2008-10-29,58.80988222654926,59.60669771487832,58.48250940761866,59.53257369995117,597800,0.0,0.0,0.0
2008-10-30,59.51403215380842,59.51403215380842,58.908702645110814,59.45844268798828,386400,0.0,0.0,0.0
2008-10-31,59.013731989828884,59.483174756726676,58.74812677188855,59.27315902709961,732700,0.0,0.0,0.0
2008-11-03,59.53984958698396,59.53984958698396,58.00157918506565,58.330322265625,613700,0.4,0.0,0.0
2008-11-04,59.02502797669167,59.40959321133946,58.634253970781586,59.26693344116211,531100,0.0,0.0,0.0
2008-11-05,60.06089103934067,60.16633605957031,59.66391765423234,60.16633605957031,612600,0.0,0.0,0.0
2008-11-06,60.470288675276514,60.470288675276514,59.73836785617255,59.91824722290039,516000,0.0,0.0,0.0
2008-11-07,60.085727414742834,60.253198708623394,59.06848210151053,60.22218322753906,878500,0.0,0.0,0.0
2008-11-10,60.34618090130987,60.4206151431204,59.49020841580874,59.83755874633789,424400,0.0,0.0,0.0
2008-11-11,59.51507697202456,60.40206583017391,59.51507697202456,60.2904167175293,402500,0.0,0.0,0.0
2008-11-12,60.52607609178034,60.54468347407499,59.564653660003664,59.769344329833984,823300,0.0,0.0,0.0
2008-11-13,59.967867460713066,60.265599955525126,59.645328262606,59.97407150268555,523800,0.0,0.0,0.0
2008-11-14,60.16632638057776,60.16632638057776,59.74454163521592,60.15392303466797,546100,0.0,0.0,0.0
2008-11-17,60.11047678470114,60.315162658691406,59.93059759120603,60.315162658691406,407500,0.0,0.0,0.0
2008-11-18,60.20978997053326,60.41448082249742,60.14155968654521,60.228397369384766,415000,0.0,0.0,0.0
2008-11-19,60.4516728847843,60.71838987670951,60.35243188413379,60.40205001831055,546500,0.0,0.0,0.0
2008-11-20,60.72456821135948,60.74937963409286,60.2655687215295,60.414432525634766,826200,0.0,0.0,0.0
2008-11-21,60.41442532634556,60.69974955533622,59.80655737255193,59.93061447143555,1015200,0.0,0.0,0.0
2008-11-24,60.234601111545935,60.637778769739036,59.570910406138374,59.92446517944336,1524000,0.0,0.0,0.0
2008-11-25,60.62535308083976,61.48133103359561,60.58193425224326,61.4193000793457,1049800,0.0,0.0,0.0
2008-11-26,61.53093284249919,61.88448741932819,60.96648822053884,61.1835823059082,859500,0.0,0.0,0.0
2008-11-28,61.363478802343096,61.56816959686642,60.848652161195645,61.06574630737305,294800,0.0,0.0,0.0
2008-12-01,61.646844937903225,61.95825554028317,61.30429137458581,61.9271125793457,604100,0.403,0.0,0.0
2008-12-02,61.66549984048426,62.08278871119223,61.57207575331546,61.98936462402344,641600,0.0,0.0,0.0
2008-12-03,62.032969392736504,62.032969392736504,61.59699660226905,61.995601654052734,583300,0.0,0.0,0.0
2008-12-04,62.04543609145914,62.20114135742187,61.671739651750485,62.201141357421875,713900,0.0,0.0,0.0
2008-12-05,61.97694580751713,62.26344302104186,60.9617440979467,61.85860824584961,616400,0.0,0.0,0.0
2008-12-08,62.16997090607085,62.16997090607085,61.659258049668665,61.77759552001953,653600,0.0,0.0,0.0
2008-12-09,62.12637755069772,62.3568229675293,61.79005373359722,62.3568229675293,762100,0.0,0.0,0.0
2008-12-10,62.06409422576401,62.375504628550836,62.0454103618761,62.244712829589844,810100,0.0,0.0,0.0
2008-12-11,62.40666490368061,62.568599700927734,62.12016780193405,62.568599700927734,682100,0.0,0.0,0.0
2008-12-12,62.65581387606423,62.68695683781068,62.09527382686981,62.587303161621094,679800,0.0,0.0,0.0
2008-12-15,62.54996423845251,62.73681259155274,62.39425886145265,62.736812591552734,501000,0.0,0.0,0.0
2008-12-16,62.98587036132813,62.98587036132813,62.46893267116465,62.985870361328125,670800,0.0,0.0,0.0
2008-12-17,63.37821512913424,63.583742281896924,62.911099756207896,63.32215881347656,934200,0.0,0.0,0.0
2008-12-18,63.471685357676165,63.814234029464544,62.979656236483315,63.72080993652344,931100,0.0,0.0,0.0
2008-12-19,63.48412347817866,63.72079366835946,63.216310347719485,63.51526641845703,829700,0.0,0.0,0.0
2008-12-22,63.71456866820712,63.864044327202265,63.51526620563175,63.85781478881836,1490200,0.0,0.0,0.0
2008-12-23,63.70834767398729,64.4868737652936,63.6149235926813,64.48064422607422,774200,0.0,0.0,0.0
2008-12-24,64.32496422863159,64.89173372616224,64.25645352559495,64.78585052490234,491500,0.0,0.0,0.0
2008-12-26,64.8356307660316,64.91037095702436,64.4494849919305,64.56781768798828,467300,0.0,0.0,0.0
2008-12-29,64.40282260557895,65.12792705047646,64.40282260557895,65.06541442871094,614000,0.376,0.0,0.0
2008-12-30,64.7966133915691,65.22792079554958,64.7278533416947,65.09040069580078,570300,0.0,0.0,0.0
2008-12-31,65.15915172863185,65.2154121112172,64.72159217093021,65.13414764404297,611900,0.0,0.0,0.0
2009-01-02,64.8529210449419,65.2529772366111,64.69664894603841,64.7279052734375,484600,0.0,0.0,0.0
2009-01-05,64.69665181980646,65.8343125595958,64.44661549664531,65.7593002319336,3306400,0.0,0.0,0.0
2009-01-06,65.47167868344428,65.55294312958118,64.6403157390303,65.39041900634766,670200,0.0,0.0,0.0
2009-01-07,65.1404455356672,65.18420152212022,64.5466136096554,64.79039764404297,1222800,0.0,0.0,0.0
2009-01-08,64.95292202043494,65.04668144222816,64.13405317409695,64.29657745361328,1616300,0.0,0.0,0.0
2009-01-09,64.20283560948647,64.57788773433613,63.97155116079002,64.07781982421875,1137600,0.0,0.0,0.0
2009-01-12,64.0715134482419,64.55908127533782,63.99025373340674,64.41531372070312,774400,0.0,0.0,0.0
2009-01-13,64.57157647064504,64.57782391540184,64.25278033350168,64.52156829833984,585600,0.0,0.0,0.0
2009-01-14,64.6653309472883,64.6653309472883,64.14025948487556,64.43405151367188,951900,0.0,0.0,0.0
2009-01-15,64.29034385751777,64.70915195965146,64.16532807955274,64.42786407470703,1047400,0.0,0.0,0.0
2009-01-16,64.36532097853467,64.92164899355176,64.26530459563362,64.75912475585938,608700,0.0,0.0,0.0
2009-01-20,64.20278997099642,64.50283431901784,64.15903400035195,64.42156982421875,663100,0.0,0.0,0.0
2009-01-21,64.5278699474689,64.5278699474689,64.07780559000776,64.08405303955078,621200,0.0,0.0,0.0
2009-01-22,64.19028306517149,64.19028306517149,63.63395517159722,63.80897903442383,446800,0.0,0.0,0.0
2009-01-23,63.771488418998736,64.00277274212223,63.53395664833638,63.708980560302734,578000,0.0,0.0,0.0
2009-01-26,63.59022872256894,63.80275643492379,63.05889990359221,63.646484375,550800,0.0,0.0,0.0
2009-01-27,63.52767714675425,64.07150529882865,63.415161141809264,63.97148895263672,541200,0.0,0.0,0.0
2009-01-28,64.22152263024276,64.24027450218702,63.8402186705707,64.00899505615234,478400,0.0,0.0,0.0
2009-01-29,63.92778422023361,64.09656074741652,63.38396040142262,63.440216064453125,869600,0.0,0.0,0.0
2009-01-30,63.54019329329264,63.965253304918576,63.527688863191514,63.840232849121094,608300,0.0,0.0,0.0
2009-02-02,63.812635866684886,64.088665312585,63.718534484110286,63.7310791015625,592000,0.366,0.0,0.0
2009-02-03,63.837703342952,63.98826262074909,63.448753356933594,63.448753356933594,575200,0.0,0.0,0.0
2009-02-04,63.54917235756962,63.649543681885646,63.27941754331299,63.36096954345703,673400,0.0,0.0,0.0
2009-02-05,63.53032421020367,63.65579430087199,63.116284876484656,63.16019821166992,702200,0.0,0.0,0.0
2009-02-06,63.31078196352853,63.4738907512376,62.714814358024874,63.3296012878418,1936800,0.0,0.0,0.0
2009-02-09,63.45506043568506,63.51151839884564,63.19158036854455,63.33586502075195,588300,0.0,0.0,0.0
2009-02-10,63.455087188248086,63.86285686570665,63.266884325975646,63.7248420715332,524800,0.0,0.0,0.0
2009-02-11,63.66206269606013,64.08237668922801,63.611874664764066,63.71224594116211,518800,0.0,0.0,0.0
2009-02-12,63.92557529336054,64.11377332744081,63.768741205195376,64.05104064941406,366900,0.0,0.0,0.0
2009-02-13,63.60563948600067,64.00713441345201,63.60563948600067,63.85657501220703,851900,0.0,0.0,0.0
2009-02-17,64.08241077149987,64.15141815468506,63.762467884568196,63.90675735473633,436100,0.0,0.0,0.0
2009-02-18,63.91928999750837,64.05103003539263,63.731087208419005,63.77500534057617,495800,0.0,0.0,0.0
2009-02-19,63.737327512925695,63.80006014670101,63.524035600851015,63.67459487915039,532400,0.0,0.0,0.0
2009-02-20,63.78754882656974,63.93183826713467,63.21667055301603,63.34841537475586,656300,0.0,0.0,0.0
2009-02-23,63.76869622290993,63.76869622290993,63.298194290305375,63.67459487915039,621500,0.0,0.0,0.0
2009-02-24,63.574230159199956,63.89417287048933,63.4299455544379,63.54914093017578,605600,0.0,0.0,0.0
2009-02-25,63.51777742792235,63.62442341170726,63.38603742685961,63.49268341064453,485800,0.0,0.0,0.0
2009-02-26,63.216656162824734,63.42367822278153,63.116284876484656,63.16019821166992,509300,0.0,0.0,0.0
2009-02-27,63.12259817360863,63.329615573950754,63.047316073176724,63.16651153564453,463800,0.0,0.0,0.0
2009-03-02,63.37862014770508,63.454147543164815,63.12687176642446,63.37862014770508,627400,0.327,0.0,0.0
2009-03-03,63.28418651087151,63.366004215312245,62.994667368225244,63.29677200317383,970700,0.0,0.0,0.0
2009-03-04,63.17717935256063,63.17717935256063,62.793257067047314,63.000953674316406,548900,0.0,0.0,0.0
2009-03-05,63.12055870102631,63.359721516079034,62.9695087547715,63.20867156982422,685000,0.0,0.0,0.0
2009-03-06,63.29050725389835,63.38491529777487,63.03246372254794,63.37862014770508,701200,0.0,0.0,0.0
2009-03-09,63.384865729729626,63.384865729729626,62.94430160522461,62.94430160522461,645300,0.0,0.0,0.0
2009-03-10,62.87505959458484,63.09534162243523,62.824708044851015,63.089046478271484,507500,0.0,0.0,0.0
2009-03-11,63.145700523695204,63.29675038869407,62.84359599190883,63.240108489990234,607500,0.0,0.0,0.0
2009-03-12,63.208659151686795,63.39747514875344,63.09537051380486,63.29677200317383,603500,0.0,0.0,0.0
2009-03-13,63.18976491520808,63.4037518508338,63.15829398853877,63.35969543457031,561400,0.0,0.0,0.0
2009-03-16,63.08905777540025,63.23381730635954,63.04500136194115,63.16458511352539,644000,0.0,0.0,0.0
2009-03-17,63.26525647687829,63.315608014177556,62.95686171404739,62.97574234008789,644200,0.0,0.0,0.0
2009-03-18,63.063878447077634,64.12123711238164,63.01353169294976,63.97648239135742,493700,0.0,0.0,0.0
2009-03-19,64.0331926546758,64.75698143790713,63.82550066791044,64.13389587402344,738500,0.0,0.0,0.0
2009-03-20,64.12750991136073,64.21562270261644,63.73100235071003,63.77505874633789,513100,0.0,0.0,0.0
2009-03-23,63.84429091115123,63.87575702129285,63.67435566959594,63.77505874633789,518100,0.0,0.0,0.0
2009-03-24,63.460396438306525,63.68067851226446,63.34081268310547,63.34081268310547,934100,0.0,0.0,0.0
2009-03-25,63.35345746054227,63.56744457305618,62.9947058863986,63.06393814086914,1241000,0.0,0.0,0.0
2009-03-26,63.17719089433894,63.23383761657452,62.96949905091643,63.189781188964844,1187900,0.0,0.0,0.0
2009-03-27,63.32822131138863,63.498151809288785,63.026116779602255,63.240108489990234,1303900,0.0,0.0,0.0
2009-03-30,63.19611886961848,63.62409313913201,63.19611886961848,63.535980224609375,616300,0.0,0.0,0.0
2009-03-31,63.567422094762385,63.86323165893555,63.3974914950201,63.86323165893555,638100,0.0,0.0,0.0
2009-04-01,63.908080203403195,63.964918755050206,63.54177125347875,63.83229064941406,579100,0.351,0.0,0.0
2009-04-02,63.85748674305879,63.86380373720263,63.4974951721354,63.630123138427734,960500,0.0,0.0,0.0
2009-04-03,63.72486407220211,63.72486407220211,63.16277200805934,63.42171096801758,3081500,0.0,0.0,0.0
2009-04-06,63.57335747659692,63.585986660897966,63.2196776761845,63.409149169921875,495100,0.0,0.0,0.0
2009-04-07,63.42175684516782,63.45333702290059,63.16281769790177,63.308074951171875,807100,0.0,0.0,0.0
2009-04-08,63.42807222303804,63.61122664859735,63.34597050887359,63.5164909362793,528400,0.0,0.0,0.0
2009-04-09,63.33329231647524,63.604865265771025,63.289082990704074,63.42171096801758,564100,0.0,0.0,0.0
2009-04-13,63.67434922809531,63.88276672363281,63.364883891920705,63.88276672363281,475800,0.0,0.0,0.0
2009-04-14,63.59863921728543,63.87652955863374,63.55442982829475,63.87021255493164,594200,0.0,0.0,0.0
2009-04-15,63.92073450312518,64.04705047607422,63.78810634537495,64.04705047607422,534500,0.0,0.0,0.0
2009-04-16,63.952242373512846,63.990134713311974,63.80066337740387,63.93329620361328,457700,0.0,0.0,0.0
2009-04-17,63.81962187219826,63.85751421645427,63.5796241760254,63.57962417602539,486900,0.0,0.0,0.0
2009-04-20,63.85755751513658,63.94597625732422,63.6491398434971,63.94597625732422,705600,0.0,0.0,0.0
2009-04-21,64.04697717478642,64.05328935236338,63.69961466980747,63.74382400512695,702100,0.0,0.0,0.0
2009-04-22,63.80069722171468,63.9522762982317,63.69333232302588,63.91437911987305,448500,0.0,0.0,0.0
2009-04-23,63.91437631499625,64.01542902823957,63.76280206358983,63.996482849121094,318700,0.0,0.0,0.0
2009-04-24,64.02172388539964,64.06593322753906,63.78804318068728,64.06593322753906,533400,0.0,0.0,0.0
2009-04-27,64.15436300975699,64.31225423306209,63.94594543856441,64.1669921875,614400,0.0,0.0,0.0
2009-04-28,64.36281359790499,64.36281359790499,64.04703098930405,64.14807891845703,397800,0.0,0.0,0.0
2009-04-29,64.223812220388,64.223812220388,63.851186563052224,63.88276672363281,488000,0.0,0.0,0.0
2009-04-30,63.99647715078462,64.1922607421875,63.76279638606063,64.1922607421875,760700,0.0,0.0,0.0
2009-05-01,64.04591519598883,64.09660564310434,63.83682072721769,63.94453430175781,536100,0.329,0.0,0.0
2009-05-04,64.19159369338718,64.25495911948958,63.85577820509898,63.995174407958984,690600,0.0,0.0,0.0
2009-05-05,64.19794060431276,64.36268203491869,64.00152129011984,64.12824249267578,886600,0.0,0.0,0.0
2009-05-06,64.23597420697334,64.43873108899993,64.17895109989026,64.27399444580078,833700,0.0,0.0,0.0
2009-05-07,64.31205251719032,64.41976612476704,63.868523054163475,63.98890686035156,1418800,0.0,0.0,0.0
2009-05-08,64.04590755419576,64.2613346775718,63.893836230994005,64.10926818847656,706000,0.0,0.0,0.0
2009-05-11,64.08394257780165,64.35639773927699,64.08394257780165,64.15364074707031,431900,0.0,0.0,0.0
2009-05-12,64.18529745747107,64.52744581533206,64.16628491838452,64.50843811035156,786700,0.0,0.0,0.0
2009-05-13,64.59715336541346,64.71754195996687,64.37538871816253,64.56547546386719,430700,0.0,0.0,0.0
2009-05-14,64.66052069581015,64.67952840410577,64.43241852804896,64.6034927368164,453900,0.0,0.0,0.0
2009-05-15,64.52742952052138,64.74919891357422,64.52742952052138,64.74919891357422,616200,0.0,0.0,0.0
2009-05-18,64.74918391602553,64.76819161180343,64.50207420270534,64.55909729003906,420900,0.0,0.0,0.0
2009-05-19,64.53376150435474,64.66048755154527,64.50208361813542,64.61613464355469,586100,0.0,0.0,0.0
2009-05-20,64.59712154447904,64.94561212856675,64.57811384609322,64.81255340576172,543600,0.0,0.0,0.0
2009-05-21,64.81885834450189,64.90756411512974,64.4703679355339,64.6097640991211,393400,0.0,0.0,0.0
2009-05-22,64.55912453144497,64.6034774516765,64.37537533788412,64.43873596191406,433400,0.0,0.0,0.0
2009-05-26,64.54645422675237,64.55912441789377,64.21697124780701,64.29300689697266,469300,0.0,0.0,0.0
2009-05-27,64.28035033857236,64.35004849513774,63.836821009617374,63.938201904296875,636200,0.0,0.0,0.0
2009-05-28,63.893863833667716,64.03959770616767,63.62774615425941,63.96356201171875,634200,0.0,0.0,0.0
2009-05-29,63.86851247660955,64.72389334741702,63.86851247660955,64.64785766601562,1142100,0.0,0.0,0.0
2009-06-01,64.3351435776076,64.41140459545672,63.80129220895258,63.84577941894531,1111000,0.308,0.0,0.0
2009-06-02,64.22709352121676,64.33513803509864,63.90932637757529,64.28429412841797,618100,0.0,0.0,0.0
2009-06-03,64.18901537184216,64.49407421200796,64.18901537184216,64.46229553222656,797700,0.0,0.0,0.0
2009-06-04,64.37327892915792,64.37327892915792,63.896628136774844,63.928401947021484,591900,0.0,0.0,0.0
2009-06-05,63.871180261314585,63.915667456601696,63.59790039062501,63.597900390625,479100,0.0,0.0,0.0
2009-06-08,63.585191209632285,63.74407474104192,63.426307678222656,63.426307678222656,648800,0.0,0.0,0.0
2009-06-09,63.64237877010179,63.788553733648634,63.54069584441961,63.71228790283203,442300,0.0,0.0,0.0
2009-06-10,63.559788562259634,63.89662097532646,63.534366607666016,63.534366607666016,772600,0.0,0.0,0.0
2009-06-11,63.48992014547022,63.97927975141479,63.273835817118275,63.75684356689453,481900,0.0,0.0,0.0
2009-06-12,63.76314546649785,64.13175645473098,63.76314546649785,64.06819915771484,358000,0.0,0.0,0.0
2009-06-15,64.25252228712455,64.30972290039062,64.04915148758067,64.30972290039062,491000,0.0,0.0,0.0
2009-06-16,64.27157189139822,64.46223409086782,64.1571755414647,64.398681640625,430900,0.0,0.0,0.0
2009-06-17,64.50676023877834,64.67835244291193,64.40507237799986,64.52582550048828,454900,0.0,0.0,0.0
2009-06-18,64.41140754260432,64.41776424396335,64.09364035704758,64.10635375976562,550300,0.0,0.0,0.0
2009-06-19,63.972893072942156,64.34785603006662,63.972893072942156,64.34149932861328,584400,0.0,0.0,0.0
2009-06-22,64.5448682911868,64.59571220387495,64.34785419044817,64.43682861328125,516800,0.0,0.0,0.0
2009-06-23,64.46858137717393,64.69737404363397,64.37325029135884,64.64653015136719,524300,0.0,0.0,0.0
2009-06-24,64.60211597785538,64.81819549111405,64.47500610351562,64.47500610351562,525700,0.0,0.0,0.0
2009-06-25,64.55759461218031,64.90078381838647,64.46862017154278,64.77367401123047,575200,0.0,0.0,0.0
2009-06-26,64.88168713938246,64.96430969238281,64.77364748410349,64.96430969238281,471300,0.0,0.0,0.0
2009-06-29,64.8435825312079,65.05966677679613,64.8435825312079,64.90713500976562,398400,0.0,0.0,0.0
2009-06-30,64.81179065395266,65.01516143790612,64.77365529845129,64.91983032226562,805500,0.0,0.0,0.0
2009-07-01,64.7999452487592,64.95936254726675,64.76168178889709,64.89559173583984,450600,0.342,0.0,0.0
2009-07-02,64.88282681364525,65.14427346329245,64.88282681364525,65.04862213134766,533000,0.0,0.0,0.0
2009-07-06,64.97213515713675,65.10604514811688,64.94662779718367,64.99764251708984,436600,0.0,0.0,0.0
2009-07-07,65.0358953993872,65.23357620536392,65.02314415304889,65.20806884765625,518600,0.0,0.0,0.0
2009-07-08,65.18890973329977,65.56513214111328,65.18890973329977,65.56513214111328,790000,0.0,0.0,0.0
2009-07-09,65.3355971074208,65.48226318975775,65.2399457376385,65.38023376464844,600100,0.0,0.0,0.0
2009-07-10,65.5013690311494,65.67991559611283,65.44397628382315,65.6033935546875,504600,0.0,0.0,0.0
2009-07-13,65.6161851272817,65.7564731798747,65.53328498800492,65.57154846191406,397800,0.0,0.0,0.0
2009-07-14,65.4248550325862,65.53325762249322,65.30370120005523,65.37384033203125,529700,0.0,0.0,0.0
2009-07-15,65.17619377601731,65.29097447139901,64.9466323852539,64.9466323852539,849600,0.0,0.0,0.0
2009-07-16,65.04866358664681,65.27184692673279,65.04866358664681,65.15068817138672,410800,0.0,0.0,0.0
2009-07-17,65.04866358664681,65.21445414497815,65.02953428107257,65.15068817138672,437300,0.0,0.0,0.0
2009-07-20,65.04866432444125,65.35474294716451,65.02315696170898,65.22721099853516,675400,0.0,0.0,0.0
2009-07-21,65.09966542168964,65.68632495549657,65.09966542168964,65.67994689941406,812700,0.0,0.0,0.0
2009-07-22,65.60979586620304,65.6544325239478,65.38023452207838,65.45675659179688,450600,0.0,0.0,0.0
2009-07-23,65.51411488952758,65.51411488952758,65.1952803739945,65.29093170166016,564500,0.0,0.0,0.0
2009-07-24,65.16977302894843,65.39296108184448,65.11238515136621,65.29093170166016,579900,0.0,0.0,0.0
2009-07-27,65.04222415381959,65.2781633850031,64.94657285117616,65.0932388305664,883400,0.0,0.0,0.0
2009-07-28,65.04867931125906,65.38026537310999,65.04867931125906,65.21446990966797,674500,0.0,0.0,0.0
2009-07-29,65.399375288822,65.47589737195607,65.14431140843848,65.32923126220703,451400,0.0,0.0,0.0
2009-07-30,65.22079905701814,65.48861892901682,65.17616241168503,65.41210174560547,1108700,0.0,0.0,0.0
2009-07-31,65.64803152386885,65.89034889410289,65.52049965060924,65.74368286132812,1058900,0.0,0.0,0.0
2009-08-03,65.75264474036913,65.75904352338156,65.45196538972239,65.60550689697266,716600,0.334,0.0,0.0
2009-08-04,65.75907130542907,65.8038530437529,65.34323808908312,65.40721130371094,629900,0.0,0.0,0.0
2009-08-05,65.46472485101746,65.46472485101746,65.2536090620625,65.34957122802734,608200,0.0,0.0,0.0
2009-08-06,65.381591796875,65.47755401631508,65.2728368925688,65.381591796875,564300,0.0,0.0,0.0
2009-08-07,65.06811901743535,65.31121907381392,64.84421042855494,64.99134826660156,1076900,0.0,0.0,0.0
2009-08-10,65.27927807501491,65.52877707910669,65.03617785793291,65.49678802490234,920700,0.0,0.0,0.0
2009-08-11,65.65669405705918,65.73346482417602,65.5351464435103,65.72706604003906,741400,0.0,0.0,0.0
2009-08-12,65.75267330655412,65.77826356888015,65.45839261106984,65.69509887695312,672100,0.0,0.0,0.0
2009-08-13,65.739887279209,66.00217895316075,65.65032379241144,65.86143493652344,523700,0.0,0.0,0.0
2009-08-14,66.00219854888468,66.17493166816644,65.90623624715543,65.97660827636719,453600,0.0,0.0,0.0
2009-08-17,66.10448725622847,66.27081652419777,65.9189616442565,66.25162506103516,631300,0.0,0.0,0.0
2009-08-18,66.16210322136082,66.24527278844852,66.0341567993164,66.0341567993164,442400,0.0,0.0,0.0
2009-08-19,66.10452959582065,66.27725775575563,66.0277588131589,66.16850280761719,486900,0.0,0.0,0.0
2009-08-20,66.22606405628052,66.28364335203048,64.11491920201239,66.2772445678711,596600,0.0,0.0,0.0
2009-08-21,66.29642998025972,66.31562633098338,65.89339447021484,65.89339447021484,504900,0.0,0.0,0.0
2009-08-24,65.9573921521826,66.2516728549299,65.86142988630242,66.162109375,434400,0.0,0.0,0.0
2009-08-25,66.0341802000848,66.34125367414738,66.0341802000848,66.27088165283203,477400,0.0,0.0,0.0
2009-08-26,66.32840783818973,66.43076395392242,66.283626122399,66.36679077148438,692400,0.0,0.0,0.0
2009-08-27,66.21329750574891,66.36044031444423,66.1621169739554,66.31565856933594,487300,0.0,0.0,0.0
2009-08-28,66.2069084191394,66.45001354035422,66.16852545509279,66.27088165283203,503600,0.0,0.0,0.0
2009-08-31,66.37326172175975,66.54598999023438,66.34127265533846,66.54598999023438,809600,0.0,0.0,0.0
2009-09-01,66.46378059759421,66.62422812116621,66.33542453732454,66.43169403076172,816200,0.332,0.0,0.0
2009-09-02,66.5279634777843,66.8616921721345,66.4316939844143,66.78467559814453,843200,0.0,0.0,0.0
2009-09-03,66.63705516903802,66.76541120716406,66.52795204698398,66.66272735595703,750900,0.0,0.0,0.0
2009-09-04,66.64987753692857,66.72047481489334,66.4830107984238,66.53435516357422,542300,0.0,0.0,0.0
2009-09-08,66.45733000995969,66.61135817764836,66.43807220458984,66.43807220458984,473500,0.0,0.0,0.0
2009-09-09,66.4124314266057,66.61138475995176,66.36750632241566,66.56645965576172,605800,0.0,0.0,0.0
2009-09-10,66.66277574983926,66.96441314805621,66.5665062031233,66.90665435791016,567200,0.0,0.0,0.0
2009-09-11,66.94516317469798,67.04785200145635,66.83605996862177,66.90023803710938,447500,0.0,0.0,0.0
2009-09-14,66.74617342862614,66.99005191496303,66.74617342862614,66.8039321899414,375400,0.0,0.0,0.0
2009-09-15,66.72052398413157,66.84888499160239,66.68201813012622,66.7012710571289,471600,0.0,0.0,0.0
2009-09-16,66.81672620862406,66.83597911623256,66.67553169087259,66.75254821777344,594600,0.0,0.0,0.0
2009-09-17,66.79110764771362,67.06707763671875,66.73976325523108,67.06707763671875,468400,0.0,0.0,0.0
2009-09-18,66.90665731289997,66.99650758807716,66.82322631351335,66.90023803710938,470300,0.0,0.0,0.0
2009-09-21,66.87452899041311,66.99647068089496,66.80393168502573,66.84886169433594,433600,0.0,0.0,0.0
2009-09-22,66.76542634906455,66.95154607408618,66.76542634906455,66.8039321899414,567000,0.0,0.0,0.0
2009-09-23,66.83605741708642,66.99650503041656,66.74620714533934,66.97083282470703,616700,0.0,0.0,0.0
2009-09-24,66.99643559165479,67.12479159069471,66.95792977123631,67.05419921875,459200,0.0,0.0,0.0
2009-09-25,67.10555236291621,67.25316619873047,67.04779362051183,67.25316619873047,512100,0.0,0.0,0.0
2009-09-28,67.21468619571647,67.27886423298047,67.12483106778242,67.24677276611328,610400,0.0,0.0,0.0
2009-09-29,67.17615754465939,67.29167993952042,67.08630733715295,67.21466827392578,937700,0.0,0.0,0.0
2009-09-30,67.1633277327712,67.33660888671875,67.1569084614489,67.33660888671875,818800,0.0,0.0,0.0
2009-10-01,67.37652383040195,67.5052996257751,67.22199189345784,67.49242401123047,784700,0.342,0.0,0.0
2009-10-02,67.61480198701399,69.5078327746825,67.3057330290869,67.36368560791016,683700,0.0,0.0,0.0
2009-10-05,67.49246389601007,67.57616772121935,67.38300391400917,67.40876007080078,666900,0.0,0.0,0.0
2009-10-06,67.47311363203308,67.49242951166507,67.31214141845703,67.31214141845703,509000,0.0,0.0,0.0
2009-10-07,67.51821552317274,67.64699138600695,67.46670321304535,67.58260345458984,531500,0.0,0.0,0.0
2009-10-08,67.6727527612453,67.68563329601288,67.40232048094218,67.53753662109375,512000,0.0,0.0,0.0
2009-10-09,67.40226378269541,67.42157965611375,67.06100358568996,67.06744384765625,567500,0.0,0.0,0.0
2009-10-12,67.24131600249257,67.26063188291481,67.09321939845148,67.22200012207031,417000,0.0,0.0,0.0
2009-10-13,67.32506484149533,67.40233332737364,67.26067689283953,67.38945770263672,380200,0.0,0.0,0.0
2009-10-14,67.1511556568448,67.312127837944,67.1511556568448,67.22842407226562,491400,0.0,0.0,0.0
2009-10-15,67.11254399984783,67.17049164440297,66.98376326892097,67.12541961669922,727700,0.0,0.0,0.0
2009-10-16,67.08031814405737,67.17690242173616,67.01593026309833,67.11894989013672,458700,0.0,0.0,0.0
2009-10-19,67.16406734894072,67.25421142578125,66.98377919525964,67.25421142578125,455500,0.0,0.0,0.0
2009-10-20,67.32503994371744,67.4151840209961,67.29284843753723,67.4151840209961,473300,0.0,0.0,0.0
2009-10-21,67.30574450188676,67.37013244628906,67.14477218463841,67.37013244628906,460500,0.0,0.0,0.0
2009-10-22,67.22202543102898,67.31216951526008,67.15763750121879,67.26709747314453,518700,0.0,0.0,0.0
2009-10-23,67.17693714487262,67.25420067696811,67.11898458331804,67.1833724975586,677300,0.0,0.0,0.0
2009-10-26,67.14478450292209,67.26712505847055,66.983812156142,67.00312805175781,470500,0.0,0.0,0.0
2009-10-27,67.0996849256507,67.30572924853381,67.02885672911424,67.26709747314453,420100,0.0,0.0,0.0
2009-10-28,67.27354151861567,67.38944176377778,67.17695716223318,67.36368560791016,651700,0.0,0.0,0.0
2009-10-29,67.30568757520533,67.33144371367894,67.1511556568448,67.22842407226562,590400,0.0,0.0,0.0
2009-10-30,67.28642648352819,67.50534647007504,67.26067032408413,67.48603057861328,515200,0.0,0.0,0.0
2009-11-02,67.52734767897806,67.55963900532657,67.32711977366458,67.37879180908203,1036700,0.324,0.0,0.0
2009-11-03,67.43044092214971,67.50148871476753,67.28188510275385,67.28834533691406,684600,0.0,0.0,0.0
2009-11-04,67.32712456114106,67.4369288761402,67.17857360839844,67.17857360839844,490700,0.0,0.0,0.0
2009-11-05,67.17212669301885,67.38527020075476,66.9783589718557,67.35297393798828,899100,0.0,0.0,0.0
2009-11-06,67.32711112803835,67.46920674333126,67.28835957030971,67.41107940673828,435500,0.0,0.0,0.0
2009-11-09,67.46276175530768,67.54026981599876,67.39817416859029,67.50151824951172,509400,0.0,0.0,0.0
2009-11-10,67.55961794466761,67.6112899639771,67.43690305845126,67.52086639404297,464500,0.0,0.0,0.0
2009-11-11,67.4950503774938,67.6952733519836,67.469214360186,67.54672241210938,509800,0.0,0.0,0.0
2009-11-12,67.50798112270961,67.682373046875,67.3917214825052,67.682373046875,507000,0.0,0.0,0.0
2009-11-13,67.66942680545228,67.7533950805664,67.54671190198002,67.7533950805664,408000,0.0,0.0,0.0
2009-11-16,67.701727787082,68.00529480479122,67.701727787082,67.91487121582031,479900,0.0,0.0,0.0
2009-11-17,67.85674758329192,67.97300720214844,67.81799601957863,67.97300720214844,681400,0.0,0.0,0.0
2009-11-18,67.94071403608068,68.05051341544095,67.75340660367502,67.8309097290039,528100,0.0,0.0,0.0
2009-11-19,67.93425853655673,67.97301010192318,67.81153867594047,67.90196228027344,393600,0.0,0.0,0.0
2009-11-20,67.92133247267819,67.94716356044451,67.83736419043134,67.92778778076172,422500,0.0,0.0,0.0
2009-11-23,67.85028364194338,67.92778675950929,67.76631536095894,67.91487121582031,470600,0.0,0.0,0.0
2009-11-24,67.98592950762257,68.11510467529297,67.83737362985653,68.11510467529297,508000,0.0,0.0,0.0
2009-11-25,68.08285430618996,68.17973327636719,68.00534620232843,68.17973327636719,418200,0.0,0.0,0.0
2009-11-27,68.01818937203376,68.23779296875,68.01173406603807,68.23779296875,182500,0.0,0.0,0.0
2009-11-30,68.22489249730803,68.35407257080078,68.03758508653053,68.35407257080078,632700,0.0,0.0,0.0
2009-12-01,68.27179015543393,68.31715327404049,68.1551414298443,68.18754577636719,788800,0.353,0.0,0.0
2009-12-02,68.16810944066337,68.23939505213735,68.0060975862606,68.05793762207031,480300,0.0,0.0,0.0
2009-12-03,68.01252425993871,68.06436920166016,67.89587561316837,68.06436920166016,744800,0.0,0.0,0.0
2009-12-04,67.8310375639756,67.98009045990497,67.70143021950044,67.9282455444336,1243100,0.0,0.0,0.0
2009-12-07,67.95428278232455,68.04500906554168,67.88299713919515,67.9931640625,558200,0.0,0.0,0.0
2009-12-08,68.1421433295564,68.22638766000156,68.06437590931037,68.08381652832031,708300,0.0,0.0,0.0
2009-12-09,68.10975842097554,68.1745621508874,67.98015096115181,68.0125503540039,455200,0.0,0.0,0.0
2009-12-10,67.96075439453125,68.01259444554326,67.85706440408548,67.96075439453125,533100,0.0,0.0,0.0
2009-12-11,67.87645328522774,67.88941699625403,67.75980460702668,67.79869079589844,517200,0.0,0.0,0.0
2009-12-14,67.92826582991847,67.9347476823389,67.81161720737462,67.83753967285156,423300,0.0,0.0,0.0
2009-12-15,67.68853945952523,67.75982505906472,67.63021757492488,67.649658203125,475200,0.0,0.0,0.0
2009-12-16,67.72744113601853,67.86353050872468,67.72095927706783,67.7728042602539,519000,0.0,0.0,0.0
2009-12-17,67.91540760072705,67.94780702237874,67.79875880551441,67.88300323486328,481700,0.0,0.0,0.0
2009-12-18,67.92836638054531,68.04501517575795,67.87652137284812,67.88300323486328,525900,0.0,0.0,0.0
2009-12-21,67.83107562664263,67.85051624480246,67.58481955627462,67.5977783203125,628500,0.0,0.0,0.0
2009-12-22,67.48113619842744,67.5070586732182,67.31912443914015,67.40337371826172,609400,0.0,0.0,0.0
2009-12-23,67.44879244271608,67.52655498701789,67.39694745037448,67.42935180664062,589100,0.0,0.0,0.0
2009-12-24,67.31915238930615,67.39043798852607,67.22194924874134,67.31267547607422,388700,0.0,0.0,0.0
2009-12-28,67.24782963098156,67.33207889852892,66.87844306832127,66.90436553955078,3458400,0.0,0.0,0.0
2009-12-29,67.01621829416457,67.07471130347552,66.94472353252968,66.98371887207031,833800,0.302,0.0,0.0
2009-12-30,67.13965214340128,67.15264892578125,66.99666274366496,67.15264892578125,532000,0.0,0.0,0.0
2009-12-31,66.9706601639132,67.13964807688552,66.80167225094085,67.06815338134766,651800,0.0,0.0,0.0
2010-01-04,67.12018829012922,67.21118565418051,67.04219763339125,67.14618682861328,987900,0.0,0.0,0.0
2010-01-05,67.34766334848491,67.47765106112647,67.28266453345076,67.45165252685547,500500,0.0,0.0,0.0
2010-01-06,67.47764491241011,67.47764491241011,67.21116863816285,67.41265106201172,714300,0.0,0.0,0.0
2010-01-07,67.37366367291271,67.40615812257981,67.25017187152262,67.33466339111328,705700,0.0,0.0,0.0
2010-01-08,67.51016873756892,67.51016873756892,67.29568449082673,67.3736801147461,412300,0.0,0.0,0.0
2010-01-11,67.36716673138669,67.41266293054682,67.27617433306642,67.32167053222656,684400,0.0,0.0,0.0
2010-01-12,67.51017066234502,67.75064849853516,67.47767124510668,67.75064849853516,1818500,0.0,0.0,0.0
2010-01-13,67.6531566594657,67.70515374467855,67.45817502798995,67.46467590332031,530900,0.0,0.0,0.0
2010-01-14,67.57513524177092,67.71162380931229,67.51014139418638,67.64012908935547,498600,0.0,0.0,0.0
2010-01-15,67.78959080469045,67.85458462485744,67.71159524526368,67.77008819580078,575300,0.0,0.0,0.0
2010-01-19,67.72463894576146,67.76363923184974,67.59465121537137,67.6596450805664,754800,0.0,0.0,0.0
2010-01-20,67.77013758732484,67.85463407796333,67.72464138417881,67.83513641357422,614200,0.0,0.0,0.0
2010-01-21,67.83510897191633,68.01709371088127,67.77011017196122,67.85460662841797,540200,0.0,0.0,0.0
2010-01-22,67.84164914982844,68.01063721428996,67.82215148060509,67.89364624023438,426600,0.0,0.0,0.0
2010-01-25,67.91310637995699,67.91310637995699,67.76362102604149,67.8871078491211,514200,0.0,0.0,0.0
2010-01-26,68.01710721672443,68.05610253747082,67.90011629577201,67.97161102294922,1288200,0.0,0.0,0.0
2010-01-27,67.9001190380581,68.05610528605673,67.8741205036061,67.91961669921875,618300,0.0,0.0,0.0
2010-01-28,67.8546365155354,67.95862571558443,67.8156362266419,67.86113739013672,640300,0.0,0.0,0.0
2010-01-29,67.81569378255409,68.06267763987793,67.80269698103534,68.01718139648438,748600,0.0,0.0,0.0
2010-02-01,68.04127738780265,68.06735743162446,67.89131837939217,67.92391967773438,501300,0.327,0.0,0.0
2010-02-02,67.93691079015468,68.02167211822176,67.93039451434672,68.00211334228516,619000,0.0,0.0,0.0
2010-02-03,67.89778600774048,67.96950482804147,67.73478959328475,67.87822723388672,2040600,0.0,0.0,0.0
2010-02-04,67.98904632666931,68.14552145199669,67.9499287889011,68.04120635986328,595300,0.0,0.0,0.0
2010-02-05,68.08685003005291,68.2889639553615,67.98905120436154,68.06729125976562,777600,0.0,0.0,0.0
2010-02-08,68.13900130898456,68.19767761230469,68.02164372809003,68.19767761230469,658400,0.0,0.0,0.0
2010-02-09,68.07386779785156,68.22382180801742,68.03474525124656,68.07386779785156,707100,0.0,0.0,0.0
2010-02-10,68.08033955016363,68.11294082196895,67.83258679691258,67.91734313964844,458300,0.0,0.0,0.0
2010-02-11,67.83262911112756,67.87174668229105,67.68919138451636,67.80654907226562,547400,0.0,0.0,0.0
2010-02-12,67.96298720881036,67.97602970824671,67.81954956054688,67.81954956054688,506100,0.0,0.0,0.0
2010-02-16,67.82606304374438,68.02166071884395,67.78694549842668,67.98905944824219,592800,0.0,0.0,0.0
2010-02-17,67.96297355738744,67.97601605420401,67.74782210246482,67.7804183959961,509200,0.0,0.0,0.0
2010-02-18,67.79998755222137,67.87170637293279,67.64351238624002,67.75434875488281,400100,0.0,0.0,0.0
2010-02-19,67.64355256007268,67.80654907226562,67.60443498890919,67.80654907226562,501500,0.0,0.0,0.0
2010-02-22,67.72825786147743,67.81301916739946,67.66306030063706,67.68914031982422,1120700,0.0,0.0,0.0
2010-02-23,67.75435048559727,67.96950695322748,67.75435048559727,67.93038940429688,539400,0.0,0.0,0.0
2010-02-24,68.00862961809312,68.0738321702236,67.91735201421808,68.00211334228516,542100,0.0,0.0,0.0
2010-02-25,68.10647493460417,68.13907623291016,67.95652090061994,68.13907623291016,658800,0.0,0.0,0.0
2010-02-26,68.13247980651862,68.23027861927356,68.13247980651862,68.15203857421875,658600,0.0,0.0,0.0
2010-03-01,68.24563291000027,68.33065701770191,68.18023320462203,68.2521743774414,618000,0.323,0.0,0.0
2010-03-02,68.20637153407152,68.31101003014523,68.20637153407152,68.27831268310547,661200,0.0,0.0,0.0
2010-03-03,68.2129129993499,68.31101003014523,68.20637153407152,68.27831268310547,492600,0.0,0.0,0.0
2010-03-04,68.23907853387537,68.42874113636849,68.23907853387537,68.40258026123047,782700,0.0,0.0,0.0
2010-03-05,68.3436772570956,68.3436772570956,68.18017563686332,68.27173614501953,1057500,0.0,0.0,0.0
2010-03-08,68.27181612783555,68.3241379051283,68.21295787064068,68.31759643554688,1827100,0.0,0.0,0.0
2010-03-09,68.42214168602125,68.43521961671533,68.33058120214623,68.39598083496094,1140200,0.0,0.0,0.0
2010-03-10,68.26521854910926,68.3502426147461,68.26521854910926,68.3502426147461,512000,0.0,0.0,0.0
2010-03-11,68.32408174760208,68.4091008235637,68.29137941625326,68.3502426147461,540000,0.0,0.0,0.0
2010-03-12,68.33716922957487,68.42872978252765,68.27831101253774,68.3567886352539,854200,0.0,0.0,0.0
2010-03-15,68.42215306679698,68.44831392220867,68.34367050056191,68.4417724609375,832600,0.0,0.0,0.0
2010-03-16,68.43527880727567,68.59878052556326,68.40257646774756,68.56607818603516,507700,0.0,0.0,0.0
2010-03-17,68.53987721759947,68.65105711538033,68.53987721759947,68.61835479736328,662100,0.0,0.0,0.0
2010-03-18,68.61186917605181,68.61840565276107,68.5333865484487,68.5595474243164,618200,0.0,0.0,0.0
2010-03-19,68.50719451904297,68.57259418413338,68.47449219166045,68.50719451904297,388600,0.0,0.0,0.0
2010-03-22,68.58570830018411,68.61186917605181,68.507225672581,68.5595474243164,526700,0.0,0.0,0.0
2010-03-23,68.53338538824414,68.63148742366802,68.53338538824414,68.57262420654297,725700,0.0,0.0,0.0
2010-03-24,68.45490699121228,68.45490699121228,68.16060585643507,68.22600555419922,602700,0.0,0.0,0.0
2010-03-25,68.16714466502934,68.17368114177691,67.92516030409305,68.04942321777344,1416700,0.0,0.0,0.0
2010-03-26,67.9970818104822,68.18020290001907,67.9905403459486,68.16058349609375,1251100,0.0,0.0,0.0
2010-03-29,68.18015608011818,68.18015608011818,68.04281535727858,68.0820541381836,480000,0.0,0.0,0.0
2010-03-30,68.09514502948389,68.1474617469241,68.02974040075654,68.10822296142578,460500,0.0,0.0,0.0
2010-03-31,68.12785679937998,68.23903670831385,68.11477886466517,68.14747619628906,808300,0.0,0.0,0.0
2010-04-01,68.10877648835094,68.18093991549445,68.04317473779122,68.12189483642578,1386100,0.321,0.0,0.0
2010-04-05,67.95789197183778,67.95789197183778,67.65611989736284,67.70204162597656,849300,0.0,0.0,0.0
2010-04-06,67.75456537511775,67.87921228632852,67.75456537511775,67.78736877441406,934800,0.0,0.0,0.0
2010-04-07,67.83320091858484,68.075927734375,67.83320091858484,68.075927734375,746600,0.0,0.0,0.0
2010-04-08,68.16783384176223,68.18751386996446,67.99070357775479,68.01038360595703,406700,0.0,0.0,0.0
2010-04-09,68.03664356113,68.10880702062343,67.96448010163658,68.08256530761719,414200,0.0,0.0,0.0
2010-04-12,68.16787752945332,68.25315937468332,68.0957140430676,68.24003601074219,476500,0.0,0.0,0.0
2010-04-13,68.30559499218724,68.37119675066756,68.25967326074168,68.35151672363281,680900,0.0,0.0,0.0
2010-04-14,68.32524950250242,68.39085123648314,68.20716437930052,68.27276611328125,513500,0.0,0.0,0.0
2010-04-15,68.25310356516431,68.4039870914343,68.15469843645754,68.39743041992188,837700,0.0,0.0,0.0
2010-04-16,68.42372125083615,68.55492484659013,68.37123781049603,68.50244140625,479300,0.0,0.0,0.0
2010-04-19,68.49580115859513,68.554841203121,68.36459271783166,68.37771606445312,769500,0.0,0.0,0.0
2010-04-20,68.37778768062513,68.48931121826172,68.3581026400756,68.48931121826172,652200,0.0,0.0,0.0
2010-04-21,68.4892832995543,68.60736846923828,68.43679988967399,68.60736846923828,747600,0.0,0.0,0.0
2010-04-22,68.5876973065281,68.65329907481056,68.41712870491843,68.46961212158203,221600,0.0,0.0,0.0
2010-04-23,68.35805853322837,68.41710360658819,68.3121368117673,68.3843002319336,481000,0.0,0.0,0.0
2010-04-26,68.42363776744777,68.47611613866292,68.35803104452091,68.37771606445312,587100,0.0,0.0,0.0
2010-04-27,68.46958883603595,68.69919744948496,68.45646548378606,68.59423065185547,950900,0.0,0.0,0.0
2010-04-28,68.49587289844489,68.59427307571512,68.4237094317164,68.48931121826172,929600,0.0,0.0,0.0
2010-04-29,68.50238720683208,68.57455062892963,68.44334713698449,68.51551055908203,662300,0.0,0.0,0.0
2010-04-30,68.54833315752713,68.85010529973445,68.54833315752713,68.81074523925781,920200,0.0,0.0,0.0
2010-05-03,68.69359768472846,68.75281389294494,68.59489898434322,68.68043518066406,638600,0.312,0.0,0.0
2010-05-04,68.91732749539749,68.9699674849285,68.79889002896556,68.9568099975586,690200,0.0,0.0,0.0
2010-05-05,69.01602338342855,69.08840211105169,68.90416717529297,68.90416717529297,662400,0.0,0.0,0.0
2010-05-06,69.02918101477371,69.47660581571456,68.90416230861368,69.00286102294922,1366600,0.0,0.0,0.0
2010-05-07,69.15424748933316,69.41744258846107,68.69365983088102,68.70024108886719,1415400,0.0,0.0,0.0
2010-05-10,68.70679152420523,68.8383915343617,68.65415152014263,68.69363403320312,1173600,0.0,0.0,0.0
2010-05-11,68.95679945337506,68.95679945337506,68.72650078939826,68.9502182006836,417500,0.0,0.0,0.0
2010-05-12,68.87123399620617,68.95019394064697,68.8054365525171,68.87781524658203,426600,0.0,0.0,0.0
2010-05-13,69.00944346893439,69.03576346312852,68.86469103090509,68.97654724121094,352700,0.0,0.0,0.0
2010-05-14,69.20027301830392,69.32529175984973,69.07525929678468,69.22659301757812,585600,0.0,0.0,0.0
2010-05-17,69.17393493652344,69.41080984804407,69.12129997176072,69.17393493652344,312900,0.0,0.0,0.0
2010-05-18,69.2726133352239,69.4436907255949,69.1936584012248,69.4107894897461,572400,0.0,0.0,0.0
2010-05-19,69.43052493723876,69.50290363666159,69.31208752182174,69.44368743896484,577300,0.0,0.0,0.0
2010-05-20,69.5885002634052,69.63455901608411,69.28582774293987,69.384521484375,876900,0.0,0.0,0.0
2010-05-21,69.58844744493153,69.72662359809088,69.45684752285806,69.6805648803711,1048200,0.0,0.0,0.0
2010-05-24,69.68062632027518,69.74642382931607,69.6279863050312,69.64114379882812,1322700,0.0,0.0,0.0
2010-05-25,69.81218263567037,69.92403884103152,69.7003264303092,69.72664642333984,1154700,0.0,0.0,0.0
2010-05-26,69.68718758824697,69.7069263332946,69.54900633286015,69.647705078125,886400,0.0,0.0,0.0
2010-05-27,69.52922064028981,69.52922064028981,69.33182830307007,69.48316192626953,1072500,0.0,0.0,0.0
2010-05-28,69.47002867308044,69.62136234905813,69.46344742020422,69.5555648803711,658900,0.0,0.0,0.0
2010-06-01,69.51865688401162,69.70345835299007,69.4922559548058,69.67045593261719,1717500,0.324,0.0,0.0
2010-06-02,69.69022479062355,69.71662570824466,69.59122764386953,69.59782409667969,1241600,0.0,0.0,0.0
2010-06-03,69.51206324792625,69.63746641695931,69.45266492709771,69.56486511230469,1231300,0.0,0.0,0.0
2010-06-04,69.74304962158203,69.84205183643927,69.63745095173965,69.74304962158203,1365400,0.0,0.0,0.0
2010-06-07,69.67703380928101,69.95423591880109,69.67703380928101,69.94763946533203,417100,0.0,0.0,0.0
2010-06-08,69.93441559571835,69.98721742046106,69.86841583251953,69.86841583251953,636400,0.0,0.0,0.0
2010-06-09,69.82884517408498,69.9344438307452,69.74304091537103,69.90804290771484,539000,0.0,0.0,0.0
2010-06-10,69.80238858104312,69.84858890063445,69.6637876222691,69.69678497314453,649200,0.0,0.0,0.0
2010-06-11,69.72319381933053,69.88819569887939,69.67699349447516,69.73639678955078,442000,0.0,0.0,0.0
2010-06-14,69.7232262088611,69.8354263305664,69.604424598979,69.8354263305664,600200,0.0,0.0,0.0
2010-06-15,69.86842873599036,69.92782702320136,69.72982769703792,69.8354263305664,882800,0.0,0.0,0.0
2010-06-16,69.77599239080463,69.95419219684526,69.77599239080463,69.94099426269531,654100,0.0,0.0,0.0
2010-06-17,69.92781316915885,70.19181725386593,69.92781316915885,70.10601806640625,776100,0.0,0.0,0.0
2010-06-18,70.18524094734813,70.18524094734813,69.98064010013859,69.99384307861328,634000,0.0,0.0,0.0
2010-06-21,69.94103667832914,70.14563751220703,69.84203448806349,70.14563751220703,696100,0.0,0.0,0.0
2010-06-22,70.14562231700705,70.26442391249847,70.04662014818763,70.21822357177734,560100,0.0,0.0,0.0
2010-06-23,70.1918707803144,70.44927357444107,70.1918707803144,70.39647674560547,334200,0.0,0.0,0.0
2010-06-24,70.48881721581473,70.54161399950411,70.2842114254809,70.3370132446289,812300,0.0,0.0,0.0
2010-06-25,70.27101036715189,70.48221259890414,70.27101036715189,70.4360122680664,513800,0.0,0.0,0.0
2010-06-28,70.60104134750053,70.6208407775589,70.4954376732421,70.56803894042969,529600,0.0,0.0,0.0
2010-06-29,70.73302787033994,70.79243118502868,70.60762982459154,70.77922821044922,469000,0.0,0.0,0.0
2010-06-30,70.83201270673473,70.8518121283,70.6472113915146,70.78581237792969,1050800,0.0,0.0,0.0
2010-07-01,70.83480494537606,70.90761937040716,70.68917609531388,70.74874877929688,744800,0.314,0.0,0.0
2010-07-02,70.62300428704583,70.75539143682457,70.61638341448308,70.64948272705078,586100,0.0,0.0,0.0
2010-07-06,70.72895758826232,70.89444415494063,70.66276397164083,70.86796569824219,553200,0.0,0.0,0.0
2010-07-07,70.91425368228977,70.92749542679078,70.7620089722487,70.7752456665039,1011200,0.0,0.0,0.0
2010-07-08,70.70902129496879,70.81493500385933,70.60972845544482,70.76197814941406,622100,0.0,0.0,0.0
2010-07-09,70.60973090784321,70.76860147669686,70.60973090784321,70.65606689453125,490600,0.0,0.0,0.0
2010-07-12,70.76195968251953,70.82815320817966,70.6957661568594,70.73548126220703,323500,0.0,0.0,0.0
2010-07-13,70.7355137401072,70.74213461078583,70.55016976306206,70.5567855834961,402300,0.0,0.0,0.0
2010-07-14,70.65614264773582,70.81501338692098,70.64952682129,70.79515075683594,786900,0.0,0.0,0.0
2010-07-15,70.86785447060183,70.98700481361281,70.80828182421699,70.89433288574219,1254100,0.0,0.0,0.0
2010-07-16,71.02018197441333,71.15256914504698,70.96060421245541,71.11285400390625,386100,0.0,0.0,0.0
2010-07-19,71.07972511314101,71.1393028503114,71.00029486390682,71.046630859375,425600,0.0,0.0,0.0
2010-07-20,71.09295281532354,71.15914636002832,70.98703910360094,70.99365997314453,616900,0.0,0.0,0.0
2010-07-21,71.00030748083972,71.32465950675525,71.00030748083972,71.30480194091797,518400,0.0,0.0,0.0
2010-07-22,71.24524802614357,71.24524802614357,71.15257598773844,71.23863220214844,920000,0.0,0.0,0.0
2010-07-23,71.25186204814563,71.25186204814563,71.02018197441333,71.11285400390625,708800,0.0,0.0,0.0
2010-07-26,71.13929397708529,71.13929397708529,70.98704426796867,71.09957885742188,836300,0.0,0.0,0.0
2010-07-27,71.08634154903007,71.1525351026771,71.0400055564527,71.07310485839844,516900,0.0,0.0,0.0
2010-07-28,71.07309539324672,71.2319609108916,71.06647452369043,71.20548248291016,495000,0.0,0.0,0.0
2010-07-29,71.11946091612441,71.2717056274414,71.09298247714626,71.2717056274414,444800,0.0,0.0,0.0
2010-07-30,71.45044690178865,71.46368359857681,71.30481798588502,71.390869140625,937100,0.0,0.0,0.0
2010-08-02,71.34701897224592,71.39348161671452,71.2341818448291,71.2939224243164,1532400,0.294,0.0,0.0
2010-08-03,71.39351252550675,71.43997519009069,71.30058719633887,71.34041595458984,1150000,0.0,0.0,0.0
2010-08-04,71.34037132476003,71.40674579492094,71.12133101558634,71.2142562866211,981700,0.0,0.0,0.0
2010-08-05,71.30720659551457,71.34703027878477,71.20764232328982,71.30056762695312,972200,0.0,0.0,0.0
2010-08-06,71.46649221117794,71.51295485378976,71.34038221783054,71.43994140625,809200,0.0,0.0,0.0
2010-08-09,71.45985830798213,71.47313117842198,71.37356692595428,71.43994140625,506900,0.0,0.0,0.0
2010-08-10,71.4400025673283,71.63249226981357,71.39353988493893,71.55947875976562,571900,0.0,0.0,0.0
2010-08-11,71.62581634521484,71.65900106228247,71.54616390896325,71.62581634521484,682300,0.0,0.0,0.0
2010-08-12,71.63906976905949,71.67225954116563,71.4664920693944,71.51295471191406,671600,0.0,0.0,0.0
2010-08-13,71.53287476081104,71.68554064035624,71.46650027302788,71.67890167236328,580300,0.0,0.0,0.0
2010-08-16,71.90459669303863,71.93114750675348,71.82494425189407,71.9178695678711,773200,0.0,0.0,0.0
2010-08-17,71.84486162097032,71.85813956087377,71.75857526779915,71.83158874511719,513500,0.0,0.0,0.0
2010-08-18,71.91124534651505,71.91124534651505,71.71876076969357,71.75194549560547,558300,0.0,0.0,0.0
2010-08-19,71.758563370459,72.017427451104,71.73865152795545,71.98423767089844,469500,0.0,0.0,0.0
2010-08-20,71.95771044445445,71.97098332152324,71.81168347644397,71.88469696044922,665300,0.0,0.0,0.0
2010-08-23,71.89135355585127,71.95773315429688,71.81834004880298,71.95773315429688,479900,0.0,0.0,0.0
2010-08-24,72.06393704040846,72.25642675006091,71.93782187034756,72.24314880371094,834000,0.0,0.0,0.0
2010-08-25,72.32277021650778,72.40905657449898,72.05063320188897,72.07717895507812,486000,0.0,0.0,0.0
2010-08-26,72.10372540936069,72.30949296450515,72.05726274801523,72.17010498046875,1177900,0.0,0.0,0.0
2010-08-27,72.08378570140343,72.23645156627225,71.76518616505297,71.77182006835938,475500,0.0,0.0,0.0
2010-08-30,72.00418347837451,72.25640869140625,71.90461916184438,72.25640869140625,429900,0.0,0.0,0.0
2010-08-31,72.24973054722281,72.34265584185458,72.17671709229089,72.3094711303711,737700,0.0,0.0,0.0
2010-09-01,72.16173480523757,72.24826291845783,71.92878426568483,72.15508270263672,976100,0.298,0.0,0.0
2010-09-02,72.04855748277184,72.06852393796431,71.94872012887079,72.0618667602539,1217500,0.0,0.0,0.0
2010-09-03,71.81562671106754,71.93543055297278,71.73575579048399,71.89549255371094,856000,0.0,0.0,0.0
2010-09-07,71.97536849854205,72.1683860949708,71.94208767649071,72.1018295288086,512400,0.0,0.0,0.0
2010-09-08,72.01529553564971,72.10847573624774,71.97536261480487,72.04857635498047,819800,0.0,0.0,0.0
2010-09-09,71.88219501349361,71.9354423025798,71.68252021839085,71.7024917602539,769800,0.0,0.0,0.0
2010-09-10,71.6292636177795,71.69582017679633,71.53608341956793,71.54939270019531,770900,0.0,0.0,0.0
2010-09-13,71.56266378807022,71.76899561222577,71.52938806529092,71.70909118652344,1044100,0.0,0.0,0.0
2010-09-14,71.76235454292268,71.97533851267411,71.72907373473655,71.96868133544922,792300,0.0,0.0,0.0
2010-09-15,71.8822071817817,71.99535388178771,71.80233623463175,71.83561706542969,813500,0.0,0.0,0.0
2010-09-16,71.74239817083534,71.80895471862212,71.58931354078055,71.71577453613281,691600,0.0,0.0,0.0
2010-09-17,71.70918354329719,71.88223478961497,71.70918354329719,71.80902099609375,719400,0.0,0.0,0.0
2010-09-20,71.78236976732974,71.8822071817817,71.72912246922978,71.83561706542969,717000,0.0,0.0,0.0
2010-09-21,71.88882959425818,72.18833661481465,71.87551523720181,72.1417465209961,497200,0.0,0.0,0.0
2010-09-22,72.19503162559869,72.29486904408162,72.12181785724067,72.16175079345703,652900,0.0,0.0,0.0
2010-09-23,72.32140986035893,72.32140986035893,72.14835887172318,72.24153900146484,837200,0.0,0.0,0.0
2010-09-24,72.12181510436912,72.14843875347782,71.96873039147955,71.97538757324219,1116600,0.0,0.0,0.0
2010-09-27,72.14174012151423,72.2682011126349,72.0818407538922,72.22161102294922,956800,0.0,0.0,0.0
2010-09-28,72.20830058086334,72.46122257681338,72.20830058086334,72.39466094970703,980300,0.0,0.0,0.0
2010-09-29,72.36138186130454,72.41462912934678,72.28151095924117,72.34141540527344,833500,0.0,0.0,0.0
2010-09-30,72.30816215540992,72.34809508269359,72.07521161635363,72.3148193359375,2628600,0.0,0.0,0.0
2010-10-01,72.23143005371094,72.3048228232998,72.15136382588021,72.23143005371094,1366700,0.265,0.0,0.0
2010-10-04,72.25146570080572,72.39825128135223,72.2314504107964,72.35154724121094,772100,0.0,0.0,0.0
2010-10-05,72.46497061150284,72.46497061150284,72.31151157083369,72.35154724121094,758500,0.0,0.0,0.0
2010-10-06,72.5049344383782,72.57165370710236,72.41819989807219,72.42487335205078,1041900,0.0,0.0,0.0
2010-10-07,72.51828760461778,72.54497633248144,72.43154796647228,72.45823669433594,962900,0.0,0.0,0.0
2010-10-08,72.66506952307934,72.67841134118409,72.56498807105427,72.60501861572266,604500,0.0,0.0,0.0
2010-10-11,72.60508642922511,72.62510172025368,72.53836709567692,72.56505584716797,434600,0.0,0.0,0.0
2010-10-12,72.60503859675427,72.65841606457109,72.45825310543577,72.49161529541016,573300,0.0,0.0,0.0
2010-10-13,72.52497776323771,72.53832467635759,72.35817698173041,72.48494720458984,984200,0.0,0.0,0.0
2010-10-14,72.47161145083791,72.50496855571929,72.19138224576784,72.21807098388672,1091800,0.0,0.0,0.0
2010-10-15,72.19803637385279,72.21138328451711,72.03790907836549,72.0712661743164,882600,0.0,0.0,0.0
2010-10-18,72.22472474531442,72.37151021976169,72.1713472836327,72.3248062133789,755700,0.0,0.0,0.0
2010-10-19,72.25813775638701,72.47164266293406,72.2247755467809,72.38490295410156,607200,0.0,0.0,0.0
2010-10-20,72.384878972249,72.5383379590927,72.33150658106393,72.47161865234375,849500,0.0,0.0,0.0
2010-10-21,72.4448862953527,72.4982637447581,72.35814666748047,72.35814666748047,507100,0.0,0.0,0.0
2010-10-22,72.35817070839785,72.43823690910787,72.33148706518328,72.39153289794922,551400,0.0,0.0,0.0
2010-10-25,72.59168282526207,72.59168282526207,72.38484644980788,72.398193359375,723500,0.0,0.0,0.0
2010-10-26,72.31149119118449,72.33151156591003,72.19139439461699,72.23143005371094,433200,0.0,0.0,0.0
2010-10-27,72.15802025996148,72.29145885117349,72.0712805943533,72.09130096435547,587900,0.0,0.0,0.0
2010-10-28,72.1580152948715,72.2914538769018,72.1580152948715,72.27143859863281,505300,0.0,0.0,0.0
2010-10-29,72.3581489929727,72.42487335205078,72.29810317822714,72.42487335205078,963600,0.0,0.0,0.0
2010-11-01,72.4958240854418,72.5694039442666,72.32191269488615,72.39549255371094,737100,0.276,0.0,0.0
2010-11-02,72.55598445745561,72.55598445745561,72.46233834862302,72.52253723144531,1052600,0.0,0.0,0.0
2010-11-03,72.64967793403436,72.7901471888695,72.4356288166665,72.50920867919922,462600,0.0,0.0,0.0
2010-11-04,72.74325936467568,72.90379478399664,72.6897458571257,72.85697174072266,626100,0.0,0.0,0.0
2010-11-05,72.65631103515625,72.74326666615626,72.58941659233987,72.65631103515625,1150200,0.0,0.0,0.0
2010-11-08,72.64962052597562,72.74326662186614,72.60279747803035,72.62286376953125,370500,0.0,0.0,0.0
2010-11-09,72.60952163522637,72.64296376880253,72.24162244256576,72.26837921142578,686800,0.0,0.0,0.0
2010-11-10,72.26169683228454,72.33527667905312,71.98744885160089,72.20818328857422,910100,0.0,0.0,0.0
2010-11-11,72.20817767451501,72.2416249125666,72.11453153196899,72.20149230957031,425100,0.0,0.0,0.0
2010-11-12,72.10783924108443,72.20148537463577,71.91385650634766,71.91385650634766,759500,0.0,0.0,0.0
2010-11-15,71.77340524513657,71.84029462820142,71.49915214023804,71.51921844482422,2020300,0.0,0.0,0.0
2010-11-16,71.57937233488613,71.71315100733064,71.35863293235639,71.69308471679688,1459500,0.0,0.0,0.0
2010-11-17,71.79347375431819,71.88711991415117,71.67307081977106,71.71320343017578,822500,0.0,0.0,0.0
2010-11-18,71.62619538057463,71.70646054270964,71.52585882457663,71.69308471679688,916100,0.0,0.0,0.0
2010-11-19,71.71989343334157,71.82023006203391,71.69982712826969,71.77340698242188,658200,0.0,0.0,0.0
2010-11-22,71.86705380972805,71.98076627508108,71.86705380972805,71.94731903076172,512200,0.0,0.0,0.0
2010-11-23,72.13454824233392,72.16799545739119,72.02083587646484,72.02083587646484,412300,0.0,0.0,0.0
2010-11-24,71.90718822104097,71.92056405710389,71.66638234524339,71.6730728149414,740700,0.0,0.0,0.0
2010-11-26,71.7265595610331,71.85364781780284,71.71986909383537,71.82020568847656,134200,0.0,0.0,0.0
2010-11-29,71.96738169211048,71.96738169211048,71.80684615483851,71.86705017089844,658900,0.0,0.0,0.0
2010-11-30,72.0676968381495,72.0676968381495,71.79344892301683,71.82020568847656,767900,0.0,0.0,0.0
2010-12-01,71.64740857254831,71.64740857254831,71.43897649441462,71.4457015991211,950600,0.553,0.0,0.0
2010-12-02,71.48605647923124,71.50622666769323,71.29779454724867,71.30451965332031,1124900,0.0,0.0,0.0
2010-12-03,71.56672783507817,71.60706820381324,71.35157065223801,71.4457015991211,660000,0.0,0.0,0.0
2010-12-06,71.57350075008495,71.70797729492188,71.53988546119245,71.70797729492188,2606200,0.0,0.0,0.0
2010-12-07,71.44573025367617,71.49279574599414,71.05575610032498,71.14988708496094,1214600,0.0,0.0,0.0
2010-12-08,70.96831752559686,70.96831752559686,70.55144826445056,70.80694580078125,1856200,0.0,0.0,0.0
2010-12-09,70.92126256075106,71.02211349151071,70.78006099818288,70.93470764160156,805800,0.0,0.0,0.0
2010-12-10,70.92799343422374,70.92799343422374,70.7397314948766,70.80024719238281,1217500,0.0,0.0,0.0
2010-12-13,70.64558555917249,70.92125843321122,70.57834989932832,70.84729766845703,1813000,0.0,0.0,0.0
2010-12-14,70.70610236351683,70.78678310470663,70.32957342887333,70.45059967041016,941200,0.0,0.0,0.0
2010-12-15,70.50440670671689,70.5918125733237,70.16822319395543,70.32958984375,1357500,0.0,0.0,0.0
2010-12-16,70.26233817930911,70.49094045368804,70.12786685670412,70.46405029296875,1647800,0.0,0.0,0.0
2010-12-17,70.48421894959607,70.8741929583451,70.48421894959607,70.84729766845703,1579300,0.0,0.0,0.0
2010-12-20,70.87417033659662,71.04898197044437,70.77331431414576,70.89434051513672,930100,0.0,0.0,0.0
2010-12-21,70.92799066864688,71.03557184679515,70.85402989110817,71.02884674072266,1520300,0.0,0.0,0.0
2010-12-22,71.07590962610406,71.07590962610406,70.86747751325052,70.94815826416016,669500,0.0,0.0,0.0
2010-12-23,70.8742211530961,70.89439134609813,70.76663995074651,70.81370544433594,1285800,0.0,0.0,0.0
2010-12-27,70.84057167157424,71.05572885821769,70.70610035357906,71.01538848876953,686600,0.0,0.0,0.0
2010-12-28,70.93714309932247,71.0180874745861,70.59986114501953,70.59986114501953,709000,0.344,0.0,0.0
2010-12-29,70.63357884599955,71.14624880380613,70.61334275430558,71.09902954101562,487100,0.0,0.0,0.0
2010-12-30,71.01809128751597,71.09229373316765,70.89666957158727,71.04507446289062,780500,0.0,0.0,0.0
2010-12-31,71.08550789037137,71.33509826660156,71.07876596008988,71.33509826660156,551600,0.0,0.0,0.0
2011-01-03,71.09903409759718,71.28791116086389,71.03157873878965,71.25418090820312,739700,0.0,0.0,0.0
2011-01-04,71.28789544328733,71.34860370887493,71.16647376559925,71.27440643310547,625500,0.0,0.0,0.0
2011-01-05,71.01811904562635,71.07208541746894,70.78876968507012,70.93042755126953,864200,0.0,0.0,0.0
2011-01-06,71.03831670018118,71.03831670018118,70.90340599010929,70.94387817382812,2032600,0.0,0.0,0.0
2011-01-07,71.03832478967196,71.24069602433852,70.95063333279074,71.1732406616211,968500,0.0,0.0,0.0
2011-01-10,71.22720570281058,71.36212158203125,71.200227673481,71.36212158203125,566000,0.0,0.0,0.0
2011-01-11,71.3755675718412,71.3755675718412,71.12598235213223,71.22042083740234,620800,0.0,0.0,0.0
2011-01-12,71.15972537866509,71.23392779958286,71.03830370320988,71.21369171142578,562400,0.0,0.0,0.0
2011-01-13,71.11930638243719,71.47007751464844,71.11255929916872,71.47007751464844,943500,0.0,0.0,0.0
2011-01-14,71.49705350742747,71.50380059001706,71.32167053222656,71.32167053222656,751900,0.0,0.0,0.0
2011-01-18,71.29464252163467,71.32836762034573,71.13949059872269,71.27440643310547,445200,0.0,0.0,0.0
2011-01-19,71.20695332301145,71.34186917137778,71.18671723238484,71.28790283203125,912100,0.0,0.0,0.0
2011-01-20,71.17327184610433,71.22049113534703,70.96415343958677,71.01811981201172,846300,0.0,0.0,0.0
2011-01-21,70.99784112553544,71.24068450927734,70.99109404639998,71.24068450927734,578200,0.0,0.0,0.0
2011-01-24,71.15973324398819,71.29464909080225,71.15973324398819,71.20021057128906,535300,0.0,0.0,0.0
2011-01-25,71.21373831933296,71.45658182917938,71.15303001512943,71.4228515625,483400,0.0,0.0,0.0
2011-01-26,71.32838723632686,71.35537041062405,71.17324041726089,71.18672943115234,568400,0.0,0.0,0.0
2011-01-27,71.260939601,71.33514205173482,71.17999006933071,71.30815887451172,598500,0.0,0.0,0.0
2011-01-28,71.2339594480408,71.4835499880648,71.22047043211398,71.40934753417969,783100,0.0,0.0,0.0
2011-01-31,71.40257004262804,71.46328345472851,71.22718203118686,71.27440643310547,1691500,0.0,0.0,0.0
2011-02-01,71.21084882164976,71.2176161433695,71.06199871553986,71.12289428710938,700500,0.316,0.0,0.0
2011-02-02,71.14315324753046,71.19728146858813,70.96047179194866,71.04166412353516,513000,0.0,0.0,0.0
2011-02-03,70.89957215538193,70.95370036937057,70.77778625488281,70.77778625488281,912300,0.0,0.0,0.0
2011-02-04,70.68309838344523,70.79134970142361,70.50041686404916,70.541015625,1116600,0.0,0.0,0.0
2011-02-07,70.480079310858,70.58833572819236,70.43948573533267,70.56803894042969,604700,0.0,0.0,0.0
2011-02-08,70.57479159745317,70.58155891311337,70.30416091443756,70.36505126953125,741000,0.0,0.0,0.0
2011-02-09,70.3921403324711,70.5815839425417,70.31771531966461,70.4936294555664,518100,0.0,0.0,0.0
2011-02-10,70.43949179032283,70.4800853693376,70.26357767800795,70.29064178466797,520800,0.0,0.0,0.0
2011-02-11,70.57480109505052,70.60863251595502,70.41242163099908,70.56803894042969,797200,0.0,0.0,0.0
2011-02-14,70.50721446069447,70.66959408836523,70.50721446069447,70.60193634033203,1024900,0.0,0.0,0.0
2011-02-15,70.60189019280578,70.69661201053029,70.58159339785794,70.68984985351562,513500,0.0,0.0,0.0
2011-02-16,70.68984985351562,70.80486846618797,70.63572162568678,70.68984985351562,474800,0.0,0.0,0.0
2011-02-17,70.83872971032322,70.9199220921513,70.81167074500165,70.8590316772461,606300,0.0,0.0,0.0
2011-02-18,70.750739726715,70.85222886267215,70.70337881819523,70.8319320678711,694400,0.0,0.0,0.0
2011-02-22,70.91313609298349,71.13641121273943,70.90637393441133,71.08905029296875,1033400,0.0,0.0,0.0
2011-02-23,71.1769842279221,71.23787977113261,71.06873294058911,71.14315795898438,707000,0.0,0.0,0.0
2011-02-24,71.20404577985937,71.27170347725358,71.14992271911485,71.15668487548828,1135300,0.0,0.0,0.0
2011-02-25,71.2243825296545,71.35970316230903,71.21085304736621,71.3461685180664,542000,0.0,0.0,0.0
2011-02-28,71.40026060342969,71.48145294189453,71.35289969647978,71.48145294189453,558200,0.0,0.0,0.0
2011-03-01,71.30173555793787,71.49169178256034,71.26781776120896,71.4238510131836,735700,0.285,0.0,0.0
2011-03-02,71.4440843290387,71.49835892496364,71.2948317782003,71.30840301513672,506200,0.0,0.0,0.0
2011-03-03,71.17278425250221,71.17956470101916,71.016745946059,71.05744934082031,618700,0.0,0.0,0.0
2011-03-04,71.15923645102855,71.30848918221956,71.13209912027413,71.24742889404297,761700,0.0,0.0,0.0
2011-03-07,71.19312626259668,71.38308231352192,71.10492868472839,71.28131866455078,621200,0.0,0.0,0.0
2011-03-08,71.19992108704498,71.28133305784364,71.16600331448197,71.22705841064453,527200,0.0,0.0,0.0
2011-03-09,71.26777165481722,71.48486508192647,71.2067113787376,71.39666748046875,590600,0.0,0.0,0.0
2011-03-10,71.51200835707236,71.68161277285984,71.42381074827662,71.64768981933594,467900,0.0,0.0,0.0
2011-03-11,71.66799472790285,71.73583541474036,71.57980235260534,71.66120910644531,473800,0.0,0.0,0.0
2011-03-14,71.790150127187,71.89869942747862,71.70195770263672,71.70195770263672,415900,0.0,0.0,0.0
2011-03-15,71.91226593443339,71.95296933432971,71.71552420840857,71.72909545898438,672500,0.0,0.0,0.0
2011-03-16,71.8851281626108,72.27861161221593,71.81728743789986,71.9326171875,1012200,0.0,0.0,0.0
2011-03-17,71.82409197918153,71.96655909137016,71.73589435550508,71.88514709472656,584800,0.0,0.0,0.0
2011-03-18,71.78336010479501,71.8851237736059,71.72909063388904,71.85798645019531,382900,0.0,0.0,0.0
2011-03-21,71.82404105706051,71.83082150336925,71.60694772917691,71.6883544921875,460900,0.0,0.0,0.0
2011-03-22,71.61377843362922,71.729113388691,71.60021235557794,71.6951904296875,604800,0.0,0.0,0.0
2011-03-23,71.79689565603297,71.81046172303543,71.62729135098286,71.66120910644531,472300,0.0,0.0,0.0
2011-03-24,71.54592003260484,71.5934090579384,71.42380465661631,71.46450805664062,1570000,0.0,0.0,0.0
2011-03-25,71.59337550694357,71.59337550694357,71.35593049155024,71.4034194946289,811200,0.0,0.0,0.0
2011-03-28,71.32204832329303,71.4102459336465,71.2881305450861,71.36953735351562,1443600,0.0,0.0,0.0
2011-03-29,71.31524160617923,71.4441373973561,71.25418134643085,71.28131866455078,538100,0.0,0.0,0.0
2011-03-30,71.34914486942095,71.43734242936216,71.30165586634229,71.4034194946289,791500,0.0,0.0,0.0
2011-03-31,71.48486068541858,71.5052123842216,71.32203674316406,71.32203674316406,1014400,0.0,0.0,0.0
2011-04-01,71.24919312680544,71.46693470121473,71.22878066535591,71.41930389404297,983700,0.313,0.0,0.0
2011-04-04,71.46695274691236,71.6166510904998,71.46014686092111,71.53499603271484,517500,0.0,0.0,0.0
2011-04-05,71.50778211923735,71.52139389206481,71.34447718489959,71.38530731201172,801900,0.0,0.0,0.0
2011-04-06,71.37854313973233,71.38534903012348,71.17440795898438,71.17440795898438,980400,0.0,0.0,0.0
2011-04-07,71.23559520022772,71.39209421792451,71.21518273629937,71.2832260131836,681700,0.0,0.0,0.0
2011-04-08,71.187947724415,71.235578526222,71.12670515559567,71.1471176147461,392900,0.0,0.0,0.0
2011-04-11,71.17436457606206,71.2764321042228,71.14034552758856,71.21519470214844,387000,0.0,0.0,0.0
2011-04-12,71.33085145794814,71.52818058002035,71.33085145794814,71.48735046386719,563000,0.0,0.0,0.0
2011-04-13,71.37170203583197,71.6030554726256,71.37170203583197,71.56222534179688,531500,0.0,0.0,0.0
2011-04-14,71.57580328608759,71.62343409006647,71.49414825439453,71.49414825439453,654100,0.0,0.0,0.0
2011-04-15,71.65750017032227,71.7935919791564,71.65750017032227,71.75276184082031,391100,0.0,0.0,0.0
2011-04-18,71.779944370708,71.96366692307858,71.73911944412302,71.87520599365234,720400,0.0,0.0,0.0
2011-04-19,71.99768446096199,72.04531527143929,71.95685953522973,72.01809692382812,470800,0.0,0.0,0.0
2011-04-20,71.95685580740634,72.01129249980852,71.88200665319552,71.91603088378906,388800,0.0,0.0,0.0
2011-04-21,71.92286157940751,72.01132253930469,71.90244910908382,71.96369171142578,447800,0.0,0.0,0.0
2011-04-25,71.95684765197849,72.07252171669634,71.92282342524118,72.00447845458984,541700,0.0,0.0,0.0
2011-04-26,72.06573711147257,72.26986694335938,72.06573711147257,72.26986694335938,569700,0.0,0.0,0.0
2011-04-27,72.14057732833339,72.22903825644651,72.03851501338598,72.20862579345703,473300,0.0,0.0,0.0
2011-04-28,72.31748819849558,72.39233735103882,72.24263904595234,72.37873077392578,573100,0.0,0.0,0.0
2011-04-29,72.29028122458776,72.46039201778753,72.29028122458776,72.43997955322266,499000,0.0,0.0,0.0
2011-05-02,72.48505948791474,72.50553273262467,72.36904096334025,72.47823333740234,613500,0.316,0.0,0.0
2011-05-03,72.51915335051142,72.57374691027726,72.44408134815527,72.4986801147461,485900,0.0,0.0,0.0
2011-05-04,72.4918673580431,72.64201139049025,72.4918673580431,72.63518524169922,659200,0.0,0.0,0.0
2011-05-05,72.66252704532384,72.83314441691262,72.66252704532384,72.79901885986328,800700,0.0,0.0,0.0
2011-05-06,72.72390133335655,72.90817089529266,72.63518223005536,72.79215240478516,1020900,0.0,0.0,0.0
2011-05-09,72.8126418547031,72.90136097775698,72.8126418547031,72.87406158447266,502200,0.0,0.0,0.0
2011-05-10,72.78532882189629,72.83992759823344,72.71025680613917,72.74437713623047,536100,0.0,0.0,0.0
2011-05-11,72.6829710383093,72.89453482772917,72.6829710383093,72.87406158447266,538800,0.0,0.0,0.0
2011-05-12,72.83312320673136,72.894542943339,72.70345237590085,72.76487731933594,767000,0.0,0.0,0.0
2011-05-13,72.84677959989985,73.01739694358032,72.8194802000916,72.88090515136719,312700,0.0,0.0,0.0
2011-05-16,72.88771058025245,73.0719749680346,72.87405828081577,73.03784942626953,678100,0.0,0.0,0.0
2011-05-17,73.09927010603103,73.16751597876294,73.0651445662519,73.11974334716797,683500,0.0,0.0,0.0
2011-05-18,73.09244989500249,73.1265754375541,72.95595813844959,73.00373077392578,618600,0.0,0.0,0.0
2011-05-19,72.80579407143897,72.99005841282292,72.7784946862663,72.94911193847656,632800,0.0,0.0,0.0
2011-05-20,72.9832289208148,73.05147477233804,72.9627556860403,73.01734924316406,938500,0.0,0.0,0.0
2011-05-23,73.1539371433687,73.1812365592985,73.07203889557928,73.07886505126953,804100,0.0,0.0,0.0
2011-05-24,73.04459320186473,73.14013836286642,73.01047290540455,73.10601806640625,579400,0.0,0.0,0.0
2011-05-25,73.09243774414062,73.1879829992096,73.06513835600293,73.09243774414062,543400,0.0,0.0,0.0
2011-05-26,73.13339403484983,73.29035901799301,73.09926849582241,73.2494125366211,861600,0.0,0.0,0.0
2011-05-27,73.29031994842651,73.37221807433838,73.24937348888231,73.31761932373047,509700,0.0,0.0,0.0
2011-05-31,73.2425742615689,73.44731704818417,73.21527487623185,73.33811950683594,1047300,0.0,0.0,0.0
2011-06-01,73.44965036375947,73.66867809869642,73.44965036375947,73.65499114990234,1139400,0.313,0.0,0.0
2011-06-02,73.44971132832438,73.55922789771012,73.3538869411306,73.36073303222656,666600,0.0,0.0,0.0
2011-06-03,73.60024894397066,73.60024894397066,73.35384203573439,73.45651245117188,522300,0.0,0.0,0.0
2011-06-06,73.3949135169568,73.53180392318976,73.36068830438144,73.47019958496094,1477400,0.0,0.0,0.0
2011-06-07,73.40179119874351,73.62081909179688,73.36072510068253,73.62081909179688,1737600,0.0,0.0,0.0
2011-06-08,73.60708939218537,73.78505108384194,73.60708939218537,73.68238067626953,1085200,0.0,0.0,0.0
2011-06-09,73.64819782152487,73.68926914139429,73.50446125707408,73.57290649414062,646500,0.0,0.0,0.0
2011-06-10,73.60024476878854,73.6823821408859,73.50442044569193,73.56602478027344,1160500,0.0,0.0,0.0
2011-06-13,73.48389175880479,73.6550073776131,73.44966654622942,73.47019958496094,956000,0.0,0.0,0.0
2011-06-14,73.34018900902177,73.3607220572004,73.25120550419875,73.27174377441406,1199000,0.0,0.0,0.0
2011-06-15,73.29224291969244,73.55918286660936,73.27855074588251,73.45651245117188,1395500,0.0,0.0,0.0
2011-06-16,73.51125587556321,73.6276132193078,73.49072284102395,73.50440979003906,1211900,0.0,0.0,0.0
2011-06-17,73.53868648662578,73.58659867477604,73.47023602752238,73.57290649414062,871300,0.0,0.0,0.0
2011-06-20,73.59340815684257,73.59340815684257,73.43598470093137,73.47705078125,731900,0.0,0.0,0.0
2011-06-21,73.4086417433618,73.5592244081049,73.3949547838566,73.5455322265625,803600,0.0,0.0,0.0
2011-06-22,73.5797570515949,73.62082315192063,73.40179524678807,73.49761962890625,897800,0.0,0.0,0.0
2011-06-23,73.61394101626661,73.78505663441503,73.60024884247555,73.73714447021484,2735300,0.0,0.0,0.0
2011-06-24,73.66869354248047,73.8398091594609,73.66185267766588,73.66869354248047,1084100,0.0,0.0,0.0
2011-06-27,73.71663758903523,73.71663758903523,73.48392275586836,73.53868103027344,730600,0.0,0.0,0.0
2011-06-28,73.47026123262322,73.49764038125004,73.20332106105997,73.24439239501953,1038500,0.0,0.0,0.0
2011-06-29,73.25802910167722,73.2990951854259,73.01846824308488,73.02531433105469,2533800,0.0,0.0,0.0
2011-06-30,73.14858400553646,73.17596316015938,72.82688546626693,73.01168823242188,1295600,0.0,0.0,0.0
2011-07-01,73.10365980759728,73.13111720966961,72.94578105492236,73.03501892089844,1970000,0.304,0.0,0.0
2011-07-05,73.15169761763329,73.32330242627341,73.15169761763329,73.31643676757812,799200,0.0,0.0,0.0
2011-07-06,73.3026749528141,73.39877317984858,73.28208322372966,73.35758972167969,774600,0.0,0.0,0.0
2011-07-07,73.19287109468836,73.22032848875453,73.06931543987179,73.15168762207031,1291600,0.0,0.0,0.0
2011-07-08,73.43303088678367,73.58403851137271,73.39870787753947,73.52912902832031,682800,0.0,0.0,0.0
2011-07-11,73.68024762185473,73.81753462864194,73.61847239652337,73.72830200195312,615000,0.0,0.0,0.0
2011-07-12,73.79689708842496,73.86553793073804,73.67334147747714,73.79003143310547,681500,0.0,0.0,0.0
2011-07-13,73.74198475377422,73.941046868925,73.72139302409667,73.9341812133789,508400,0.0,0.0,0.0
2011-07-14,73.83808817134593,73.93418640790001,73.73512427876337,73.74885559082031,1724900,0.0,0.0,0.0
2011-07-15,73.71455541681024,73.92048326586232,73.66650628362646,73.85183715820312,638300,0.0,0.0,0.0
2011-07-18,73.83806445324423,73.89297920991014,73.70764321540254,73.7419662475586,641600,0.0,0.0,0.0
2011-07-19,73.70082490603637,73.89988708496094,73.67336751201618,73.89988708496094,780100,0.0,0.0,0.0
2011-07-20,73.82435367253721,73.99595839494017,73.76943890449775,73.78316497802734,627300,0.0,0.0,0.0
2011-07-21,73.6939384043204,73.76944490727868,73.56351712885413,73.6664810180664,839200,0.0,0.0,0.0
2011-07-22,73.72824261145361,73.83806689145251,73.714511303354,73.8243408203125,458000,0.0,0.0,0.0
2011-07-25,73.64589531048973,73.83122613665971,73.59098053349071,73.611572265625,1154600,0.0,0.0,0.0
2011-07-26,73.68706675243853,73.85180581959642,73.6596093684188,73.78316497802734,832200,0.0,0.0,0.0
2011-07-27,73.6802520823792,73.79694735445388,73.61847685330802,73.65966033935547,662700,0.0,0.0,0.0
2011-07-28,73.79691155295268,73.87927848508845,73.72827069718566,73.80377197265625,823600,0.0,0.0,0.0
2011-07-29,73.99599169691393,74.27055518675783,73.92734558749008,74.24310302734375,1400700,0.0,0.0,0.0
2011-08-01,74.2293217691002,74.49777463901721,74.2155575136951,74.42205810546875,1300600,0.3,0.0,0.0
2011-08-02,74.53910782240212,74.80067081072302,74.43585747780443,74.73872375488281,1010600,0.0,0.0,0.0
2011-08-03,74.81437683105469,74.99333834151113,74.75930932713291,74.81437683105469,1237500,0.0,0.0,0.0
2011-08-04,74.89009799833944,75.2824447980367,74.86256424466444,75.21360778808594,1585700,0.0,0.0,0.0
2011-08-05,75.00706816713593,75.20668382461798,74.62848584233832,74.71797180175781,2184400,0.0,0.0,0.0
2011-08-08,74.80748601752532,74.89008726671369,74.69047151981947,74.7524185180664,2068500,0.0,0.0,0.0
2011-08-09,74.7524709916013,75.69548288857376,74.64922067051928,75.19300079345703,1642600,0.0,0.0,0.0
2011-08-10,75.54399451359717,75.83309099988898,75.46827801696946,75.80555725097656,1102400,0.0,0.0,0.0
2011-08-11,75.67476058959103,75.67476058959103,74.84188457542236,74.86253356933594,2596300,0.0,0.0,0.0
2011-08-12,75.13793850687217,75.41326569438489,74.97962064767583,75.19300079345703,2472300,0.0,0.0,0.0
2011-08-15,75.3926012267,75.42013499011337,75.1998701343348,75.31000518798828,1034200,0.0,0.0,0.0
2011-08-16,75.22740887251818,75.55092404960877,75.22740887251818,75.46832275390625,900100,0.0,0.0,0.0
2011-08-17,75.53024659371468,75.69544387137731,75.37192881612319,75.59219360351562,1119500,0.0,0.0,0.0
2011-08-18,75.88129307920336,76.06025986696496,75.64726403111487,75.70233154296875,954300,0.0,0.0,0.0
2011-08-19,75.70235736188245,75.75741964098879,75.58533754640065,75.73677062988281,1271800,0.0,0.0,0.0
2011-08-22,75.59221334744731,75.7023483956731,75.52338156807028,75.64039611816406,761800,0.0,0.0,0.0
2011-08-23,75.52337805587797,75.52337805587797,75.37194499737394,75.46142578125,757100,0.0,0.0,0.0
2011-08-24,75.37193969496,75.37882444755164,74.97959282167747,75.03466033935547,663300,0.0,0.0,0.0
2011-08-25,75.12413629571799,75.25492032892805,75.04841977665185,75.18608856201172,647100,0.0,0.0,0.0
2011-08-26,75.38567213012416,75.4269753767133,75.15852790574776,75.289306640625,674700,0.0,0.0,0.0
2011-08-29,75.13794005229204,75.21365135434462,75.08287251304509,75.20677185058594,1150700,0.0,0.0,0.0
2011-08-30,75.40637500147508,75.55780283152544,75.31688895243545,75.44078826904297,1108200,0.0,0.0,0.0
2011-08-31,75.56466402658198,75.63349579178652,75.36504823141988,75.37193298339844,2444400,0.0,0.0,0.0
2011-09-01,75.51126135202006,75.66301589197649,75.297428279905,75.61473083496094,1541600,0.232,0.0,0.0
2011-09-02,75.85609151171144,75.98715309598691,75.73882865350286,75.84229278564453,923900,0.0,0.0,0.0
2011-09-06,76.1596494831814,76.1596494831814,76.00789497454195,76.0423812866211,1104100,0.0,0.0,0.0
2011-09-07,75.91825443397434,75.95964539554171,75.77339922518325,75.86307525634766,919500,0.0,0.0,0.0
2011-09-08,75.98720512239476,75.99409922747638,75.78026619108182,75.88373565673828,1169400,0.0,0.0,0.0
2011-09-09,75.91823759773875,76.0630927744056,75.86305843234904,75.98722076416016,809700,0.0,0.0,0.0
2011-09-12,76.0079806849724,76.0079806849724,75.76654991479172,75.83553314208984,1038000,0.0,0.0,0.0
2011-09-13,75.90446095523714,75.91825443397434,75.77339922518325,75.86307525634766,701400,0.0,0.0,0.0
2011-09-14,75.80789890465306,75.95275412890003,75.78030668155671,75.87687683105469,1065300,0.0,0.0,0.0
2011-09-15,75.76652209759683,75.82170655410216,75.65615844726562,75.65615844726562,1046700,0.0,0.0,0.0
2011-09-16,75.64923938782299,75.7665023803711,75.55956861634704,75.7665023803711,885700,0.0,0.0,0.0
2011-09-19,76.00102289450975,76.04930795889719,75.91135213569801,75.93204498291016,786500,0.0,0.0,0.0
2011-09-20,76.04933255941901,76.08382415771484,75.9320695454996,76.08382415771484,701600,0.0,0.0,0.0
2011-09-21,76.06307112045059,76.24241782927096,75.93201471944839,76.20793151855469,1242900,0.0,0.0,0.0
2011-09-22,76.42178867992354,76.58733670661425,76.318319189738,76.4286880493164,875000,0.0,0.0,0.0
2011-09-23,76.51836547763938,76.51836547763938,76.02171609155316,76.03551483154297,1113400,0.0,0.0,0.0
2011-09-26,75.97343887427891,76.07000901347297,75.81479018675063,75.86307525634766,1158800,0.0,0.0,0.0
2011-09-27,75.68371287479822,75.77338362482315,75.60783560067065,75.75959014892578,1287400,0.0,0.0,0.0
2011-09-28,75.73195555371446,75.73885491914055,75.54570952592675,75.69746398925781,850400,0.0,0.0,0.0
2011-09-29,75.62852092995489,75.78717483173021,75.57333650649596,75.66990661621094,825000,0.0,0.0,0.0
2011-09-30,75.87685099947078,76.02860554349797,75.78028088284921,75.95272827148438,1020700,0.0,0.0,0.0
2011-10-03,76.10412715139718,76.2976523769328,75.98663044634583,76.26309204101562,2372400,0.219,0.0,0.0
2011-10-04,76.3253000218564,76.39441542091399,76.02118593820275,76.0280990600586,1351400,0.0,0.0,0.0
2011-10-05,75.95897147397434,75.9797055630483,75.75162003690261,75.77235412597656,1499100,0.0,0.0,0.0
2011-10-06,75.76547411012606,75.84150264676967,75.60650391355273,75.6479721069336,1022500,0.0,0.0,0.0
2011-10-07,75.49589538574219,75.59265798713503,75.35765933149077,75.49589538574219,1513800,0.0,0.0,0.0
2011-10-10,75.44752491941387,75.49590622705792,75.12958458556209,75.3438491821289,711500,0.0,0.0,0.0
2011-10-11,75.39219617477656,75.53734003164601,75.30925456806631,75.52351379394531,2155000,0.0,0.0,0.0
2011-10-12,75.26087553423463,75.44749283662509,75.21249424716392,75.37837219238281,1120800,0.0,0.0,0.0
2011-10-13,75.45440826287705,75.55808396649121,75.2885303009936,75.41985321044922,939600,0.0,0.0,0.0
2011-10-14,75.18482138174076,75.40599365759621,75.18482138174076,75.29541015625,587500,0.0,0.0,0.0
2011-10-17,75.34380895164615,75.5926284790039,75.33689583334059,75.5926284790039,826700,0.0,0.0,0.0
2011-10-18,75.5580477115876,75.71010463417176,75.41981702187265,75.5096664428711,958800,0.0,0.0,0.0
2011-10-19,75.52350956579173,75.73086093437654,75.4474863553526,75.62027740478516,780200,0.0,0.0,0.0
2011-10-20,75.59956862430255,75.77235974361743,75.4820719287284,75.5788345336914,860800,0.0,0.0,0.0
2011-10-21,75.65483245077306,75.7032137336876,75.50277548356611,75.62027740478516,555300,0.0,0.0,0.0
2011-10-24,75.65487229386873,75.65487229386873,75.44752608925087,75.50281524658203,867600,0.0,0.0,0.0
2011-10-25,75.56501391103785,75.89676990867129,75.51663260833436,75.88986206054688,1478200,0.0,0.0,0.0
2011-10-26,75.74468974091036,75.86909952031004,75.60645899631733,75.68248748779297,664200,0.0,0.0,0.0
2011-10-27,75.60640997605763,75.62714404698693,75.27465429486591,75.39215087890625,960200,0.0,0.0,0.0
2011-10-28,75.45443915692336,75.71017196079006,75.44061818492644,75.68943786621094,979100,0.0,0.0,0.0
2011-10-31,75.91058210496927,76.04881286621094,75.84146672434842,76.04881286621094,1747000,0.0,0.0,0.0
2011-11-01,76.15759006347939,76.42784860059923,76.12293936407247,76.41398620605469,1443700,0.287,0.0,0.0
2011-11-02,76.20609787047643,76.46249401305172,76.1714471710695,76.41398620605469,732400,0.0,0.0,0.0
2011-11-03,76.20613455190318,76.35165804294125,76.14376432034,76.24771118164062,1116000,0.0,0.0,0.0
2011-11-04,76.24772465887521,76.36552865525856,76.19921681995514,76.22693634033203,2040100,0.0,0.0,0.0
2011-11-07,76.2199876109135,76.46252674973948,76.20613049739062,76.2892837524414,745300,0.0,0.0,0.0
2011-11-08,76.19226679451236,76.35165267556307,76.122970654169,76.18534088134766,949300,0.0,0.0,0.0
2011-11-09,76.34466743091771,76.46247131480352,76.24072065050845,76.31694793701172,780000,0.0,0.0,0.0
2011-11-10,76.15762878624307,76.33780299825168,75.99824288966677,76.1714859008789,1307800,0.0,0.0,0.0
2011-11-11,76.08830632046931,76.13681413535174,76.01207899894618,76.08137512207031,1803400,0.0,0.0,0.0
2011-11-14,76.19914626481173,76.23379695493819,76.0536228827961,76.14370727539062,1189600,0.0,0.0,0.0
2011-11-15,76.12986565436427,76.17837345823472,75.9427603487539,76.04670715332031,787800,0.0,0.0,0.0
2011-11-16,76.21301842143107,76.21994433078142,75.94968583141441,76.01898193359375,1213100,0.0,0.0,0.0
2011-11-17,75.99130227928309,76.12296334721051,75.88042423581147,75.9774398803711,1670000,0.0,0.0,0.0
2011-11-18,76.0397893240377,76.0397893240377,75.83882689037453,75.96356201171875,805700,0.0,0.0,0.0
2011-11-21,76.0605697741841,76.07442688092243,75.92890346887637,75.94969177246094,838800,0.0,0.0,0.0
2011-11-22,75.92197607705945,76.05364238896598,75.83189166136016,76.00513458251953,1051000,0.0,0.0,0.0
2011-11-23,75.9496896386952,76.18530274226045,75.90811303269415,76.07442474365234,865500,0.0,0.0,0.0
2011-11-25,76.08138279849237,76.12989061826912,75.93585933916214,75.97050476074219,764800,0.0,0.0,0.0
2011-11-28,75.79031908134927,75.99820742561985,75.70022937390614,75.96356201171875,1726100,0.0,0.0,0.0
2011-11-29,75.8734932469797,76.02594791369836,75.72103858026107,75.99130249023438,1718500,0.0,0.0,0.0
2011-11-30,75.94275698671188,75.95661937974923,75.72100628069917,75.79723358154297,1280300,0.0,0.0,0.0
2011-12-01,75.795869018453,75.91429878486234,75.65653519175787,75.82373046875,1831000,0.578,0.0,0.0
2011-12-02,75.80284793810091,76.08151033605638,75.76801846025845,76.01881408691406,917500,0.0,0.0,0.0
2011-12-05,75.92821558007975,76.10237884521484,75.86551935585084,76.10237884521484,1063700,0.0,0.0,0.0
2011-12-06,76.01183135686891,76.0814956141168,75.83766805622813,76.03273010253906,1105300,0.0,0.0,0.0
2011-12-07,76.08850122845783,76.23479783547384,75.97703410975339,76.1720962524414,691000,0.0,0.0,0.0
2011-12-08,76.14417116329038,76.33923314298856,76.12326710971672,76.24866485595703,1228900,0.0,0.0,0.0
2011-12-09,76.23476831917972,76.33926737374439,76.11633853769304,76.20690155029297,934900,0.0,0.0,0.0
2011-12-12,76.26258745365784,76.37404914454204,76.2207899839562,76.22775268554688,1220900,0.0,0.0,0.0
2011-12-13,76.23472312863356,76.47855056805288,76.19988835941385,76.38101959228516,1468000,0.0,0.0,0.0
2011-12-14,76.48558302207464,76.65974638482231,76.44378551582928,76.56918334960938,928500,0.0,0.0,0.0
2011-12-15,76.53429514618114,76.60395937966041,76.34619586924278,76.40889739990234,3769300,0.0,0.0,0.0
2011-12-16,76.54822145750366,76.71542198627112,76.52035470270908,76.66665649414062,1182000,0.0,0.0,0.0
2011-12-19,76.66666913204423,76.79206689177069,76.60396759466057,76.74330139160156,1123700,0.0,0.0,0.0
2011-12-20,76.67359287298994,76.77112382376664,76.610896682507,76.63876342773438,2779500,0.0,0.0,0.0
2011-12-21,76.624859161837,76.65272591861631,76.41586645855271,76.44373321533203,930000,0.0,0.0,0.0
2011-12-22,76.56220245361328,76.59006922477263,76.47860214013522,76.56220245361328,1465900,0.0,0.0,0.0
2011-12-23,76.42982116157975,76.51342145814981,76.25565786334033,76.47161865234375,679700,0.0,0.0,0.0
2011-12-27,76.44238344779154,76.60962677001953,76.42147936161314,76.60962677001953,1090600,0.028,0.0,0.0
2011-12-28,76.64441037083995,76.81165357355466,76.58866795299825,76.7419662475586,873800,0.0,0.0,0.0
2011-12-29,76.81860057189184,76.957969875772,76.70711044518303,76.92312622070312,985400,0.0,0.0,0.0
2011-12-30,77.00680011852546,77.09738624029183,76.8186527595659,76.82562255859375,1098300,0.0,0.0,0.0
2012-01-03,76.79081571014996,76.79081571014996,76.5957037749822,76.67235565185547,1994600,0.0,0.0,0.0
2012-01-04,76.70014090406733,76.70014090406733,76.4910896057547,76.56774139404297,1299200,0.0,0.0,0.0
2012-01-05,76.58873928901299,76.68629525659688,76.54692579119026,76.67235565185547,856500,0.0,0.0,0.0
2012-01-06,76.67232882013361,76.82563252023103,76.665359020202,76.73504638671875,897900,0.0,0.0,0.0
2012-01-09,76.74203772635802,76.87443738939393,76.65145156114484,76.67235565185547,976200,0.0,0.0,0.0
2012-01-10,76.67230941257651,76.7698653213267,76.60959717826493,76.65140533447266,1002100,0.0,0.0,0.0
2012-01-11,76.74194878385657,76.92312622070312,76.69317085659735,76.92312622070312,789900,0.0,0.0,0.0
2012-01-12,76.88136245256945,76.91620081134666,76.76986694512618,76.86045837402344,844200,0.0,0.0,0.0
2012-01-13,76.9371196753242,77.10435764067348,76.9371196753242,77.03467559814453,765000,0.0,0.0,0.0
2012-01-17,77.12526218210499,77.17404014380628,77.02073645948819,77.05558013916016,1272900,0.0,0.0,0.0
2012-01-18,77.04159356891569,77.12521515930534,76.93010343145866,76.95797729492188,1216900,0.0,0.0,0.0
2012-01-19,76.95098706160312,76.97886091766297,76.76980965541124,76.83252716064453,1032300,0.0,0.0,0.0
2012-01-20,76.87434047219577,76.87434047219577,76.58167293841662,76.63742065429688,1032600,0.0,0.0,0.0
2012-01-23,76.49111593743768,76.64441956678824,76.49111593743768,76.57473754882812,819600,0.0,0.0,0.0
2012-01-24,76.63045086071314,76.6443851314858,76.53985949330902,76.63742065429688,791600,0.0,0.0,0.0
2012-01-25,76.63746459366166,76.98588004308178,76.54687317431781,76.74895477294922,1559600,0.0,0.0,0.0
2012-01-26,76.92320206072573,76.9998539243335,76.88139388653988,76.90229797363281,1231700,0.0,0.0,0.0
2012-01-27,77.02071727527573,77.08343481978385,76.90922709761362,77.0276870727539,778100,0.0,0.0,0.0
2012-01-30,77.17399669952643,77.30639622806808,77.13218856057479,77.25064849853516,1490300,0.0,0.0,0.0
2012-01-31,77.23677080997905,77.39704433173965,77.1531544650608,77.38311004638672,3255900,0.0,0.0,0.0
2012-02-01,77.26784318715715,77.34468533401761,77.15607085368805,77.24688720703125,1965000,0.275,0.0,0.0
2012-02-02,77.22588744095306,77.31669841320955,77.17000130590512,77.2677993774414,1182200,0.0,0.0,0.0
2012-02-03,77.05125766963616,77.26082270996874,76.99537152704245,77.23287963867188,1142400,0.0,0.0,0.0
2012-02-06,77.20492811950089,77.28875732421875,77.12110424437834,77.28875732421875,1854400,0.0,0.0,0.0
2012-02-07,77.163030275338,77.23987239463199,77.0792010553092,77.21192932128906,966600,0.0,0.0,0.0
2012-02-08,77.17000382048953,77.2258899573585,77.0722057457665,77.1490478515625,1479600,0.0,0.0,0.0
2012-02-09,77.10015754418427,77.13508238648538,76.96742928649059,77.0233154296875,1068400,0.0,0.0,0.0
2012-02-10,77.0861802636588,77.21192141602998,77.07919316363936,77.12809753417969,714900,0.0,0.0,0.0
2012-02-13,77.17700530877804,77.22590435525623,77.1141320606796,77.15604400634766,914800,0.0,0.0,0.0
2012-02-14,77.23290961113479,77.34468193969869,77.20496652899381,77.21894073486328,876200,0.0,0.0,0.0
2012-02-15,77.29569544645851,77.31665140196073,77.18392324432409,77.19091033935547,875500,0.0,0.0,0.0
2012-02-16,77.19090977833807,77.2467958789991,77.1070806273465,77.17694091796875,918800,0.0,0.0,0.0
2012-02-17,77.06524712883564,77.10017730968744,76.98141789254969,77.07921600341797,853700,0.0,0.0,0.0
2012-02-21,77.03031187565097,77.06524205420268,76.95347507611176,76.96045684814453,1043800,0.0,0.0,0.0
2012-02-22,77.079137577016,77.17694091796875,77.03722566631617,77.17694091796875,975200,0.0,0.0,0.0
2012-02-23,77.13504488194316,77.2607859782005,77.10012005662317,77.23983001708984,788400,0.0,0.0,0.0
2012-02-24,77.28875391905896,77.39353908794087,77.24684198334423,77.26081085205078,1364300,0.0,0.0,0.0
2012-02-27,77.42150142508967,77.50532531738281,77.3726023780532,77.50532531738281,712000,0.0,0.0,0.0
2012-02-28,77.55420458229207,77.57516587961507,77.4075074786014,77.44942474365234,795300,0.0,0.0,0.0
2012-02-29,77.49830733242395,77.49830733242395,77.2607939795211,77.37256622314453,1993600,0.0,0.0,0.0
2012-03-01,77.19542215130443,77.25144307100645,77.0903742445556,77.2164306640625,1242600,0.277,0.0,0.0
2012-03-02,77.2584193347652,77.39148032400922,77.24441544571891,77.38447570800781,863900,0.0,0.0,0.0
2012-03-05,77.37052485865426,77.39853265594697,77.25847229764271,77.27247619628906,1098100,0.0,0.0,0.0
2012-03-06,77.41949913952624,77.46852076922872,77.34946366027391,77.42649841308594,1056500,0.0,0.0,0.0
2012-03-07,77.41950669896833,77.42650597321145,77.3284627042333,77.35647583007812,836100,0.0,0.0,0.0
2012-03-08,77.34946989361985,77.37048374486314,77.16038797608907,77.181396484375,971300,0.0,0.0,0.0
2012-03-09,77.19537914355539,77.19537914355539,77.12534368276927,77.16736602783203,710900,0.0,0.0,0.0
2012-03-12,77.30747217602274,77.3494892030837,77.20942888424135,77.23744201660156,1096600,0.0,0.0,0.0
2012-03-13,77.18839011141937,77.19539472750314,76.96429048334763,76.9782943725586,1444700,0.0,0.0,0.0
2012-03-14,76.86625977001646,76.92228067895624,76.50909909286834,76.55812072753906,1119800,0.0,0.0,0.0
2012-03-15,76.51609490378259,76.65615517444856,76.50909028736223,76.5230941772461,800500,0.0,0.0,0.0
2012-03-16,76.43908218173488,76.5581339804073,76.37605130169993,76.53012084960938,933900,0.0,0.0,0.0
2012-03-19,76.54414405022517,76.54414405022517,76.25701341438467,76.28502655029297,1146800,0.0,0.0,0.0
2012-03-20,76.27796669843067,76.39701843261719,76.22194046718215,76.39701843261719,960400,0.0,0.0,0.0
2012-03-21,76.4950828000242,76.6071299426962,76.42504732502805,76.57911682128906,590700,0.0,0.0,0.0
2012-03-22,76.5791169015784,76.66315626588796,76.5791169015784,76.6491470336914,666900,0.0,0.0,0.0
2012-03-23,76.66316522041143,76.82423400878906,76.64215671261933,76.82423400878906,758400,0.0,0.0,0.0
2012-03-26,76.78918171465067,76.81019021152791,76.64211689355557,76.76817321777344,867800,0.0,0.0,0.0
2012-03-27,76.81725962367959,76.89429440584811,76.76123335610994,76.8522720336914,2551700,0.0,0.0,0.0
2012-03-28,76.84522330364297,76.95026580903716,76.8102055732079,76.83821868896484,812700,0.0,0.0,0.0
2012-03-29,76.99934870547865,77.07638349937922,76.92231391157809,77.04837036132812,1208100,0.0,0.0,0.0
2012-03-30,77.11138107908351,77.11138107908351,76.81725122095494,76.9292984008789,1121300,0.0,0.0,0.0
2012-04-02,77.12085826873606,77.12085826873606,76.82607650617689,76.9383773803711,2398400,0.243,0.0,0.0
2012-04-03,77.0015859674065,77.05773643612325,76.55239292727934,76.6085433959961,767100,0.0,0.0,0.0
2012-04-04,76.74890341198893,76.79101893500123,76.65064278296471,76.76995849609375,1137200,0.0,0.0,0.0
2012-04-05,76.92440236541916,76.9454574584961,76.7910516576636,76.9454574584961,749100,0.0,0.0,0.0
2012-04-09,77.33141025600226,77.33843039847942,77.23314968052117,77.28227996826172,575600,0.0,0.0,0.0
2012-04-10,77.33847510373782,77.44375052775044,77.25424940972489,77.28934478759766,1893900,0.0,0.0,0.0
2012-04-11,77.24020347190036,77.29634857177734,77.12790256254223,77.29634857177734,1203100,0.0,0.0,0.0
2012-04-12,77.27534299553405,77.30341824085967,77.20515755962276,77.21919250488281,505900,0.0,0.0,0.0
2012-04-13,77.41571451900386,77.47185965143865,77.35254388215759,77.45782470703125,1103900,0.0,0.0,0.0
2012-04-16,77.37355639540968,77.54902255536693,77.37355639540968,77.47181701660156,1121200,0.0,0.0,0.0
2012-04-17,77.4156468440625,77.48583221435547,77.38055148151575,77.48583221435547,737600,0.0,0.0,0.0
2012-04-18,77.51398204262051,77.58416748046875,77.45081140019312,77.58416748046875,884300,0.0,0.0,0.0
2012-04-19,77.55607511783396,77.61222559764248,77.52799987792969,77.52799987792969,618700,0.0,0.0,0.0
2012-04-20,77.54200744628906,77.57007731954108,77.46480190784044,77.54200744628906,1530200,0.0,0.0,0.0
2012-04-23,77.72451297753327,77.72451297753327,77.57712199973639,77.61923217773438,787100,0.0,0.0,0.0
2012-04-24,77.57710526062695,77.61220063792189,77.49288492280353,77.50691986083984,627500,0.0,0.0,0.0
2012-04-25,77.49287713589469,77.55604238291507,77.37355607796358,77.54200744628906,982300,0.0,0.0,0.0
2012-04-26,77.65431865902295,77.68941403986663,77.58413325213887,77.66133880615234,1021600,0.0,0.0,0.0
2012-04-27,77.63327230362523,77.67538248153102,77.59116212571945,77.65432739257812,656600,0.0,0.0,0.0
2012-04-30,77.71748943977597,77.71748943977597,77.61922344416419,77.6262435913086,881900,0.0,0.0,0.0
2012-05-01,77.6895370063473,77.71767074374459,77.54887368532249,77.59810638427734,772800,0.23,0.0,0.0
2012-05-02,77.6895326297497,77.72470114100558,77.6192009731994,77.67546844482422,1298500,0.0,0.0,0.0
2012-05-03,77.66843418959726,77.7598648071289,77.65437000457757,77.7598648071289,575400,0.0,0.0,0.0
2012-05-04,77.83025848818572,77.85838687870171,77.7669561946113,77.83728790283203,611500,0.0,0.0,0.0
2012-05-07,77.88647066643503,77.90756962876848,77.83723796566964,77.86537170410156,646100,0.0,0.0,0.0
2012-05-08,77.95677873851344,78.03414515429837,77.91458082661632,77.92161560058594,580200,0.0,0.0,0.0
2012-05-09,78.01306542379619,78.01306542379619,77.87240210550067,77.94273376464844,930000,0.0,0.0,0.0
2012-05-10,77.87240648020003,77.90054021863196,77.80910422723773,77.86537170410156,527000,0.0,0.0,0.0
2012-05-11,78.01304619834981,78.02008097231943,77.89348187066776,77.92161560058594,446300,0.0,0.0,0.0
2012-05-14,78.06931652539622,78.11151443884313,78.02008383772133,78.09745025634766,763300,0.0,0.0,0.0
2012-05-15,78.13965553944335,78.13965553944335,77.98492268759723,78.05525970458984,1187200,0.0,0.0,0.0
2012-05-16,77.97790184737316,78.1326293502607,77.94976811067681,78.04119873046875,986400,0.0,0.0,0.0
2012-05-17,77.98493866163543,78.16077050821141,77.9497755118975,78.09043884277344,1420700,0.0,0.0,0.0
2012-05-18,78.06230879022986,78.12561104828723,77.99901189813485,78.06934356689453,1184700,0.0,0.0,0.0
2012-05-21,78.08338807223366,78.10449239690806,78.04822492969838,78.05525970458984,1208500,0.0,0.0,0.0
2012-05-22,77.94273814329887,78.01306980639771,77.86537170410156,77.86537170410156,1007400,0.0,0.0,0.0
2012-05-23,78.03413062256897,78.07633389256719,77.94270004183154,77.9567642211914,696000,0.0,0.0,0.0
2012-05-24,77.984916625587,77.984916625587,77.8653522915313,77.89348602294922,938900,0.0,0.0,0.0
2012-05-25,77.9568245481149,78.03419100936253,77.93572557976799,78.01309204101562,454300,0.0,0.0,0.0
2012-05-29,78.0341525867651,78.06228631936293,77.94975675493247,77.97085571289062,1192100,0.0,0.0,0.0
2012-05-30,78.2099747802369,78.28031178606855,78.14667791414062,78.2310791015625,547100,0.0,0.0,0.0
2012-05-31,78.38583698650116,78.505406723247,78.31550531933212,78.46320343017578,2984100,0.0,0.0,0.0
2012-06-01,78.58866713586987,78.70848713150171,78.52523491845344,78.65914916992188,1851600,0.238,0.0,0.0
2012-06-04,78.46179685752837,78.84945610866336,78.46179685752837,78.47589111328125,1046100,0.0,0.0,0.0
2012-06-05,78.35610041636437,78.468876014293,78.30676243662971,78.31381225585938,951100,0.0,0.0,0.0
2012-06-06,78.3983769131494,78.3983769131494,78.0811996459961,78.0811996459961,1864400,0.0,0.0,0.0
2012-06-07,78.10935506494583,78.20098114013672,78.08116118547956,78.20098114013672,751800,0.0,0.0,0.0
2012-06-08,78.35607351875821,78.36312333556786,78.12347796095179,78.165771484375,710200,0.0,0.0,0.0
2012-06-11,78.14460286286793,78.29966114192723,78.10230935273088,78.2362289428711,516100,0.0,0.0,0.0
2012-06-12,78.22215900755835,78.2644471534083,78.11643326549887,78.17282104492188,482000,0.0,0.0,0.0
2012-06-13,78.22916057065616,78.39127400328667,78.13048469946601,78.3771743774414,2650900,0.0,0.0,0.0
2012-06-14,78.30671640986715,78.36310417568814,78.25737845913213,78.32081604003906,559200,0.0,0.0,0.0
2012-06-15,78.48297579130832,78.51116969277201,78.39839946435407,78.50411987304688,1030800,0.0,0.0,0.0
2012-06-18,78.4688769302189,78.53935899102875,78.39839486940903,78.48297119140625,696000,0.0,0.0,0.0
2012-06-19,78.447699421102,78.447699421102,78.31377979842435,78.39131164550781,605500,0.0,0.0,0.0
2012-06-20,78.28557862887044,78.38425453826478,78.15165901864937,78.271484375,1256100,0.0,0.0,0.0
2012-06-21,78.36308012902782,78.46175600021797,78.27849850625125,78.3771743774414,939900,0.0,0.0,0.0
2012-06-22,78.35604563184113,78.37718969731024,78.26441955566406,78.26441955566406,600200,0.0,0.0,0.0
2012-06-25,78.41243250907014,78.51815821265879,78.39128844383895,78.5111083984375,2321900,0.0,0.0,0.0
2012-06-26,78.42657470703125,78.49706213747206,78.40543062887339,78.42657470703125,789100,0.0,0.0,0.0
2012-06-27,78.48293606322292,78.51112995041487,78.4054042178036,78.4617919921875,1552600,0.0,0.0,0.0
2012-06-28,78.60979352725128,78.63093759496766,78.53226169400237,78.55340576171875,1180400,0.0,0.0,0.0
2012-06-29,78.41245679589842,78.46884457226847,78.37721309130855,78.44770050048828,2052800,0.0,0.0,0.0
2012-07-02,78.51336255819325,78.61930053048425,78.4498030077561,78.59811401367188,1994500,0.223,0.0,0.0
2012-07-03,78.54167175292969,78.59817276548304,78.52048522028046,78.54167175292969,1002900,0.0,0.0,0.0
2012-07-05,78.56282680843292,78.74645233154297,78.56282680843292,78.74645233154297,740700,0.0,0.0,0.0
2012-07-06,78.75351098226815,78.87357153655496,78.74644701194816,78.80294799804688,1520200,0.0,0.0,0.0
2012-07-09,78.8664899299506,78.97242790813799,78.85236738069935,78.95830535888672,472600,0.0,0.0,0.0
2012-07-10,78.93003939647551,79.03597735389181,78.90885288263792,78.99359893798828,521600,0.0,0.0,0.0
2012-07-11,79.0006544224514,79.09952840189555,78.96533997769518,78.98652648925781,566400,0.0,0.0,0.0
2012-07-12,79.09958763545086,79.12783813476562,79.05015060870798,79.12783813476562,382700,0.0,0.0,0.0
2012-07-13,79.14899529587099,79.16311784617265,79.05718524833577,79.15605926513672,435300,0.0,0.0,0.0
2012-07-16,79.24790076860128,79.32558829667143,79.21259168471698,79.21965026855469,480800,0.0,0.0,0.0
2012-07-17,79.24788435020385,79.26907087379143,79.1843247794411,79.1913833618164,600200,0.0,0.0,0.0
2012-07-18,79.26908371567369,79.3538352119849,79.26908371567369,79.34677124023438,470300,0.0,0.0,0.0
2012-07-19,79.31146125284255,79.40327133162485,79.26202422761644,79.28321075439453,901600,0.0,0.0,0.0
2012-07-20,79.37500030731388,79.48800227188434,79.37500030731388,79.39618682861328,602200,0.0,0.0,0.0
2012-07-23,79.53740287645802,79.53740287645802,79.44558747521502,79.4667739868164,498200,0.0,0.0,0.0
2012-07-24,79.43149298567799,79.57980400749932,79.40324249748875,79.56568145751953,521200,0.0,0.0,0.0
2012-07-25,79.54451896809532,79.60101996536955,79.53039641289259,79.59395599365234,874700,0.0,0.0,0.0
2012-07-26,79.56569416900062,79.58688069146991,79.53744367629804,79.54450225830078,857900,0.0,0.0,0.0
2012-07-27,79.41740182926354,79.42446580163991,79.20553115206174,79.30440521240234,1010200,0.0,0.0,0.0
2012-07-30,79.31845646932503,79.46676742651877,79.29020599344612,79.43852233886719,618400,0.0,0.0,0.0
2012-07-31,79.50919202845137,79.55862904290501,79.40325402941346,79.51625061035156,983600,0.0,0.0,0.0
2012-08-01,79.43136369108265,79.530431329708,79.24737861987214,79.42428588867188,2480600,0.22,0.0,0.0
2012-08-02,79.4879416963134,79.6082372925151,79.43840789794922,79.43840789794922,846300,0.0,0.0,0.0
2012-08-03,79.32519984160288,79.36766124743245,79.22613222596748,79.24736022949219,1832400,0.0,0.0,0.0
2012-08-06,79.33933183840577,79.41717142735794,79.28272024666265,79.36763763427734,1832500,0.0,0.0,0.0
2012-08-07,79.14122464572814,79.19076385848084,79.11999663956604,79.15538024902344,1733100,0.0,0.0,0.0
2012-08-08,79.21199180448018,79.21199180448018,79.04215695775062,79.05631256103516,550400,0.0,0.0,0.0
2012-08-09,78.99260329686129,79.09874869970294,78.93599709428793,79.03506469726562,835900,0.0,0.0,0.0
2012-08-10,79.24029231427207,79.24029231427207,79.10584108596244,79.1624526977539,627400,0.0,0.0,0.0
2012-08-13,79.19783626134766,79.24737007531954,79.15538024902344,79.15538024902344,570500,0.0,0.0,0.0
2012-08-14,78.96426619708208,79.02795557305427,78.92888800934404,78.97134399414062,567100,0.0,0.0,0.0
2012-08-15,78.86523807760278,78.86523807760278,78.68125845228249,78.71663665771484,550000,0.0,0.0,0.0
2012-08-16,78.75910563079063,78.77325583456732,78.52558677762129,78.6175765991211,668300,0.0,0.0,0.0
2012-08-17,78.68126603203817,78.75202784849974,78.65296022569744,78.7095718383789,505700,0.0,0.0,0.0
2012-08-20,78.65293047145714,78.73784245957677,78.64585267285435,78.68123626708984,419000,0.0,0.0,0.0
2012-08-21,78.67412052768314,78.79441605202545,78.57505299013349,78.78733825683594,738600,0.0,0.0,0.0
2012-08-22,78.97136549272953,79.12704467773438,78.90768149819779,79.12704467773438,405500,0.0,0.0,0.0
2012-08-23,79.14117814021361,79.2119453175437,79.13410574150272,79.18363952636719,421500,0.0,0.0,0.0
2012-08-24,79.24026786638473,79.24026786638473,79.10581667955714,79.12704467773438,649600,0.0,0.0,0.0
2012-08-27,79.18363577314744,79.25439754834585,79.17655797599438,79.23316955566406,493100,0.0,0.0,0.0
2012-08-28,79.2827095445745,79.33224333096872,79.2402535558874,79.29685974121094,699200,0.0,0.0,0.0
2012-08-29,79.26149368156146,79.28272167915405,79.18365409120288,79.21903228759766,717100,0.0,0.0,0.0
2012-08-30,79.26856231689453,79.35347970201057,79.26856231689453,79.26856231689453,436200,0.0,0.0,0.0
2012-08-31,79.32518019898559,79.55869897749344,79.30395220071739,79.51624298095703,1203400,0.0,0.0,0.0
2012-09-04,79.50847254318688,79.51556416596361,79.38085037982209,79.50138092041016,1596700,0.219,0.0,0.0
2012-09-05,79.4446641661661,79.52974200219381,79.43048092061267,79.50138092041016,503000,0.0,0.0,0.0
2012-09-06,79.33120206401053,79.33120206401053,79.23903262585767,79.31702423095703,1805200,0.0,0.0,0.0
2012-09-07,79.51557451449776,79.55102181434816,79.30286907809952,79.33123016357422,1554400,0.0,0.0,0.0
2012-09-10,79.33828344076308,79.35955289225797,79.24610860519013,79.34537506103516,1303000,0.0,0.0,0.0
2012-09-11,79.24610509635052,79.32409668792604,79.23192726575547,79.2531967163086,3037100,0.0,0.0,0.0
2012-09-12,79.16814575282878,79.18941521059244,79.06887926772679,79.10433197021484,1679500,0.0,0.0,0.0
2012-09-13,79.23195124269142,79.33121231485815,78.96252910528499,79.2886734008789,2165200,0.0,0.0,0.0
2012-09-14,79.13267017752169,79.13267017752169,78.93414808334518,78.96250915527344,1011200,0.0,0.0,0.0
2012-09-17,79.06173446091245,79.13972602112719,79.0050123426983,79.09009552001953,1063800,0.0,0.0,0.0
2012-09-18,79.2106781270052,79.27448649502678,79.13268651543048,79.13977813720703,1133600,0.0,0.0,0.0
2012-09-19,79.31699018646296,79.34535124971883,79.23899861483919,79.29571533203125,732200,0.0,0.0,0.0
2012-09-20,79.3737311277297,79.38082274803789,79.23193117749405,79.24610900878906,2518600,0.0,0.0,0.0
2012-09-21,79.24608092920988,79.37370300292969,79.23190310293856,79.37370300292969,829200,0.0,0.0,0.0
2012-09-24,79.36666996069903,79.47301725227271,79.36666996069903,79.4588394165039,1220800,0.0,0.0,0.0
2012-09-25,79.49427160801665,79.58644104003906,79.41628000810472,79.58644104003906,836400,0.0,0.0,0.0
2012-09-26,79.66443634033203,79.69279741519206,79.59353635784292,79.66443634033203,793500,0.0,0.0,0.0
2012-09-27,79.62186822977263,79.67858494936876,79.60059337443914,79.61477661132812,1127100,0.0,0.0,0.0
2012-09-28,79.68570968648446,79.73534021758329,79.5864486242868,79.7282485961914,2745500,0.0,0.0,0.0
2012-10-01,79.6764299581813,79.7332567424606,79.6053991874824,79.69773864746094,1674400,0.207,0.0,0.0
2012-10-02,79.66927254587124,79.76161193847656,79.63375447678646,79.76161193847656,903300,0.0,0.0,0.0
2012-10-03,79.68347802716215,79.77581742151179,79.68347802716215,79.73320007324219,1187500,0.0,0.0,0.0
2012-10-04,79.66931061808376,79.73323666982942,79.60537914703902,79.61958312988281,459200,0.0,0.0,0.0
2012-10-05,79.51302640646134,79.5485390672785,79.4419902462307,79.4561996459961,580200,0.0,0.0,0.0
2012-10-08,79.48456493146557,79.59111368804253,79.48456493146557,79.576904296875,524800,0.0,0.0,0.0
2012-10-09,79.51302315701817,79.60536257452696,79.45619639887525,79.49171447753906,2316400,0.0,0.0,0.0
2012-10-10,79.48462632532005,79.66931061808376,79.4704169231772,79.61958312988281,555400,0.0,0.0,0.0
2012-10-11,79.53432516060045,79.73321337810857,79.53432516060045,79.71900939941406,523400,0.0,0.0,0.0
2012-10-12,79.78292846679688,79.84685991358417,79.74031111513668,79.78292846679688,1646900,0.0,0.0,0.0
2012-10-15,79.76875543107137,79.82557678222656,79.73323734471266,79.82557678222656,1646300,0.0,0.0,0.0
2012-10-16,79.77587412101985,79.81139221601951,79.6764299581813,79.69773864746094,978500,0.0,0.0,0.0
2012-10-17,79.58402831449366,79.59113301180237,79.42775748947948,79.44906616210938,1199200,0.0,0.0,0.0
2012-10-18,79.50594787138648,79.50594787138648,79.34967693832856,79.42070770263672,1249500,0.0,0.0,0.0
2012-10-19,79.40641729227757,79.57689202493403,79.40641729227757,79.52006530761719,683700,0.0,0.0,0.0
2012-10-22,79.48457440759313,79.52719174758678,79.41354370117188,79.41354370117188,438100,0.0,0.0,0.0
2012-10-23,79.46330613098392,79.60536761604023,79.46330613098392,79.5911636352539,628100,0.0,0.0,0.0
2012-10-24,79.52010762006455,79.59824304312734,79.48459496731587,79.53431701660156,604900,0.0,0.0,0.0
2012-10-25,79.3993432139523,79.52009597034197,79.34962117195091,79.36383056640625,970700,0.0,0.0,0.0
2012-10-26,79.47746023588181,79.61242235549894,79.47035554029804,79.576904296875,908900,0.0,0.0,0.0
2012-10-31,79.58405634360257,79.72611782403271,79.55564296365691,79.69060516357422,2200200,0.0,0.0,0.0
2012-11-01,79.763955996847,79.763955996847,79.5717506570793,79.58599090576172,1350800,0.243,0.0,0.0
2012-11-02,79.60734341601385,79.67140823993708,79.49344315428797,79.63581848144531,961700,0.0,0.0,0.0
2012-11-05,79.72833200162745,79.79239680436206,79.69273682384494,79.77104187011719,2684000,0.0,0.0,0.0
2012-11-06,79.72832854874561,79.73544867020607,79.52900859634356,79.54324340820312,589600,0.0,0.0,0.0
2012-11-07,79.84218690256239,79.87777662908047,79.72828674316406,79.72828674316406,1563100,0.0,0.0,0.0
2012-11-08,79.7140852655471,79.8778100243089,79.6927249034357,79.8279800415039,1411400,0.0,0.0,0.0
2012-11-09,79.73547883094142,79.80666377928837,79.67140857568477,79.78530883789062,1295200,0.0,0.0,0.0
2012-11-12,79.82086832346205,79.8351085663687,79.74256328065955,79.76392364501953,612700,0.0,0.0,0.0
2012-11-13,79.92765071027745,79.96324588750221,79.80663579741166,79.90629577636719,3355800,0.0,0.0,0.0
2012-11-14,79.76391044397084,79.9276351928711,79.75679032369591,79.9276351928711,1242700,0.0,0.0,0.0
2012-11-15,79.86359785042431,79.89207291024965,79.80664773077362,79.84935760498047,1532600,0.0,0.0,0.0
2012-11-16,79.87067223926934,79.94186256844115,79.83508250574302,79.87779235839844,981700,0.0,0.0,0.0
2012-11-19,79.79236293953697,79.93473815917969,79.7710080143554,79.93473815917969,917000,0.0,0.0,0.0
2012-11-20,79.8636139103913,79.89920366903306,79.77106858958318,79.78530883789062,666800,0.0,0.0,0.0
2012-11-21,79.70697452427284,79.7710393249634,79.64290429252085,79.6500244140625,1160800,0.0,0.0,0.0
2012-11-23,79.69983673095703,79.71407697088286,79.6500067533371,79.69983673095703,220300,0.0,0.0,0.0
2012-11-26,79.74252154755959,79.79235150953173,79.69269158558745,79.72828674316406,629500,0.0,0.0,0.0
2012-11-27,79.73547640271082,79.84937123038473,79.73547640271082,79.83513641357422,571900,0.0,0.0,0.0
2012-11-28,79.8707125420839,79.91342784735308,79.84224291332089,79.84935760498047,458700,0.0,0.0,0.0
2012-11-29,79.82799783271653,79.94901275634766,79.82799783271653,79.94901275634766,661800,0.0,0.0,0.0
2012-11-30,79.91341589802445,79.95612576584496,79.86358590854668,79.90629577636719,908600,0.0,0.0,0.0
2012-12-03,79.81034531439258,79.92492537607214,79.74589812730636,79.91776275634766,809900,0.666,0.0,0.0
2012-12-04,79.91775284412546,79.98220548669565,79.85330566503265,79.96788024902344,871900,0.0,0.0,0.0
2012-12-05,79.98217469031579,80.05378446067205,79.97501207423758,80.03945922851562,538200,0.0,0.0,0.0
2012-12-06,80.03949815950213,80.08962556948086,80.01085860820965,80.03234100341797,519400,0.0,0.0,0.0
2012-12-07,79.92493912383313,79.99654894296131,79.881974325052,79.96074676513672,966200,0.0,0.0,0.0
2012-12-10,79.94636110481663,79.99648848667115,79.9248787216611,79.97500610351562,843500,0.0,0.0,0.0
2012-12-11,79.91773560954475,79.95354323252583,79.88193345003985,79.94638061523438,814100,0.0,0.0,0.0
2012-12-12,79.91058775751767,79.96072062434484,79.72440338134766,79.72440338134766,1448600,0.0,0.0,0.0
2012-12-13,79.70296038612611,79.73159994778786,79.58838028555945,79.59554290771484,1209700,0.0,0.0,0.0
2012-12-14,79.7315458787956,79.78883589022838,79.6885811019591,79.73870849609375,1678800,0.0,0.0,0.0
2012-12-17,79.7387342898504,79.7458969094655,79.51674225308398,79.5453872680664,1464100,0.0,0.0,0.0
2012-12-18,79.48806115412044,79.53818854171466,79.30187137299532,79.35916137695312,1411500,0.0,0.0,0.0
2012-12-19,79.43078662493438,79.55968642721406,79.43078662493438,79.4952392578125,1114000,0.0,0.0,0.0
2012-12-20,79.5596780095459,79.60264824807712,79.47374845943544,79.50238800048828,1122600,0.0,0.0,0.0
2012-12-21,79.62411725179471,79.65276225150866,79.55250202077231,79.57398986816406,973700,0.0,0.0,0.0
2012-12-24,79.55255462733975,79.60268750759735,79.54539747028466,79.5811996459961,329200,0.0,0.0,0.0
2012-12-26,79.62423357511574,79.70316935705793,79.62423357511574,79.6888198852539,575800,0.23,0.0,0.0
2012-12-27,79.68885679540467,79.83237347915083,79.64579741043238,79.7319107055664,722100,0.0,0.0,0.0
2012-12-28,79.861105091378,79.8682825704513,79.76064228360131,79.85392761230469,1295800,0.0,0.0,0.0
2012-12-31,79.83233971369027,79.83951718728501,79.66729066986096,79.7103500366211,905400,0.0,0.0,0.0
2013-01-02,79.52376492410131,79.65293205994759,79.52376492410131,79.61705017089844,1137300,0.0,0.0,0.0
2013-01-03,79.66010723042939,79.71033858876187,79.39459549363916,79.41612243652344,1762900,0.0,0.0,0.0
2013-01-04,79.3587361827091,79.50943577538712,79.33003723390367,79.50225830078125,1286800,0.0,0.0,0.0
2013-01-07,79.50222899200845,79.52375593308105,79.42329322487096,79.45917510986328,1854400,0.0,0.0,0.0
2013-01-08,79.50224040706487,79.57399871254567,79.473535989911,79.53094482421875,1784500,0.0,0.0,0.0
2013-01-09,79.54529193372142,79.54529193372142,79.44482921406944,79.4735336303711,1346900,0.0,0.0,0.0
2013-01-10,79.43767283437724,79.5166086314647,79.40179641057962,79.46637725830078,1128700,0.0,0.0,0.0
2013-01-11,79.39458639880787,79.58833981218645,79.38023693013126,79.54528045654297,1120000,0.0,0.0,0.0
2013-01-14,79.6098781729347,79.66010953271893,79.55964681315045,79.61705017089844,870200,0.0,0.0,0.0
2013-01-15,79.66009200224566,79.70314587978385,79.61703264990106,79.63856506347656,2561100,0.0,0.0,0.0
2013-01-16,79.66730093475002,79.72470978128833,79.5955426139816,79.68165588378906,1232000,0.0,0.0,0.0
2013-01-17,79.49507498348396,79.58836572207647,79.44484361455282,79.50942993164062,1281000,0.0,0.0,0.0
2013-01-18,79.56682501733175,79.60988438251088,79.53094860029185,79.60270690917969,654700,0.0,0.0,0.0
2013-01-22,79.47353335783566,79.61704996404416,79.47353335783566,79.55964660644531,1459000,0.0,0.0,0.0
2013-01-23,79.62424026499535,79.66012215973218,79.29414763768878,79.64576721191406,1393800,0.0,0.0,0.0
2013-01-24,79.5739983450567,79.6170522331848,79.52376698397134,79.53811645507812,659800,0.0,0.0,0.0
2013-01-25,79.36586439902682,79.43045068077618,79.28692865178073,79.3443374633789,877800,0.0,0.0,0.0
2013-01-28,79.13627774306948,79.23674048069837,79.12910026900782,79.22956848144531,1067500,0.0,0.0,0.0
2013-01-29,79.22952758917899,79.28693092761925,79.12188743304411,79.17929077148438,837700,0.0,0.0,0.0
2013-01-30,79.08600854298419,79.15059482902672,79.04295466882648,79.14341735839844,1362200,0.0,0.0,0.0
2013-01-31,79.15062912172074,79.2152099609375,79.12192470157717,79.2152099609375,1970000,0.0,0.0,0.0
2013-02-01,79.35966179620709,79.36685300990742,79.0289372747478,79.04331970214844,1340000,0.211,0.0,0.0
2013-02-04,79.15119781924618,79.28780351754894,79.15119781924618,79.2662353515625,805400,0.0,0.0,0.0
2013-02-05,79.11525828969282,79.16558584231133,79.10087585449219,79.10087585449219,1905900,0.0,0.0,0.0
2013-02-06,79.1728214011759,79.27347656278552,79.16563017954809,79.2375259399414,1229600,0.0,0.0,0.0
2013-02-07,79.21590780249697,79.33093984952183,79.20153085360316,79.2662353515625,1147900,0.0,0.0,0.0
2013-02-08,79.20874720476358,79.28783416748047,79.12247450746776,79.28783416748047,681400,0.0,0.0,0.0
2013-02-11,79.26621320809778,79.26621320809778,79.18712629804655,79.20869445800781,1384100,0.0,0.0,0.0
2013-02-12,79.15840059086975,79.21591936542376,79.14402363987737,79.19435119628906,666800,0.0,0.0,0.0
2013-02-13,79.04335392152747,79.15119474727425,79.04335392152747,79.11524963378906,902200,0.0,0.0,0.0
2013-02-14,79.09373453765836,79.25909423828125,79.09373453765836,79.25909423828125,731900,0.0,0.0,0.0
2013-02-15,79.2230990195896,79.2662353515625,79.12962965325974,79.2662353515625,1864700,0.0,0.0,0.0
2013-02-19,79.27343801060834,79.29500617970784,79.13683229258856,79.17278289794922,1391300,0.0,0.0,0.0
2013-02-20,79.15117468736887,79.26621218606556,79.10803836800254,79.22307586669922,2028900,0.0,0.0,0.0
2013-02-21,79.27342656865513,79.35251350079973,79.25904413446986,79.2662353515625,829600,0.0,0.0,0.0
2013-02-22,79.30937194824219,79.33813133141724,79.29499499930039,79.30937194824219,955700,0.0,0.0,0.0
2013-02-25,79.29498805247466,79.64728086624571,79.23027807467696,79.61133575439453,1181500,0.0,0.0,0.0
2013-02-26,79.54663875007618,79.68324445914662,79.54663875007618,79.58977508544922,801300,0.0,0.0,0.0
2013-02-27,79.68323146338787,79.69041719458352,79.53224882891456,79.61133575439453,520300,0.0,0.0,0.0
2013-02-28,79.58261055315657,79.68326568603516,79.58261055315657,79.68326568603516,1211900,0.0,0.0,0.0
2013-03-01,79.69690936471915,79.75453679344068,79.64648673850132,79.71131896972656,1076800,0.209,0.0,0.0
2013-03-04,79.70415495182377,79.71135975801418,79.64652749361427,79.65373229980469,782100,0.0,0.0,0.0
2013-03-05,79.62487807508234,79.64648698700681,79.58166025123339,79.58885955810547,804400,0.0,0.0,0.0
2013-03-06,79.52405032292988,79.5600633521779,79.4736276854584,79.50244140625,974300,0.0,0.0,0.0
2013-03-07,79.42321027206441,79.42321027206441,79.2143149043266,79.3367691040039,1047000,0.0,0.0,0.0
2013-03-08,79.13506066442007,79.20709220703756,79.07743323206431,79.10624694824219,2006800,0.0,0.0,0.0
2013-03-11,79.12066900433749,79.17829644976408,79.10626489080867,79.14948272705078,1163500,0.0,0.0,0.0
2013-03-12,79.19271092551305,79.2935562133789,79.18550612047805,79.2935562133789,1656200,0.0,0.0,0.0
2013-03-13,79.17831422528718,79.29356914201507,79.17831422528718,79.2287368774414,1137000,0.0,0.0,0.0
2013-03-14,79.1639099612991,79.34399164660886,79.1639099612991,79.31517791748047,1090700,0.0,0.0,0.0
2013-03-15,79.28635411055264,79.41601312732145,79.28635411055264,79.38719940185547,661500,0.0,0.0,0.0
2013-03-18,79.4952317795542,79.50963589124854,79.43760434146697,79.45921325683594,1231900,0.0,0.0,0.0
2013-03-19,79.53848249998548,79.67534634812304,79.51687357568107,79.57450103759766,1104800,0.0,0.0,0.0
2013-03-20,79.5168431999318,79.5816754437361,79.46642056393075,79.48802947998047,1275100,0.0,0.0,0.0
2013-03-21,79.54565923960975,79.56726815628963,79.48803179802654,79.50244140625,906400,0.0,0.0,0.0
2013-03-22,79.61050376848543,79.61050376848543,79.48804954951576,79.5312728881836,776000,0.0,0.0,0.0
2013-03-25,79.52405032292988,79.61048598964939,79.49523660213826,79.50244140625,981100,0.0,0.0,0.0
2013-03-26,79.45921317393137,79.61048107701133,79.45921317393137,79.59607696533203,964700,0.0,0.0,0.0
2013-03-27,79.68250529756305,79.77614574754456,79.64648678067951,79.7617416381836,1028800,0.0,0.0,0.0
