Date,Open,High,Low,Close,Volume,Dividends,Stock Splits,Capital Gains
2003-09-29,50.963226691322824,50.968209985208325,50.86856311319569,50.903438568115234,13600,0.0,0.0,0.0
2003-09-30,50.96817158894983,51.187386939955395,50.96318829881842,51.167457580566406,62600,0.0,0.0,0.0
2003-10-01,51.137571946051196,51.19237674105716,51.117642584127466,51.142555236816406,66300,0.0,0.0,0.0
2003-10-02,50.91835067619527,51.14255313778246,50.82369096236406,51.062835693359375,68900,0.0,0.0,0.0
2003-10-03,50.84364792377533,50.84364792377533,50.6692668697219,50.69417953491211,64500,0.0,0.0,0.0
2003-10-06,50.639374253278596,50.813751504611986,50.619444881534925,50.76891326904297,28700,0.0,0.0,0.0
2003-10-07,50.78881947389892,50.78881947389892,50.50981219789329,50.594512939453125,13000,0.0,0.0,0.0
2003-10-08,50.56462642488368,50.84363375292238,50.4600001022959,50.719078063964844,42700,0.0,0.0,0.0
2003-10-09,50.51482122042792,50.56962604535639,50.37033611844734,50.53973388671875,35900,0.0,0.0,0.0
2003-10-10,50.65929824475675,50.84364206295326,50.65929824475675,50.818729400634766,13500,0.0,0.0,0.0
2003-10-13,50.81871161730988,50.86853312337391,50.594512939453125,50.594512939453125,23700,0.0,0.0,0.0
2003-10-14,50.539722705444454,50.614453085505396,50.390254343045854,50.49488067626953,54300,0.0,0.0,0.0
2003-10-15,50.410162827945086,50.440054967586,50.27066110810512,50.370304107666016,23100,0.0,0.0,0.0
2003-10-16,50.51481289719009,50.59453037527448,50.09630754066277,50.235809326171875,62300,0.0,0.0,0.0
2003-10-17,50.34039996802373,50.474918365478516,50.1959149923066,50.474918365478516,55600,0.0,0.0,0.0
2003-10-20,50.39022543104365,50.554639775119725,50.39022543104365,50.445030212402344,12900,0.0,0.0,0.0
2003-10-21,50.514819908788915,50.68421767266184,50.514819908788915,50.54471206665039,49000,0.0,0.0,0.0
2003-10-22,50.69417907528895,50.793822132868314,50.57460664596591,50.76891326904297,25400,0.0,0.0,0.0
2003-10-23,50.73898113852524,50.753931007529324,50.64432144165039,50.64432144165039,20700,0.0,0.0,0.0
2003-10-24,50.71908210187267,50.89345932006836,50.71908210187267,50.89345932006836,28200,0.0,0.0,0.0
2003-10-27,50.838676734069765,50.87853548740798,50.719104275195065,50.7938346862793,35400,0.0,0.0,0.0
2003-10-28,50.71908656110964,50.993106842041016,50.71908656110964,50.993106842041016,16600,0.0,0.0,0.0
2003-10-29,50.85859354132,50.86855632662234,50.76891326904297,50.76891326904297,71700,0.0,0.0,0.0
2003-10-30,50.71410844703262,50.79880542608898,50.709125153811954,50.76891326904297,17300,0.0,0.0,0.0
2003-10-31,50.76890738862992,50.76890738862992,50.519795972396345,50.68918991088867,31000,0.0,0.0,0.0
2003-11-03,50.66369461309594,50.7086916218475,50.59869384765625,50.59869384765625,56700,0.359,0.0,0.0
2003-11-04,50.72368938783011,50.78869015168471,50.698692321777344,50.698692321777344,26900,0.0,0.0,0.0
2003-11-05,50.7486902684817,50.783689212634634,50.698692321777344,50.698692321777344,24600,0.0,0.0,0.0
2003-11-06,50.588725701735925,50.59372664386548,50.423728942871094,50.423728942871094,78000,0.0,0.0,0.0
2003-11-07,50.34363459462033,50.448631286621094,50.27363679995316,50.448631286621094,33400,0.0,0.0,0.0
2003-11-10,50.53869260372743,50.568690606456116,50.45369571959714,50.5436897277832,21100,0.0,0.0,0.0
2003-11-11,50.58869203544072,50.598690098445054,50.40369544577232,50.453697204589844,23700,0.0,0.0,0.0
2003-11-12,50.518685168226035,50.66867897421333,50.40368648383096,50.548683166503906,16400,0.0,0.0,0.0
2003-11-13,50.7636835220813,50.95368103847912,50.7636835220813,50.918678283691406,25400,0.0,0.0,0.0
2003-11-14,50.958648681640625,51.07864824823734,50.94364968946508,50.958648681640625,18800,0.0,0.0,0.0
2003-11-17,51.108678591664294,51.20867447921035,51.08867865123536,51.173675537109375,48800,0.0,0.0,0.0
2003-11-18,51.06366570145607,51.173663440514275,51.02366964465119,51.14866638183594,26800,0.0,0.0,0.0
2003-11-19,51.13867354145984,51.14867541837638,50.9086799621582,50.9086799621582,44900,0.0,0.0,0.0
2003-11-20,50.99869754427132,51.12869529237409,50.968699531093705,51.08369445800781,21400,0.0,0.0,0.0
2003-11-21,51.16865842477042,51.218660167337305,51.103661499869816,51.1386604309082,66500,0.0,0.0,0.0
2003-11-24,51.04365605510206,51.068656923621866,50.92366027832031,50.92366027832031,37000,0.0,0.0,0.0
2003-11-25,50.88869316568985,51.123687744140625,50.88869316568985,51.123687744140625,54000,0.0,0.0,0.0
2003-11-26,51.038697550085686,51.068695563329044,50.938697814941406,50.938697814941406,25300,0.0,0.0,0.0
2003-11-28,50.8736988046032,50.8736988046032,50.858699798583984,50.858699798583984,22900,0.0,0.0,0.0
2003-12-01,50.70927826385388,50.794503022364516,50.63407837259288,50.719303131103516,58700,0.272,0.0,0.0
2003-12-02,50.55384679007682,50.70926086531315,50.43352930023582,50.704246520996094,52100,0.0,0.0,0.0
2003-12-03,50.58396022638306,50.80955613706339,50.58396022638306,50.75440979003906,32400,0.0,0.0,0.0
2003-12-04,50.70422753893409,50.88470561854231,50.65910993144334,50.829559326171875,25200,0.0,0.0,0.0
2003-12-05,51.08028991123591,51.08530426025391,50.889786721655604,51.085304260253906,42200,0.0,0.0,0.0
2003-12-08,51.13042192693308,51.155489847195476,51.040182768747115,51.085304260253906,67200,0.0,0.0,0.0
2003-12-09,51.15547987301644,51.18555831160459,50.73937695668822,50.799537658691406,87900,0.0,0.0,0.0
2003-12-10,51.005021961600804,51.01003630393233,50.9348364682495,51.0000114440918,120500,0.0,0.0,0.0
2003-12-11,50.9298439832747,51.205575557505526,50.834594387032915,51.18050765991211,91600,0.0,0.0,0.0
2003-12-12,51.25571944300801,51.30585142502457,51.11033401778245,51.210601806640625,16400,0.0,0.0,0.0
2003-12-15,51.23565397475828,51.26072187235169,51.06019016607692,51.18050765991211,21100,0.0,0.0,0.0
2003-12-16,51.18553390321981,51.23065536441226,51.085269939186695,51.210601806640625,61500,0.0,0.0,0.0
2003-12-17,51.35598724307875,51.41113357075652,51.21561616347171,51.335933685302734,23100,0.0,0.0,0.0
2003-12-18,51.361004628341284,51.45625808430178,51.240687090429724,51.41114044189453,33400,0.0,0.0,0.0
2003-12-19,51.40615126281336,51.436229705810554,51.31591210899434,51.43622970581055,26500,0.0,0.0,0.0
2003-12-22,51.48132599107841,51.53647232612653,51.270765518701225,51.41114044189453,139700,0.0,0.0,0.0
2003-12-23,51.33091932844538,51.386065656111114,51.210601806640625,51.210601806640625,80300,0.0,0.0,0.0
2003-12-24,51.305859674793304,51.381059572322506,51.19055648009745,51.25071716308594,16200,0.0,0.0,0.0
2003-12-26,51.431166868313476,51.50636672973632,51.29079583356354,51.50636672973633,54500,0.0,0.0,0.0
2003-12-29,51.38604538004755,51.43617734228289,51.2155959434827,51.38103103637695,37600,0.0,0.0,0.0
2003-12-30,51.28078277393856,51.33091475148507,51.175504473643485,51.285797119140625,33800,0.0,0.0,0.0
2003-12-31,51.281286473490745,51.3567008972168,51.281286473490745,51.3567008972168,51900,0.291,0.0,0.0
2004-01-02,51.3566981861255,51.37680895377327,50.95449050464351,51.06509780883789,26100,0.0,0.0,0.0
2004-01-05,51.04998235801386,51.125396728515625,50.92932166665156,51.125396728515625,63600,0.0,0.0,0.0
2004-01-06,51.251122238295096,51.376811665926205,51.16062569697122,51.3567008972168,151800,0.0,0.0,0.0
2004-01-07,51.38180880527224,51.50749816520269,51.35667323472707,51.47230529785156,75200,0.0,0.0,0.0
2004-01-08,51.381853312800395,51.53268220966053,51.34163559794412,51.45726776123047,39800,0.0,0.0,0.0
2004-01-09,51.85444497847811,51.91980211891446,51.73881281957239,51.88460922241211,49800,0.0,0.0,0.0
2004-01-12,51.88454668487213,51.90968608167478,51.733721811256466,51.73875045776367,67600,0.0,0.0,0.0
2004-01-13,51.80414764672821,51.874533409416095,51.73376188404033,51.85945129394531,21700,0.0,0.0,0.0
2004-01-14,51.80914668481999,51.90466797345039,51.80914668481999,51.854393005371094,14100,0.0,0.0,0.0
2004-01-15,51.96000226370311,51.96000226370311,51.78403785367771,51.91978073120117,32600,0.0,0.0,0.0
2004-01-16,51.985152489990234,52.06056692017856,51.834323629613586,51.879573822021484,66800,0.0,0.0,0.0
2004-01-20,51.874564512405364,51.92986819278149,51.748875027139384,51.83434295654297,51700,0.0,0.0,0.0
2004-01-21,51.92482576042713,51.92985441251018,51.78908284008607,51.86952209472656,53800,0.0,0.0,0.0
2004-01-22,51.975073567694885,52.05551661596514,51.92479858039381,51.959991455078125,44100,0.0,0.0,0.0
2004-01-23,52.17621850989598,52.18124716331346,51.78406792958431,51.83434295654297,28700,0.0,0.0,0.0
2004-01-26,51.82425193316148,51.829276747199245,51.633201599121094,51.633201599121094,31900,0.0,0.0,0.0
2004-01-27,51.72371554151766,51.85946228098698,51.68349783698712,51.70863342285156,20200,0.0,0.0,0.0
2004-01-28,51.85440991655963,51.98512794478398,51.391873922209385,51.603031158447266,63000,0.0,0.0,0.0
2004-01-29,51.552761851797456,51.552761851797456,51.43210110862033,51.48237609863281,50600,0.0,0.0,0.0
2004-01-30,51.698590399433684,51.698590399433684,51.532679389116,51.58295440673828,105300,0.0,0.0,0.0
2004-02-02,51.6928458932834,51.758380591230406,51.59706115722657,51.59706115722656,21300,0.278,0.0,0.0
2004-02-03,51.81380134550996,51.81380134550996,51.62727815297784,51.738182067871094,40300,0.0,0.0,0.0
2004-02-04,51.763417208338076,51.768459521827886,51.60714010557841,51.74325180053711,37600,0.0,0.0,0.0
2004-02-05,51.723092085234526,51.753342123344346,51.53656877332431,51.59706115722656,38900,0.0,0.0,0.0
2004-02-06,51.74323836705103,51.81381535295221,51.697869095896245,51.808773040771484,31600,0.0,0.0,0.0
2004-02-09,51.88944355967225,51.92473205868135,51.773493436552116,51.84407043457031,15800,0.0,0.0,0.0
2004-02-10,51.86422363597547,51.86422363597547,51.69786580616994,51.733154296875,31300,0.0,0.0,0.0
2004-02-11,51.75838335780623,52.02052985592384,51.652517834159895,51.9348258972168,26200,0.0,0.0,0.0
2004-02-12,52.02557286172208,52.02557286172208,51.84408799216823,51.93987274169922,61400,0.0,0.0,0.0
2004-02-13,52.04067594605475,52.171745300292976,51.92472583682827,52.17174530029297,82500,0.0,0.0,0.0
2004-02-17,52.065865471297876,52.075950093403925,51.924711531064474,52.04570007324219,78300,0.0,0.0,0.0
2004-02-18,52.151555842333245,52.17676354676014,51.975113449812056,52.00536346435547,38800,0.0,0.0,0.0
2004-02-19,51.96507877991788,52.075986623946186,51.874336348091006,52.06085968017578,21500,0.0,0.0,0.0
2004-02-20,52.040682531864555,52.04572099878694,51.844070783310826,51.8995246887207,40700,0.0,0.0,0.0
2004-02-23,51.965068242154075,52.05076834201208,51.82895269893647,52.040687561035156,24300,0.0,0.0,0.0
2004-02-24,52.09105442011976,52.121300583232106,51.98518900307151,51.995269775390625,40800,0.0,0.0,0.0
2004-02-25,52.101179395847545,52.16167561955316,52.02556007775511,52.116302490234375,78800,0.0,0.0,0.0
2004-02-26,52.09105953280955,52.09609799638611,51.98519410537071,52.03056335449219,33700,0.0,0.0,0.0
2004-02-27,52.171745300292976,52.18686839146219,52.06587981595096,52.17174530029297,34100,0.0,0.0,0.0
2004-03-01,52.22531413257986,52.24047325880632,51.99791952853896,52.19499588012695,154200,0.246,0.0,0.0
2004-03-02,52.09898488562941,52.164679575493125,51.92212198084668,52.01308059692383,28500,0.0,0.0,0.0
2004-03-03,52.088882172734564,52.088882172734564,51.89685627814517,51.957496643066406,79900,0.0,0.0,0.0
2004-03-04,52.08887848493102,52.098983284041324,51.96254729178091,52.083824157714844,116500,0.0,0.0,0.0
2004-03-05,52.5032375653343,52.54871493818212,52.043390233713694,52.467864990234375,68900,0.0,0.0,0.0
2004-03-08,52.629566675872894,52.65483059691185,52.48807638102632,52.64472579956055,44100,0.0,0.0,0.0
2004-03-09,52.64474721781382,52.771078440369976,52.579056370000885,52.72054672241211,46400,0.0,0.0,0.0
2004-03-10,52.70538572325554,52.735703981890374,52.614427092028215,52.65990447998047,38800,0.0,0.0,0.0
2004-03-11,52.82663566377575,52.82663566377575,52.50828254454838,52.77610397338867,56000,0.0,0.0,0.0
2004-03-12,52.7054072156821,52.71551202090669,52.558862480317096,52.61444854736328,42300,0.0,0.0,0.0
2004-03-15,52.62956222996211,52.690198719590406,52.55376276260568,52.624507904052734,61300,0.0,0.0,0.0
2004-03-16,52.59419743433402,52.79127376540226,52.457757601858084,52.75084686279297,53200,0.0,0.0,0.0
2004-03-17,52.84685901414669,52.84685901414669,52.66999613698855,52.72557830810547,28300,0.0,0.0,0.0
2004-03-18,52.71548718471732,52.78623235393194,52.56388819050164,52.6750602722168,27000,0.0,0.0,0.0
2004-03-19,52.67505854269458,52.70538065373567,52.49819562546509,52.61947250366211,132500,0.0,0.0,0.0
2004-03-22,52.675047531225715,52.766006134689626,52.614411032464204,52.75590133666992,23300,0.0,0.0,0.0
2004-03-23,52.73059939321549,52.78618538461247,52.63964084868581,52.760921478271484,45500,0.0,0.0,0.0
2004-03-24,52.80641888625301,52.81652368156482,52.67503341527591,52.791259765625,31300,0.0,0.0,0.0
2004-03-25,52.73059939321549,52.77102626974405,52.63964084868581,52.760921478271484,39000,0.0,0.0,0.0
2004-03-26,52.70538700728611,52.73065093832302,52.437561579969866,52.57905578613281,102300,0.0,0.0,0.0
2004-03-29,52.44259388340269,52.48807510868453,52.28089014245191,52.4830207824707,210100,0.0,0.0,0.0
2004-03-30,52.51842514808067,52.52852995130411,52.2758674621582,52.2758674621582,243200,0.0,0.0,0.0
2004-03-31,52.45277635924173,52.59426684979592,52.402240736620904,52.52857208251953,105100,0.0,0.0,0.0
2004-04-01,52.57408951156708,52.57408951156708,52.366388910517955,52.55382537841797,128500,0.26,0.0,0.0
2004-04-02,51.88003690631947,52.16372690698726,51.88003690631947,52.072540283203125,165600,0.0,0.0,0.0
2004-04-05,51.69767351094325,51.84964866955494,51.69767351094325,51.75339889526367,77500,0.0,0.0,0.0
2004-04-06,51.90034484863281,51.92567599267399,51.74330257754931,51.90034484863281,54800,0.0,0.0,0.0
2004-04-07,51.91553441972492,52.01178424290466,51.77368545532226,51.773685455322266,207600,0.0,0.0,0.0
2004-04-08,51.82436418082455,51.97127246256661,51.79903303432265,51.804100036621094,18700,0.0,0.0,0.0
2004-04-12,51.84969848796629,51.87502963790057,51.71292032729738,51.788909912109375,88400,0.0,0.0,0.0
2004-04-13,51.66221635264997,51.723004874922374,51.52543444756222,51.69767761230469,110800,0.0,0.0,0.0
2004-04-14,51.41905977216341,51.55077470205232,51.3076089749488,51.54570770263672,30400,0.0,0.0,0.0
2004-04-15,51.4089456399386,51.55585388382496,51.37854749897133,51.46973419189453,40600,0.0,0.0,0.0
2004-04-16,51.596371316133215,51.621702450783076,51.469723372860926,51.611568450927734,49000,0.0,0.0,0.0
2004-04-19,51.64702450102012,51.67235563311002,51.47985217018631,51.54570770263672,115300,0.0,0.0,0.0
2004-04-20,51.49503109160394,51.53049234499564,51.322787957282294,51.37851333618164,40000,0.0,0.0,0.0
2004-04-21,51.1911253245899,51.42415719070845,51.170861179928664,51.256980895996094,72700,0.0,0.0,0.0
2004-04-22,51.469716609595,51.5153118729757,51.33293854942889,51.44438934326172,41100,0.0,0.0,0.0
2004-04-23,51.3937370207337,51.419068156954296,51.22149766239762,51.34307861328125,90200,0.0,0.0,0.0
2004-04-26,51.343104705715874,51.46468571838667,51.18606240330815,51.32790756225586,109900,0.0,0.0,0.0
2004-04-27,51.3937287810096,51.46465131307009,51.28228184847749,51.45452117919922,54200,0.0,0.0,0.0
2004-04-28,51.464640400151744,51.464640400151744,51.196147462143244,51.21641159057617,36400,0.0,0.0,0.0
2004-04-29,51.18095456728969,51.307602481735124,50.973253997392746,51.06950378417969,46600,0.0,0.0,0.0
2004-04-30,51.13540457801464,51.186063011813815,51.03915084830268,51.05434799194336,64200,0.0,0.0,0.0
2004-05-03,51.12542942868064,51.21686105073619,50.97812271118164,50.97812271118164,245200,0.27,0.0,0.0
2004-05-04,51.10005600904995,51.27276199349427,50.93751125182907,51.069580078125,41200,0.0,0.0,0.0
2004-05-05,51.12550497728274,51.19661813559151,50.94772208151081,51.003597259521484,34000,0.0,0.0,0.0
2004-05-06,50.92227066409346,50.96798455812681,50.825758387304155,50.84607696533203,67900,0.0,0.0,0.0
2004-05-07,50.54128716994894,50.54128716994894,50.363504522817294,50.41429901123047,56800,0.0,0.0,0.0
2004-05-10,50.49052602155768,50.536239928704134,50.31781999646597,50.338138580322266,77000,0.0,0.0,0.0
2004-05-11,50.292397279068965,50.51589382900313,50.292397279068965,50.4650993347168,84200,0.0,0.0,0.0
2004-05-12,50.51590478017224,50.54638458364886,50.39399719238281,50.39399719238281,48900,0.0,0.0,0.0
2004-05-13,50.414303129936144,50.41938374180385,50.21620189618071,50.383827209472656,21200,0.0,0.0,0.0
2004-05-14,50.42955373362858,50.56162254770099,50.36352126427854,50.39399719238281,53300,0.0,0.0,0.0
2004-05-17,50.62258441828566,50.739411407101215,50.62258441828566,50.647979736328125,37400,0.0,0.0,0.0
2004-05-18,50.663178624072444,50.6936584077353,50.54635172536927,50.67333984375,24000,0.0,0.0,0.0
2004-05-19,50.61240861603277,50.61240861603277,50.490501048565044,50.58700942993164,31000,0.0,0.0,0.0
2004-05-20,50.68859889309593,50.72415542602539,50.58192929430755,50.72415542602539,11200,0.0,0.0,0.0
2004-05-21,50.769840883336904,50.769840883336904,50.5209452921781,50.642852783203125,22300,0.0,0.0,0.0
2004-05-24,50.592036317639305,50.71394375565135,50.592036317639305,50.683467864990234,39300,0.0,0.0,0.0
2004-05-25,50.73939462276736,50.73939462276736,50.63272502137999,50.66828155517578,44600,0.0,0.0,0.0
2004-05-26,50.79017695749877,50.8308140936424,50.744463085865135,50.795257568359375,35800,0.0,0.0,0.0
2004-05-27,50.87149049631101,51.044192645170334,50.87149049631101,51.03911590576172,99600,0.0,0.0,0.0
2004-05-28,51.06958303665138,51.06958303665138,50.82068721047584,50.86132049560547,54900,0.0,0.0,0.0
2004-06-01,50.854647718740196,50.90050675600927,50.71706283157907,50.803688049316406,39500,0.317,0.0,0.0
2004-06-02,50.79861690706525,50.83937921728096,50.70179815898591,50.824092864990234,196100,0.0,0.0,0.0
2004-06-03,50.70177648582271,50.8036880493164,50.70177648582271,50.803688049316406,91900,0.0,0.0,0.0
2004-06-04,50.74766449003181,50.74766449003181,50.640656120979614,50.69670867919922,30100,0.0,0.0,0.0
2004-06-07,50.69671721525569,50.74767303466797,50.543849757018855,50.74767303466797,39300,0.0,0.0,0.0
2004-06-08,50.696728039065185,50.72730464738455,50.59991312781571,50.625389099121094,264400,0.0,0.0,0.0
2004-06-09,50.528550483900986,50.6457484498232,50.523453736958636,50.64065170288086,90200,0.0,0.0,0.0
2004-06-10,50.62026004854211,50.68650608456133,50.497965356343954,50.58968734741211,49500,0.0,0.0,0.0
2004-06-14,50.44702148437499,50.56931620548394,50.370585825802245,50.447021484375,73500,0.0,0.0,0.0
2004-06-15,50.69670233164103,50.89543269038123,50.66103287975634,50.87504959106445,58200,0.0,0.0,0.0
2004-06-16,50.87504009941324,50.87504009941324,50.701789619061664,50.773128509521484,55600,0.0,0.0,0.0
2004-06-17,50.77314056118572,50.890342416290785,50.63046274639965,50.829193115234375,57100,0.0,0.0,0.0
2004-06-18,50.859772879663865,50.97697475103287,50.783341102335626,50.905635833740234,47700,0.0,0.0,0.0
2004-06-21,50.951514014416816,50.97189712524413,50.844505598334024,50.97189712524414,31500,0.0,0.0,0.0
2004-06-22,50.926012534859424,50.95148849487305,50.82919377884247,50.95148849487305,39900,0.0,0.0,0.0
2004-06-23,50.90054640178652,50.956598971669756,50.84959058035084,50.91073989868164,24600,0.0,0.0,0.0
2004-06-24,51.10439682006837,51.16044941544715,51.02286435854223,51.10439682006836,42100,0.0,0.0,0.0
2004-06-25,51.07886443131326,51.134916969055176,51.00242879914902,51.08905792236328,33200,0.0,0.0,0.0
2004-06-28,50.956590783725034,50.98207063418863,50.85467915722932,50.920921325683594,77500,0.0,0.0,0.0
2004-06-29,50.65594259375954,51.007540383716965,50.65594259375954,50.829193115234375,225700,0.0,0.0,0.0
2004-06-30,51.02794996952551,51.23687394081527,51.0024701089406,51.23177719116211,23300,0.0,0.0,0.0
2004-07-01,51.26603772392424,51.322267611135906,51.12801749168531,51.29670715332031,316900,0.317,0.0,0.0
2004-07-02,51.62384033203125,51.67495732748299,51.501158762951704,51.62384033203125,162500,0.0,0.0,0.0
2004-07-06,51.623867480191784,51.654540813574854,51.49607297436897,51.58808517456055,27900,0.0,0.0,0.0
2004-07-07,51.56249354501918,51.60338479508788,51.50115081995189,51.55738067626953,29700,0.0,0.0,0.0
2004-07-08,51.59827842161801,51.639169673743474,51.5216009864212,51.61361312866211,74200,0.0,0.0,0.0
2004-07-09,51.61360187675678,51.63915841626675,51.46024703979492,51.46024703979492,425600,0.0,0.0,0.0
2004-07-12,51.526713855428014,51.61361312866211,51.526713855428014,51.61361312866211,52600,0.0,0.0,0.0
2004-07-13,51.57271538254231,51.57271538254231,51.470481407406325,51.55738067626953,52800,0.0,0.0,0.0
2004-07-14,51.623867480191784,51.623867480191784,51.49607297436897,51.58808517456055,39000,0.0,0.0,0.0
2004-07-15,51.480725796107244,51.57785084501546,51.4756129251179,51.49095153808594,24600,0.0,0.0,0.0
2004-07-16,51.634087408058086,51.83344650268555,51.634087408058086,51.83344650268555,58800,0.0,0.0,0.0
2004-07-19,51.87939535621323,51.87939535621323,51.74649203475794,51.7567138671875,13000,0.0,0.0,0.0
2004-07-20,51.756744908127295,51.80786190088075,51.52671649074846,51.61872863769531,62300,0.0,0.0,0.0
2004-07-21,51.50114939814951,51.62894381352953,51.424471968926284,51.496036529541016,32900,0.0,0.0,0.0
2004-07-22,51.62384758921154,51.6289604594685,51.52672645419315,51.60851287841797,35000,0.0,0.0,0.0
2004-07-23,51.7005023345777,51.7260627746582,51.552260362057126,51.7260627746582,41200,0.0,0.0,0.0
2004-07-26,51.62896138429575,51.6340742546443,51.48071934400692,51.48583221435547,81000,0.0,0.0,0.0
2004-07-27,51.57270070440682,51.57270070440682,51.26599496631438,51.368228912353516,20500,0.0,0.0,0.0
2004-07-28,51.36825358392928,51.44493103027344,51.255793849288104,51.44493103027344,30800,0.0,0.0,0.0
2004-07-29,51.41937413724737,51.47560400845636,51.31714013503676,51.32736587524414,48200,0.0,0.0,0.0
2004-07-30,51.48071179348426,51.715853095324015,51.48071179348426,51.705631256103516,31300,0.0,0.0,0.0
2004-08-02,51.83486279926309,51.83486279926309,51.67076367009268,51.69127655029297,28200,0.322,0.0,0.0
2004-08-03,51.7322826269077,51.82971780004652,51.691260791445096,51.76305389404297,77400,0.0,0.0,0.0
2004-08-04,51.68612101075322,51.896371078898255,51.68612101075322,51.87586212158203,213200,0.0,0.0,0.0
2004-08-05,51.87587712730894,51.937411841916976,51.84510585757393,51.911773681640625,281500,0.0,0.0,0.0
2004-08-06,52.23484744614909,52.378433676603066,52.23484744614909,52.24510192871094,44800,0.0,0.0,0.0
2004-08-09,52.30149202646497,52.3220048964358,52.20406078464091,52.28097915649414,23200,0.0,0.0,0.0
2004-08-10,52.301540494660614,52.30666969501406,52.11692840627176,52.14257049560547,28400,0.0,0.0,0.0
2004-08-11,52.14252066251012,52.25021029241138,52.065598380457864,52.17841720581055,22100,0.0,0.0,0.0
2004-08-12,52.05535077481919,52.28611373901367,52.05535077481919,52.28611373901367,17600,0.0,0.0,0.0
2004-08-13,52.383561751099684,52.38869094848633,52.306639440025165,52.38869094848633,18500,0.0,0.0,0.0
2004-08-16,52.32714462280273,52.32714462280273,52.22458025230764,52.327144622802734,16400,0.0,0.0,0.0
2004-08-17,52.352842095241634,52.48104476928711,52.30669101055412,52.48104476928711,271000,0.0,0.0,0.0
2004-08-18,52.50664169594219,52.51177089397303,52.311775207519524,52.31177520751953,47400,0.0,0.0,0.0
2004-08-19,52.36819320318285,52.48613739013672,52.306654554055356,52.48613739013672,32700,0.0,0.0,0.0
2004-08-20,52.50663661186841,52.50663661186841,52.33228302001954,52.33228302001953,57900,0.0,0.0,0.0
2004-08-23,52.35279679436268,52.388697267968446,52.20921054966655,52.34767150878906,40400,0.0,0.0,0.0
2004-08-24,52.178422036537995,52.36303396558306,52.1732928406117,52.35277557373047,39400,0.0,0.0,0.0
2004-08-25,52.352796217090265,52.450231415959,52.30151597489734,52.35792541503906,69900,0.0,0.0,0.0
2004-08-26,52.404083981569556,52.48100239394162,52.33229085506766,52.45536422729492,46800,0.0,0.0,0.0
2004-08-27,52.50664421096209,52.52715709163625,52.46561844961377,52.49126052856445,50600,0.0,0.0,0.0
2004-08-30,52.53227939173716,52.56304675249227,52.45022787981497,52.54253387451172,50000,0.0,0.0,0.0
2004-08-31,52.645098264414464,52.76304242226334,52.51689571135961,52.54253387451172,386200,0.0,0.0,0.0
2004-09-01,52.62892786845768,52.74209792663041,52.556911272276885,52.7318115234375,277800,0.318,0.0,0.0
2004-09-02,52.68550681597748,52.68550681597748,52.50546534630794,52.520896911621094,27900,0.0,0.0,0.0
2004-09-03,52.464318792753055,52.49518585205079,52.24312383673534,52.49518585205078,97700,0.0,0.0,0.0
2004-09-07,52.41288568355765,52.490047454833984,52.320292342948186,52.490047454833984,36100,0.0,0.0,0.0
2004-09-08,52.39234032035491,52.670120508508774,52.3460455846358,52.64954376220703,87700,0.0,0.0,0.0
2004-09-09,52.68551640640397,52.736956275014705,52.53119680057177,52.59806823730469,49400,0.0,0.0,0.0
2004-09-10,52.75242668533221,52.778144674355474,52.644397787750265,52.711273193359375,67200,0.0,0.0,0.0
2004-09-13,52.71125923815634,52.78327586773604,52.65981934911541,52.762699127197266,126000,0.0,0.0,0.0
2004-09-14,52.76266318268276,52.82953460041868,52.74723161894442,52.81924819946289,86300,0.0,0.0,0.0
2004-09-15,52.79868133085486,52.80382649459805,52.72666473689035,52.788394927978516,124400,0.0,0.0,0.0
2004-09-16,52.80386557023032,52.97362077788659,52.711272177382625,52.947898864746094,111700,0.0,0.0,0.0
2004-09-17,52.92729137341503,52.93243653797686,52.7266731262207,52.7266731262207,59800,0.0,0.0,0.0
2004-09-20,52.92729628788969,52.95301818847656,52.77811789863003,52.95301818847656,94600,0.0,0.0,0.0
2004-09-21,52.953000229824994,52.96843179509921,52.77809999929469,52.93756866455078,41400,0.0,0.0,0.0
2004-09-22,53.00448189971413,53.11250686645508,52.8810253555263,53.11250686645508,28600,0.0,0.0,0.0
2004-09-23,53.09705141269664,53.112482983204366,52.88100157636652,52.95301818847656,28300,0.0,0.0,0.0
2004-09-24,52.90155421924361,52.983861130054315,52.829537634588995,52.96842956542969,26400,0.0,0.0,0.0
2004-09-27,52.91186471738197,53.05589794160205,52.90671955234239,52.95301818847656,39100,0.0,0.0,0.0
2004-09-28,53.05591314231174,53.081635050268034,52.94274302668346,53.04048156738281,47600,0.0,0.0,0.0
2004-09-29,52.78840134451374,52.92728938558169,52.72667114592215,52.73695755004883,225100,0.0,0.0,0.0
2004-09-30,52.77298683773092,52.82443065265358,52.628953575016425,52.81414031982422,60700,0.0,0.0,0.0
2004-10-01,52.76616861623252,52.76616861623252,52.63716859786283,52.7197265625,45500,0.317,0.0,0.0
2004-10-04,52.50813126305356,52.73516845703126,52.50813126305356,52.73516845703125,23400,0.0,0.0,0.0
2004-10-05,52.63709661038032,52.79189405865917,52.631935514408866,52.729976654052734,139600,0.0,0.0,0.0
2004-10-06,52.71973048777242,52.73520986124641,52.56493281626415,52.63201141357422,128000,0.0,0.0,0.0
2004-10-07,52.61653204010024,52.65781299387648,52.55461060943587,52.63201141357422,39800,0.0,0.0,0.0
2004-10-08,52.926096327946425,52.94157569118627,52.76613765878023,52.889976501464844,29200,0.0,0.0,0.0
2004-10-11,52.81774286927303,53.0447840540471,52.81774286927303,52.94158172607422,25800,0.0,0.0,0.0
2004-10-12,53.024137544153234,53.06025737063482,52.889976501464844,52.889976501464844,34100,0.0,0.0,0.0
2004-10-13,52.843560702245576,53.106717861859735,52.843560702245576,52.96739959716797,32700,0.0,0.0,0.0
2004-10-14,53.09638361549009,53.22022247314453,53.09122251486432,53.22022247314453,18900,0.0,0.0,0.0
2004-10-15,53.14798632148454,53.14798632148454,52.98802762241819,53.12218475341797,21400,0.0,0.0,0.0
2004-10-18,53.14283465040064,53.14283465040064,52.993194189948156,53.07575607299805,39700,0.0,0.0,0.0
2004-10-19,52.96735573544984,53.16859524934219,52.96735573544984,53.10151672363281,32200,0.0,0.0,0.0
2004-10-20,53.10153239078862,53.287288665771484,53.10153239078862,53.287288665771484,135800,0.0,0.0,0.0
2004-10-21,53.251197416355396,53.30280056479175,53.153160095214844,53.153160095214844,23100,0.0,0.0,0.0
2004-10-22,53.22537091198647,53.29244945709899,53.168610628904574,53.28213119506836,25800,0.0,0.0,0.0
2004-10-25,53.36987582187858,53.37503692375423,53.20475599276307,53.34407424926758,33800,0.0,0.0,0.0
2004-10-26,53.27700816163125,53.33376848526791,53.163487514357946,53.18928909301758,60200,0.0,0.0,0.0
2004-10-27,53.3388977998938,53.34921606314735,52.98801779778538,53.07057571411133,29100,0.0,0.0,0.0
2004-10-28,53.091188272397645,53.209869889645994,52.972510591913064,53.132469177246094,76000,0.0,0.0,0.0
2004-10-29,53.225381974421715,53.27698116883006,53.13766295025092,53.271820068359375,61600,0.0,0.0,0.0
2004-11-01,53.23508119449278,53.260952674093225,53.069513988377174,53.157470703125,28900,0.279,0.0,0.0
2004-11-02,53.21957691078974,53.21957691078974,53.079877192150704,53.110923767089844,97300,0.0,0.0,0.0
2004-11-03,53.10572056110439,53.24024512145175,52.98672125372356,53.22472381591797,40700,0.0,0.0,0.0
2004-11-04,53.28681089635484,53.312682371435194,53.11607258209622,53.178157806396484,40700,0.0,0.0,0.0
2004-11-05,53.00225510933663,53.043643951416016,52.85220920792704,53.043643951416016,149600,0.0,0.0,0.0
2004-11-08,52.96087940427075,52.99192203270263,52.85222625732422,52.85222625732422,52300,0.0,0.0,0.0
2004-11-09,52.97639465332031,52.98156973994479,52.8625664321888,52.97639465332031,54700,0.0,0.0,0.0
2004-11-10,52.945345579761394,52.97638820085831,52.83669245848818,52.91429901123047,21800,0.0,0.0,0.0
2004-11-11,52.89878490954739,52.98157050699958,52.784956686767885,52.96604919433594,43000,0.0,0.0,0.0
2004-11-12,52.97640199062131,53.05401251099964,52.91431278483164,53.028141021728516,32200,0.0,0.0,0.0
2004-11-15,52.976397969399486,53.05918357083513,52.92465894221958,53.05400848388672,390500,0.0,0.0,0.0
2004-11-16,53.002262115478516,53.007433254275945,52.87808373052473,53.002262115478516,50100,0.0,0.0,0.0
2004-11-17,52.90915770726413,53.188553296984935,52.90915770726413,53.136810302734375,64600,0.0,0.0,0.0
2004-11-18,53.157470703125,53.23508119449278,53.01777497660984,53.157470703125,50300,0.0,0.0,0.0
2004-11-19,53.074699609736236,53.13678485720826,52.95569630635761,53.048828125,43500,0.0,0.0,0.0
2004-11-22,53.064388501172914,53.15234924556942,52.92986773433074,53.13165283203125,63100,0.0,0.0,0.0
2004-11-23,53.0798666526114,53.13678075669165,53.0022600992602,53.100563049316406,63600,0.0,0.0,0.0
2004-11-24,53.100551204997515,53.16264038126325,52.9660305775715,53.15229415893555,94300,0.0,0.0,0.0
2004-11-26,52.96602007484468,53.02293415494439,52.88323452290606,52.99706268310547,39400,0.0,0.0,0.0
2004-11-29,52.89879019997204,52.91948660140494,52.83670494310828,52.85222625732422,103200,0.0,0.0,0.0
2004-11-30,52.8366743704221,52.89358845457187,52.75906389681491,52.8780632019043,108000,0.0,0.0,0.0
2004-12-01,52.908188365550195,52.908188365550195,52.679847717285156,52.679847717285156,49000,0.308,0.0,0.0
2004-12-02,52.7628474587799,52.79917462792211,52.67462489934375,52.77841567993164,51500,0.0,0.0,0.0
2004-12-03,53.04829043711745,53.084617614746094,52.92374067944287,53.084617614746094,85100,0.0,0.0,0.0
2004-12-06,53.06388232948061,53.183245371707606,53.00679617355038,53.141727447509766,146500,0.0,0.0,0.0
2004-12-07,53.13651419840809,53.214359283447266,53.04829161640094,53.214359283447266,76500,0.0,0.0,0.0
2004-12-08,53.167647764489,53.395992279052734,53.16246099596912,53.395992279052734,158200,0.0,0.0,0.0
2004-12-09,53.34408505841548,53.42711688935362,53.26104926811293,53.323326110839844,120600,0.0,0.0,0.0
2004-12-10,53.32333443972685,53.37003910954381,53.24548936400023,53.2558708190918,139800,0.0,0.0,0.0
2004-12-13,53.29221102316457,53.390811114452056,53.19879770132601,53.33372497558594,102400,0.0,0.0,0.0
2004-12-14,53.14689048708598,53.39598998375192,53.14689048708598,53.38561248779297,53900,0.0,0.0,0.0
2004-12-15,53.48946715817915,53.51022613425107,53.38048550332899,53.505035400390625,57400,0.0,0.0,0.0
2004-12-16,53.44790855013163,53.44790855013163,53.24551363659731,53.29740905761719,123100,0.0,0.0,0.0
2004-12-17,53.16773223876954,53.27152716455845,53.152163989744096,53.16773223876953,48100,0.0,0.0,0.0
2004-12-20,53.292190165145435,53.307758386130956,53.17282720531572,53.21953582763672,57800,0.0,0.0,0.0
2004-12-21,53.245481542824436,53.34927628166863,53.19358615308456,53.21953582763672,83100,0.0,0.0,0.0
2004-12-22,53.19360697251109,53.34410643321577,53.19360697251109,53.33372497558594,94300,0.0,0.0,0.0
2004-12-23,53.29740330166301,53.37524840446922,53.235130386911166,53.35968017578125,192700,0.0,0.0,0.0
2004-12-27,53.1416888596503,53.193584247531135,53.089793471769475,53.157257080078125,145200,0.0,0.0,0.0
2004-12-28,53.110596319912446,53.1417367481945,52.93415105024155,53.13135528564453,122800,0.0,0.0,0.0
2004-12-29,53.18842006287261,53.19361079206025,53.06906100712091,53.12095642089844,116800,0.0,0.0,0.0
2004-12-30,53.12096836991488,53.24032745251518,53.06388221410876,53.229949951171875,132700,0.0,0.0,0.0
2004-12-31,53.27888864488892,53.3986025632485,53.22163278092991,53.29970932006836,135300,0.304,0.0,0.0
2005-01-03,53.26847632173033,53.37778585920681,53.15396856495005,53.29970932006836,479600,0.0,0.0,0.0
2005-01-04,53.33092886125152,53.35174953272757,53.12793227828138,53.247650146484375,190500,0.0,0.0,0.0
2005-01-05,53.19562703566514,53.27370360576011,53.122756629213654,53.22686004638672,69900,0.0,0.0,0.0
2005-01-06,53.24242396525933,53.28406529255317,53.18516813301419,53.26324462890625,75400,0.0,0.0,0.0
2005-01-07,53.294493678952705,53.320520511082016,53.14875294975742,53.247650146484375,137000,0.0,0.0,0.0
2005-01-10,53.258057648759774,53.258057648759774,53.143545943033125,53.221622467041016,69500,0.0,0.0,0.0
2005-01-11,53.31004427115377,53.356891718589154,53.20594500972536,53.294429779052734,78600,0.0,0.0,0.0
2005-01-12,53.31531799485042,53.39859671531017,53.22162695237239,53.37257385253906,119100,0.0,0.0,0.0
2005-01-13,53.42461665575596,53.52871603568286,53.36736080545513,53.50269317626953,62400,0.0,0.0,0.0
2005-01-14,53.44021910714016,53.461039772654836,53.28407007248398,53.31009292602539,124200,0.0,0.0,0.0
2005-01-18,53.37256511427501,53.4558438211002,53.23202658799857,53.45064163208008,86600,0.0,0.0,0.0
2005-01-19,53.49226279973958,53.533904126109384,53.39857180097524,53.5286979675293,88300,0.0,0.0,0.0
2005-01-20,53.5026882066434,53.61719989660858,53.4037910251032,53.601585388183594,98400,0.0,0.0,0.0
2005-01-21,53.554723660097665,53.63800631108126,53.539109155822075,53.627593994140625,85200,0.0,0.0,0.0
2005-01-24,53.63282484499216,53.65364551732383,53.559954477399906,53.638031005859375,85200,0.0,0.0,0.0
2005-01-25,53.580750505172475,53.596365009455006,53.49226169567915,53.544315338134766,79600,0.0,0.0,0.0
2005-01-26,53.58076110340365,53.58076110340365,53.48186392853865,53.5182991027832,95100,0.0,0.0,0.0
2005-01-27,53.45059494955516,53.46100328964166,53.37251849994028,53.44538879394531,83900,0.0,0.0,0.0
2005-01-28,53.554723660097665,53.62759399414063,53.48705948452501,53.627593994140625,79400,0.0,0.0,0.0
2005-01-31,53.62239836750432,53.62239836750432,53.48186383028668,53.559940338134766,113800,0.0,0.0,0.0
2005-02-01,53.51244269225072,53.65862238621193,53.51244269225072,53.61685562133789,98400,0.309,0.0,0.0
2005-02-02,53.62727297209202,53.669039716457796,53.56462285554336,53.65859603881836,203100,0.0,0.0,0.0
2005-02-03,53.55940933447276,53.59073638916015,53.48110165549576,53.590736389160156,52500,0.0,0.0,0.0
2005-02-04,53.83608035447752,53.883064935055884,53.616807029162175,53.8151969909668,52800,0.0,0.0,0.0
2005-02-07,53.83090925001978,53.89355939959569,53.674285867629045,53.825687408447266,68900,0.0,0.0,0.0
2005-02-08,53.84133292354901,53.903983054476356,53.73169818174882,53.856998443603516,114900,0.0,0.0,0.0
2005-02-09,53.898726492933214,54.034466364283816,53.82563671215081,54.003143310546875,90600,0.0,0.0,0.0
2005-02-10,53.94573656232826,53.94573656232826,53.72646713256837,53.72646713256836,134500,0.0,0.0,0.0
2005-02-11,53.83092178438006,53.83092178438006,53.66908050583066,53.799598693847656,73700,0.0,0.0,0.0
2005-02-14,53.736922985484945,53.84133589302559,53.695156229229845,53.81001281738281,99200,0.0,0.0,0.0
2005-02-15,53.62205579843457,53.81522402061008,53.62205579843457,53.705589294433594,139700,0.0,0.0,0.0
2005-02-16,53.815271297134935,53.815271297134935,53.56467457208584,53.64298629760742,75000,0.0,0.0,0.0
2005-02-17,53.595976221998804,53.67950576864895,53.51244269225072,53.61685562133789,90400,0.0,0.0,0.0
2005-02-18,53.51765835501884,53.64295465207756,53.50199681577368,53.63251495361328,94000,0.0,0.0,0.0
2005-02-22,53.52808277937736,53.53852645795903,53.40800835736244,53.48109817504883,103500,0.0,0.0,0.0
2005-02-23,53.5594467789256,53.56466862220695,53.43415042186868,53.507240295410156,128300,0.0,0.0,0.0
2005-02-24,53.55425038342296,53.55425038342296,53.413288440024075,53.455055236816406,83600,0.0,0.0,0.0
2005-02-25,53.48633719199421,53.50200271606445,53.36626272247434,53.50200271606445,66800,0.0,0.0,0.0
2005-02-28,53.502003860667635,53.51244356050657,53.282730333070106,53.36104202270508,359800,0.0,0.0,0.0
2005-03-01,53.23904639071201,53.36469549186392,53.23904639071201,53.322811126708984,125000,0.287,0.0,0.0
2005-03-02,53.197166918683244,53.34375821589622,53.197166918683244,53.254756927490234,171000,0.0,0.0,0.0
2005-03-03,53.36992267368456,53.37515522267633,53.16574142226381,53.296627044677734,120700,0.0,0.0,0.0
2005-03-04,53.42230777002691,53.51130908735594,53.34377555119529,53.448482513427734,585500,0.0,0.0,0.0
2005-03-07,53.47465671968057,53.54271583993284,53.354244122748526,53.46418762207031,203000,0.0,0.0,0.0
2005-03-08,53.34375484966917,53.375166127285965,53.27045920568795,53.34899139404297,96600,0.0,0.0,0.0
2005-03-09,53.22332076344106,53.23902639589742,52.977255203461006,53.02437210083008,110600,0.0,0.0,0.0
2005-03-10,53.11335249508859,53.11335249508859,52.90917136469551,52.96152877807617,173000,0.0,0.0,0.0
2005-03-11,53.081984490770225,53.081984490770225,52.87256664955504,53.00345230102539,87600,0.0,0.0,0.0
2005-03-14,52.95632344114198,53.00867689106084,52.841143454733185,52.98249816894531,129900,0.0,0.0,0.0
2005-03-15,53.08720349593846,53.09244003867486,52.90396444328231,52.99296569824219,108000,0.0,0.0,0.0
2005-03-16,52.99296187229042,53.13431656147351,52.898724081397866,53.02960968017578,94600,0.0,0.0,0.0
2005-03-17,53.13433742089963,53.17098524317215,52.935392670607804,53.01915740966797,191700,0.0,0.0,0.0
2005-03-18,52.98249816894531,53.03485561317636,52.85161254699208,52.98249816894531,80800,0.0,0.0,0.0
2005-03-21,53.0505612487208,53.0505612487208,52.92490817574091,52.98249816894531,106700,0.0,0.0,0.0
2005-03-22,53.087198720513676,53.09766781073296,52.60554068419852,52.694541931152344,181500,0.0,0.0,0.0
2005-03-23,52.673648207312716,52.76264953613282,52.48517245550833,52.76264953613281,158800,0.0,0.0,0.0
2005-03-24,52.694596941796995,52.87259962153095,52.64224344742322,52.7940673828125,101500,0.0,0.0,0.0
2005-03-28,52.73121924231967,52.73121924231967,52.568922290088985,52.689334869384766,83100,0.0,0.0,0.0
2005-03-29,52.76784520157122,52.80972955714806,52.621253951364274,52.657901763916016,270600,0.0,0.0,0.0
2005-03-30,52.87779083040229,52.9301442798868,52.668373038152126,52.814964294433594,51600,0.0,0.0,0.0
2005-03-31,52.99821656119892,53.0191547491785,52.773093094446345,52.84115219116211,128100,0.0,0.0,0.0
2005-04-01,53.1842131040578,53.18946750702107,52.91104426899468,53.15269470214844,96200,0.343,0.0,0.0
2005-04-04,53.10539313668346,53.18419311978244,52.953051579408026,53.08963394165039,387300,0.0,0.0,0.0
2005-04-05,53.089656454473065,53.089656454473065,52.92680602616264,52.98459243774414,46500,0.0,0.0,0.0
2005-04-06,53.13166720979628,53.157935209811136,53.00033522559015,53.12116241455078,279600,0.0,0.0,0.0
2005-04-07,53.22098258189571,53.27876898707386,53.05813217163086,53.05813217163086,235900,0.0,0.0,0.0
2005-04-08,53.052877768996055,53.09490497420469,52.92680016130504,53.05813217163086,130600,0.0,0.0,0.0
2005-04-11,53.084428598639555,53.173733451571174,52.984614934811844,53.15797424316406,82200,0.0,0.0,0.0
2005-04-12,53.105407425496544,53.3785802393498,53.05812982767658,53.30503463745117,150600,0.0,0.0,0.0
2005-04-13,53.41536625487086,53.43112545804289,53.25776620727913,53.37859344482422,74600,0.0,0.0,0.0
2005-04-14,53.40483269753075,53.45211028158843,53.28925992592281,53.42584228515625,185600,0.0,0.0,0.0
2005-04-15,53.54667615802929,53.614967346191406,53.37857138045528,53.614967346191406,146900,0.0,0.0,0.0
2005-04-18,53.63072927587902,53.63598367767742,53.44161489841324,53.55193328857422,153400,0.0,0.0,0.0
2005-04-19,53.51516001160372,53.688515190052826,53.43110561532058,53.62022399902344,100600,0.0,0.0,0.0
2005-04-20,53.5519146553718,53.66223300714789,53.43108750365541,53.656978607177734,114900,0.0,0.0,0.0
2005-04-21,53.43114797805058,53.64128012742689,53.43114797805058,53.52570724487305,109500,0.0,0.0,0.0
2005-04-22,53.609695643898405,53.6464684241284,53.45735012353632,53.63595962524414,44100,0.0,0.0,0.0
2005-04-25,53.58344895287566,53.630726542849274,53.509903363182914,53.614967346191406,63400,0.0,0.0,0.0
2005-04-26,53.646496984070616,53.646496984070616,53.48364257812499,53.483642578125,68800,0.0,0.0,0.0
2005-04-27,53.714778018433684,53.772564408330275,53.55192765123447,53.70427322387695,70500,0.0,0.0,0.0
2005-04-28,53.688505270911975,53.840850830078125,53.630718886127106,53.840850830078125,75900,0.0,0.0,0.0
2005-04-29,53.74630962334185,53.81985522712133,53.609727220856996,53.751564025878906,151000,0.0,0.0,0.0
2005-05-02,53.8063355946426,53.81160720124447,53.67984518360134,53.753631591796875,54800,0.334,0.0,0.0
2005-05-03,53.79582059307236,53.79582059307236,53.5797328779186,53.71676254272461,708100,0.0,0.0,0.0
2005-05-04,53.71680459253609,53.8064019099064,53.5745032073634,53.7747802734375,63900,0.0,0.0,0.0
2005-05-05,53.811607360839844,53.91701938790158,53.70619935483578,53.811607360839844,86400,0.0,0.0,0.0
2005-05-06,53.66931136965185,53.67985056285406,53.51119532421223,53.61133575439453,70000,0.0,0.0,0.0
2005-05-09,53.5639231842236,53.57973801265632,53.50067995473215,53.56919479370117,70300,0.0,0.0,0.0
2005-05-10,53.690436909427746,53.73259773716463,53.532320736965204,53.62718963623047,133700,0.0,0.0,0.0
2005-05-11,53.77473817824232,53.83271381376005,53.62189368651919,53.71676254272461,75900,0.0,0.0,0.0
2005-05-12,53.67462139916827,53.848548382473766,53.57448491086067,53.84328079223633,83400,0.0,0.0,0.0
2005-05-13,53.895999908447266,53.93816074743892,53.8222134138839,53.895999908447266,52900,0.0,0.0,0.0
2005-05-16,53.89594492854313,53.92229492340017,53.80107610072959,53.81688690185547,82800,0.0,0.0,0.0
2005-05-17,53.89597591031228,53.938136730531085,53.82218944860364,53.880165100097656,99400,0.0,0.0,0.0
2005-05-18,53.96977595665135,54.04883404868462,53.88544625286609,54.02248001098633,330800,0.0,0.0,0.0
2005-05-19,53.927590705433005,53.95394473316229,53.78001780069319,53.89069747924805,64200,0.0,0.0,0.0
2005-05-20,53.92233395385529,53.92233395385529,53.76422180709235,53.82746505737305,113600,0.0,0.0,0.0
2005-05-23,53.869641945542405,54.017214923930226,53.86437033315368,54.006675720214844,104300,0.0,0.0,0.0
2005-05-24,54.09098494615682,54.12787817952234,53.97503765633725,54.10152816772461,81500,0.0,0.0,0.0
2005-05-25,54.20159906080006,54.20159906080006,54.02240472158656,54.090919494628906,102500,0.0,0.0,0.0
2005-05-26,54.04880014237849,54.10677577209574,53.953931295664724,54.085693359375,69500,0.0,0.0,0.0
2005-05-27,54.06986454954008,54.1436549855072,53.97499974842099,54.04878616333008,140400,0.0,0.0,0.0
2005-05-31,54.18061557175278,54.23331964493641,54.075203404322494,54.19642639160156,65400,0.0,0.0,0.0
2005-06-01,54.306381934423776,54.59724044799804,54.25349490039734,54.59724044799805,266900,0.348,0.0,0.0
2005-06-02,54.5760756748332,54.581365184135194,54.48617419026634,54.560211181640625,269800,0.0,0.0,0.0
2005-06-03,54.70299002679786,54.71885451718805,54.39097358851081,54.422706604003906,70700,0.0,0.0,0.0
2005-06-06,54.438559007925676,54.48615246852953,54.36452204606735,54.43326950073242,104200,0.0,0.0,0.0
2005-06-07,54.57610321044922,54.591971746361466,54.491491192494536,54.57610321044922,154400,0.0,0.0,0.0
2005-06-08,54.570784550908925,54.58135953370474,54.44915005783547,54.47559356689453,109900,0.0,0.0,0.0
2005-06-09,54.43858122449702,54.48088519517202,54.23762021625857,54.47031021118164,107400,0.0,0.0,0.0
2005-06-10,54.39629192463552,54.39629192463552,54.216484857260134,54.258792877197266,77700,0.0,0.0,0.0
2005-06-13,54.24819631997511,54.25348179432955,54.10540781814006,54.211177825927734,87900,0.0,0.0,0.0
2005-06-14,54.1953011023322,54.200586575493794,54.08424161054137,54.14241409301758,129800,0.0,0.0,0.0
2005-06-15,54.137157477493176,54.16888647222511,54.047251934561864,54.110713958740234,105800,0.0,0.0,0.0
2005-06-16,54.20589545625423,54.29051147362905,54.12656894864379,54.27464294433594,89500,0.0,0.0,0.0
2005-06-17,54.21118496601861,54.29051147362905,54.15301246275187,54.27464294433594,76100,0.0,0.0,0.0
2005-06-20,54.211210555628575,54.25880406183239,54.10544048398284,54.153038024902344,72300,0.0,0.0,0.0
2005-06-21,54.29578032819562,54.37510681152343,54.158285394120796,54.37510681152344,75100,0.0,0.0,0.0
2005-06-22,54.49677451712325,54.61311552426262,54.31696744297149,54.60783004760742,71600,0.0,0.0,0.0
2005-06-23,54.54432973712516,54.591927236623924,54.47558227641825,54.554908752441406,113400,0.0,0.0,0.0
2005-06-24,54.65012424150152,54.66070326234624,54.533783255209656,54.639549255371094,171000,0.0,0.0,0.0
2005-06-27,54.6765914382146,54.718899470487635,54.61841890251819,54.681880950927734,198400,0.0,0.0,0.0
2005-06-28,54.60258098498815,54.6501745184315,54.51796487924266,54.52325439453125,93800,0.0,0.0,0.0
2005-06-29,54.65010550046101,54.65010550046101,54.41213006434902,54.49674606323242,166800,0.0,0.0,0.0
2005-06-30,54.57079199137947,54.671268463134766,54.465021975435,54.671268463134766,123000,0.0,0.0,0.0
2005-07-01,54.61450584419942,54.625115002483014,54.3810638844392,54.4765625,123100,0.333,0.0,0.0
2005-07-05,54.29619314688069,54.38108263342528,54.211307708089606,54.27497482299805,141600,0.0,0.0,0.0
2005-07-06,54.37573325915295,54.41287136836672,54.296150440051925,54.35981750488281,228700,0.0,0.0,0.0
2005-07-07,54.48191387427152,54.550883579171966,54.381108572854735,54.428855895996094,166100,0.0,0.0,0.0
2005-07-08,54.428849455137005,54.487209986129514,54.32274160665334,54.33865737915039,231100,0.0,0.0,0.0
2005-07-11,54.21131537329012,54.365174553591956,54.19539960425098,54.34395217895508,141800,0.0,0.0,0.0
2005-07-12,54.370444551942974,54.370444551942974,54.26433275020291,54.317386627197266,127900,0.0,0.0,0.0
2005-07-13,54.27496530597327,54.27496530597327,54.15293770240113,54.24312973022461,251100,0.0,0.0,0.0
2005-07-14,54.30679683396913,54.31740599405015,54.14763109848422,54.24312973022461,139100,0.0,0.0,0.0
2005-07-15,54.216603240631,54.269657135009766,54.1847676658016,54.269657135009766,111600,0.0,0.0,0.0
2005-07-18,54.24312584393209,54.26434821032644,54.13701805971286,54.174156188964844,74300,0.0,0.0,0.0
2005-07-19,54.174215629867106,54.2697143595483,54.163602411148666,54.20074462890625,127300,0.0,0.0,0.0
2005-07-20,54.121092000702824,54.31739176893901,54.073340673461765,54.29086685180664,159200,0.0,0.0,0.0
2005-07-21,54.195353187515416,54.20065978856821,54.00435602712104,54.00966262817383,135000,0.0,0.0,0.0
2005-07-22,54.08924102783203,54.18473960736293,53.983133294020185,54.08924102783203,125100,0.0,0.0,0.0
2005-07-25,54.08924102783203,54.20596196367541,53.9990490493169,54.08924102783203,97400,0.0,0.0,0.0
2005-07-26,54.052153004337335,54.14765167236329,54.052153004337335,54.14765167236328,113000,0.0,0.0,0.0
2005-07-27,54.068047847417326,54.158239867849225,54.06274124393531,54.11579513549805,73000,0.0,0.0,0.0
2005-07-28,54.105199897662374,54.285583984939365,54.105199897662374,54.27497482299805,403000,0.0,0.0,0.0
2005-07-29,54.19006805943277,54.19006805943277,54.014986585069614,54.10518264770508,106000,0.0,0.0,0.0
2005-08-01,54.07380294799805,54.10574220213823,53.96202571084503,54.07380294799805,220300,0.331,0.0,0.0
2005-08-02,54.036502961635556,54.068442191596745,53.86617529192643,53.9566650390625,90200,0.0,0.0,0.0
2005-08-03,54.04717382205973,54.1323356628418,53.946040329005676,54.1323356628418,167700,0.0,0.0,0.0
2005-08-04,54.12166541899256,54.13230912102143,54.00456439201648,54.07908248901367,196200,0.0,0.0,0.0
2005-08-05,53.88218279340687,53.91411798368744,53.81298446655273,53.812984466552734,86100,0.0,0.0,0.0
2005-08-08,53.85552994794622,53.898112879308755,53.74375279881847,53.802303314208984,86400,0.0,0.0,0.0
2005-08-09,53.85550744897596,53.89809036254883,53.7596979239021,53.89809036254883,103300,0.0,0.0,0.0
2005-08-10,53.97797601646281,53.98861972300921,53.83958346575905,53.9034538269043,128400,0.0,0.0,0.0
2005-08-11,53.924758998962524,54.063151584820936,53.89282381027768,54.047183990478516,126800,0.0,0.0,0.0
2005-08-12,54.07381205790838,54.22817228596361,54.04720074606586,54.201560974121094,93400,0.0,0.0,0.0
2005-08-15,54.212195122801916,54.212195122801916,54.11638548301255,54.15364456176758,145300,0.0,0.0,0.0
2005-08-16,54.20681940554584,54.30795283443708,54.20681940554584,54.281341552734375,279600,0.0,0.0,0.0
2005-08-17,54.23345677865267,54.27071583691658,54.02587001676338,54.16958236694336,119100,0.0,0.0,0.0
2005-08-18,54.23871964437171,54.31856155395508,54.19613675113682,54.31856155395508,85600,0.0,0.0,0.0
2005-08-19,54.2334380656113,54.31860391850424,54.185535319057564,54.26537322998047,73700,0.0,0.0,0.0
2005-08-22,54.265394260374514,54.35056014627324,54.21216761215429,54.31330108642578,93800,0.0,0.0,0.0
2005-08-23,54.31330398747883,54.425081172991575,54.292012514866904,54.350563049316406,110900,0.0,0.0,0.0
2005-08-24,54.36120730797265,54.43572543240561,54.32394824575616,54.41975784301758,98900,0.0,0.0,0.0
2005-08-25,54.41975784301758,54.44104931584602,54.2920130669801,54.41975784301758,182200,0.0,0.0,0.0
2005-08-26,54.40915153984078,54.4251191402055,54.28672650215121,54.37721633911133,103900,0.0,0.0,0.0
2005-08-29,54.39845275878906,54.46232716129197,54.329258535110064,54.39845275878906,97700,0.0,0.0,0.0
2005-08-30,54.472974134294034,54.60072294696791,54.4516867264475,54.531524658203125,127800,0.0,0.0,0.0
2005-08-31,54.659276352713206,54.776377406705365,54.5208838288195,54.74443817138672,112200,0.0,0.0,0.0
2005-09-01,54.760491997334455,54.90468108334905,54.67504359495242,54.819236755371094,104900,0.34,0.0,0.0
2005-09-02,54.72308343336449,54.87261399233952,54.68035925239959,54.79250717163086,264800,0.0,0.0,0.0
2005-09-06,54.76583302364676,54.80321568073469,54.56823665080828,54.685726165771484,121300,0.0,0.0,0.0
2005-09-07,54.62696984806299,54.64833194393599,54.52550091126702,54.59492874145508,96300,0.0,0.0,0.0
2005-09-08,54.63229326937149,54.64297227656423,54.51480381824223,54.589569091796875,130900,0.0,0.0,0.0
2005-09-09,54.54151363096449,54.68036519699466,54.47743142695256,54.57355880737305,234600,0.0,0.0,0.0
2005-09-12,54.47206423075295,54.57353310518708,54.40797798252076,54.4987678527832,106300,0.0,0.0,0.0
2005-09-13,54.52547564191268,54.66966870362965,54.520134101819124,54.632286071777344,105900,0.0,0.0,0.0
2005-09-14,54.62696200218385,54.648324094988695,54.4186866903399,54.57355880737305,171500,0.0,0.0,0.0
2005-09-15,54.49877385970803,54.58421812570138,54.33856025866895,54.44002914428711,165800,0.0,0.0,0.0
2005-09-16,54.44004979783417,54.44538726533292,54.27449459411157,54.31721878051758,86400,0.0,0.0,0.0
2005-09-19,54.301209117696665,54.40801553072583,54.242464368209575,54.36529541015625,96000,0.0,0.0,0.0
2005-09-20,54.38662531879066,54.418670485656875,54.16767106294534,54.327884674072266,219700,0.0,0.0,0.0
2005-09-21,54.5201722157473,54.54153431665404,54.34927948289755,54.450748443603516,233300,0.0,0.0,0.0
2005-09-22,54.52012586112659,54.57887057007259,54.429340065264824,54.4987678527832,396000,0.0,0.0,0.0
2005-09-23,54.49344237780059,54.49344237780059,54.36527391795369,54.40265655517578,85200,0.0,0.0,0.0
2005-09-26,54.28514743446603,54.34389213944566,54.22640272948641,54.269126892089844,126100,0.0,0.0,0.0
2005-09-27,54.301216220060105,54.35996097723075,54.09828237900043,54.23179244995117,297900,0.0,0.0,0.0
2005-09-28,54.279859614759694,54.39734914099495,54.18373219096761,54.38132858276367,233800,0.0,0.0,0.0
2005-09-29,54.32257017795468,54.35995282924146,54.24246333251062,54.25848388671875,137100,0.0,0.0,0.0
2005-09-30,54.30655776373126,54.34394042062131,54.11964040487701,54.23179244995117,127300,0.0,0.0,0.0
2005-10-03,54.117643793131855,54.18194345544595,53.93546754852855,54.04798889160156,86200,0.337,0.0,0.0
2005-10-04,54.13368132556179,54.160473855521886,54.026519381653635,54.12296676635742,136500,0.0,0.0,0.0
2005-10-05,54.14444083999013,54.23552896986037,54.090855739624864,54.208736419677734,608800,0.0,0.0,0.0
2005-10-06,54.23550706967125,54.23550706967125,54.09083389785448,54.171207427978516,129500,0.0,0.0,0.0
2005-10-07,54.090806961283185,54.2408393838519,54.03722599720569,54.11759948730469,81100,0.0,0.0,0.0
2005-10-10,54.16586460061911,54.246238155223715,54.11764292063762,54.18729782104492,90100,0.0,0.0,0.0
2005-10-11,54.19264497460096,54.2194375161069,54.02118333767945,54.02654266357422,128600,0.0,0.0,0.0
2005-10-12,54.02116650555766,54.11225457754767,53.967585527208634,54.00509262084961,151000,0.0,0.0,0.0
2005-10-13,53.93545028800755,53.96759806489217,53.747910688267076,53.86579132080078,108000,0.0,0.0,0.0
2005-10-14,53.90327808361608,54.01579934822173,53.758609054256254,53.84969711303711,103500,0.0,0.0,0.0
2005-10-17,53.98902104411612,54.01045425396531,53.87114043392902,53.93544006347656,94600,0.0,0.0,0.0
2005-10-18,53.98901946783962,53.99973402846799,53.86042021249915,53.914005279541016,113200,0.0,0.0,0.0
2005-10-19,53.978349974474796,54.096230688567964,53.978349974474796,54.010501861572266,138100,0.0,0.0,0.0
2005-10-20,53.978308959610054,54.02653470962723,53.87650631040452,54.021175384521484,145000,0.0,0.0,0.0
2005-10-21,54.08551138369244,54.219465985623145,53.97299000862705,54.14980697631836,285800,0.0,0.0,0.0
2005-10-24,54.155146438117384,54.17657965711989,53.97297020854891,54.03726577758789,137000,0.0,0.0,0.0
2005-10-25,53.96764074697867,54.09623604418855,53.76938642746988,53.87655258178711,481600,0.0,0.0,0.0
2005-10-26,53.78542154758957,53.79614019927819,53.597886022717105,53.66218566894531,134900,0.0,0.0,0.0
2005-10-27,53.79077497467066,53.822922750275474,53.603239470363576,53.78541564941406,73100,0.0,0.0,0.0
2005-10-28,53.844349388893995,53.84970871349621,53.603232925363606,53.69968032836914,85700,0.0,0.0,0.0
2005-10-31,53.63536513030451,53.8121859991566,53.613931926083126,53.694305419921875,91300,0.0,0.0,0.0
2005-11-01,53.82013450520714,53.83626698229757,53.65342266858061,53.71257781982422,428000,0.364,0.0,0.0
2005-11-02,53.7180028694797,53.761025580626146,53.59431770352312,53.66422653198242,104800,0.0,0.0,0.0
2005-11-03,53.66418665072723,53.69645160867315,53.4221871575273,53.48134231567383,158100,0.0,0.0,0.0
2005-11-04,53.55665968396043,53.621193738545884,53.45448589278861,53.535152435302734,121200,0.0,0.0,0.0
2005-11-07,53.61043644244968,53.637322552865776,53.427592018415936,53.540523529052734,128300,0.0,0.0,0.0
2005-11-08,53.71800980656918,53.782543881622715,53.59969938707375,53.723388671875,171300,0.0,0.0,0.0
2005-11-09,53.712636448162606,53.718015314019894,53.545928532439326,53.58357238769531,132600,0.0,0.0,0.0
2005-11-10,53.637342824580614,53.78791822900486,53.529790136526735,53.771785736083984,177700,0.0,0.0,0.0
2005-11-11,53.68033455052344,53.884686180999495,53.68033455052344,53.825531005859375,77800,0.0,0.0,0.0
2005-11-14,53.76643148802231,53.777185119781876,53.55132192696846,53.64274215698242,530600,0.0,0.0,0.0
2005-11-15,53.69649859032236,53.79329765172279,53.61045725956203,53.71800994873047,209100,0.0,0.0,0.0
2005-11-16,53.82554202960286,53.943852404113656,53.72336824487397,53.841678619384766,150000,0.0,0.0,0.0
2005-11-17,53.9008451275931,54.024530288471965,53.78790948975221,53.85782241821289,274600,0.0,0.0,0.0
2005-11-18,53.954629386461065,53.99227323697914,53.76103126869042,53.83631896972656,127300,0.0,0.0,0.0
2005-11-21,54.01379790337083,54.051441763164036,53.90624108762383,54.008419036865234,194000,0.0,0.0,0.0
2005-11-22,54.04070135899204,54.175144344631896,53.938527479860284,54.148258209228516,202700,0.0,0.0,0.0
2005-11-23,54.17509131495157,54.19122380097706,53.97611851681011,54.11056137084961,230400,0.0,0.0,0.0
2005-11-25,54.12670490051629,54.15896987915039,54.06217084037693,54.15896987915039,31200,0.0,0.0,0.0
2005-11-28,54.04600105022708,54.23422013380844,54.04062218987667,54.08364486694336,211400,0.0,0.0,0.0
2005-11-29,54.207396068842435,54.223528565486234,53.93851018378443,54.008419036865234,199900,0.0,0.0,0.0
2005-11-30,54.05677189876802,54.06215076083296,53.82015530521584,53.895442962646484,158200,0.0,0.0,0.0
2005-12-01,53.92731243847467,54.04067265936733,53.72218088962012,53.8193473815918,520700,0.379,0.0,0.0
2005-12-02,53.8949208621869,53.91651387356348,53.75996762991767,53.8193473815918,151700,0.0,0.0,0.0
2005-12-05,53.873370639623296,53.905758120713024,53.63585146243525,53.846378326416016,308600,0.0,0.0,0.0
2005-12-06,53.90575720329936,53.98133073685506,53.803191356995754,53.93814468383789,186000,0.0,0.0,0.0
2005-12-07,53.98130305225474,54.01369051618318,53.803163763755116,53.867942810058594,200800,0.0,0.0,0.0
2005-12-08,53.98131916563179,54.14865993714195,53.92733867015572,54.14326477050781,137100,0.0,0.0,0.0
2005-12-09,54.06232464485662,54.07311910309719,53.8356039557521,53.95975875854492,175800,0.0,0.0,0.0
2005-12-12,54.008323968762184,54.02991287718949,53.81938601320873,53.846378326416016,122400,0.0,0.0,0.0
2005-12-13,53.84637846430562,54.05150604248047,53.81399098313296,54.05150604248047,152200,0.0,0.0,0.0
2005-12-14,54.11083256714781,54.24578576377668,54.056852112185204,54.19720458984375,202200,0.0,0.0,0.0
2005-12-15,54.19724526598388,54.21883828786387,53.986718450713745,54.14326477050781,300500,0.0,0.0,0.0
2005-12-16,54.288983409964786,54.2943826921516,54.07845670758069,54.13783645629883,779300,0.0,0.0,0.0
2005-12-19,54.21880174786063,54.305169658726335,54.12163527410857,54.18101501464844,196700,0.0,0.0,0.0
2005-12-20,54.19720458984375,54.25658432583604,54.105437404562856,54.19720458984375,142200,0.0,0.0,0.0
2005-12-21,54.191805308814075,54.21339831448806,54.05145283115553,54.19720458984375,179400,0.0,0.0,0.0
2005-12-22,54.251199969063876,54.326773450490386,54.19721949925149,54.31597900390625,171200,0.0,0.0,0.0
2005-12-23,54.18107704465747,54.48877054406563,54.18107704465747,54.45637893676758,154300,0.0,0.0,0.0
2005-12-27,54.44552131287544,54.5966682434082,54.4131338616027,54.5966682434082,204100,0.0,0.0,0.0
2005-12-28,54.555493445609365,54.555493445609365,54.33874453264578,54.403770446777344,1387300,0.384,0.0,0.0
2005-12-29,54.40918528000069,54.54465282132031,54.34415937187641,54.44169616699219,185200,0.0,0.0,0.0
2005-12-30,54.49050800118167,54.598884605224804,54.338784889666,54.50676345825195,141000,0.0,0.0,0.0
2006-01-03,54.441715581295824,54.57718317092415,54.382109511127936,54.53383255004883,170600,0.0,0.0,0.0
2006-01-04,54.560900186706355,54.66385269165038,54.517549587708515,54.66385269165039,284500,0.0,0.0,0.0
2006-01-05,54.63134180947234,54.68011226688007,54.517549587708515,54.66385269165039,203100,0.0,0.0,0.0
2006-01-06,54.66387345725508,54.669293317723856,54.512150437267074,54.53924560546875,201100,0.0,0.0,0.0
2006-01-09,54.588056296867116,54.66933773336632,54.51219472524002,54.59889602661133,170500,0.0,0.0,0.0
2006-01-10,54.631385080374194,54.64222067163568,54.485081860552555,54.49049758911133,251500,0.0,0.0,0.0
2006-01-11,54.58255112860604,54.59338670644976,54.40915294413473,54.45249938964844,111000,0.0,0.0,0.0
2006-01-12,54.46879758462009,54.625940458622594,54.376680631145476,54.59342956542969,188200,0.0,0.0,0.0
2006-01-13,54.663870154223986,54.79933771876234,54.62593940151893,54.74515151977539,108400,0.0,0.0,0.0
2006-01-17,54.755988054419696,54.799334530602216,54.61510063793672,54.77224349975586,253000,0.0,0.0,0.0
2006-01-18,54.91856547683364,54.91856547683364,54.72891165929837,54.837284088134766,142600,0.0,0.0,0.0
2006-01-19,54.75056921478007,54.78849996598514,54.62593724131094,54.75598907470703,156500,0.0,0.0,0.0
2006-01-20,54.77766500898656,54.83185534468429,54.62052626471811,54.783084869384766,134100,0.0,0.0,0.0
2006-01-23,54.73973425448345,54.837271070940325,54.67471246627366,54.783084869384766,221900,0.0,0.0,0.0
2006-01-24,54.78308833640011,54.79934378448131,54.62052972144573,54.69097137451172,209400,0.0,0.0,0.0
2006-01-25,54.69094465568562,54.69094465568562,54.40375418884263,54.555477142333984,162600,0.0,0.0,0.0
2006-01-26,54.48506811383787,54.512159152228406,54.27373899733439,54.38753128051758,183800,0.0,0.0,0.0
2006-01-27,54.50672073972954,54.50672073972954,54.32248685846282,54.45795440673828,164400,0.0,0.0,0.0
2006-01-30,54.457978117885865,54.479653431144406,54.33334610018507,54.46339797973633,130800,0.0,0.0,0.0
2006-01-31,54.46335799139617,54.51212430981499,54.32247062573027,54.47419357299805,174300,0.0,0.0,0.0
2006-02-01,54.46929788596635,54.496489254035744,54.27894171166705,54.32244873046875,459300,0.371,0.0,0.0
2006-02-02,54.382328420219864,54.44759523605522,54.28443027119554,54.360572814941406,150400,0.0,0.0,0.0
2006-02-03,54.30069004296325,54.5128059387207,54.278938609532226,54.5128059387207,145000,0.0,0.0,0.0
2006-02-06,54.425814431205964,54.545468130108155,54.39318311312555,54.501956939697266,119800,0.0,0.0,0.0
2006-02-07,54.567235767745764,54.57267155565512,54.349683917135344,54.463897705078125,122900,0.0,0.0,0.0
2006-02-08,54.49104798147131,54.51823934680184,54.404025653726464,54.4366569519043,146800,0.0,0.0,0.0
2006-02-09,54.45844614687721,54.52371293297004,54.338796596556975,54.46932601928711,144200,0.0,0.0,0.0
2006-02-10,54.463880169314805,54.51283129093313,54.2898395747537,54.355106353759766,118100,0.0,0.0,0.0
2006-02-13,54.382304789224975,54.393184661865234,54.2898466190609,54.393184661865234,109600,0.0,0.0,0.0
2006-02-14,54.30613327026367,54.376839956289615,54.25174638448069,54.30613327026367,237600,0.0,0.0,0.0
2006-02-15,54.431283208137835,54.442158936775385,54.289873839103535,54.36601638793945,199000,0.0,0.0,0.0
2006-02-16,54.36053907145113,54.41493012561354,54.306152166743566,54.31159210205078,148300,0.0,0.0,0.0
2006-02-17,54.34424299441276,54.55635490381144,54.34424299441276,54.53459930419922,155800,0.0,0.0,0.0
2006-02-21,54.534598425665585,54.54547830002459,54.322486519683956,54.33336639404297,276700,0.0,0.0,0.0
2006-02-22,54.463922841792254,54.61077217224858,54.463922841792254,54.55094528198242,79400,0.0,0.0,0.0
2006-02-23,54.572609672453815,54.572609672453815,54.409449081606034,54.51822280883789,157900,0.0,0.0,0.0
2006-02-24,54.45846383621741,54.605313115262376,54.40407690486838,54.56180191040039,150500,0.0,0.0,0.0
2006-02-27,54.599874946762874,54.61619061175065,54.404078667995485,54.44758987426758,189300,0.0,0.0,0.0
2006-02-28,54.63794444418042,54.69777131350142,54.55092618391334,54.56180191040039,169000,0.0,0.0,0.0
2006-03-01,54.656203798104514,54.67258033975418,54.47059327454971,54.56339645385742,182800,0.373,0.0,0.0
2006-03-02,54.508820182175974,54.508820182175974,54.30137699466657,54.42693328857422,134000,0.0,0.0,0.0
2006-03-03,54.38871543735602,54.38871543735602,54.27407546182298,54.3177490234375,229300,0.0,0.0,0.0
2006-03-06,54.2631701707012,54.29592326609177,54.00113291275394,54.01750946044922,237300,0.0,0.0,0.0
2006-03-07,54.181269641653785,54.24677998090114,54.099382758829556,54.15397262573242,211200,0.0,0.0,0.0
2006-03-08,54.23587574139596,54.23587574139596,54.09939895082126,54.1812858581543,196100,0.0,0.0,0.0
2006-03-09,54.21402911067301,54.25770267531233,54.08847281851042,54.11030960083008,105700,0.0,0.0,0.0
2006-03-10,54.17038879389688,54.21951845678751,54.02845171508629,54.13217544555664,85600,0.0,0.0,0.0
2006-03-13,54.1867154437343,54.23038482666015,54.14304189586969,54.230384826660156,198900,0.0,0.0,0.0
2006-03-14,54.26861634394872,54.41054916381836,54.20856624133471,54.41054916381836,345800,0.0,0.0,0.0
2006-03-15,54.252244046310025,54.36142796114409,54.19765417136324,54.26316452026367,181100,0.0,0.0,0.0
2006-03-16,54.37779929413924,54.52519235885959,54.33412573239243,54.49243927001953,122000,0.0,0.0,0.0
2006-03-17,54.47608775976872,54.47608775976872,54.317774149389514,54.37236404418945,253400,0.0,0.0,0.0
2006-03-20,54.426978325176165,54.45427536727766,54.33963528735033,54.35055160522461,460900,0.0,0.0,0.0
2006-03-21,54.361433348063976,54.39964668080751,54.17036668434632,54.208580017089844,165400,0.0,0.0,0.0
2006-03-22,54.383265648442304,54.43785552429686,54.29045827805495,54.30683898925781,117200,0.0,0.0,0.0
2006-03-23,54.426934145104035,54.44877092807085,54.26316452026367,54.26316452026367,168700,0.0,0.0,0.0
2006-03-24,54.36144015763547,54.53613029562283,54.31776658190328,54.355979919433594,109300,0.0,0.0,0.0
2006-03-27,54.432376952341755,54.45421372831623,54.3177370021801,54.39962387084961,190100,0.0,0.0,0.0
2006-03-28,54.37234427015725,54.39418105312406,54.20857464531689,54.26316452026367,181600,0.0,0.0,0.0
2006-03-29,54.219482964979775,54.26861676065026,54.050253128098944,54.15397262573242,370200,0.0,0.0,0.0
2006-03-30,54.104844423910436,54.17035476488792,53.88102054927568,53.90831756591797,857800,0.0,0.0,0.0
2006-03-31,53.995686302640166,54.1376191841663,53.995686302640166,54.0884895324707,154000,0.0,0.0,0.0
2006-04-03,53.99697771933141,54.07918241994134,53.93669455095778,54.03533935546875,175400,0.383,0.0,0.0
2006-04-04,54.068217195413474,54.18877933645301,54.03533281048974,54.1065788269043,499500,0.0,0.0,0.0
2006-04-05,54.23261753727536,54.23261753727536,54.09012969831504,54.144935607910156,195900,0.0,0.0,0.0
2006-04-06,54.139454920814984,54.1449363480702,54.035328708485515,54.10109329223633,282000,0.0,0.0,0.0
2006-04-07,54.01890620025672,54.01890620025672,53.7996950308004,53.92026138305664,250100,0.0,0.0,0.0
2006-04-10,53.73938911923464,53.88735837298629,53.73938911923464,53.87091827392578,267400,0.0,0.0,0.0
2006-04-11,53.97502165744678,54.02982336242665,53.84897815410331,53.98050308227539,194800,0.0,0.0,0.0
2006-04-12,53.93668681065346,54.057253130098594,53.821601918756976,53.931209564208984,171400,0.0,0.0,0.0
2006-04-13,53.8106088684081,53.89829074765088,53.73388565615762,53.82156753540039,182200,0.0,0.0,0.0
2006-04-17,53.84350667345145,53.92022991081343,53.733903243249436,53.909271240234375,109200,0.0,0.0,0.0
2006-04-18,53.90927989876815,53.98052172173154,53.854473993761744,53.87091827392578,205900,0.0,0.0,0.0
2006-04-19,53.93122424113737,53.95314159508824,53.76133338972844,53.92026138305664,233000,0.0,0.0,0.0
2006-04-20,53.93119165237138,53.947631748453,53.73937938181185,53.8380241394043,242300,0.0,0.0,0.0
2006-04-21,53.838027293774395,53.93667205714644,53.75034538250092,53.832550048828125,396000,0.0,0.0,0.0
2006-04-24,53.97505618709511,54.06274231604031,53.88189281091941,54.03533935546875,141300,0.0,0.0,0.0
2006-04-25,54.00792761754666,54.00792761754666,53.72295194795551,53.85447692871094,110000,0.0,0.0,0.0
2006-04-26,53.77228106177177,53.816119938398096,53.67911351881857,53.76131820678711,128300,0.0,0.0,0.0
2006-04-27,53.7064873517164,53.95857852530856,53.679084410218664,53.88733673095703,143400,0.0,0.0,0.0
2006-04-28,53.94763997732436,54.0079231262207,53.82159225296743,54.0079231262207,219900,0.0,0.0,0.0
2006-05-01,53.96114899061796,53.96114899061796,53.735602473818446,53.79611587524414,163000,0.375,0.0,0.0
2006-05-02,53.818140902211965,53.889654858773376,53.74662274857581,53.85114669799805,123000,0.0,0.0,0.0
2006-05-03,53.85113785415827,53.8731431134267,53.64209418671928,53.81262969970703,128600,0.0,0.0,0.0
2006-05-04,53.54857062762923,53.83463480020106,53.54857062762923,53.78512191772461,103100,0.0,0.0,0.0
2006-05-05,53.98865247357283,53.98865247357283,53.7851070300868,53.88412857055664,128600,0.0,0.0,0.0
2006-05-08,53.90611979439284,53.93912976400707,53.83460588819363,53.92262268066406,116000,0.0,0.0,0.0
2006-05-09,53.87861201374869,53.92261830787939,53.834601522546556,53.89511489868164,172500,0.0,0.0,0.0
2006-05-10,53.895111914043696,54.016138659611556,53.48252302528301,53.834598541259766,170700,0.0,0.0,0.0
2006-05-11,53.86213388734941,53.86213388734941,53.746605245571466,53.80162048339844,186900,0.0,0.0,0.0
2006-05-12,53.75762578688364,53.80163631126329,53.56508498906592,53.68610763549805,181800,0.0,0.0,0.0
2006-05-15,53.746619640143656,53.84014305125319,53.69711094932788,53.7191162109375,126100,0.0,0.0,0.0
2006-05-16,53.71914138961338,54.00520153046863,53.71914138961338,53.98319625854492,471300,0.0,0.0,0.0
2006-05-17,53.779615772625704,53.829124450683594,53.58707502950043,53.829124450683594,163200,0.0,0.0,0.0
2006-05-18,53.95012548651862,54.054649353027344,53.93362260171649,54.054649353027344,224200,0.0,0.0,0.0
2006-05-19,54.00518156542182,54.13721314815363,53.98317630163319,54.0436897277832,316800,0.0,0.0,0.0
2006-05-22,54.148168498287035,54.21418423456698,54.005136501549536,54.054649353027344,374300,0.0,0.0,0.0
2006-05-23,53.939149355383165,54.021663816709555,53.862133060096326,53.9061393737793,246100,0.0,0.0,0.0
2006-05-24,54.01618925751488,54.14271428489314,53.917167663574226,53.91716766357422,192300,0.0,0.0,0.0
2006-05-25,54.049200456969594,54.12621679361043,53.86766015042668,53.91167068481445,189500,0.0,0.0,0.0
2006-05-26,54.07119386981199,54.20322124695461,53.917161230299826,54.14270782470703,275000,0.0,0.0,0.0
2006-05-30,54.02165985107421,54.060167995890815,53.96664881520378,54.02165985107422,203400,0.0,0.0,0.0
2006-05-31,54.08215927328427,54.08215927328427,53.86211518666819,53.9006233215332,415500,0.0,0.0,0.0
2006-06-01,53.92436807036884,53.96855127613558,53.797346620717505,53.85809326171875,461500,0.383,0.0,0.0
2006-06-02,54.20604917605439,54.27784374968635,54.12320669045207,54.27231979370117,115500,0.0,0.0,0.0
2006-06-05,54.10110882473125,54.26679377677892,54.09558486938476,54.095584869384766,356200,0.0,0.0,0.0
2006-06-06,54.16739837779279,54.26128457649635,54.05694030854345,54.239192962646484,255500,0.0,0.0,0.0
2006-06-07,54.18946435841247,54.20050805334116,54.0403470888489,54.067962646484375,320000,0.0,0.0,0.0
2006-06-08,54.22262856826488,54.366221960156906,54.12874236391211,54.250244140625,205100,0.0,0.0,0.0
2006-06-09,54.18395182043333,54.349636774070085,54.18395182043333,54.327545166015625,166800,0.0,0.0,0.0
2006-06-12,54.32202242148511,54.32202242148511,54.156337464155136,54.161861419677734,193700,0.0,0.0,0.0
2006-06-13,54.34415153283399,54.366243156626275,54.18399042049972,54.31653594970703,258900,0.0,0.0,0.0
2006-06-14,54.23364196549504,54.261257522424685,54.040345707614726,54.112144470214844,158000,0.0,0.0,0.0
2006-06-15,54.07903063747773,54.090078550912416,53.01865847914547,54.0238037109375,114800,0.0,0.0,0.0
2006-06-16,54.10667764525111,54.12324531148509,53.8802416372618,53.990699768066406,227900,0.0,0.0,0.0
2006-06-19,53.924394957888396,53.985145842723355,53.80289318821846,53.847076416015625,164400,0.0,0.0,0.0
2006-06-20,53.90782644678668,53.91887014678874,53.802892335817035,53.880210876464844,109200,0.0,0.0,0.0
2006-06-21,53.852610528197495,53.95202070271523,53.79738358980882,53.89678955078125,95700,0.0,0.0,0.0
2006-06-22,53.89123834407609,53.89123834407609,53.615099599800494,53.66480255126953,248700,0.0,0.0,0.0
2006-06-23,53.6979716200713,53.74215064117807,53.63169676809339,53.692447662353516,331800,0.0,0.0,0.0
2006-06-26,53.57644765204332,53.72556074033252,53.521220738363745,53.53778839111328,561200,0.0,0.0,0.0
2006-06-27,53.72560616251093,53.736654082713336,53.57649294815434,53.686946868896484,746000,0.0,0.0,0.0
2006-06-28,53.76976806126455,53.76976806126455,53.6261746504911,53.63169860839844,108000,0.0,0.0,0.0
2006-06-29,53.653800050348224,53.8305288138336,53.62618446930054,53.819480895996094,248100,0.0,0.0,0.0
2006-06-30,53.87464319431693,53.91330243024094,53.79180077061099,53.81389236450195,187400,0.0,0.0,0.0
2006-07-03,53.779558437327275,53.98471963714222,53.779558437327275,53.895999908447266,88800,0.388,0.0,0.0
2006-07-05,53.90713024461916,53.90713024461916,53.624341196711235,53.7352409362793,260100,0.0,0.0,0.0
2006-07-06,53.83496633495597,53.83496633495597,53.71298314380632,53.785064697265625,137000,0.0,0.0,0.0
2006-07-07,53.8571847734574,54.084525899910915,53.846096922835244,53.984718322753906,427600,0.0,0.0,0.0
2006-07-10,54.05128320980764,54.08455100750738,53.98474338401681,54.034645080566406,92600,0.0,0.0,0.0
2006-07-11,54.117809823318574,54.17325755374597,54.04018215464208,54.123355865478516,204000,0.0,0.0,0.0
2006-07-12,54.06237369942137,54.15663528442382,54.006925957090026,54.15663528442383,173100,0.0,0.0,0.0
2006-07-13,54.07898979423844,54.22870330267248,54.07898979423844,54.20097732543945,499200,0.0,0.0,0.0
2006-07-14,54.228688956888995,54.278590626239115,54.13442319746811,54.27304458618164,738700,0.0,0.0,0.0
2006-07-17,54.223175113456385,54.24535505646724,54.145547428114185,54.15663528442383,187300,0.0,0.0,0.0
2006-07-18,54.10668711659192,54.17322265808969,54.045693383293674,54.117774963378906,223900,0.0,0.0,0.0
2006-07-19,54.0457100108009,54.32849884033203,54.01244222981697,54.32849884033203,121400,0.0,0.0,0.0
2006-07-20,54.250865883033654,54.42830532577264,54.23423199287416,54.38394546508789,91500,0.0,0.0,0.0
2006-07-21,54.48374943409517,54.494837283338676,54.34512805141252,54.350669860839844,139800,0.0,0.0,0.0
2006-07-24,54.38392479502119,54.4560063684455,54.367290911183844,54.4338264465332,172500,0.0,0.0,0.0
2006-07-25,54.42832535887972,54.42832535887972,54.30079177006784,54.38950729370117,86500,0.0,0.0,0.0
2006-07-26,54.37284267463641,54.522556117360345,54.3118489358064,54.42274856567383,117200,0.0,0.0,0.0
2006-07-27,54.50041345688179,54.56140723741722,54.36733804043684,54.51150131225586,135700,0.0,0.0,0.0
2006-07-28,54.63343376311828,54.66670152607363,54.5391722811535,54.62788772583008,105400,0.0,0.0,0.0
2006-07-31,54.616810913135396,54.67780464446434,54.56136322021485,54.561363220214844,491100,0.0,0.0,0.0
2006-08-01,54.66660106157376,54.705576875176256,54.51626699426273,54.69444274902344,195000,0.409,0.0,0.0
2006-08-02,54.755704036310114,54.80581823987208,54.677752384588324,54.71672821044922,127400,0.0,0.0,0.0
2006-08-03,54.78353481564378,54.81137650630194,54.64990404618489,54.72785568237305,330100,0.0,0.0,0.0
2006-08-04,54.87264853779048,54.96173433990854,54.87264853779048,54.90048599243164,136000,0.0,0.0,0.0
2006-08-07,54.911605565192836,54.93944301029951,54.85035723869383,54.906036376953125,209400,0.0,0.0,0.0
2006-08-08,54.894898000473695,54.9951221485588,54.85035723869383,54.906036376953125,137300,0.0,0.0,0.0
2006-08-09,54.81699503983055,54.9617643263099,54.81699503983055,54.95063018798828,131700,0.0,0.0,0.0
2006-08-10,54.95059407995494,54.95615902143416,54.761279868488046,54.922752380371094,143700,0.0,0.0,0.0
2006-08-11,54.855947199014444,54.855947199014444,54.78356471106787,54.82810974121094,109600,0.0,0.0,0.0
2006-08-14,54.80025234214166,54.81139072051166,54.70002817704502,54.766845703125,195400,0.0,0.0,0.0
2006-08-15,54.93389688526739,54.97843766230271,54.8615101574961,54.90048599243164,269400,0.0,0.0,0.0
2006-08-16,55.15106514681583,55.15106514681583,55.06754426169737,55.08424758911133,188300,0.0,0.0,0.0
2006-08-17,55.2011371716999,55.2011371716999,55.073075584218046,55.089778900146484,143200,0.0,0.0,0.0
2006-08-18,55.189963795348035,55.21223628342876,55.11757714707499,55.12871551513672,449000,0.0,0.0,0.0
2006-08-21,55.228994939229935,55.267970770422984,55.16217740802171,55.26240158081055,350600,0.0,0.0,0.0
2006-08-22,55.24014528952879,55.2902595146608,55.195600255644386,55.27355194091797,432000,0.0,0.0,0.0
2006-08-23,55.2345665380357,55.29024994477739,55.156614866254344,55.25127410888672,157200,0.0,0.0,0.0
2006-08-24,55.323621941564284,55.32919112836001,55.245670318603516,55.245670318603516,199600,0.0,0.0,0.0
2006-08-25,55.3013801574707,55.36819769199612,55.24570100272312,55.3013801574707,173600,0.0,0.0,0.0
2006-08-28,55.245704918603046,55.345929103471576,55.22343240551587,55.25127410888672,294200,0.0,0.0,0.0
2006-08-29,55.2679869977186,55.2902595146608,55.15105946980823,55.27355194091797,134600,0.0,0.0,0.0
2006-08-30,55.29582256536879,55.37377424797448,55.29582256536879,55.35707092285156,146500,0.0,0.0,0.0
2006-08-31,55.39605915648775,55.524125091159206,55.37935582762823,55.42947006225586,169200,0.0,0.0,0.0
2006-09-01,55.425459632164824,55.50372015057199,55.375146861829705,55.43663787841797,125000,0.393,0.0,0.0
2006-09-05,55.45347269941218,55.50378552901126,55.36403382940097,55.369625091552734,137500,0.0,0.0,0.0
2006-09-06,55.347285986444135,55.40877709954839,55.30815566582189,55.38082504272461,142200,0.0,0.0,0.0
2006-09-07,55.36960493199104,55.47581328490467,55.31929212071039,55.364013671875,273300,0.0,0.0,0.0
2006-09-08,55.492537639440464,55.52608090795667,55.43663787841797,55.43663787841797,120400,0.0,0.0,0.0
2006-09-11,55.48703762164026,55.50939841407425,55.375233659470304,55.3975944519043,190800,0.0,0.0,0.0
2006-09-12,55.43668148339499,55.54848535826024,55.39195993344889,55.53171157836914,126600,0.0,0.0,0.0
2006-09-13,55.615588284773004,55.63794906974386,55.5205581473096,55.57645797729492,130600,0.0,0.0,0.0
2006-09-14,55.55969819551472,55.598828509853135,55.48702883028178,55.498207092285156,172400,0.0,0.0,0.0
2006-09-15,55.593199139069156,55.593199139069156,55.48139953613281,55.48139953613281,122500,0.0,0.0,0.0
2006-09-18,55.263453119945794,55.48146559064759,55.263453119945794,55.47028732299805,237400,0.0,0.0,0.0
2006-09-19,55.604384289661006,55.66028409377453,55.56525400029337,55.598793029785156,133100,0.0,0.0,0.0
2006-09-20,55.727402649462036,55.760941700759616,55.626781230684834,55.66032028198242,215500,0.0,0.0,0.0
2006-09-21,55.72738219133113,55.917442432090176,55.62116954803467,55.900672912597656,259600,0.0,0.0,0.0
2006-09-22,55.97333821388025,56.034829290838516,55.92862092008725,55.934207916259766,271000,0.0,0.0,0.0
2006-09-25,56.04599761962891,56.135436449447624,56.02363684595386,56.045997619628906,177400,0.0,0.0,0.0
2006-09-26,56.09629361859338,56.11306312887963,56.01803306067052,56.0403938293457,340200,0.0,0.0,0.0
2006-09-27,56.1242905202519,56.19695987788915,56.0180778503418,56.0180778503418,430400,0.0,0.0,0.0
2006-09-28,56.06279930887774,56.06279930887774,55.94540837837257,56.034847259521484,155400,0.0,0.0,0.0
2006-09-29,56.02367424333118,56.09634360762282,55.94541361566807,55.990135192871094,414400,0.0,0.0,0.0
2006-10-02,55.98672249696404,56.10460058718664,55.9642689156003,56.04285430908203,174200,0.414,0.0,0.0
2006-10-03,56.070935619853806,56.07655008716852,55.913764795712034,56.03164291381836,342400,0.0,0.0,0.0
2006-10-04,56.07658123791082,56.25620574850974,56.026059569180994,56.25059127807617,252200,0.0,0.0,0.0
2006-10-05,56.194435292396705,56.194435292396705,56.076557159423835,56.07655715942383,207800,0.0,0.0,0.0
2006-10-06,56.05410104524998,56.05410104524998,55.8688621520996,55.86886215209961,328500,0.0,0.0,0.0
2006-10-09,55.91942173068237,55.992392730855926,55.89696812695505,55.986778259277344,181900,0.0,0.0,0.0
2006-10-10,55.835194487964216,55.85203361187983,55.75099458580118,55.7678337097168,336400,0.0,0.0,0.0
2006-10-11,55.840745573498126,55.85758467830014,55.655506855515824,55.706024169921875,275600,0.0,0.0,0.0
2006-10-12,55.76219940185547,55.85201374089795,55.70606758124562,55.76219940185547,261200,0.0,0.0,0.0
2006-10-13,55.683633516121986,55.69486245373025,55.60504808320376,55.62188720703125,257400,0.0,0.0,0.0
2006-10-16,55.762244536997684,55.762244536997684,55.655595276289816,55.711727142333984,192400,0.0,0.0,0.0
2006-10-17,55.89692981433122,55.90815446720783,55.75098363143089,55.79589080810547,144600,0.0,0.0,0.0
2006-10-18,55.80715319719031,55.88012847927764,55.77347493320354,55.863285064697266,304700,0.0,0.0,0.0
2006-10-19,55.790282637592554,55.8408042877,55.7341508017056,55.83518981933594,174200,0.0,0.0,0.0
2006-10-20,55.84082060182613,55.852045259249024,55.77345980953132,55.81836700439453,143300,0.0,0.0,0.0
2006-10-23,55.68366529633248,55.71173337378746,55.63314789601832,55.655601501464844,199000,0.0,0.0,0.0
2006-10-24,55.706113433794265,55.75102064027931,55.68365983055175,55.717342376708984,209000,0.0,0.0,0.0
2006-10-25,55.683654728352,55.90257198667392,55.683654728352,55.852054595947266,239900,0.0,0.0,0.0
2006-10-26,55.958658732196426,56.054083241055274,55.90813710348231,56.04285430908203,185900,0.0,0.0,0.0
2006-10-27,56.20006618872298,56.20006618872298,56.03166635948722,56.15515899658203,266300,0.0,0.0,0.0
2006-10-30,56.14389773521543,56.171965784791134,56.09338038507887,56.166351318359375,175300,0.0,0.0,0.0
2006-10-31,56.16637668791127,56.374069213867195,56.14392309462535,56.37406921386719,189800,0.0,0.0,0.0
2006-11-01,56.397752301663154,56.47666934972853,56.2568283871669,56.471031188964844,773100,0.422,0.0,0.0
2006-11-02,56.369549513489815,56.4202800437374,56.35827749587546,56.40900802612305,249400,0.0,0.0,0.0
2006-11-03,56.17793172413611,56.20047577405819,56.02009327007465,56.11592483520508,172600,0.0,0.0,0.0
2006-11-06,56.08773832181528,56.161017235707355,56.04264162065486,56.11592483520508,240000,0.0,0.0,0.0
2006-11-07,56.28499142752986,56.36954660757224,56.23989475808658,56.25680923461914,225400,0.0,0.0,0.0
2006-11-08,56.29063248822335,56.4202800437374,56.29063248822335,56.40900802612305,185400,0.0,0.0,0.0
2006-11-09,56.38649056244249,56.43722542112328,56.3413938659835,56.42594909667969,127200,0.0,0.0,0.0
2006-11-10,56.51052924133535,56.561259821724185,56.43725030277605,56.54998779296875,145400,0.0,0.0,0.0
2006-11-13,56.465420132513955,56.51051683895748,56.397779373507305,56.482330322265625,187800,0.0,0.0,0.0
2006-11-14,56.61757981055516,56.64012814759534,56.533024621818406,56.56120681762695,191800,0.0,0.0,0.0
2006-11-15,56.52740334245484,56.52740334245484,56.4090277631366,56.454124450683594,213000,0.0,0.0,0.0
2006-11-16,56.57250322928439,56.57814139071082,56.358300402307826,56.40339279174805,305100,0.0,0.0,0.0
2006-11-17,56.431612138068544,56.5668979864317,56.414701944605596,56.54998779296875,534400,0.0,0.0,0.0
2006-11-20,56.56687578398053,56.61197248262103,56.504868898514324,56.58942413330078,222200,0.0,0.0,0.0
2006-11-21,56.58940650731401,56.67396171576392,56.53867596263799,56.66268539428711,251200,0.0,0.0,0.0
2006-11-22,56.634538380996666,56.752914026115,56.62326205251346,56.741641998291016,274000,0.0,0.0,0.0
2006-11-24,56.76418641488773,56.80928312778887,56.73600419481895,56.75855255126953,176200,0.0,0.0,0.0
2006-11-27,56.662709253706936,56.781089175777936,56.60070666210272,56.73035430908203,191000,0.0,0.0,0.0
2006-11-28,56.85996280435575,56.89942131467245,56.70776262123772,56.882511138916016,269600,0.0,0.0,0.0
2006-11-29,56.899465770161854,56.90509963271235,56.75854179454775,56.79800033569336,300900,0.0,0.0,0.0
2006-11-30,56.89946126006594,57.00656054859578,56.85436455928596,56.972740173339844,210500,0.0,0.0,0.0
2006-12-01,56.95460138370495,57.141357373943414,56.90367028690805,57.079105377197266,354500,0.398,0.0,0.0
2006-12-04,57.07911629762594,57.15268489073831,56.999887253455974,57.13570785522461,184600,0.0,0.0,0.0
2006-12-05,57.1753218272679,57.1753218272679,57.016863740452386,57.10175323486328,348500,0.0,0.0,0.0
2006-12-06,57.05644989013672,57.0960643921418,57.01683538813164,57.05644989013672,222800,0.0,0.0,0.0
2006-12-07,57.01120651818591,57.028183554497744,56.94329837293856,57.005550384521484,169600,0.0,0.0,0.0
2006-12-08,56.97725344333881,57.00555138279361,56.869726454601796,56.88670349121094,364200,0.0,0.0,0.0
2006-12-11,56.92626293921329,56.960221297235925,56.87533187866211,56.87533187866211,249200,0.0,0.0,0.0
2006-12-12,56.98858045388598,57.0451763431491,56.931988882283,57.03385543823242,222000,0.0,0.0,0.0
2006-12-13,56.92632566654949,56.943307023100225,56.81880298102117,56.85841751098633,215700,0.0,0.0,0.0
2006-12-14,56.86404519439622,56.86404519439622,56.739541224064475,56.77915573120117,2320000,0.0,0.0,0.0
2006-12-15,57.0621166006137,57.0621166006137,56.71690262340235,56.7678337097168,314000,0.0,0.0,0.0
2006-12-18,56.80178451538086,56.81310109383465,56.739532539743024,56.80178451538086,236000,0.0,0.0,0.0
2006-12-19,56.7735258228369,56.84709442776388,56.75654878459681,56.84143829345703,252900,0.0,0.0,0.0
2006-12-20,56.824447071647505,56.87537817365521,56.78482823542993,56.81878662109375,333500,0.0,0.0,0.0
2006-12-21,56.86406817448605,56.96593470795524,56.72258711787101,56.931976318359375,306000,0.0,0.0,0.0
2006-12-22,56.88674820974295,56.89806912148796,56.750927492442166,56.8810920715332,461300,0.0,0.0,0.0
2006-12-26,56.750841572891,56.875345507613254,56.750841572891,56.86402893066406,166000,0.0,0.0,0.0
2006-12-27,56.80665176579717,56.863451869538494,56.60784923591746,56.710086822509766,781500,0.369,0.0,0.0
2006-12-28,56.77263184582271,56.789675796254585,56.579510410011274,56.63631057739258,326900,0.0,0.0,0.0
2006-12-29,56.64762865382255,56.64762865382255,56.5794659064346,56.630584716796875,278800,0.0,0.0,0.0
2007-01-03,56.800970019710725,56.84073052538172,56.681688502697746,56.74985122680664,471200,0.0,0.0,0.0
2007-01-04,56.818074660460965,56.908958396646305,56.76695580903801,56.869197845458984,1745500,0.0,0.0,0.0
2007-01-05,56.801027379345385,56.852146223871046,56.74422721868093,56.829429626464844,318200,0.0,0.0,0.0
2007-01-08,56.88626540931987,56.88626540931987,56.806744267878585,56.86354446411133,281700,0.0,0.0,0.0
2007-01-09,56.89762371513554,56.89762371513554,56.82378389339069,56.86354446411133,361300,0.0,0.0,0.0
2007-01-10,56.863518321921006,56.863518321921006,56.74991798168165,56.8010368347168,697900,0.0,0.0,0.0
2007-01-11,56.82366776620579,56.8520656394985,56.65326319217616,56.693023681640625,445200,0.0,0.0,0.0
2007-01-12,56.68740380168625,56.71580170358084,56.57379919338981,56.61355972290039,232500,0.0,0.0,0.0
2007-01-16,56.69875911131653,56.755559245688644,56.61355674297211,56.687400817871094,448700,0.0,0.0,0.0
2007-01-17,56.73852650585381,56.7782870380838,56.61356359496728,56.653324127197266,258800,0.0,0.0,0.0
2007-01-18,56.653316623075085,56.74988161733407,56.602197802796,56.73283767700195,290600,0.0,0.0,0.0
2007-01-19,56.76120994937605,56.76120994937605,56.647609741893405,56.710086822509766,309200,0.0,0.0,0.0
2007-01-22,56.74991091156205,56.75558789436411,56.681748115765295,56.738548278808594,263600,0.0,0.0,0.0
2007-01-23,56.73850798343489,56.73850798343489,56.59650550988869,56.630584716796875,334200,0.0,0.0,0.0
2007-01-24,56.71012038977284,56.71012038977284,56.60220142885709,56.61355972290039,358000,0.0,0.0,0.0
2007-01-25,56.63629075613342,56.63629075613342,56.482929924518785,56.539730072021484,296700,0.0,0.0,0.0
2007-01-26,56.49427039024635,56.55675183285138,56.431788947641316,56.53403091430664,289500,0.0,0.0,0.0
2007-01-29,56.619220435417915,56.62490174715873,56.42609483837039,56.46017837524414,388400,0.0,0.0,0.0
2007-01-30,56.545413970947266,56.551090952455546,56.443171967340604,56.545413970947266,293100,0.0,0.0,0.0
2007-01-31,56.52271524480223,56.698797079339734,56.488631674497114,56.59087371826172,386400,0.0,0.0,0.0
2007-02-01,56.88909354463633,56.88909354463633,56.581152867613554,56.621070861816406,821500,0.393,0.0,0.0
2007-02-02,56.67810156938763,56.73512665951566,56.61537266502616,56.70091247558594,445100,0.0,0.0,0.0
2007-02-05,56.78071098760907,56.80352187874856,56.723685935126646,56.7921142578125,248000,0.0,0.0,0.0
2007-02-06,56.85488706307581,56.91191651036808,56.66670467951367,56.900508880615234,236400,0.0,0.0,0.0
2007-02-07,56.94608025523503,56.99170203236262,56.86624432062782,56.96889114379883,289800,0.0,0.0,0.0
2007-02-08,56.95180298379278,57.025935133201855,56.91758446421402,57.00312423706055,353800,0.0,0.0,0.0
2007-02-09,56.91190820069201,56.9290152920875,56.75223186261829,56.87199020385742,419600,0.0,0.0,0.0
2007-02-12,56.84345611601685,56.871970825783706,56.71799835421688,56.81494140625,304700,0.0,0.0,0.0
2007-02-13,56.75790139582409,56.86054823293538,56.6723616397759,56.809226989746094,227400,0.0,0.0,0.0
2007-02-14,56.9061783762445,57.03733558415144,56.84344950264261,57.02593231201172,269400,0.0,0.0,0.0
2007-02-15,57.11718918070292,57.151403355815575,57.060159754535995,57.10578155517578,438500,0.0,0.0,0.0
2007-02-16,57.10579962034551,57.16282471381769,57.07728489824154,57.14571762084961,309400,0.0,0.0,0.0
2007-02-20,57.117165469480675,57.19129760169485,57.05443660732538,57.174190521240234,252400,0.0,0.0,0.0
2007-02-21,57.11715868416654,57.179883188137815,57.037318400308806,57.168479919433594,223600,0.0,0.0,0.0
2007-02-22,57.12862897551531,57.12862897551531,57.03168585023472,57.05449676513672,188000,0.0,0.0,0.0
2007-02-23,57.08871733518078,57.23698612322701,57.08871733518078,57.19136428833008,360200,0.0,0.0,0.0
2007-02-26,57.259758824836155,57.333890994013764,57.22554029613248,57.3167839050293,222700,0.0,0.0,0.0
2007-02-27,57.55057907104492,57.97827363194877,57.34528533375236,57.55057907104492,379300,0.0,0.0,0.0
2007-02-28,57.550564795154706,57.5733756881659,57.3794896236702,57.51064682006836,533700,0.0,0.0,0.0
2007-03-01,57.6503679374468,57.66182030788021,57.41564675715667,57.501522064208984,662900,0.394,0.0,0.0
2007-03-02,57.55874445520449,57.63889354033758,57.47286918747688,57.62171936035156,187600,0.0,0.0,0.0
2007-03-05,57.64461728470579,57.64461728470579,57.495767118127105,57.587364196777344,264700,0.0,0.0,0.0
2007-03-06,57.484297402923396,57.59306861973808,57.484297402923396,57.54726791381836,221300,0.0,0.0,0.0
2007-03-07,57.57590443753022,57.6446055083308,57.512929547912144,57.59307861328125,296500,0.0,0.0,0.0
2007-03-08,57.593118021491875,57.62747076429634,57.51296890128057,57.541595458984375,351700,0.0,0.0,0.0
2007-03-09,57.43853153962576,57.47287990600365,57.369830439071606,57.381282806396484,309900,0.0,0.0,0.0
2007-03-12,57.51867179401329,57.564472520672446,57.43279652347679,57.558746337890625,224200,0.0,0.0,0.0
2007-03-13,57.63320284131123,57.7076301574707,57.56450607907202,57.7076301574707,344300,0.0,0.0,0.0
2007-03-14,57.66178585743214,57.74766111317767,57.59881096107189,57.638885498046875,468700,0.0,0.0,0.0
2007-03-15,57.71334468277756,57.71334468277756,57.54732024867892,57.57594680786133,201400,0.0,0.0,0.0
2007-03-16,57.56450992084285,57.6160324959608,57.507256791422186,57.58168411254883,264100,0.0,0.0,0.0
2007-03-19,57.53014308878307,57.553043461386224,57.455720153672424,57.541595458984375,181300,0.0,0.0,0.0
2007-03-20,57.63890191044657,57.644628093872626,57.53585244776849,57.59882736206055,446400,0.0,0.0,0.0
2007-03-21,57.56448463145778,57.71905665670517,57.5244100791493,57.673255920410156,664300,0.0,0.0,0.0
2007-03-22,57.64462892580962,57.65607692502876,57.47860454644339,57.56447982788086,210200,0.0,0.0,0.0
2007-03-23,57.63316739942305,57.63316739942305,57.42706850384677,57.48432159423828,226200,0.0,0.0,0.0
2007-03-26,57.47864640701919,57.621770524383386,57.40994525827587,57.45001983642578,444100,0.0,0.0,0.0
2007-03-27,57.50722214227264,57.53012250668291,57.40417268632538,57.46142578125,275600,0.0,0.0,0.0
2007-03-28,57.564447993010944,57.62169669304292,57.444220044809214,57.490020751953125,217600,0.0,0.0,0.0
2007-03-29,57.45568239528852,57.49003074772067,57.369807146411546,57.398433685302734,223000,0.0,0.0,0.0
2007-03-30,57.49003074772067,57.495756929058224,57.28965807887213,57.398433685302734,435200,0.0,0.0,0.0
2007-04-02,57.58177543916507,57.58177543916507,57.36337684354978,57.47257614135742,1065300,0.389,0.0,0.0
2007-04-03,57.46107157194017,57.48405673897072,57.346123812744054,57.41509246826172,390600,0.0,0.0,0.0
2007-04-04,57.47835159301757,57.53582331916021,57.42087986687494,57.47835159301758,181400,0.0,0.0,0.0
2007-04-05,57.47834428502085,57.484088387536644,57.36914494986569,57.42661666870117,269600,0.0,0.0,0.0
2007-04-09,57.30019441134238,57.3059429004906,57.18525093725279,57.2082405090332,324200,0.0,0.0,0.0
2007-04-10,57.32320542758802,57.392174168730286,57.20826191049836,57.294471740722656,314700,0.0,0.0,0.0
2007-04-11,57.38062154834471,57.42085656360867,57.19096536752389,57.25992965698242,344200,0.0,0.0,0.0
2007-04-12,57.2714467340366,57.37489758935152,57.25994975855083,57.32891845703125,274100,0.0,0.0,0.0
2007-04-13,57.351905375542955,57.351905375542955,57.162244752086046,57.23695755004883,291600,0.0,0.0,0.0
2007-04-16,57.27146358341358,57.35767338567433,57.225484437566145,57.351924896240234,396400,0.0,0.0,0.0
2007-04-17,57.420863786029926,57.5185661315918,57.38062876570519,57.5185661315918,368200,0.0,0.0,0.0
2007-04-18,57.581792541030566,57.61052620674943,57.50707536357757,57.60478210449219,160100,0.0,0.0,0.0
2007-04-19,57.64500730672822,57.64500730672822,57.50132583725463,57.581787109375,223500,0.0,0.0,0.0
2007-04-20,57.622046415949185,57.622046415949185,57.48410897955864,57.553077697753906,162100,0.0,0.0,0.0
2007-04-23,57.576044885289356,57.645013576670046,57.489835117266225,57.61052703857422,409600,0.0,0.0,0.0
2007-04-24,57.65079008130221,57.73125140739703,57.62205639901887,57.63929748535156,227500,0.0,0.0,0.0
2007-04-25,57.68525152959847,57.73122627820265,57.58754477488725,57.662261962890625,401800,0.0,0.0,0.0
2007-04-26,57.65078009325439,57.65078009325439,57.507098552290394,57.553077697753906,251900,0.0,0.0,0.0
2007-04-27,57.56453924119714,57.593272900814604,57.48982207960982,57.54154968261719,169100,0.0,0.0,0.0
2007-04-30,57.644996078204095,57.73694992065429,57.61050955057686,57.7369499206543,298600,0.0,0.0,0.0
2007-05-01,57.6919661984706,57.74965728435953,57.57658402669274,57.7035026550293,1029900,0.382,0.0,0.0
2007-05-02,57.73813971598064,58.13621141992092,57.57660286202816,57.72083282470703,255200,0.0,0.0,0.0
2007-05-03,57.69775191727756,57.726595267091575,57.58236531337484,57.65736770629883,267900,0.0,0.0,0.0
2007-05-04,57.7265980383789,57.76698225129636,57.657370474262734,57.73236846923828,233700,0.0,0.0,0.0
2007-05-07,57.72079628244355,57.79002380371094,57.67464166723438,57.79002380371094,301500,0.0,0.0,0.0
2007-05-08,57.801557211043544,57.80732323604201,57.703477565974204,57.72655487060547,291000,0.0,0.0,0.0
2007-05-09,57.80159766001556,57.80159766001556,57.65159727571647,57.65736770629883,302100,0.0,0.0,0.0
2007-05-10,57.72084504191355,57.761229263949396,57.65738349277862,57.75545883178711,218200,0.0,0.0,0.0
2007-05-11,57.818881198503384,57.8246516267552,57.5996489404055,57.640037536621094,185100,0.0,0.0,0.0
2007-05-14,57.69196119262256,57.70349764818025,57.553501718193516,57.65157699584961,247300,0.0,0.0,0.0
2007-05-15,57.68622352331315,57.69199395514262,57.54776397025476,57.62853240966797,266100,0.0,0.0,0.0
2007-05-16,57.54772829078049,57.65157399157762,57.51888055106853,57.640037536621094,238800,0.0,0.0,0.0
2007-05-17,57.57082467798143,57.5939019970881,57.501592720661385,57.54197692871094,212200,0.0,0.0,0.0
2007-05-18,57.50739983743814,57.54201363740562,57.35163333603315,57.37470626831055,431900,0.0,0.0,0.0
2007-05-21,57.420796457602535,57.490028381347656,57.35156893540385,57.490028381347656,316500,0.0,0.0,0.0
2007-05-22,57.48432250360937,57.48432250360937,57.29393780068554,57.37470626831055,353000,0.0,0.0,0.0
2007-05-23,57.3458248023036,57.41505235624458,57.2073652928732,57.32851791381836,1081300,0.0,0.0,0.0
2007-05-24,57.253486660153534,57.351566314697266,57.1381045273972,57.351566314697266,339300,0.0,0.0,0.0
2007-05-25,57.299695650975565,57.351620741074896,57.21315676851027,57.32277297973633,222200,0.0,0.0,0.0
2007-05-29,57.322766798499515,57.340073692816254,57.201614136732424,57.26507568359375,222700,0.0,0.0,0.0
2007-05-30,57.3746890312502,57.38622989547305,57.270843260994766,57.33430480957031,577600,0.0,0.0,0.0
2007-05-31,57.25927233767533,57.31696341941892,57.18427437156339,57.20735168457031,506000,0.0,0.0,0.0
2007-06-01,57.200454185591205,57.229422589471056,57.09036275720365,57.1483039855957,942500,0.428,0.0,0.0
2007-06-04,57.19464184522888,57.22940568787081,57.13670063394864,57.21781921386719,299000,0.0,0.0,0.0
2007-06-05,57.171447268051104,57.18882918414013,56.99762368653109,57.055564880371094,244800,0.0,0.0,0.0
2007-06-06,57.08454163614378,57.09613252898896,56.95707275925945,57.07875061035156,1001300,0.0,0.0,0.0
2007-06-07,56.916503533968786,56.916503533968786,56.60940681603733,56.68473434448242,319500,0.0,0.0,0.0
2007-06-08,56.551471028403384,56.702121679061534,56.534089111140915,56.61520767211914,389700,0.0,0.0,0.0
2007-06-11,56.539864106372946,56.71948308062285,56.53406866250502,56.65574645996094,261000,0.0,0.0,0.0
2007-06-12,56.522510629574505,56.534097102510614,56.26756401867355,56.31970977783203,380400,0.0,0.0,0.0
2007-06-13,56.267567867131625,56.49354168020196,56.26177241995186,56.4066276550293,407100,0.0,0.0,0.0
2007-06-14,56.47611859701024,56.597796375315454,56.429763894619384,56.51667785644531,230700,0.0,0.0,0.0
2007-06-15,56.58619913018685,56.73105423209215,56.51666708984663,56.71946334838867,470200,0.0,0.0,0.0
2007-06-18,56.69627699196221,56.77160446218383,56.586190138034446,56.760013580322266,242200,0.0,0.0,0.0
2007-06-19,56.85277242038497,56.98024128738974,56.79482680191096,56.93968200683594,300900,0.0,0.0,0.0
2007-06-20,56.806413159151994,56.87014979788146,56.6963217975957,56.76585388183594,298700,0.0,0.0,0.0
2007-06-21,56.748454473551675,56.812191092634706,56.65574505647516,56.69630432128906,340000,0.0,0.0,0.0
2007-06-22,56.69632112236746,56.82958984375,56.56884784642667,56.82958984375,357900,0.0,0.0,0.0
2007-06-25,56.922280763365194,56.951253562765395,56.806398407021454,56.88172149658203,305000,0.0,0.0,0.0
2007-06-26,56.881726290330334,56.93966747338524,56.78902128156827,56.812198638916016,639900,0.0,0.0,0.0
2007-06-27,56.99180378366269,57.04974495263799,56.85853511645445,56.922271728515625,214500,0.0,0.0,0.0
2007-06-28,56.90489885197648,56.974430918159854,56.806398407021454,56.88172149658203,293500,0.0,0.0,0.0
2007-06-29,56.96284848536175,57.0497624758348,56.88752538462067,56.9918212890625,506700,0.0,0.0,0.0
2007-07-02,57.00398506773325,57.23675029049126,57.00398506773325,57.14364242553711,2726200,0.421,0.0,0.0
2007-07-03,57.225151583121324,57.31243916066634,57.050580867661914,57.079673767089844,384200,0.0,0.0,0.0
2007-07-05,57.004021770257715,57.004021770257715,56.73634314560842,56.841087341308594,453000,0.0,0.0,0.0
2007-07-06,56.6839705666429,56.79453067265875,56.63159625147328,56.74216079711914,281300,0.0,0.0,0.0
2007-07-09,56.85854396732026,56.87018467774818,56.747979416406125,56.841087341308594,232100,0.0,0.0,0.0
2007-07-10,56.998165518730694,57.09127338499568,56.8992417405447,57.085453033447266,712600,0.0,0.0,0.0
2007-07-11,57.14951319543903,57.14951319543903,56.88765486358675,56.957481384277344,233300,0.0,0.0,0.0
2007-07-12,57.03898006778115,57.03898006778115,56.83531187075148,56.899322509765625,234100,0.0,0.0,0.0
2007-07-13,57.015624365900386,57.02726062891927,56.85268560624515,56.96907043457031,247600,0.0,0.0,0.0
2007-07-16,57.009806221827525,57.15528393314601,56.95161602522562,57.085453033447266,279500,0.0,0.0,0.0
2007-07-17,57.05059344704898,57.10296334134493,56.94002886180429,56.98076248168945,221300,0.0,0.0,0.0
2007-07-18,56.998203336580595,57.21351209045345,56.98656706539061,57.126224517822266,226700,0.0,0.0,0.0
2007-07-19,57.062213927201434,57.15532185524278,57.027300674001104,57.126224517822266,321200,0.0,0.0,0.0
2007-07-20,57.114577760858886,57.36479972199334,57.09712113746362,57.26005554199219,316300,0.0,0.0,0.0
2007-07-23,57.16699893223749,57.30666092399026,57.15536265274153,57.225189208984375,255600,0.0,0.0,0.0
2007-07-24,57.25424227877467,57.35316611668626,57.230965298154864,57.341529846191406,208800,0.0,0.0,0.0
2007-07-25,57.161158959833436,57.40556068311025,57.161158959833436,57.306636810302734,580900,0.0,0.0,0.0
2007-07-26,57.359016707438656,57.60923883146364,57.34738043080996,57.51031494140625,324600,0.0,0.0,0.0
2007-07-27,57.44049246072763,57.5452367244119,57.36484555236853,57.45213317871094,329000,0.0,0.0,0.0
2007-07-30,57.49865101702493,57.53356871208209,57.38227053918281,57.423004150390625,389300,0.0,0.0,0.0
2007-07-31,57.39392035223101,57.615049527785594,57.37646372039916,57.60340881347656,529100,0.0,0.0,0.0
2007-08-01,57.58062907653389,57.627386647751564,57.46958541870118,57.46958541870117,814500,0.431,0.0,0.0
2007-08-02,57.46373599238999,57.557251128942134,57.370225314884976,57.44035720825195,566300,0.0,0.0,0.0
2007-08-03,57.58058328856373,57.69163131713868,57.504605640037845,57.69163131713867,371600,0.0,0.0,0.0
2007-08-06,57.77933213016654,57.77933213016654,57.53970298166012,57.59815216064453,231000,0.0,0.0,0.0
2007-08-07,57.627371411707706,57.732573689609445,57.51632778323371,57.5572395324707,280300,0.0,0.0,0.0
2007-08-08,57.55724648469432,57.56308783597214,57.376062037005944,57.48711013793945,277200,0.0,0.0,0.0
2007-08-09,57.54554791323371,57.609838441898454,57.463724414759724,57.5572395324707,271600,0.0,0.0,0.0
2007-08-10,57.67417165372362,57.67417165372362,57.34687741760566,57.364410400390625,398700,0.0,0.0,0.0
2007-08-13,57.30009256732266,57.56309610208911,57.30009256732266,57.46958541870117,220200,0.0,0.0,0.0
2007-08-14,57.44618896805662,57.67412648384141,57.44618896805662,57.62736892700195,250900,0.0,0.0,0.0
2007-08-15,57.738446540758275,57.74429235311463,57.55142067678986,57.7033805847168,224900,0.0,0.0,0.0
2007-08-16,57.69750232677782,57.84946214925176,57.52800953614263,57.668277740478516,541400,0.0,0.0,0.0
2007-08-17,57.66825966278819,57.843598207527755,57.52214569518669,57.79684066772461,311800,0.0,0.0,0.0
2007-08-20,57.802695956038804,57.87282781820246,57.73840544302535,57.7442512512207,252400,0.0,0.0,0.0
2007-08-21,58.04233887599191,58.083250628162745,57.925449429517116,58.013118743896484,224600,0.0,0.0,0.0
2007-08-22,57.94882521465435,58.01311574460562,57.837777124911916,57.96635818481445,545300,0.0,0.0,0.0
2007-08-23,57.95464885174978,58.04815947650992,57.86697957544397,58.03647232055664,522300,0.0,0.0,0.0
2007-08-24,58.01894216836237,58.04232094224314,57.87867398412297,57.89036560058594,293700,0.0,0.0,0.0
2007-08-27,58.001402395745565,58.118296251430884,57.96049066101687,58.06569290161133,301600,0.0,0.0,0.0
2007-08-28,58.100778962616204,58.31117904152345,58.077400185171875,58.29949188232422,187700,0.0,0.0,0.0
2007-08-29,58.311220569324995,58.357978157513244,58.176798077095064,58.18264389038086,201400,0.0,0.0,0.0
2007-08-30,58.29363293883255,58.34623629099149,58.235188237913064,58.30532455444336,186400,0.0,0.0,0.0
2007-08-31,58.27028722766058,58.49822481190368,58.16508492269858,58.340423583984375,201000,0.0,0.0,0.0
2007-09-04,58.68612576767362,59.2848420035983,58.169581703911895,58.275238037109375,554500,0.429,0.0,0.0
2007-09-05,58.16370197399327,58.54523892455429,58.16370197399327,58.46306228637695,294600,0.0,0.0,0.0
2007-09-06,58.486572278428575,58.53940270366155,58.41026664008453,58.45135498046875,761000,0.0,0.0,0.0
2007-09-07,58.65674532818421,58.83284062039772,58.551089048513965,58.81522750854492,353400,0.0,0.0,0.0
2007-09-10,58.868090915334136,59.01483558174638,58.774172179250215,58.956138610839844,285900,0.0,0.0,0.0
2007-09-11,58.71547968153801,58.93853445758465,58.71547968153801,58.850486755371094,687000,0.0,0.0,0.0
2007-09-12,58.82113266350852,58.85048338866467,58.70960528186543,58.768306732177734,2039700,0.0,0.0,0.0
2007-09-13,58.58042527581859,58.662601864327385,58.48063557981089,58.5980339050293,790400,0.0,0.0,0.0
2007-09-14,58.75659230251078,58.7742009545746,58.521799825640514,58.639198303222656,320600,0.0,0.0,0.0
2007-09-17,58.615695504185275,58.67439248069378,58.56286509052305,58.662654876708984,278000,0.0,0.0,0.0
2007-09-18,58.59812040240457,58.90334754194542,58.46311324868979,58.785953521728516,628000,0.0,0.0,0.0
2007-09-19,58.756568906217296,58.80939931966621,58.59808662245503,58.77417755126953,441200,0.0,0.0,0.0
2007-09-20,58.662630302062304,58.67436790113005,58.31631067264373,58.357398986816406,282100,0.0,0.0,0.0
2007-09-21,58.46311139080352,58.54528809800284,58.304629020717584,58.527679443359375,465700,0.0,0.0,0.0
2007-09-24,58.53939078610219,58.54525734903901,58.40438370758578,58.53351974487305,274000,0.0,0.0,0.0
2007-09-25,58.674381473257746,58.703732195151865,58.55698754226408,58.580467224121094,260000,0.0,0.0,0.0
2007-09-26,58.5041465798639,58.60393185102872,58.375010592102086,58.52175521850586,702100,0.0,0.0,0.0
2007-09-27,58.492445961842364,58.69788767303932,58.492445961842364,58.62158203125,380900,0.0,0.0,0.0
2007-09-28,58.68613096412428,58.850484279586254,58.586341184057815,58.7096061706543,336100,0.0,0.0,0.0
2007-10-01,58.83573275733628,58.84162819929238,58.511550903320305,58.51155090332031,3538500,0.414,0.0,0.0
2007-10-02,58.45849215982458,58.7885648840416,58.45849215982458,58.73551940917969,282100,0.0,0.0,0.0
2007-10-03,58.859300829193494,58.882878096428385,58.65300536201805,58.764991760253906,327100,0.0,0.0,0.0
2007-10-04,58.818047313648705,58.882883680467316,58.653010924257465,58.741424560546875,445000,0.0,0.0,0.0
2007-10-05,58.54100845429561,58.73551751632807,57.90443579504577,58.27577209472656,750200,0.0,0.0,0.0
2007-10-08,58.564587606451994,58.91234215562297,58.399551244343485,58.73551940917969,367700,0.0,0.0,0.0
