Date,Open,High,Low,Close,Volume,Dividends,Stock Splits,Capital Gains
2007-10-09,43.40192394765605,43.43070242875989,43.32709023515652,43.355873107910156,67200,0.0,0.0,0.0
2007-10-10,43.36163074626322,43.436460067433025,43.33860532629178,43.40192413330078,69900,0.0,0.0,0.0
2007-10-11,43.31560018071161,43.44799530960407,43.292574749962846,43.442237854003906,125100,0.0,0.0,0.0
2007-10-12,43.355904780402845,43.44800652717711,43.338636800795925,43.373172760009766,61200,0.0,0.0,0.0
2007-10-15,43.321324567329626,43.459472654716144,43.309809664919115,43.338592529296875,394500,0.0,0.0,0.0
2007-10-16,43.41921457753669,43.43648255354207,43.38467862552594,43.43072509765625,107100,0.0,0.0,0.0
2007-10-17,43.47676751436355,43.64945602416992,43.43071665952835,43.64945602416992,90200,0.0,0.0,0.0
2007-10-18,43.6839600630328,43.7184959831088,43.660934652432786,43.70698547363281,92000,0.0,0.0,0.0
2007-10-19,43.78184287802118,43.91423797607422,43.770332361153926,43.91423797607422,117300,0.0,0.0,0.0
2007-10-22,43.862411595821925,43.90270497572911,43.82211821591474,43.88543701171875,90200,0.0,0.0,0.0
2007-10-23,43.83941119928381,43.919997997016594,43.82789629009278,43.87394714355469,84800,0.0,0.0,0.0
2007-10-24,43.994838374068046,44.09845062451775,43.96605548552282,44.0466423034668,207300,0.0,0.0,0.0
2007-10-25,44.035106565560056,44.06388943762226,43.97754521308534,44.012081146240234,88600,0.0,0.0,0.0
2007-10-26,43.93152352587038,44.017867807702345,43.87396213519993,43.94879150390625,154300,0.0,0.0,0.0
2007-10-29,43.914250659233765,43.97756949941829,43.89122522719829,43.95454406738281,54500,0.0,0.0,0.0
2007-10-30,43.93725545275965,43.966033935546875,43.90847257832237,43.966033935546875,86800,0.0,0.0,0.0
2007-10-31,43.90270243544785,43.94875326457693,43.747286376698206,43.804847717285156,116100,0.0,0.0,0.0
2007-11-01,43.877108602354035,44.06200010763619,43.877108602354035,44.05622100830078,141200,0.285,0.0,0.0
2007-11-02,43.963742104572624,44.14863788786394,43.963742104572624,44.10818862915039,105800,0.0,0.0,0.0
2007-11-05,44.160202870949846,44.160202870949846,43.94064568484049,43.9810905456543,63500,0.0,0.0,0.0
2007-11-06,44.02730626912365,44.02730626912365,43.882859720460964,43.91175079345703,55800,0.0,0.0,0.0
2007-11-07,44.03887193884961,44.03887193884961,43.877092482184636,43.97531509399414,88700,0.0,0.0,0.0
2007-11-08,44.10821060322541,44.10821060322541,43.975322202979314,44.027320861816406,552500,0.0,0.0,0.0
2007-11-09,44.20642521522045,44.20642521522045,43.99842182200915,44.08509063720703,36000,0.0,0.0,0.0
2007-11-12,43.91173986907811,44.18330001831055,43.91173986907811,44.18330001831055,47700,0.0,0.0,0.0
2007-11-13,44.09663517052744,44.11396804829873,44.02152456413246,44.050411224365234,66900,0.0,0.0,0.0
2007-11-14,44.009966373512846,44.05041122436524,43.95796774019897,44.050411224365234,66100,0.0,0.0,0.0
2007-11-15,44.11974447726613,44.21218795584566,44.06774143893689,44.20641326904297,94400,0.0,0.0,0.0
2007-11-16,44.20065977600426,44.246883746146814,44.16599400247755,44.18910598754883,99500,0.0,0.0,0.0
2007-11-19,44.171719484413416,44.40861376136857,44.171719484413416,44.316165924072266,144100,0.0,0.0,0.0
2007-11-20,44.37398035350528,44.37398035350528,44.18908895237229,44.21797561645508,89500,0.0,0.0,0.0
2007-11-21,44.39707695948892,44.495303935961736,44.333524550934925,44.489524841308594,49300,0.0,0.0,0.0
2007-11-23,44.43175743534133,44.43175743534133,44.30464377240505,44.40286636352539,15000,0.0,0.0,0.0
2007-11-26,44.801549108966036,44.801549108966036,44.310431647897545,44.74954605102539,171100,0.0,0.0,0.0
2007-11-27,44.605112149318714,44.77844984747648,44.37977578661008,44.51266860961914,60000,0.0,0.0,0.0
2007-11-28,44.512673716782515,44.51845281622705,44.38555997797052,44.46644973754883,73100,0.0,0.0,0.0
2007-11-29,44.674414651110226,44.71485949596759,41.23081051930897,44.66286087036133,119500,0.0,0.0,0.0
2007-11-30,44.47796952127661,44.69174752631231,44.47796952127661,44.66286087036133,107300,0.0,0.0,0.0
2007-12-03,44.81194508285688,44.88155746459961,44.759739115850884,44.88155746459961,78700,0.307,0.0,0.0
2007-12-04,44.91634930661934,44.91634930661934,44.730720764528584,44.858341217041016,89300,0.0,0.0,0.0
2007-12-05,44.75394441230422,44.84675651097809,44.719136002782975,44.75974655151367,74500,0.0,0.0,0.0
2007-12-06,44.6031200682176,44.70753644600147,44.51610568244179,44.5277099609375,75500,0.0,0.0,0.0
2007-12-07,44.376892104249976,44.52771676760127,44.27827785063944,44.382694244384766,135500,0.0,0.0,0.0
2007-12-10,44.40592249292704,44.42332449704504,44.220293739437416,44.30150604248047,84600,0.0,0.0,0.0
2007-12-11,44.45812680615971,44.637953409491104,44.30150434934501,44.597347259521484,97200,0.0,0.0,0.0
2007-12-12,44.33628994237563,44.568326885433954,44.30148594992468,44.510318756103516,133600,0.0,0.0,0.0
2007-12-13,44.34788313637597,44.405895682728826,44.237669034924565,44.28407287597656,62300,0.0,0.0,0.0
2007-12-14,44.17387453778357,44.266686678743106,44.13906611240344,44.18547439575195,265300,0.0,0.0,0.0
2007-12-17,44.2608415802335,44.371055603027344,44.243435173308704,44.371055603027344,144700,0.0,0.0,0.0
2007-12-18,44.278258335078085,44.51029515510192,44.278258335078085,44.475486755371094,72000,0.0,0.0,0.0
2007-12-19,44.56833212390147,44.707552535805505,44.37690129144774,44.6611442565918,105900,0.0,0.0,0.0
2007-12-20,44.742348903299515,44.7597553243395,44.6089306554807,44.66693878173828,54800,0.0,0.0,0.0
2007-12-21,44.69010667732395,44.69010667732395,44.342053776284864,44.371055603027344,3511900,0.0,0.0,0.0
2007-12-24,44.435715115016045,44.447359131191035,44.34840719815854,44.39496994018555,91000,0.261,0.0,0.0
2007-12-26,44.37748752792663,44.4298766943429,44.23779048563142,44.26107406616211,130800,0.0,0.0,0.0
2007-12-27,44.44734347496411,44.62196812895094,44.28436283305076,44.435699462890625,100700,0.0,0.0,0.0
2007-12-28,44.61613808660682,44.67434481382169,44.470619048125315,44.656883239746094,99000,0.0,0.0,0.0
2007-12-31,44.77331442681716,45.04106903076172,44.70346810285186,45.04106903076172,140500,0.0,0.0,0.0
2008-01-02,45.55327687997946,45.55327687997946,44.76747503228543,45.0294075012207,2723300,0.0,0.0,0.0
2008-01-03,45.431058563734695,45.431058563734695,44.89554497412425,45.08763122558594,281400,0.0,0.0,0.0
2008-01-04,45.25059464323055,45.25059464323055,45.09925805509588,45.1400032043457,231100,0.0,0.0,0.0
2008-01-07,45.22732160148818,45.22732160148818,45.0352398193608,45.15165328979492,186300,0.0,0.0,0.0
2008-01-08,45.337935480883324,45.337935480883324,45.029435665130315,45.198238372802734,144000,0.0,0.0,0.0
2008-01-09,45.052740240274204,45.297211403502246,45.052740240274204,45.145870208740234,195500,0.0,0.0,0.0
2008-01-10,45.28554292706522,45.28554292706522,45.029427905642144,45.128379821777344,77400,0.0,0.0,0.0
2008-01-11,45.55327160116485,45.55327160116485,45.15163771717734,45.26805114746094,139200,0.0,0.0,0.0
2008-01-14,45.37865195950101,45.37865195950101,45.23313293534629,45.32626724243164,171500,0.0,0.0,0.0
2008-01-15,45.50671557252334,45.50671557252334,45.233139059530416,45.489253997802734,204800,0.0,0.0,0.0
2008-01-16,45.355376045377064,45.52417867482179,45.34373647546902,45.40194320678711,173700,0.0,0.0,0.0
2008-01-17,45.36701989031736,45.58820724487305,45.36701989031736,45.58820724487305,131700,0.0,0.0,0.0
2008-01-18,45.40775611620307,45.640587435724115,45.40775611620307,45.56491470336914,100500,0.0,0.0,0.0
2008-01-22,45.757040192199696,45.85017013549805,45.54749226866357,45.85017013549805,205700,0.0,0.0,0.0
2008-01-23,46.13534474083514,46.18772944891098,45.65222059777221,45.77445602416992,263500,0.0,0.0,0.0
2008-01-24,45.62311910986787,45.710431405372404,45.40193181002582,45.47760009765625,136200,0.0,0.0,0.0
2008-01-25,45.233165863651,45.78031921386719,45.16331508248784,45.78031921386719,168800,0.0,0.0,0.0
2008-01-28,45.69882280528389,45.69882280528389,45.530020103826075,45.617332458496094,172100,0.0,0.0,0.0
2008-01-29,45.43103300705542,45.58819157109558,45.42521100367989,45.55326843261719,107600,0.0,0.0,0.0
2008-01-30,45.40777814909979,45.646427147763006,45.40195614204258,45.57075881958008,121500,0.0,0.0,0.0
2008-01-31,45.75701198953811,45.768651559941816,45.57074777685481,45.60567092895508,120800,0.0,0.0,0.0
2008-02-01,45.833573964934914,45.86863136490856,45.66412243512842,45.75761032104492,126500,0.3,0.0,0.0
2008-02-04,45.69332639283652,45.69332639283652,45.49466188841348,45.593994140625,181700,0.0,0.0,0.0
2008-02-05,45.693255982999666,45.79843245796627,45.60561263548798,45.71662902832031,143400,0.0,0.0,0.0
2008-02-06,45.582293884651016,45.72252786565934,45.582293884651016,45.62319564819336,149000,0.0,0.0,0.0
2008-02-07,45.66409419259954,45.66993857496727,45.26091651042042,45.34272003173828,135100,0.0,0.0,0.0
2008-02-08,45.459602194267184,45.52387705019979,45.377798642709166,45.47713088989258,88000,0.0,0.0,0.0
2008-02-11,45.54725576492805,45.62321940674939,45.482980894753176,45.576473236083984,93500,0.0,0.0,0.0
2008-02-12,45.47714571105714,45.5238918865991,45.30184978175513,45.500518798828125,113000,0.0,0.0,0.0
2008-02-13,45.40117869450957,45.47129795262269,45.25510025024414,45.25510025024414,123500,0.0,0.0,0.0
2008-02-14,45.16742178785401,45.20832354226959,44.98628162576483,45.04471206665039,144900,0.0,0.0,0.0
2008-02-15,45.243417913908964,45.243417913908964,45.02138027378542,45.1148681640625,161000,0.0,0.0,0.0
2008-02-19,45.184982233284366,45.184982233284366,44.70000076293945,44.70000076293945,602700,0.0,0.0,0.0
2008-02-20,44.635702729062935,44.85774022843387,44.635702729062935,44.73503494262695,197000,0.0,0.0,0.0
2008-02-21,44.98044832458263,45.18495712676975,44.86942734998497,45.10899353027344,205100,0.0,0.0,0.0
2008-02-22,45.09732953860739,45.23756357214173,44.9804685869887,44.99799728393555,175400,0.0,0.0,0.0
2008-02-25,44.87526897378845,44.96291241365429,44.717501866115406,44.77593231201172,180900,0.0,0.0,0.0
2008-02-26,44.822706332035644,45.00968654998157,44.78764893428329,44.945411682128906,271500,0.0,0.0,0.0
2008-02-27,45.11483142331854,45.11483142331854,44.93954010006805,45.027183532714844,221900,0.0,0.0,0.0
2008-02-28,45.19079334080344,45.39530658415674,45.19079334080344,45.36024475097656,146900,0.0,0.0,0.0
2008-02-29,45.44205882217157,45.7400599546698,45.44205882217157,45.64657211303711,163100,0.0,0.0,0.0
2008-03-03,45.51227179795406,45.66476262430524,45.43016238560204,45.53573226928711,117300,0.291,0.0,0.0
2008-03-04,45.5181526778958,45.529880680021606,45.236631405959464,45.31874084472656,229800,0.0,0.0,0.0
2008-03-05,45.33044082171029,45.35390128377068,45.01373129583339,45.02545928955078,158900,0.0,0.0,0.0
2008-03-06,45.131042304887394,45.1369085407712,44.96682349715614,44.99028396606445,187600,0.0,0.0,0.0
2008-03-07,45.12518920009249,45.236620855499496,44.86712846722365,45.11345672607422,142800,0.0,0.0,0.0
2008-03-10,45.2190100922927,45.30111948189991,45.08997977301674,45.24833679199219,71100,0.0,0.0,0.0
2008-03-11,45.11344807186289,45.1193143077467,44.872986096149816,44.99028396606445,85900,0.0,0.0,0.0
2008-03-12,44.996164429230596,45.412577816107785,44.996164429230596,45.40671157836914,66200,0.0,0.0,0.0
2008-03-13,45.265939585282,45.41256416226534,45.06652783377863,45.20729064941406,207000,0.0,0.0,0.0
2008-03-14,45.371517863295324,45.68822754519476,45.30113644244173,45.40084457397461,119900,0.0,0.0,0.0
2008-03-17,45.529834680320185,45.782028980201844,45.160342579173516,45.55329513549805,83700,0.0,0.0,0.0
2008-03-18,46.82011626805419,46.82011626805419,45.50635809161102,45.59433364868164,86200,0.0,0.0,0.0
2008-03-19,45.69408517896947,45.834843519546844,45.5885153048797,45.62957000732422,144700,0.0,0.0,0.0
2008-03-20,45.94629533674695,45.94629533674695,45.553342372942026,45.75275421142578,77400,0.0,0.0,0.0
2008-03-24,46.33926556115781,46.33926556115781,45.41259650082646,45.500572204589844,300600,0.0,0.0,0.0
2008-03-25,45.95215386418996,45.95215386418996,45.453631063579564,45.58852767944336,134900,0.0,0.0,0.0
2008-03-26,45.905220452522045,45.905220452522045,45.53572813052133,45.62957000732422,117400,0.0,0.0,0.0
2008-03-27,45.48297346804027,45.70584135089003,45.48297346804027,45.635459899902344,86600,0.0,0.0,0.0
2008-03-28,46.12807632119189,46.12807632119189,45.57090044309239,45.67060852050781,78900,0.0,0.0,0.0
2008-03-31,45.969745492375644,45.969745492375644,45.5474703799948,45.82898712158203,101600,0.0,0.0,0.0
2008-04-01,45.78245859830143,46.06506384418246,45.15836340411616,45.352657318115234,1952300,0.301,0.0,0.0
2008-04-02,45.34087983314482,45.48218244318937,45.2054616500691,45.29377746582031,170100,0.0,0.0,0.0
2008-04-03,45.429203521242215,45.511630432379235,45.24079401929502,45.276123046875,279000,0.0,0.0,0.0
2008-04-04,45.74714346194389,45.74714346194389,45.49397375252087,45.694156646728516,294600,0.0,0.0,0.0
2008-04-07,45.647046382811986,45.647046382811986,45.36444109990854,45.51751708984375,105600,0.0,0.0,0.0
2008-04-08,45.62938104550621,45.62938104550621,45.440976038930984,45.54106521606445,97200,0.0,0.0,0.0
2008-04-09,45.641173702907636,45.758929689293,45.535195561126606,45.717716217041016,78500,0.0,0.0,0.0
2008-04-10,45.72948989388503,45.758930013672966,45.51164917840813,45.582298278808594,118100,0.0,0.0,0.0
2008-04-11,45.6058099202441,45.847206115722656,45.6058099202441,45.847206115722656,174500,0.0,0.0,0.0
2008-04-14,46.00620209258999,46.00620209258999,45.647054260805454,45.694156646728516,116900,0.0,0.0,0.0
2008-04-15,45.65882115263002,45.65882115263002,45.464527226244094,45.54106521606445,154000,0.0,0.0,0.0
2008-04-16,45.74717261034706,45.74717261034706,45.22317058588788,45.299713134765625,284500,0.0,0.0,0.0
2008-04-17,45.39388236602595,45.39388236602595,45.09949920607516,45.25846862792969,396200,0.0,0.0,0.0
2008-04-18,45.19957273117129,45.3703154437759,45.011167753802226,45.29377746582031,253000,0.0,0.0,0.0
2008-04-21,45.31731732661183,45.429184298074496,45.217228190002,45.370304107666016,106100,0.0,0.0,0.0
2008-04-22,45.39389358085837,45.49398280190595,45.370342383212176,45.470436096191406,111400,0.0,0.0,0.0
2008-04-23,45.42333318460607,45.45865773470803,45.28791492266257,45.429222106933594,118600,0.0,0.0,0.0
2008-04-24,45.21724679000046,45.305558128084094,45.064166317439316,45.23490905761719,126000,0.0,0.0,0.0
2008-04-25,45.14071923995886,45.1995949821335,45.064181224324955,45.176048278808594,134300,0.0,0.0,0.0
2008-04-28,45.19369644896269,45.334999084472656,45.12893180520192,45.334999084472656,129600,0.0,0.0,0.0
2008-04-29,45.43508653356451,45.4586377205741,45.30555725097656,45.30555725097656,212900,0.0,0.0,0.0
2008-04-30,45.44687131822623,45.67060089111328,45.31145309520887,45.67060089111328,193000,0.0,0.0,0.0
2008-05-01,45.73087555290047,45.74860684919185,45.476716450591645,45.677677154541016,341900,0.302,0.0,0.0
2008-05-02,45.51812099981917,45.68953115949791,45.376261516954365,45.56540298461914,280500,0.0,0.0,0.0
2008-05-05,45.70133157966284,45.70133157966284,45.53583342776096,45.65404510498047,154400,0.0,0.0,0.0
2008-05-06,45.736772500803816,45.74268443470835,45.4175957122235,45.488525390625,132800,0.0,0.0,0.0
2008-05-07,45.48264007379062,45.63631887885336,45.423534228608624,45.55356979370117,265900,0.0,0.0,0.0
2008-05-08,45.68951122336357,45.80772289801553,45.630400876551256,45.778167724609375,97900,0.0,0.0,0.0
2008-05-09,45.85500374812893,45.878646982057035,45.677681748410976,45.74861145019531,106300,0.0,0.0,0.0
2008-05-12,45.74271044887552,45.8136401676152,45.612674885929536,45.70133590698242,101000,0.0,0.0,0.0
2008-05-13,45.82545242653988,45.82545242653988,45.44125773454543,45.464900970458984,156900,0.0,0.0,0.0
2008-05-14,45.618599979836574,45.618599979836574,45.29942291768599,45.494476318359375,130900,0.0,0.0,0.0
2008-05-15,45.53587074716896,45.73683166503906,45.48267229218032,45.73683166503906,99300,0.0,0.0,0.0
2008-05-16,45.70136059216599,45.81957234442962,45.5122190828506,45.64816665649414,111000,0.0,0.0,0.0
2008-05-19,45.74863077341948,45.77818144619685,45.58904000436851,45.772274017333984,548600,0.0,0.0,0.0
2008-05-20,45.88456673234922,45.89639060723188,45.748623737607495,45.75453567504883,155100,0.0,0.0,0.0
2008-05-21,45.72496355846789,45.789981317775684,45.659945799160106,45.74269485473633,111400,0.0,0.0,0.0
2008-05-22,45.524026894290394,45.642243126024475,45.382171925697634,45.55949401855469,487800,0.0,0.0,0.0
2008-05-23,45.51219584431108,45.80181764611852,45.51219584431108,45.75453567504883,591200,0.0,0.0,0.0
2008-05-27,45.60085040045142,45.60676233705426,45.45308355178469,45.500370025634766,146100,0.0,0.0,0.0
2008-05-28,45.447187490611036,45.447187490611036,45.21667148692691,45.26395797729492,168900,0.0,0.0,0.0
2008-05-29,45.16937197008191,45.18710327148437,45.015697684936185,45.187103271484375,234400,0.0,0.0,0.0
2008-05-30,45.06298454926278,45.30532438672959,45.06298454926278,45.2166633605957,188500,0.0,0.0,0.0
2008-06-02,45.09915854494044,45.532235874412926,44.93898198679843,45.437313079833984,369000,0.282,0.0,0.0
2008-06-03,45.14664312858731,45.61531448364258,45.08138480534098,45.61531448364258,126300,0.0,0.0,0.0
2008-06-04,45.44922732004011,45.532282587421726,45.28904607139513,45.39583206176758,181200,0.0,0.0,0.0
2008-06-05,45.211902097890174,45.300891133240434,45.08731925886796,45.18817138671875,108200,0.0,0.0,0.0
2008-06-06,45.2059685297614,45.43733730720438,45.2059685297614,45.41954040527344,187100,0.0,0.0,0.0
2008-06-09,45.11106905124488,45.2771795735364,45.02207997825378,45.04581069946289,127400,0.0,0.0,0.0
2008-06-10,45.016137840356585,45.08139618006859,44.79070281982422,44.79070281982422,129200,0.0,0.0,0.0
2008-06-11,44.92121064123445,45.1229149051728,44.879683026531225,45.051727294921875,114000,0.0,0.0,0.0
2008-06-12,44.82037867015298,44.85003867904221,44.55934524536132,44.55934524536133,146700,0.0,0.0,0.0
2008-06-13,44.71950582608406,44.81442868308337,44.50593392400654,44.60085678100586,132500,0.0,0.0,0.0
2008-06-16,44.612699990819806,44.76101349414856,44.583040005855416,44.642364501953125,168500,0.0,0.0,0.0
2008-06-17,44.66611995114806,44.84409353804053,44.55340017779616,44.79070281982422,199400,0.0,0.0,0.0
2008-06-18,44.778837761017584,44.99240515068966,44.778837761017584,44.93901443481445,110100,0.0,0.0,0.0
2008-06-19,44.91529064105129,44.96275207992449,44.7907077586381,44.82630157470703,130100,0.0,0.0,0.0
2008-06-20,44.99237788516293,44.99237788516293,44.83813511532534,44.91525650024414,145900,0.0,0.0,0.0
2008-06-23,44.974607833074764,44.974607833074764,44.76103591918946,44.76103591918945,99200,0.0,0.0,0.0
2008-06-24,44.909354332845545,44.986480298269534,44.820369797620444,44.95088195800781,194100,0.0,0.0,0.0
2008-06-25,45.01018986761274,45.01018986761274,44.731359718462514,44.96866226196289,108900,0.0,0.0,0.0
2008-06-26,44.82627802016093,45.116975785879426,44.82627802016093,44.96866226196289,100500,0.0,0.0,0.0
2008-06-27,45.40768006781314,45.40768006781314,44.95680557813428,45.08732223510742,123300,0.0,0.0,0.0
2008-06-30,45.25938364530754,45.25938364530754,45.075476209665496,45.235652923583984,180900,0.0,0.0,0.0
2008-07-01,45.167761760080225,45.37025673546758,44.98909453406865,45.20349884033203,255700,0.296,0.0,0.0
2008-07-02,45.173717251577195,45.173717251577195,44.9652698893294,45.048648834228516,118400,0.0,0.0,0.0
2008-07-03,45.11416887972869,45.16181529711336,44.91167842156252,45.084388732910156,303000,0.0,0.0,0.0
2008-07-07,45.08436543277017,45.23325700228897,44.82231936020794,45.10818862915039,216700,0.0,0.0,0.0
2008-07-08,45.18559835119491,45.40595488410529,45.13795197615165,45.36426544189453,92400,0.0,0.0,0.0
2008-07-09,45.429779698055455,45.47146914175873,45.25706499019658,45.37022399902344,812300,0.0,0.0,0.0
2008-07-10,45.39406274492906,45.507221792537976,45.3225931553113,45.49530792236328,255500,0.0,0.0,0.0
2008-07-11,45.64417990527998,45.64417990527998,45.20346231795727,45.20941925048828,206100,0.0,0.0,0.0
2008-07-14,45.28687827251357,45.53701511789361,45.28092133510589,45.453636169433594,193800,0.0,0.0,0.0
2008-07-15,45.39406274492906,45.536997380354435,45.39406274492906,45.49530792236328,237100,0.0,0.0,0.0
2008-07-16,45.29878823260199,45.322611438751686,45.048651383748194,45.120121002197266,152000,0.0,0.0,0.0
2008-07-17,45.10223262328606,45.15583140298841,44.84018202791524,44.911651611328125,101400,0.0,0.0,0.0
2008-07-18,44.97122768855661,45.05460663505406,44.75682338504552,44.84020233154297,110400,0.0,0.0,0.0
2008-07-21,44.846143088030146,44.93547439575195,44.75680723649818,44.93547439575195,84300,0.0,0.0,0.0
2008-07-22,44.88785120849785,44.92358374644248,44.71513636874538,44.79851531982422,118000,0.0,0.0,0.0
2008-07-23,44.76872932551385,44.85806520251353,44.685350385330544,44.816375732421875,163400,0.0,0.0,0.0
2008-07-24,44.959309663758546,45.17967088419523,44.929534067793405,45.13798141479492,132400,0.0,0.0,0.0
2008-07-25,45.03672903063795,45.0784184933928,44.822324781095645,44.85210037231445,127300,0.0,0.0,0.0
2008-07-28,45.13797012892032,45.19752584977123,45.006944816762164,45.149879455566406,111700,0.0,0.0,0.0
2008-07-29,45.12607586156909,45.12607586156909,44.971231828853355,45.078433990478516,90100,0.0,0.0,0.0
2008-07-30,45.018820531633146,45.143893358991996,44.87588599954613,45.09029006958008,77400,0.0,0.0,0.0
2008-07-31,45.257114260785556,45.263071200316546,45.17373528260585,45.24520492553711,120300,0.0,0.0,0.0
2008-08-01,45.51662587092358,45.51662587092358,45.20568473762273,45.325279235839844,393000,0.304,0.0,0.0
2008-08-04,45.211684999934135,45.343236723379945,45.15786631213103,45.24158477783203,190900,0.0,0.0,0.0
2008-08-05,45.169846179531035,45.2057222777569,45.03231353288619,45.05623245239258,158000,0.0,0.0,0.0
2008-08-06,44.96650678579513,45.02630632455644,44.846916832401114,44.99640655517578,233300,0.0,0.0,0.0
2008-08-07,45.03229337486895,45.30137767731371,44.99043642498626,45.28343963623047,245000,0.0,0.0,0.0
2008-08-08,45.181792826659326,45.27746848238346,45.12199782286492,45.265506744384766,231000,0.0,0.0,0.0
2008-08-11,45.283447060636426,45.283447060636426,44.96652488863208,45.07415771484375,201200,0.0,0.0,0.0
2008-08-12,45.12197236034308,45.30136183256241,45.12197236034308,45.277442932128906,196300,0.0,0.0,0.0
2008-08-13,45.24157825587838,45.307349546054205,45.098064817135835,45.157859802246094,135100,0.0,0.0,0.0
2008-08-14,45.259531013612715,45.29540710393279,45.15787448759512,45.271488189697266,151600,0.0,0.0,0.0
2008-08-15,45.40305136582746,45.44490833575927,45.32531829654483,45.415008544921875,94500,0.0,0.0,0.0
2008-08-18,45.420928505396624,45.534542083740234,45.385052454156096,45.534542083740234,77600,0.0,0.0,0.0
2008-08-19,45.480750461565435,45.480750461565435,45.361160511683174,45.45085525512695,109600,0.0,0.0,0.0
2008-08-20,45.3970615261285,45.594389157707035,45.3970615261285,45.55253219604492,120800,0.0,0.0,0.0
2008-08-21,45.4807697430627,45.58242626183032,45.39107952365906,45.54056930541992,105400,0.0,0.0,0.0
2008-08-22,45.432928080884984,45.44488525390625,45.29539549978156,45.44488525390625,146100,0.0,0.0,0.0
2008-08-25,45.44487139199261,45.57642306542596,45.44487139199261,45.57044219970703,93000,0.0,0.0,0.0
2008-08-26,45.57644633477533,45.66614111809813,45.48077068268003,45.6302604675293,585500,0.0,0.0,0.0
2008-08-27,45.486726088681706,45.66013468948333,45.456826323622806,45.64219665527344,391900,0.0,0.0,0.0
2008-08-28,45.62427559685563,45.81562230306305,45.55849973890321,45.6840705871582,341400,0.0,0.0,0.0
2008-08-29,45.92924254466478,45.92924254466478,45.55851077772142,45.62428665161133,110900,0.0,0.0,0.0
2008-09-02,45.821162089902714,45.821162089902714,45.47303516299215,45.77314758300781,149000,0.288,0.0,0.0
2008-09-03,45.7791225530352,45.869157147746,45.70709854074633,45.83314514160156,171600,0.0,0.0,0.0
2008-09-04,45.91117667480391,46.02522080998068,45.833149128254085,45.85715866088867,184500,0.0,0.0,0.0
2008-09-05,46.00723265598801,46.08526023281227,45.85717645331313,45.8931884765625,174100,0.0,0.0,0.0
2008-09-08,46.11525570581117,46.21729278564453,45.8451518964668,46.21729278564453,148900,0.0,0.0,0.0
2008-09-09,46.19929347179516,46.36135211739213,46.15127439926613,46.30133056640625,225100,0.0,0.0,0.0
2008-09-10,46.12726486300161,46.31933657376693,46.1032553267371,46.30133056640625,134900,0.0,0.0,0.0
2008-09-11,46.3793456787505,46.403355208572,46.205284601406355,46.271305084228516,183500,0.0,0.0,0.0
2008-09-12,46.29533878835814,46.355364933930886,46.01323696918526,46.121273040771484,133700,0.0,0.0,0.0
2008-09-15,46.84755840032283,46.84755840032283,46.16930128731409,46.46941375732422,118600,0.0,0.0,0.0
2008-09-16,46.715481170770516,46.82952072947879,46.01921844482422,46.01921844482422,166400,0.0,0.0,0.0
2008-09-17,45.989182217568676,46.25928128971969,45.917153661299594,46.0792121887207,294400,0.0,0.0,0.0
2008-09-18,46.079238002429555,46.19328213557323,45.352966825743586,45.42499542236328,359200,0.0,0.0,0.0
2008-09-19,46.53541324436258,46.53541324436258,45.32896049698405,45.98320770263672,222800,0.0,0.0,0.0
2008-09-22,45.46702769497041,45.88718321486641,45.316971497957304,45.86317825317383,171800,0.0,0.0,0.0
2008-09-23,45.72513006353544,46.09727112567306,45.647102480224504,46.00723648071289,195100,0.0,0.0,0.0
2008-09-24,46.10924603781685,46.27730816559837,45.665081188772895,46.00120544433594,3408100,0.0,0.0,0.0
2008-09-25,46.21730071642287,46.49340352183004,45.68310111345125,46.151275634765625,200100,0.0,0.0,0.0
2008-09-26,45.977215118967536,45.98922217845261,45.68310627250356,45.689109802246094,319500,0.0,0.0,0.0
2008-09-29,46.21131392808536,46.21131392808536,45.449030317372674,45.91120147705078,461600,0.0,0.0,0.0
2008-09-30,46.217285188714506,46.217285188714506,45.24491987773681,45.38897705078125,240500,0.0,0.0,0.0
2008-10-01,45.33416359043896,45.82810458504565,45.00285974223423,45.14742660522461,344400,0.269,0.0,0.0
2008-10-02,45.57512563617351,46.22567902032105,45.21370147245925,46.02690124511719,300800,0.0,0.0,0.0
2008-10-03,45.89437149536503,45.89437149536503,45.30404944931438,45.773895263671875,209600,0.0,0.0,0.0
2008-10-06,45.78597350175093,45.930540473494126,45.17758079360078,45.40647888183594,326900,0.0,0.0,0.0
2008-10-07,45.47272159824969,45.77993031214014,45.17756280803303,45.53898239135742,252000,0.0,0.0,0.0
2008-10-08,45.56911073847151,45.73777293441412,44.82819655406631,44.864341735839844,321800,0.0,0.0,0.0
2008-10-09,44.828178141485566,45.17755231569452,43.20781305683748,43.46683120727539,366000,0.0,0.0,0.0
2008-10-10,42.31632687724712,43.12349731210112,40.35863203950971,42.141639709472656,648000,0.0,0.0,0.0
2008-10-13,43.075299667619895,44.027036790770275,42.16572348843084,43.8945198059082,127000,0.0,0.0,0.0
2008-10-14,44.67756955525106,44.85828153506218,43.743903248084415,44.45469665527344,368600,0.0,0.0,0.0
2008-10-15,44.00894106302889,44.22579359756272,43.484884600985886,44.18362808227539,229700,0.0,0.0,0.0
2008-10-16,44.21980915280498,44.237879446077685,43.665627450140654,44.17763900756836,203200,0.0,0.0,0.0
2008-10-17,44.05715951306724,44.46676960554837,43.67766963450214,44.4185791015625,304700,0.0,0.0,0.0
2008-10-20,44.11738025238813,44.68963195112612,44.09328500863832,44.40049362182617,219900,0.0,0.0,0.0
2008-10-21,44.9305861046355,45.207679177176935,44.51495568722126,45.159488677978516,582600,0.0,0.0,0.0
2008-10-22,45.04503812486002,45.43657789475018,44.91251654775575,45.36429214477539,416900,0.0,0.0,0.0
2008-10-23,45.4185314525455,45.4185314525455,44.85832923428685,45.15348815917969,172500,0.0,0.0,0.0
2008-10-24,45.249866122013835,45.249866122013835,44.087296204128364,44.63544845581055,283800,0.0,0.0,0.0
2008-10-27,44.59929282521546,44.780000328224126,44.11739695912654,44.39448547363281,242800,0.0,0.0,0.0
2008-10-28,44.545061780002776,44.545061780002776,43.972814660373,44.05112075805664,185900,0.0,0.0,0.0
2008-10-29,44.22583174493993,44.81615406384668,44.07523983249132,44.37040328979492,732300,0.0,0.0,0.0
2008-10-30,44.418563564310986,44.418563564310986,43.810175898171124,44.07521438598633,181100,0.0,0.0,0.0
2008-10-31,44.081240962541564,44.38242462459891,43.761987016072446,44.05112075805664,282300,0.0,0.0,0.0
2008-11-03,44.25073831333552,44.40195050612637,44.153960294927025,44.39590072631836,308800,0.3,0.0,0.0
2008-11-04,44.335397184120225,44.849517489537476,44.15394078708926,44.843467712402344,1260600,0.0,0.0,0.0
2008-11-05,44.90393738350294,45.32128419539571,44.819258989006784,45.182167053222656,332200,0.0,0.0,0.0
2008-11-06,45.00074090069688,45.26082600719658,44.85557851544536,45.21848678588867,238400,0.0,0.0,0.0
2008-11-07,45.12171936035156,45.206397822811965,44.93421770985067,45.12171936035156,223000,0.0,0.0,0.0
2008-11-10,45.091479689261476,45.29712606534243,44.831394521810196,45.12171936035156,132800,0.0,0.0,0.0
2008-11-11,44.81930135319182,45.36366627137447,44.75881738775614,45.23664855957031,167200,0.0,0.0,0.0
2008-11-12,45.33341225023936,45.33341225023936,44.71041877218288,45.09147644042969,160600,0.0,0.0,0.0
2008-11-13,44.82534151208331,45.31526752596662,44.79509722854222,45.09147644042969,222600,0.0,0.0,0.0
2008-11-14,45.17011626846309,45.30318376548713,44.946320513047134,45.24874496459961,297400,0.0,0.0,0.0
2008-11-17,45.09147653711041,45.23058916658627,44.95840907265191,45.13381576538086,157000,0.0,0.0,0.0
2008-11-18,45.03097599743405,45.24267669713085,45.03097599743405,45.16404342651367,205300,0.0,0.0,0.0
2008-11-19,44.98259437907908,45.35759757718958,44.98259437907908,45.32130813598633,154900,0.0,0.0,0.0
2008-11-20,45.10962366292316,45.5874547586307,45.10962366292316,45.285030364990234,225200,0.0,0.0,0.0
2008-11-21,44.95839511279341,45.39388681956935,44.86161712700839,45.06121826171875,269000,0.0,0.0,0.0
2008-11-24,44.75878000037231,45.30314446384276,44.61361768165583,44.867652893066406,410200,0.0,0.0,0.0
2008-11-25,44.97049012608374,45.79913432584548,44.94025046644851,45.64187240600586,340200,0.0,0.0,0.0
2008-11-26,45.424133410082945,45.93220868372104,45.4180836313912,45.9261589050293,211500,0.0,0.0,0.0
2008-11-28,45.68421261254505,45.78099060058594,45.41807776006109,45.78099060058594,97200,0.0,0.0,0.0
2008-12-01,45.97898166775266,46.30688303853094,45.845391705648616,46.05184555053711,236200,0.296,0.0,0.0
2008-12-02,46.04576567215351,46.39795646415249,45.86359674312001,46.33116149902344,259600,0.0,0.0,0.0
2008-12-03,46.14898075150237,46.39187105042812,45.91216398405522,46.112548828125,223200,0.0,0.0,0.0
2008-12-04,46.14897516330376,46.39186543281783,45.948590343498665,46.312923431396484,261300,0.0,0.0,0.0
2008-12-05,46.06397339474918,46.325079675503,45.851446104076885,45.9728889465332,376700,0.0,0.0,0.0
2008-12-08,46.0092851688344,46.16716444770895,45.72389424725489,45.77246856689453,180600,0.0,0.0,0.0
2008-12-09,45.83930834731958,46.36152101485641,45.83930834731958,46.015403747558594,347300,0.0,0.0,0.0
2008-12-10,46.12468489871324,46.12468489871324,45.87572573538223,45.93644714355469,299300,0.0,0.0,0.0
2008-12-11,46.14897296035179,46.47080058317799,45.942519252405305,46.42829513549805,293400,0.0,0.0,0.0
2008-12-12,46.2643400878782,46.58616766348969,46.0032339096517,46.18539810180664,542800,0.0,0.0,0.0
2008-12-15,46.306859045789054,46.67119216918945,46.306859045789054,46.67119216918945,319800,0.0,0.0,0.0
2008-12-16,46.598330917186104,47.05982208251953,46.331155722728,47.05982208251953,304200,0.0,0.0,0.0
2008-12-17,47.33305904988434,47.363422070977194,46.980873022038836,47.07195281982422,234900,0.0,0.0,0.0
2008-12-18,47.211599271889746,47.466631879570436,47.193383318876116,47.40591049194336,201100,0.0,0.0,0.0
2008-12-19,47.22984564010908,47.363435558565214,47.10232925415039,47.10232925415039,258500,0.0,0.0,0.0
2008-12-22,47.29055448914933,47.527371233337064,47.21161711866897,47.5091552734375,261200,0.0,0.0,0.0
2008-12-23,47.13268979605081,47.721692700270864,47.13268979605081,47.68526077270508,338900,0.0,0.0,0.0
2008-12-24,47.38290935156694,47.8156572700608,47.34024419481834,47.644996643066406,187200,0.294,0.0,0.0
2008-12-26,47.449976095476536,47.79130214948051,47.39512286278174,47.68159103393555,138700,0.0,0.0,0.0
2008-12-29,47.51701849065639,48.07776208376209,47.44997255559429,47.98024368286133,278100,0.0,0.0,0.0
2008-12-30,47.693783252845975,48.08996257411483,47.64502171942549,48.071678161621094,292500,0.0,0.0,0.0
2008-12-31,47.81566132917803,48.284982743407056,47.81566132917803,48.132606506347656,381800,0.0,0.0,0.0
2009-01-02,47.7974141288849,48.248451489765884,47.76694164784635,47.95588684082031,269800,0.0,0.0,0.0
2009-01-05,47.827883982347196,48.05949433365798,47.480466130302695,47.75474166870117,648200,0.0,0.0,0.0
2009-01-06,47.68158898858223,47.68158898858223,47.230551838381025,47.449974060058594,449700,0.0,0.0,0.0
2009-01-07,47.67551018810024,47.67551018810024,47.303711545045935,47.59627151489258,500400,0.0,0.0,0.0
2009-01-08,47.59625517504889,47.59625517504889,47.11475019622091,47.51702117919922,305700,0.0,0.0,0.0
2009-01-09,47.5901799241261,47.766937037656525,47.529230317774164,47.68769836425781,203700,0.0,0.0,0.0
2009-01-12,47.571856705079185,47.779086127679705,47.39509973572122,47.498714447021484,402000,0.0,0.0,0.0
2009-01-13,47.51703496204739,47.76693437938716,47.43170458787201,47.75474166870117,235600,0.0,0.0,0.0
2009-01-14,47.797361914307764,47.931453704833984,47.53527468286622,47.931453704833984,230600,0.0,0.0,0.0
2009-01-15,48.053402498616734,48.053402498616734,47.63894329943837,47.724273681640625,317500,0.0,0.0,0.0
2009-01-16,47.59625218021996,47.821770746740214,47.389022673272976,47.79738998413086,256200,0.0,0.0,0.0
2009-01-20,47.541395033975625,47.60844096308719,47.07207818034927,47.59015655517578,374800,0.0,0.0,0.0
2009-01-21,47.54141160327188,47.62064561522109,47.18180572193751,47.26103973388672,350500,0.0,0.0,0.0
2009-01-22,47.309782246736326,47.437777745407615,47.03550219230841,47.3646354675293,373600,0.0,0.0,0.0
2009-01-23,47.30980498794439,47.30980498794439,47.07818998840591,47.273231506347656,260100,0.0,0.0,0.0
2009-01-26,47.25493731476901,47.413409968486604,47.023327013301476,47.11475372314453,265600,0.0,0.0,0.0
2009-01-27,47.120846574077,47.52312224711675,47.10256216169442,47.40121841430664,382400,0.0,0.0,0.0
2009-01-28,47.41953314009161,47.480482764404464,47.24277597447354,47.42562484741211,283700,0.0,0.0,0.0
2009-01-29,47.267130492205325,47.352460848864695,46.93799712359532,47.10865783691406,403700,0.0,0.0,0.0
2009-01-30,46.95628810439646,47.21227921018499,46.95019174945207,47.1330451965332,337400,0.0,0.0,0.0
2009-02-02,47.144655314896944,47.53008697837855,47.12018309280295,47.29148864746094,407600,0.289,0.0,0.0
2009-02-03,47.30985119713628,47.30985119713628,46.69194030042835,46.80206298828125,391300,0.0,0.0,0.0
2009-02-04,46.71028283635679,46.98559182809424,46.61851317244431,46.88770294189453,337800,0.0,0.0,0.0
2009-02-05,46.99171447753906,47.09572260394237,46.78370755993205,46.99171447753906,367500,0.0,0.0,0.0
2009-02-06,47.016205384969126,47.016205384969126,46.77148769767656,46.985618591308594,344000,0.0,0.0,0.0
2009-02-09,47.18749865559739,47.18749865559739,46.88160276336392,46.99784469604492,263800,0.0,0.0,0.0
2009-02-10,47.181356387826966,47.29147903105771,46.9549918801865,47.25476837158203,291900,0.0,0.0,0.0
2009-02-11,47.0590312969287,47.44446317684599,47.034559061092544,47.42610549926758,250000,0.0,0.0,0.0
2009-02-12,47.401615092469854,47.47502709700597,47.2425479699758,47.30372619628906,238100,0.0,0.0,0.0
2009-02-13,47.169123642023315,47.25477407848022,47.08347320556641,47.083473205566406,300700,0.0,0.0,0.0
2009-02-17,47.21806528712858,47.45054436266463,47.21194606557282,47.389366149902344,303100,0.0,0.0,0.0
2009-02-18,47.36490351630414,47.44443940982903,47.138543616516394,47.205841064453125,387400,0.0,0.0,0.0
2009-02-19,47.089610124407244,47.15078836378255,46.86324550435808,47.00395965576172,351200,0.0,0.0,0.0
2009-02-20,47.193637467951916,47.21810970959983,47.07128092731516,47.08963394165039,419300,0.0,0.0,0.0
2009-02-23,47.09570880039427,47.16912078857422,46.94276093488813,47.16912078857422,418400,0.0,0.0,0.0
2009-02-24,47.089601988652404,47.242549894465824,46.95500708472065,47.13242721557617,564800,0.0,0.0,0.0
2009-02-25,47.05288882106442,47.077356374781665,46.832643496817575,46.893821716308594,553300,0.0,0.0,0.0
2009-02-26,46.808162689208984,46.85710245526513,46.698040047286,46.808162689208984,612000,0.0,0.0,0.0
2009-02-27,46.80816167543348,46.86933988237723,46.67356681959844,46.85710144042969,548700,0.0,0.0,0.0
2009-03-02,46.841764239246764,47.025960263346356,46.78650215292386,46.93386459350586,759200,0.275,0.0,0.0
2009-03-03,46.82335177755825,46.95843169179786,46.68827186331864,46.77423095703125,893600,0.0,0.0,0.0
2009-03-04,46.64529953791885,46.79265733789398,46.63301698867593,46.768096923828125,536700,0.0,0.0,0.0
2009-03-05,46.74968476713943,47.0198446777962,46.70670520720955,46.983001708984375,679700,0.0,0.0,0.0
2009-03-06,46.92160568936927,47.0259839573919,46.78652572631836,46.78652572631836,690800,0.0,0.0,0.0
2009-03-09,46.8663457191584,46.87862358585159,46.553206247643786,46.61460494995117,754100,0.0,0.0,0.0
2009-03-10,46.559344735827544,46.780383798437754,46.49180476200662,46.66372299194336,635400,0.0,0.0,0.0
2009-03-11,46.749687968101036,46.84178836980568,46.63302714698042,46.76197052001953,545900,0.0,0.0,0.0
2009-03-12,46.8479253101522,46.97072271144657,46.682143665542156,46.8663444519043,438300,0.0,0.0,0.0
2009-03-13,46.88476803532233,46.96458588528322,46.71284978345517,46.829505920410156,407000,0.0,0.0,0.0
2009-03-16,46.75581424364081,46.89703075445064,46.68827428302063,46.79879379272461,422700,0.0,0.0,0.0
2009-03-17,46.88474189127841,46.88474189127841,46.62686465727612,46.69440460205078,600000,0.0,0.0,0.0
2009-03-18,46.823326182979365,47.89167768115302,46.74350372215075,47.52328109741211,401300,0.0,0.0,0.0
2009-03-19,47.51715607784531,47.79959371145352,47.37593960325036,47.49259567260742,375800,0.0,0.0,0.0
2009-03-20,47.37593249365984,47.51714894706278,47.1917318242274,47.27769088745117,495800,0.0,0.0,0.0
2009-03-23,47.339101090725684,47.38208063281628,47.16718292236328,47.16718292236328,335100,0.0,0.0,0.0
2009-03-24,47.044390759484074,47.29612676681195,46.98298739164966,47.14262771606445,475500,0.0,0.0,0.0
2009-03-25,47.19176291751571,47.19176291751571,46.97072384232757,46.983001708984375,573300,0.0,0.0,0.0
2009-03-26,47.044390759484074,47.22858680972951,47.00141121265155,47.14262771606445,302200,0.0,0.0,0.0
2009-03-27,47.27766976269877,47.33292712818768,47.16715034730546,47.25925064086914,411900,0.0,0.0,0.0
2009-03-30,47.326815176472785,47.412774246027986,47.142614493472806,47.351375579833984,358200,0.0,0.0,0.0
2009-03-31,47.35137380750543,47.46189327628516,47.296111730906674,47.36979293823242,398700,0.0,0.0,0.0
2009-04-01,47.49799106461728,47.541126051647694,47.362422619275705,47.46717834472656,521700,0.278,0.0,0.0
2009-04-02,47.485644505737966,47.516457212916784,47.23916165374359,47.374725341796875,567900,0.0,0.0,0.0
2009-04-03,47.35626152845492,47.424045754551585,47.11593734551628,47.122100830078125,546800,0.0,0.0,0.0
2009-04-06,47.26996747061861,47.31926591927822,47.15288483039173,47.1713752746582,541000,0.0,0.0,0.0
2009-04-07,47.29462573043747,47.356246452355016,47.18370655044199,47.26381301879883,274100,0.0,0.0,0.0
2009-04-08,47.35006549110647,47.485633850097656,47.29460827225989,47.485633850097656,260600,0.0,0.0,0.0
2009-04-09,47.3438944404086,47.49794849908386,47.257624543658984,47.4301643371582,495100,0.0,0.0,0.0
2009-04-13,47.467167452237135,47.55343740650123,47.26997831372493,47.5041389465332,376700,0.0,0.0,0.0
2009-04-14,47.58426826569566,47.65821128248614,47.48567130815942,47.627403259277344,316000,0.0,0.0,0.0
2009-04-15,47.639686549442025,47.72595646601924,47.5102816745762,47.69514846801758,639000,0.0,0.0,0.0
2009-04-16,47.50411004922127,47.633519603255955,47.50411004922127,47.60270690917969,436800,0.0,0.0,0.0
2009-04-17,47.5534388396349,47.60890078411038,47.25765747363248,47.3500862121582,609300,0.0,0.0,0.0
2009-04-20,47.424022349708366,47.63353840915923,47.424022349708366,47.5842399597168,247700,0.0,0.0,0.0
2009-04-21,47.62121093264533,47.62121093264533,47.39937261390527,47.49180603027344,408000,0.0,0.0,0.0
2009-04-22,47.559593479364935,47.5842427055085,47.4117028238627,47.57807922363281,379400,0.0,0.0,0.0
2009-04-23,47.61505889892578,47.633549347732014,47.41786975723244,47.61505889892578,374200,0.0,0.0,0.0
2009-04-24,47.5287981454188,47.61506811777754,47.44252817306005,47.590423583984375,273100,0.0,0.0,0.0
2009-04-27,47.52260863486315,47.69514846801758,47.516445154719676,47.69514846801758,405700,0.0,0.0,0.0
2009-04-28,47.71365060736933,47.71365060736933,47.43019154099024,47.52262496948242,431400,0.0,0.0,0.0
2009-04-29,47.59658027707364,47.65204222907549,47.3870688395039,47.45485305786133,374800,0.0,0.0,0.0
2009-04-30,47.479504376471574,47.60274585088096,47.461013924085364,47.590423583984375,487600,0.0,0.0,0.0
2009-05-01,47.47789573782584,47.52736589482034,47.40369522006792,47.50881576538086,413600,0.268,0.0,0.0
2009-05-04,47.50880962750598,47.632480286280845,47.490259500463075,47.5459098815918,449600,0.0,0.0,0.0
2009-05-05,47.6262775562049,47.6695627423884,47.53970718383789,47.53970718383789,341000,0.0,0.0,0.0
2009-05-06,47.57063364585271,47.79324455290304,47.57063364585271,47.7437744140625,550900,0.0,0.0,0.0
2009-05-07,47.65719817157585,47.7314033707148,47.50260754500168,47.576812744140625,517100,0.0,0.0,0.0
2009-05-08,47.69429016113281,47.73139511314887,47.552069451218514,47.69429016113281,429100,0.0,0.0,0.0
2009-05-11,47.688121525885265,47.91691264990015,47.651016564849776,47.89217758178711,336100,0.0,0.0,0.0
2009-05-12,47.86126153398779,47.947831912159195,47.817976344902085,47.873626708984375,356500,0.0,0.0,0.0
2009-05-13,47.923071902694325,48.04674245922245,47.88597167928175,48.01582717895508,299000,0.0,0.0,0.0
2009-05-14,48.0097216037977,48.09010712665857,47.93551631656965,47.99735641479492,396300,0.0,0.0,0.0
2009-05-15,47.97255914342956,48.040579389128894,47.92927396141461,47.98492431640625,535900,0.0,0.0,0.0
2009-05-18,48.04058056955549,48.07149586162236,47.77468452557852,47.84270477294922,507000,0.0,0.0,0.0
2009-05-19,47.87360976449577,47.96018011202628,47.774674246345235,47.94781494140625,362400,0.0,0.0,0.0
2009-05-20,48.015849262700456,48.145704822097755,47.91072876953095,48.090049743652344,710600,0.0,0.0,0.0
2009-05-21,48.12096599020671,48.15806622777941,47.7684995800727,47.84270477294922,292700,0.0,0.0,0.0
2009-05-22,47.83032608032226,47.91071620391142,47.74375573009567,47.830326080322266,515000,0.0,0.0,0.0
2009-05-26,47.904559411822724,47.904559411822724,47.73141860961914,47.73141860961914,298900,0.0,0.0,0.0
2009-05-27,47.72521403497093,47.74994909907548,47.37893257296949,47.44695281982422,473700,0.0,0.0,0.0
2009-05-28,47.47170788542151,47.595383270343845,47.323302141248256,47.570648193359375,328800,0.0,0.0,0.0
2009-05-29,47.5458921272925,47.960193868988775,47.5211570612273,47.910728454589844,360300,0.0,0.0,0.0
2009-06-01,47.859839332432,47.97153109947819,47.54338327088963,47.58681869506836,510500,0.268,0.0,0.0
2009-06-02,47.71092496579589,47.76677322387695,47.57441226171641,47.76677322387695,417500,0.0,0.0,0.0
2009-06-03,47.8598328082828,47.95911646950358,47.741939378215044,47.9280891418457,420100,0.0,0.0,0.0
2009-06-04,47.89707562529597,47.89707562529597,47.59302290576529,47.63025665283203,457300,0.0,0.0,0.0
2009-06-05,47.48133219446072,47.51235952869237,47.264155057158746,47.30759048461914,546400,0.0,0.0,0.0
2009-06-08,47.36963422028185,47.45030338508534,47.16486993711019,47.20830535888672,334100,0.0,0.0,0.0
2009-06-09,47.15866730309957,47.42548626799452,47.15866730309957,47.33861541748047,458900,0.0,0.0,0.0
2009-06-10,47.33241398004712,47.40067033178465,47.15867226075406,47.22072219848633,379800,0.0,0.0,0.0
2009-06-11,47.13383377577549,47.49372990826722,47.13383377577549,47.450294494628906,379200,0.0,0.0,0.0
2009-06-12,47.53095119009629,47.63023482463222,47.375824061712095,47.57438659667969,289200,0.0,0.0,0.0
2009-06-15,47.518555896259144,47.72332489704129,47.518555896259144,47.667476654052734,348500,0.0,0.0,0.0
2009-06-16,47.698512928473875,47.89707555414465,47.66748559498208,47.890869140625,381900,0.0,0.0,0.0
2009-06-17,47.928096836689896,48.08943044502296,47.85363881292563,47.86604690551758,374700,0.0,0.0,0.0
2009-06-18,47.779167089719266,47.79157517998294,47.47511917015238,47.51234817504883,502600,0.0,0.0,0.0
2009-06-19,47.5371602488885,47.63023747792483,47.481312017824884,47.62403106689453,514800,0.0,0.0,0.0
2009-06-22,47.85987494557831,47.872287781212314,47.735774993896484,47.735774993896484,336200,0.0,0.0,0.0
2009-06-23,47.779169699140425,47.95911778947662,47.74814237062859,47.952911376953125,333000,0.0,0.0,0.0
2009-06-24,47.93432113923057,48.08324197644297,47.79780839924084,47.847450256347656,364400,0.0,0.0,0.0
2009-06-25,47.95911533329027,48.176292419433594,47.810194579092766,48.176292419433594,449600,0.0,0.0,0.0
2009-06-26,48.23837801937641,48.24458443617272,48.15150712066379,48.201148986816406,383500,0.0,0.0,0.0
2009-06-29,48.29420842865947,48.30041010905162,48.13908120492674,48.288002014160156,392500,0.0,0.0,0.0
2009-06-30,48.201114754603644,48.28177917923245,48.089423002137686,48.20732116699219,439600,0.0,0.0,0.0
2009-07-01,48.07905535990498,48.25961700004549,48.029244269470276,48.178672790527344,430400,0.264,0.0,0.0
2009-07-02,48.12889096924076,48.27831956642309,48.11020823812469,48.19738006591797,373000,0.0,0.0,0.0
2009-07-06,48.20981094304743,48.24094406538139,48.10396592750802,48.15999984741211,240300,0.0,0.0,0.0
2009-07-07,48.25343886262473,48.365511555799614,48.203627721157694,48.259666442871094,281200,0.0,0.0,0.0
2009-07-08,48.371670667634405,48.6144937007638,48.284503668574885,48.5895881652832,337200,0.0,0.0,0.0
2009-07-09,48.50244217007802,48.5273477163439,48.32810809646407,48.44640350341797,462400,0.0,0.0,0.0
2009-07-10,48.4340039066815,48.62078857421875,48.4340039066815,48.62078857421875,440100,0.0,0.0,0.0
2009-07-13,48.633189526667664,48.68300061592333,48.50243898005671,48.539794921875,789000,0.0,0.0,0.0
2009-07-14,48.4651136934442,48.47756884998051,48.272101519385004,48.396629333496094,374300,0.0,0.0,0.0
2009-07-15,48.265843032582964,48.30942655204918,48.12886965015152,48.153770446777344,1087100,0.0,0.0,0.0
2009-07-16,48.409069683341826,48.409069683341826,48.22850795307821,48.36548614501953,529400,0.0,0.0,0.0
2009-07-17,48.30323214025412,48.32191012383365,48.184931910583494,48.240970611572266,575800,0.0,0.0,0.0
2009-07-20,48.303234660475376,48.42153014606792,48.24097312854503,48.396629333496094,473200,0.0,0.0,0.0
2009-07-21,48.35303399088947,48.71415268809442,48.28454489739819,48.689247131347656,438600,0.0,0.0,0.0
2009-07-22,48.714158982841795,48.714158982841795,48.53359723578287,48.58340835571289,608300,0.0,0.0,0.0
2009-07-23,48.608309540956,48.639442675672754,48.296997194786115,48.4215202331543,498100,0.0,0.0,0.0
2009-07-24,48.43395034370728,48.48998425692504,48.315650193251614,48.44017791748047,417900,0.0,0.0,0.0
2009-07-27,48.315649128394945,48.37791061401367,48.25338764277622,48.37791061401367,597100,0.0,0.0,0.0
2009-07-28,48.40907927880739,48.55228507610887,48.2596506535474,48.427757263183594,686600,0.0,0.0,0.0
2009-07-29,48.55224422049833,48.55846704322047,48.315643950159235,48.40903854370117,420200,0.0,0.0,0.0
2009-07-30,48.371702419869365,48.6269760131836,48.346796868040215,48.626976013183594,415200,0.0,0.0,0.0
2009-07-31,48.73282285118207,48.86357819069128,48.62697781467317,48.83867263793945,481200,0.0,0.0,0.0
2009-08-03,48.81367288189349,48.838661256871475,48.607522362859015,48.68248748779297,596900,0.26,0.0,0.0
2009-08-04,48.85113832843771,48.913611630064096,48.53879088448084,48.63874435424805,485900,0.0,0.0,0.0
2009-08-05,48.563813049449415,48.63252991622628,48.47635608556014,48.52633285522461,485200,0.0,0.0,0.0
2009-08-06,48.563826378611,48.60755487255766,48.48886596958724,48.55758285522461,331800,0.0,0.0,0.0
2009-08-07,48.26394330879291,48.41386879379069,48.15774152279279,48.22021484375,986100,0.0,0.0,0.0
2009-08-10,48.38890930406177,48.626291860849335,48.30770061080372,48.613800048828125,482000,0.0,0.0,0.0
2009-08-11,48.707489013671875,48.73872091629299,48.58254710504795,48.707489013671875,444600,0.0,0.0,0.0
2009-08-12,48.69496002249184,48.72619667036452,48.451329420423484,48.67621994018555,419500,0.0,0.0,0.0
2009-08-13,48.688740293092906,48.90113435105569,48.59503506973759,48.801185607910156,562200,0.0,0.0,0.0
2009-08-14,48.95735912564568,49.038567776888314,48.83241723983516,48.95111083984375,640800,0.0,0.0,0.0
2009-08-17,49.11354658114013,49.11354658114013,48.88240760257788,49.088558197021484,483900,0.0,0.0,0.0
2009-08-18,49.088572383941745,49.107312485935005,48.888670019266435,49.01985549926758,466600,0.0,0.0,0.0
2009-08-19,49.182243957225914,49.182243957225914,48.93860850012273,49.07604217529297,384500,0.0,0.0,0.0
2009-08-20,48.93240027912225,49.14479446411133,48.93240027912225,49.14479446411133,487700,0.0,0.0,0.0
2009-08-21,49.10102025907691,49.18223364977255,48.90736635703787,48.98857498168945,705500,0.0,0.0,0.0
2009-08-24,48.976135503996574,49.19477800860276,48.88243021172274,49.082332611083984,760500,0.0,0.0,0.0
2009-08-25,49.10105604273228,49.16977291599513,48.963622296206566,49.16352462768555,554900,0.0,0.0,0.0
2009-08-26,49.18849963819431,49.25721649276979,49.11353926305467,49.19474792480469,512000,0.0,0.0,0.0
2009-08-27,49.138519287109375,49.182247753853254,49.03856578252599,49.138519287109375,402300,0.0,0.0,0.0
2009-08-28,49.08231340631952,49.238487243652344,49.026093112582394,49.238487243652344,633000,0.0,0.0,0.0
2009-08-31,49.2572148844552,49.33842830959972,49.119781179791616,49.33218002319336,421700,0.0,0.0,0.0
2009-09-01,49.301474230058204,49.426825665740914,49.21999149319876,49.38922119140625,653800,0.261,0.0,0.0
2009-09-02,49.376674680639574,49.55216857313188,49.320267978845585,49.49576187133789,390700,0.0,0.0,0.0
2009-09-03,49.502001583127274,49.50826580283083,49.37664546134969,49.40798568725586,443300,0.0,0.0,0.0
2009-09-04,49.49576525803922,49.50203426372859,49.29520011263168,49.35787582397461,423200,0.0,0.0,0.0
2009-09-08,49.38296339072538,49.41429886583112,49.288947401704476,49.332820892333984,494800,0.0,0.0,0.0
2009-09-09,49.339078618600126,49.41428756713867,49.207458176806924,49.41428756713867,523900,0.0,0.0,0.0
2009-09-10,49.47697779404118,49.65874075849571,49.41429728213489,49.60232925415039,490200,0.0,0.0,0.0
2009-09-11,49.64620168501046,49.72141542858358,49.533383460576566,49.62739944458008,370000,0.0,0.0,0.0
2009-09-14,49.59605709306212,49.59605709306212,49.40802991485388,49.43936538696289,429800,0.0,0.0,0.0
2009-09-15,49.46443265929014,49.50830614219863,49.395487931598076,49.47697067260742,378100,0.0,0.0,0.0
2009-09-16,49.4518593603708,49.52080403220172,49.35784346406981,49.489463806152344,535500,0.0,0.0,0.0
2009-09-17,49.50831836671144,49.63367462158204,49.43310939564127,49.63367462158203,879600,0.0,0.0,0.0
2009-09-18,49.627397743019635,49.63366675023202,49.48323926824344,49.57725524902344,432800,0.0,0.0,0.0
2009-09-21,49.57725825993139,49.58979627511761,49.47070904010714,49.53965377807617,414600,0.0,0.0,0.0
2009-09-22,49.53964639364084,49.57098186323205,49.458168434482495,49.47697067260742,641400,0.0,0.0,0.0
2009-09-23,49.54590388846119,49.627381828688385,49.464421166384106,49.62111282348633,540700,0.0,0.0,0.0
2009-09-24,49.66500432798512,49.69634458352417,49.589795365654005,49.646202087402344,781200,0.0,0.0,0.0
2009-09-25,49.69006875303354,49.82795820750897,49.646195270414175,49.802886962890625,440400,0.0,0.0,0.0
2009-09-28,49.771527578237134,49.83420326874179,49.67751165155582,49.82793426513672,463800,0.0,0.0,0.0
2009-09-29,49.74018734206047,49.840467490498185,49.70884710588381,49.82793426513672,752400,0.0,0.0,0.0
2009-09-30,49.79032980720366,49.85927450131338,49.76525857463207,49.82793426513672,575600,0.0,0.0,0.0
2009-10-01,49.92099962898644,50.05303192138672,49.84555054898049,50.05303192138672,2491800,0.248,0.0,0.0
2009-10-02,50.17879396418595,50.17879396418595,49.87700712729012,49.902156829833984,787100,0.0,0.0,0.0
2009-10-05,50.05303774234482,50.05303774234482,49.93357788431276,49.97758865356445,465500,0.0,0.0,0.0
2009-10-06,50.00271849227281,50.05301786481769,49.92098560949651,50.034156799316406,769800,0.0,0.0,0.0
2009-10-07,50.071875727617375,50.08445296835522,50.002715293994854,50.059303283691406,802700,0.0,0.0,0.0
2009-10-08,50.11590012434273,50.11590012434273,49.889557697541775,50.04045104980469,1109400,0.0,0.0,0.0
2009-10-09,49.939861095682986,49.939861095682986,49.669507886202,49.67579650878906,1349300,0.0,0.0,0.0
2009-10-12,49.69467618969365,49.858146860479835,49.619227080834946,49.8455696105957,350700,0.0,0.0,0.0
2009-10-13,49.93984299402786,49.93984299402786,49.75751137960111,49.88325500488281,745700,0.0,0.0,0.0
2009-10-14,49.75123515541745,49.820395605598094,49.6380639457412,49.66950225830078,1088300,0.0,0.0,0.0
2009-10-15,49.64437623306867,49.72610916914739,49.55006604724534,49.682098388671875,736700,0.0,0.0,0.0
2009-10-16,49.71354596601074,49.73240704732167,49.60666330737133,49.70097351074219,858500,0.0,0.0,0.0
2009-10-19,49.770103454589844,49.782675902140596,49.61292147773246,49.770103454589844,973400,0.0,0.0,0.0
2009-10-20,49.85815889765565,49.88330380986388,49.7952822266855,49.870731353759766,533100,0.0,0.0,0.0
2009-10-21,49.83298450668541,49.87070665313076,49.71352464718963,49.864418029785156,453700,0.0,0.0,0.0
2009-10-22,49.77010945964975,49.86441481969207,49.73867114175975,49.820404052734375,349200,0.0,0.0,0.0
2009-10-23,49.75123515541745,49.78267346797703,49.63178012067971,49.66950225830078,552700,0.0,0.0,0.0
2009-10-26,49.669507882788906,49.7135186472682,49.562625282883985,49.60663604736328,390700,0.0,0.0,0.0
2009-10-27,49.69467421183947,49.820417924783996,49.56892570207976,49.78269577026367,315300,0.0,0.0,0.0
2009-10-28,49.77642122256675,49.85187034975993,49.600378055932545,49.7324104309082,766700,0.0,0.0,0.0
2009-10-29,49.713527069861165,49.80783723738465,49.64436660013156,49.757537841796875,357900,0.0,0.0,0.0
2009-10-30,49.858136608114265,49.965019226074226,49.75753781698886,49.96501922607422,428700,0.0,0.0,0.0
2009-11-02,50.01104738723648,50.029968693273204,49.859672126809876,49.92274475097656,525700,0.253,0.0,0.0
2009-11-03,49.93536119738259,49.93536119738259,49.7965985262476,49.83444595336914,609900,0.0,0.0,0.0
2009-11-04,49.83447487279948,49.89754753842622,49.73355475808797,49.82185745239258,446700,0.0,0.0,0.0
2009-11-05,49.82182692087105,49.897516960520754,49.75875429389611,49.8659782409668,454300,0.0,0.0,0.0
2009-11-06,49.91647041522986,49.94800915509579,49.815555109503826,49.87862777709961,413500,0.0,0.0,0.0
2009-11-09,49.947984977914906,49.98582759772755,49.91013754596852,49.97951889038086,335200,0.0,0.0,0.0
2009-11-10,50.055200892146864,50.067813492678106,49.92905563830253,49.99843215942383,432700,0.0,0.0,0.0
2009-11-11,50.029972847824986,50.16873551979438,50.01736024679739,50.12458419799805,681700,0.0,0.0,0.0
2009-11-12,50.04258042058672,50.19396049050625,49.99842910322669,50.18134307861328,480300,0.0,0.0,0.0
2009-11-13,50.137231516090694,50.149848937988274,50.04892881135362,50.14984893798828,398000,0.0,0.0,0.0
2009-11-16,50.225533284791055,50.313835987882456,50.18138193324535,50.27599334716797,488700,0.0,0.0,0.0
2009-11-17,50.28857382368807,50.31379902420811,50.2065750795329,50.263343811035156,729200,0.0,0.0,0.0
2009-11-18,50.320144698713676,50.320144698713676,50.219229386096245,50.27599334716797,660800,0.0,0.0,0.0
2009-11-19,50.35797504071398,50.38320506574062,50.27598106847883,50.31382369995117,699900,0.0,0.0,0.0
2009-11-20,50.31381850252196,50.34535723358111,50.263363269815954,50.28859329223633,476900,0.0,0.0,0.0
2009-11-23,50.3137909758559,50.35794228790269,50.21918445870714,50.32640838623047,517500,0.0,0.0,0.0
2009-11-24,50.37056268633712,50.458865315668945,50.33272007723273,50.45255661010742,586900,0.0,0.0,0.0
2009-11-25,50.41473841240062,50.55350112915039,50.3958170986865,50.55350112915039,579800,0.0,0.0,0.0
2009-11-27,50.64178848266601,50.64178848266601,50.52825582258898,50.641788482666016,117700,0.0,0.0,0.0
2009-11-30,50.66702574095689,50.66702574095689,50.59764439365,50.6165657043457,373600,0.0,0.0,0.0
2009-12-01,50.651356480953694,50.6766637591666,50.54380416870117,50.54380416870117,535900,0.245,0.0,0.0
2009-12-02,50.58176496360832,50.58176496360832,50.436254140880635,50.474212646484375,463400,0.0,0.0,0.0
2009-12-03,50.42363739013672,50.42996542162635,50.360371555861676,50.42363739013672,454800,0.0,0.0,0.0
2009-12-04,50.20849664955357,50.271762438543675,50.14523086056346,50.21482467651367,618000,0.0,0.0,0.0
2009-12-07,50.271738258304644,50.372967333494806,50.22745174462594,50.347660064697266,482200,0.0,0.0,0.0
2009-12-08,50.448895630974995,50.50583820526124,50.42991638183594,50.42991638183594,387300,0.0,0.0,0.0
2009-12-09,50.49949985689048,50.49949985689048,50.341333043905124,50.37929153442383,580600,0.0,0.0,0.0
2009-12-10,50.366692224606616,50.366692224606616,50.22750451342412,50.309749603271484,624500,0.0,0.0,0.0
2009-12-11,50.20849056999177,50.27175635132125,50.13256873627455,50.252777099609375,280200,0.0,0.0,0.0
2009-12-14,50.265437674172944,50.284421756285454,50.15155731585097,50.208499908447266,393800,0.0,0.0,0.0
2009-12-15,50.07559250564585,50.208451992416336,50.07559250564585,50.16416549682617,517200,0.0,0.0,0.0
2009-12-16,50.19585643572776,50.2654502736394,50.176877175728556,50.18953323364258,709400,0.0,0.0,0.0
2009-12-17,50.27805597449061,50.353972938451186,50.25907673350047,50.328670501708984,514100,0.0,0.0,0.0
2009-12-18,50.32869227507862,50.36032274812395,50.265421675249826,50.316036224365234,349000,0.0,0.0,0.0
2009-12-21,50.22116068476492,50.24014477048683,50.08197784423828,50.08197784423828,654800,0.0,0.0,0.0
2009-12-22,50.03770735985641,50.04403539107208,49.917503727999886,49.97444152832031,603200,0.0,0.0,0.0
2009-12-23,49.98074510143723,50.03135967264726,49.936458558346246,49.96809387207031,680000,0.0,0.0,0.0
2009-12-24,49.80355296235963,49.82253220232851,49.73395919789593,49.765594482421875,567900,0.0,0.0,0.0
2009-12-28,49.781517174282136,49.89576794884057,49.73708658654113,49.81959915161133,2665700,0.255,0.0,0.0
2009-12-29,49.74974096715079,49.85129928588867,49.73069999302923,49.85129928588867,741700,0.0,0.0,0.0
2009-12-30,49.89571867184793,49.95919018556909,49.832247158126776,49.92110824584961,599000,0.0,0.0,0.0
2009-12-31,49.851269910882024,49.914741401408854,49.71797832800639,49.88300323486328,404300,0.0,0.0,0.0
2010-01-04,49.88940636193011,49.97192374810796,49.85132439450624,49.940185546875,1098100,0.0,0.0,0.0
2010-01-05,50.07346535264092,50.14328550467316,50.00999380785756,50.08616256713867,814600,0.0,0.0,0.0
2010-01-06,50.12423210554725,50.13058071122305,49.952853650271585,50.06710433959961,981300,0.0,0.0,0.0
2010-01-07,49.96558878653711,50.0607985736712,49.96558878653711,50.02906036376953,661700,0.0,0.0,0.0
2010-01-08,50.06709862749936,50.117877781977874,49.99093473834831,50.079795837402344,1270000,0.0,0.0,0.0
2010-01-11,50.09252452887261,50.1179141245229,50.03540157058713,50.098873138427734,2237100,0.0,0.0,0.0
2010-01-12,50.21311117009971,50.28927993774414,50.19407018883085,50.28927993774414,702100,0.0,0.0,0.0
2010-01-13,50.23847838994605,50.29560130831787,50.130576315754716,50.17500686645508,460500,0.0,0.0,0.0
2010-01-14,50.25752275765688,50.32099428543538,50.225784572484045,50.29560470581055,777700,0.0,0.0,0.0
2010-01-15,50.36542111770313,50.41620027320079,50.314641962205464,50.32733917236328,745300,0.0,0.0,0.0
2010-01-19,50.35907146418379,50.39080964635076,50.28925618003651,50.30194854736328,782000,0.0,0.0,0.0
2010-01-20,50.4162244814723,50.44161407141241,50.378142517846705,50.42257308959961,417300,0.0,0.0,0.0
2010-01-21,50.454289526239805,50.536806876516856,50.41620757538424,50.479679107666016,647300,0.0,0.0,0.0
2010-01-22,50.524145863646034,50.56223268435723,50.460674285888665,50.46067428588867,403200,0.0,0.0,0.0
2010-01-25,50.511434149723755,50.511434149723755,50.36544521845142,50.39083480834961,692900,0.0,0.0,0.0
2010-01-26,50.517780228240504,50.54316981930117,50.43526768922035,50.511436462402344,494400,0.0,0.0,0.0
2010-01-27,50.54316193478648,50.562207757037925,50.416218841855084,50.44160842895508,597800,0.0,0.0,0.0
2010-01-28,50.34007489835,50.492412496052836,50.34007489835,50.46067428588867,696100,0.0,0.0,0.0
2010-01-29,50.422540177025915,50.54948320129712,50.39715060365848,50.52409362792969,469400,0.0,0.0,0.0
2010-02-01,50.55471304128133,50.561081493639186,50.452837234379025,50.49104309082031,437300,0.248,0.0,0.0
2010-02-02,50.478280608111696,50.54195052631035,50.420979139043915,50.522850036621094,573000,0.0,0.0,0.0
2010-02-03,50.452837234379025,50.503775137830175,50.40826778328572,50.49104309082031,444700,0.0,0.0,0.0
2010-02-04,50.53559193839914,50.631094396301116,50.53559193839914,50.586524963378906,428800,0.0,0.0,0.0
2010-02-05,50.669307708740234,50.75207813702836,50.580168829751614,50.669307708740234,903800,0.0,0.0,0.0
2010-02-08,50.70112048546355,50.70112048546355,50.5928811542656,50.67565155029297,411100,0.0,0.0,0.0
2010-02-09,50.64381841626656,50.6756509415704,50.5355790863688,50.57378005981445,691600,0.0,0.0,0.0
2010-02-10,50.586491987676204,50.59286043328624,50.41458281781084,50.45915222167969,453700,0.0,0.0,0.0
2010-02-11,50.4209694138093,50.433701451911915,50.28089270616832,50.376399993896484,505300,0.0,0.0,0.0
2010-02-12,50.48466553041775,50.548335469391944,50.4273591849475,50.44646453857422,387900,0.0,0.0,0.0
2010-02-16,50.42731465476188,50.54192238679228,50.401850587822395,50.51008987426758,1246100,0.0,0.0,0.0
2010-02-17,50.49104568953823,50.50377773720341,50.32549992365445,50.395538330078125,660100,0.0,0.0,0.0
2010-02-18,50.45283657283633,50.45283657283633,50.2618267239578,50.325496673583984,510600,0.0,0.0,0.0
2010-02-19,50.306396174466705,50.325496673583984,50.22362086801748,50.325496673583984,509300,0.0,0.0,0.0
2010-02-22,50.357302799849876,50.357302799849876,50.261800354368354,50.30636978149414,484700,0.0,0.0,0.0
2010-02-23,50.382786735371106,50.50376301259646,50.36368624058914,50.49739456176758,516000,0.0,0.0,0.0
2010-02-24,50.548298263207194,50.599236119975615,50.49736040643877,50.56103515625,378600,0.0,0.0,0.0
2010-02-25,50.631095886230476,50.631095886230476,50.541957017762954,50.63109588623047,858200,0.0,0.0,0.0
2010-02-26,50.62471891491331,50.75842718227824,50.62471891491331,50.68838882446289,936200,0.0,0.0,0.0
2010-03-01,50.786739548182936,50.786739548182936,50.67818110655825,50.74203872680664,565000,0.234,0.0,0.0
2010-03-02,50.73564891235167,50.793124178057134,50.703722539869865,50.78034973144531,709800,0.0,0.0,0.0
2010-03-03,50.76756348427633,50.79310749708719,50.710093109468595,50.786720275878906,731900,0.0,0.0,0.0
2010-03-04,50.77395956209938,50.837817169254215,50.72925874988867,50.825042724609375,461200,0.0,0.0,0.0
2010-03-05,50.74845886230469,50.76122844582616,50.652669933798094,50.74845886230469,900200,0.0,0.0,0.0
2010-03-08,50.6653938293457,50.684555495389645,50.6398546853329,50.6653938293457,720200,0.0,0.0,0.0
2010-03-09,50.69734191894531,50.71649871933399,50.639871517779284,50.69734191894531,577300,0.0,0.0,0.0
2010-03-10,50.63349832679246,50.65904235839844,50.576023037672556,50.65904235839844,1147900,0.0,0.0,0.0
2010-03-11,50.63344636337602,50.6717599354521,50.595132791299925,50.65260314941406,337600,0.0,0.0,0.0
2010-03-12,50.601527189624626,50.72286002612271,50.5823703990243,50.67177200317383,554900,0.0,0.0,0.0
2010-03-15,50.72926915156662,50.74842595043872,50.67818110655825,50.74203872680664,459600,0.0,0.0,0.0
2010-03-16,50.71651333792149,50.83145904541015,50.697356532011035,50.831459045410156,523800,0.0,0.0,0.0
2010-03-17,50.8250727882511,50.84423446655273,50.79953362790094,50.844234466552734,380500,0.0,0.0,0.0
2010-03-18,50.85699301265505,50.86976746208456,50.72927775050969,50.75482177734375,594000,0.0,0.0,0.0
2010-03-19,50.793113708496094,50.83781451837592,50.74841289861626,50.793113708496094,341300,0.0,0.0,0.0
2010-03-22,50.812303208076024,50.850616820627266,50.79953362790094,50.844234466552734,484000,0.0,0.0,0.0
2010-03-23,50.86339127282835,50.89531765927905,50.81869043417657,50.844234466552734,538700,0.0,0.0,0.0
2010-03-24,50.68454156237814,50.748399148901704,50.53766472855456,50.58875274658203,654000,0.0,0.0,0.0
2010-03-25,50.569624060534615,50.58239363612705,50.34611507546072,50.429134368896484,998900,0.0,0.0,0.0
2010-03-26,50.46742913059532,50.56321796387008,50.416341103245784,50.53767395019531,863200,0.0,0.0,0.0
2010-03-29,50.52492323792469,50.56323683672626,50.429134368896484,50.429134368896484,853200,0.0,0.0,0.0
2010-03-30,50.50574031981207,50.53767155339677,50.43550037556572,50.53128433227539,465600,0.0,0.0,0.0
2010-03-31,50.59515043427199,50.627076798128115,50.531287962514625,50.57598876953125,463000,0.0,0.0,0.0
2010-04-01,50.59200880578764,50.59200880578764,50.50232488531118,50.55997848510742,605200,0.245,0.0,0.0
2010-04-05,50.39988045278705,50.40628749991889,50.220522230255874,50.26536178588867,817000,0.0,0.0,0.0
2010-04-06,50.30377197265625,50.34220446410322,50.284555726932766,50.30377197265625,487900,0.0,0.0,0.0
2010-04-07,50.348574243096785,50.52793225328869,50.348574243096785,50.495906829833984,526900,0.0,0.0,0.0
2010-04-08,50.58560490138951,50.59201194335106,50.45748849786402,50.47030258178711,669600,0.0,0.0,0.0
2010-04-09,50.515174914090906,50.59204480613814,50.47033536551608,50.56642150878906,338100,0.0,0.0,0.0
2010-04-12,50.56640357429198,50.662484796343364,50.55999653044105,50.617645263671875,606500,0.0,0.0,0.0
2010-04-13,50.72014617919922,50.73295538171895,50.649683347482515,50.72014617919922,464600,0.0,0.0,0.0
2010-04-14,50.726525916763,50.76495839077638,50.649656081595616,50.68168640136719,605000,0.0,0.0,0.0
2010-04-15,50.662496936628564,50.77779931786273,50.585631940568256,50.758583068847656,712200,0.0,0.0,0.0
2010-04-16,50.803393885456536,50.87385668343106,50.76496140915804,50.867454528808594,481900,0.0,0.0,0.0
2010-04-19,50.89949568397999,50.89949568397999,50.771384131989656,50.803409576416016,436600,0.0,0.0,0.0
2010-04-20,50.84823773308169,50.854644775390625,50.784181971416416,50.854644775390625,391100,0.0,0.0,0.0
2010-04-21,50.86106766189236,50.92512344351223,50.83544437181584,50.89309310913086,704900,0.0,0.0,0.0
2010-04-22,50.925124508545444,50.98277324706611,50.835445434973536,50.86106872558594,476400,0.0,0.0,0.0
2010-04-23,50.822608947753906,50.84183007259938,50.7457439969353,50.822608947753906,533300,0.0,0.0,0.0
2010-04-26,50.893101202634206,50.893101202634206,50.78420586784858,50.797019958496094,447200,0.0,0.0,0.0
2010-04-27,50.89309375431517,51.02121020632194,50.861068306670674,50.98277282714844,598500,0.0,0.0,0.0
2010-04-28,50.96352712024989,50.9827433551567,50.87384809925807,50.95071792602539,733100,0.0,0.0,0.0
2010-04-29,50.976366302870396,51.02761287928292,50.91871268262067,50.9699592590332,689300,0.0,0.0,0.0
2010-04-30,51.040439679188026,51.14933502625622,50.98919308510504,51.1173095703125,516100,0.0,0.0,0.0
2010-05-03,51.044695168558356,51.09609440374994,50.993300835067636,51.08966827392578,533800,0.237,0.0,0.0
2010-05-04,51.21168520616048,51.26308438612468,51.15386480497244,51.23738479614258,468400,0.0,0.0,0.0
2010-05-05,51.31449122865504,51.391585108417836,51.237392447195916,51.263092041015625,504900,0.0,0.0,0.0
2010-05-06,51.27597321568762,52.258960044745784,50.67204951843137,51.4622917175293,1561600,0.0,0.0,0.0
2010-05-07,51.48799404060231,51.72571177651588,51.33380126953125,51.33380126953125,767500,0.0,0.0,0.0
2010-05-10,51.21815001412459,51.391616250403246,51.211723886351514,51.275970458984375,517000,0.0,0.0,0.0
2010-05-11,51.340220314656015,51.353067668097815,51.22457452688324,51.346641540527344,568700,0.0,0.0,0.0
2010-05-12,51.34023885544058,51.35951234341319,51.1988934080402,51.20531463623047,2226900,0.0,0.0,0.0
2010-05-13,51.3659395639505,51.3659395639505,51.21174674048056,51.301692962646484,413300,0.0,0.0,0.0
2010-05-14,51.42372896805542,51.56507433308133,51.37875588842882,51.475128173828125,698500,0.0,0.0,0.0
2010-05-17,51.539373640021836,51.64216714769488,51.44300135666103,51.48154830932617,380900,0.0,0.0,0.0
2010-05-18,51.54580801687749,51.706426880956165,51.430162238672885,51.67430114746094,753200,0.0,0.0,0.0
2010-05-19,51.61647254529037,51.74497056945134,51.60362519372349,51.6871452331543,459400,0.0,0.0,0.0
2010-05-20,51.815662926198335,51.84778376815761,51.655044011301065,51.7771110534668,801300,0.0,0.0,0.0
2010-05-21,51.98269485889684,52.02766794765679,51.78352412150363,51.84777069091797,997400,0.0,0.0,0.0
2010-05-24,51.847794672325655,51.89276778188722,51.809247693187544,51.841373443603516,836400,0.0,0.0,0.0
2010-05-25,51.92486733501136,52.001966156090766,51.71927538049845,51.85419464111328,1072100,0.0,0.0,0.0
2010-05-26,51.770674030130614,51.79637363687689,51.635754770986715,51.789947509765625,700200,0.0,0.0,0.0
2010-05-27,51.66147395892826,51.66147395892826,51.51370238955212,51.59080123901367,870700,0.0,0.0,0.0
2010-05-28,51.622911736389256,51.719284053474794,51.59079089849385,51.69358444213867,511900,0.0,0.0,0.0
2010-06-01,51.71552353251996,51.79285692647423,51.64463581721494,51.73485565185547,595400,0.244,0.0,0.0
2010-06-02,51.71549030583685,51.760600194174465,51.64460263607645,51.68971252441406,2665400,0.0,0.0,0.0
2010-06-03,51.55440338032064,51.676846661664435,51.55440338032064,51.631736755371094,1188600,0.0,0.0,0.0
2010-06-04,51.76061209978535,51.85727757320286,51.70905652508132,51.77349853515625,2046300,0.0,0.0,0.0
2010-06-07,51.7541080330404,51.94743876175307,51.7541080330404,51.934547424316406,472900,0.0,0.0,0.0
2010-06-08,51.876603726053965,51.96682351311833,51.876603726053965,51.91526794433594,538700,0.0,0.0,0.0
2010-06-09,51.85082594166276,51.93460005347692,51.786383938989594,51.91526794433594,446300,0.0,0.0,0.0
2010-06-10,51.78636884447605,51.84436515499444,51.683257736965736,51.70259475708008,845800,0.0,0.0,0.0
2010-06-11,51.77347416312061,51.85725316172878,51.70903218338133,51.7863655090332,621300,0.0,0.0,0.0
2010-06-14,51.74772759925606,51.812169611740465,51.683280670161245,51.799278259277344,539600,0.0,0.0,0.0
2010-06-15,51.83793049500579,51.85726260078562,51.68326381554962,51.709041595458984,808100,0.0,0.0,0.0
2010-06-16,51.78637205041743,51.837927607364236,51.741262167241096,51.83148193359375,662000,0.0,0.0,0.0
2010-06-17,51.85725000496356,52.01835740280843,51.85080433239963,51.97324752807617,785200,0.0,0.0,0.0
2010-06-18,51.98619042739529,52.005522549479274,51.928194061143344,51.95397186279297,902100,0.0,0.0,0.0
2010-06-21,51.850822200098435,51.99259754571466,51.850822200098435,51.966819763183594,624500,0.0,0.0,0.0
2010-06-22,52.005484892165725,52.115041698999484,51.966820675994626,52.089263916015625,496900,0.0,0.0,0.0
2010-06-23,52.134365554458036,52.263249532366224,52.082809996651314,52.2181396484375,583500,0.0,0.0,0.0
2010-06-24,52.26970199508678,52.27614766980194,52.09570319404211,52.14725875854492,451400,0.0,0.0,0.0
2010-06-25,52.14728511244275,52.256837054919025,52.134398673109196,52.211727142333984,449400,0.0,0.0,0.0
2010-06-28,52.269712089716315,52.34704545140559,52.23748862652657,52.30837631225586,1230200,0.0,0.0,0.0
2010-06-29,52.32125713477405,52.43725469565892,52.32125713477405,52.430809020996094,1188300,0.0,0.0,0.0
2010-06-30,52.45656352378049,52.488782049578234,52.347011686175534,52.44367218017578,1286700,0.0,0.0,0.0
2010-07-01,52.51416268091025,52.55939988574629,52.417224404694316,52.46892547607422,1631400,0.229,0.0,0.0
2010-07-02,52.44953890864993,52.4947761135737,52.36552343487325,52.43661117553711,640400,0.0,0.0,0.0
2010-07-06,52.43658255304779,52.57875795676911,52.42365975747443,52.56583023071289,787900,0.0,0.0,0.0
2010-07-07,52.58520558752946,52.59166451808093,52.48180353292977,52.501190185546875,588100,0.0,0.0,0.0
2010-07-08,52.41722236113659,52.50769676728138,52.36552129177232,52.462459564208984,619500,0.0,0.0,0.0
2010-07-09,52.417205529946315,52.42366939416264,52.34611781501808,52.40427780151367,582400,0.0,0.0,0.0
2010-07-12,52.43657544274684,52.48181261684384,52.38487440649823,52.42365264892578,425700,0.0,0.0,0.0
2010-07-13,52.3913699945923,52.3913699945923,52.29443172554508,52.33320999145508,514100,0.0,0.0,0.0
2010-07-14,52.404296671606566,52.49477601176417,52.3526005307122,52.46892547607422,795800,0.0,0.0,0.0
2010-07-15,52.501159318253634,52.60456131205963,52.45592217858312,52.520545959472656,2924400,0.0,0.0,0.0
2010-07-16,52.59173483108158,52.72098757213683,52.53357479547267,52.69513702392578,350800,0.0,0.0,0.0
2010-07-19,52.72092872008253,52.74031537697763,52.630454367583795,52.63691329956055,455600,0.0,0.0,0.0
2010-07-20,52.72744180688451,52.753292352789124,52.63050842285156,52.63050842285156,2581000,0.0,0.0,0.0
2010-07-21,52.662756554926574,52.856632958100235,52.662756554926574,52.8178596496582,791100,0.0,0.0,0.0
2010-07-22,52.81143999697574,52.81143999697574,52.7274245177123,52.75973892211914,473900,0.0,0.0,0.0
2010-07-23,52.759736343707594,52.76620021037024,52.63694752954544,52.66926193237305,713500,0.0,0.0,0.0
2010-07-26,52.68220928457629,52.708059832787335,52.60466257043107,52.69513702392578,570400,0.0,0.0,0.0
2010-07-27,52.59817419054081,52.708035271377675,52.59817419054081,52.66926193237305,815500,0.0,0.0,0.0
2010-07-28,52.636950101956195,52.7791255925689,52.636950101956195,52.75973892211914,513600,0.0,0.0,0.0
2010-07-29,52.759694756513404,52.83078244231163,52.69507093228277,52.8178596496582,507100,0.0,0.0,0.0
2010-07-30,52.94713639323955,52.966523058113786,52.86312586862305,52.89543533325195,1510600,0.0,0.0,0.0
2010-08-02,52.8902293367709,52.90318886415527,52.825421810854515,52.88374710083008,2218700,0.232,0.0,0.0
2010-08-03,52.98095565300186,53.03280364643632,52.88374190143644,53.02632141113281,1232500,0.0,0.0,0.0
2010-08-04,52.99397623769924,53.00694072324367,52.89676731862848,52.922691345214844,1559400,0.0,0.0,0.0
2010-08-05,52.98100347011985,53.01340973138832,52.93563767104475,53.006927490234375,753400,0.0,0.0,0.0
2010-08-06,53.091170516459655,53.16246032714844,53.03284518653284,53.16246032714844,2527100,0.0,0.0,0.0
2010-08-09,53.13002052225643,53.14298004912872,53.05224852753144,53.09761428833008,427000,0.0,0.0,0.0
2010-08-10,53.09117671844404,53.214314577564004,53.04581091947899,53.20783233642578,1123200,0.0,0.0,0.0
2010-08-11,53.233724368287355,53.27260790274904,53.19484083382567,53.24668884277344,865000,0.0,0.0,0.0
2010-08-12,53.188350997167824,53.259640763160725,53.13002570380867,53.14946746826172,482900,0.0,0.0,0.0
2010-08-13,53.21427365721232,53.3050051853723,53.149466129169106,53.29852294921875,670400,0.0,0.0,0.0
2010-08-16,53.480000155290604,53.53184816924212,53.42815708583785,53.499446868896484,585500,0.0,0.0,0.0
2010-08-17,53.45407143063713,53.46054872283619,53.36981718707075,53.42166519165039,823700,0.0,0.0,0.0
2010-08-18,53.460549109066484,53.486473111543596,53.369817572645545,53.389259338378906,500300,0.0,0.0,0.0
2010-08-19,53.32447146073415,53.53185861249953,53.32447146073415,53.51241683959961,490300,0.0,0.0,0.0
2010-08-20,53.52535800543494,53.531840242343684,53.42814917429381,53.44110870361328,626400,0.0,0.0,0.0
2010-08-23,53.38279825170923,53.49945382602076,53.38279825170923,53.47352981567383,399200,0.0,0.0,0.0
2010-08-24,53.59666363598589,53.68091790723451,53.55778009202467,53.661476135253906,543000,0.0,0.0,0.0
2010-08-25,53.70686176573416,53.77815158567496,53.538358105464866,53.590206146240234,1040100,0.0,0.0,0.0
2010-08-26,53.60314139101616,53.66147164657826,53.557775612023,53.63554763793945,459400,0.0,0.0,0.0
2010-08-27,53.583686884708285,53.680900657872975,53.3762998093893,53.389259338378906,736600,0.0,0.0,0.0
2010-08-30,53.51240709193826,53.62906265258789,53.467041315268894,53.62906265258789,499700,0.0,0.0,0.0
2010-08-31,53.66795483347441,53.7392446289345,53.66147753897776,53.71980285644531,553800,0.0,0.0,0.0
2010-09-01,53.665199877779145,53.67819483809943,53.444245888205195,53.54822540283203,547900,0.226,0.0,0.0
2010-09-02,53.48973036368696,53.51572523975697,53.41175069349259,53.44424057006836,636800,0.0,0.0,0.0
2010-09-03,53.307781397670624,53.37276612128241,53.21030183324464,53.346771240234375,814100,0.0,0.0,0.0
2010-09-07,53.47677346713497,53.58724805055183,53.4052887465666,53.57425308227539,751900,0.0,0.0,0.0
2010-09-08,53.47675249458481,53.496247418363524,53.41176776265001,53.42476272583008,499800,0.0,0.0,0.0
2010-09-09,53.3402907100708,53.36628559817143,53.203821266055975,53.22331619262695,586000,0.0,0.0,0.0
2010-09-10,53.17782011958917,53.21031000737784,53.106335425229794,53.1583251953125,417400,0.0,0.0,0.0
2010-09-13,53.14530761668045,53.333766752103195,53.132312657485926,53.294776916503906,732400,0.0,0.0,0.0
2010-09-14,53.28829256225509,53.41826202432201,53.28829256225509,53.372772216796875,678800,0.0,0.0,0.0
2010-09-15,53.340204123440735,53.4051887591944,53.29471438261218,53.320709228515625,469300,0.0,0.0,0.0
2010-09-16,53.25578871293662,53.288283551967524,53.16480911326969,53.23629379272461,490600,0.0,0.0,0.0
2010-09-17,53.28177289956103,53.372752480969474,53.268777941366395,53.288272857666016,553400,0.0,0.0,0.0
2010-09-20,53.275278087440675,53.34675779478637,53.25577821305692,53.32726287841797,510300,0.0,0.0,0.0
2010-09-21,53.333826116235116,53.56127534042342,53.333826116235116,53.52228546142578,577700,0.0,0.0,0.0
2010-09-22,53.58070965011633,53.65869427788854,53.54171981523805,53.56771469116211,497700,0.0,0.0,0.0
2010-09-23,53.665207415843334,53.67170241790772,53.54823292446544,53.58072280883789,684300,0.0,0.0,0.0
2010-09-24,53.554747356723574,53.554747356723574,53.444267837555024,53.45726776123047,563500,0.0,0.0,0.0
2010-09-27,53.580693836318375,53.704168221011585,53.53520405638101,53.68467330932617,785900,0.0,0.0,0.0
2010-09-28,53.684676565754394,53.82764587080532,53.684676565754394,53.80165100097656,818200,0.0,0.0,0.0
2010-09-29,53.79518817031321,53.8016881317599,53.71720846502436,53.74319839477539,430600,0.0,0.0,0.0
2010-09-30,53.704170801574314,53.74316062681867,53.54170658570362,53.71717071533203,770400,0.0,0.0,0.0
2010-10-01,53.68654542899238,53.71261061875533,53.57577210106983,53.67351531982422,1249200,0.223,0.0,0.0
2010-10-04,53.732198659040414,53.81690686087568,53.68658578552444,53.810394287109375,571700,0.0,0.0,0.0
2010-10-05,53.790832259755945,53.84947523657609,53.76476705735954,53.82341003417969,758800,0.0,0.0,0.0
2010-10-06,53.98628844525597,54.01235363540088,53.92764549599994,53.94719314575195,454000,0.0,0.0,0.0
2010-10-07,54.01236787793313,54.051463187746194,53.97327256812006,54.03843307495117,559800,0.0,0.0,0.0
2010-10-08,54.08407052828421,54.1231658558807,53.97329711914062,53.973297119140625,1220000,0.0,0.0,0.0
2010-10-11,54.05148510982745,54.05800265458234,53.94722925089941,53.9537467956543,442300,0.0,0.0,0.0
2010-10-12,54.02538922203777,54.03841933151888,53.90158081054687,53.901580810546875,431400,0.0,0.0,0.0
2010-10-13,53.92115234708635,53.99283040955208,53.8625093713029,53.98631286621094,612500,0.0,0.0,0.0
2010-10-14,53.914643933130385,53.97980446328863,53.77128778392438,53.77780532836914,926900,0.0,0.0,0.0
2010-10-15,53.699613352471175,53.784321542438626,53.653995513916016,53.653995513916016,829400,0.0,0.0,0.0
2010-10-18,53.77127059771409,53.87553138978759,53.732175286400626,53.85598373413086,486900,0.0,0.0,0.0
2010-10-19,53.75826252768847,53.95374910727034,53.75826252768847,53.93419647216797,470800,0.0,0.0,0.0
2010-10-20,53.914608001708984,54.005833677419076,53.86899516385394,53.914608001708984,602700,0.0,0.0,0.0
2010-10-21,53.921141318501896,53.94720651510636,53.85598081270469,53.86901092529297,673900,0.0,0.0,0.0
2010-10-22,53.849478785776085,53.908126737890726,53.82993112554766,53.836448669433594,524400,0.0,0.0,0.0
2010-10-25,53.94720651510636,53.97327171171082,53.83643315810833,53.86901092529297,1413900,0.0,0.0,0.0
2010-10-26,53.75824967590806,53.810380080857975,53.6996066989112,53.719154357910156,386600,0.0,0.0,0.0
2010-10-27,53.653984592459985,53.69960242172947,53.588824077177165,53.60837173461914,1980200,0.0,0.0,0.0
2010-10-28,53.706096516338704,53.790809631347656,53.6735187556196,53.790809631347656,700500,0.0,0.0,0.0
2010-10-29,53.8299411453619,53.895101682061984,53.80387593639581,53.88858413696289,442900,0.0,0.0,0.0
2010-11-01,53.99834386995401,54.02448113045391,53.8349897307092,53.887264251708984,648700,0.228,0.0,0.0
2010-11-02,53.99177630447909,53.99177630447909,53.93950679963517,53.97871017456055,870300,0.0,0.0,0.0
2010-11-03,54.08985313405644,54.181331106230985,53.91996333494274,54.03757858276367,1443800,0.0,0.0,0.0
2010-11-04,54.14868767052653,54.23363011580292,54.12908096606781,54.20749282836914,838100,0.0,0.0,0.0
2010-11-05,54.07672359704374,54.14206421697595,53.97871017456055,53.97871017456055,1200000,0.0,0.0,0.0
2010-11-08,54.01795473930228,54.05062756676698,53.97875133448349,53.991817474365234,556900,0.0,0.0,0.0
2010-11-09,53.99180280912687,54.00487393063179,53.70430294325711,53.717369079589844,502300,0.0,0.0,0.0
2010-11-10,53.710835301805524,53.7565742582467,53.48867608056907,53.69776916503906,884000,0.0,0.0,0.0
2010-11-11,53.74350633742749,53.75004189817995,53.619355608991704,53.717369079589844,252900,0.0,0.0,0.0
2010-11-12,53.63896679187543,53.70431244061172,53.4560109398292,53.47561264038086,779900,0.0,0.0,0.0
2010-11-15,53.371040650280165,53.43638127965507,53.181549335473605,53.22075271606445,1803700,0.0,0.0,0.0
2010-11-16,53.27303176855289,53.39718246459961,53.09661155563941,53.39718246459961,1044200,0.0,0.0,0.0
2010-11-17,53.423337998788924,53.514815916076046,53.35799734146564,53.4102668762207,507300,0.0,0.0,0.0
2010-11-18,53.37106347886126,53.41026687622071,53.273050000290034,53.4102668762207,558600,0.0,0.0,0.0
2010-11-19,53.40375721088136,53.475628472458055,53.364548812996865,53.42335891723633,1286400,0.0,0.0,0.0
2010-11-22,53.50825534574829,53.58013153076172,53.50825534574829,53.58013153076172,650500,0.0,0.0,0.0
2010-11-23,53.638973985014424,53.717385782909375,53.59323501586914,53.59323501586914,728000,0.0,0.0,0.0
2010-11-24,53.48864391896378,53.514781161953294,53.31875433211661,53.338356018066406,539400,0.0,0.0,0.0
2010-11-26,53.456000297547185,53.4625358581543,53.32531899643743,53.4625358581543,341200,0.0,0.0,0.0
2010-11-29,53.55405601937969,53.55405601937969,53.42990519575167,53.50178146362305,373100,0.0,0.0,0.0
2010-11-30,53.658594506286256,53.67166065005026,53.49524029077352,53.52137756347656,517500,0.0,0.0,0.0
2010-12-01,53.30513103270934,53.37720080783815,53.174097804437274,53.19375228881836,1170600,0.22,0.0,0.0
2010-12-02,53.16759227664789,53.278971120323924,53.13483144093059,53.1479377746582,720300,0.0,0.0,0.0
2010-12-03,53.31171242477766,53.364122744681886,53.18722729298035,53.233089447021484,569200,0.0,0.0,0.0
2010-12-06,53.31171211524826,53.40998458862305,53.28550445614837,53.40998458862305,1060300,0.0,0.0,0.0
2010-12-07,53.226513822368595,53.24616830886399,52.925133366044385,53.02341079711914,990300,0.0,0.0,0.0
2010-12-08,52.8268555552798,52.84651504023168,52.57789039713125,52.74823760986328,966500,0.0,0.0,0.0
2010-12-09,52.83340687172601,52.885822165904926,52.708921797700505,52.794097900390625,791900,0.0,0.0,0.0
2010-12-10,52.754797308163404,52.77445679741399,52.62376403808594,52.62376403808594,934600,0.0,0.0,0.0
2010-12-13,52.571350790984454,52.80066152190656,52.53204180814039,52.7613525390625,1026300,0.0,0.0,0.0
2010-12-14,52.630273884741584,52.69579046585804,52.35510124489563,52.42716598510742,1305100,0.0,0.0,0.0
2010-12-15,52.473034226551654,52.52544949701076,52.22406918976387,52.26337814331055,926500,0.0,0.0,0.0
2010-12-16,52.230633267540625,52.407528594077654,52.14545718558887,52.38132095336914,1117000,0.0,0.0,0.0
2010-12-17,52.414124736613275,52.72861168441715,52.414124736613275,52.7024040222168,868800,0.0,0.0,0.0
2010-12-20,52.7547962444058,52.87272818453707,52.66307195748136,52.73514175415039,639600,0.0,0.0,0.0
2010-12-21,52.774443414722924,52.80719922463656,52.663059664943354,52.794097900390625,1499700,0.0,0.0,0.0
2010-12-22,52.79411022351539,52.82031787672219,52.695832773639545,52.73514175415039,546700,0.0,0.0,0.0
2010-12-23,52.69580957193367,52.69580957193367,52.6237398069966,52.67615509033203,477000,0.0,0.0,0.0
2010-12-27,52.658358530523905,52.82334899902344,52.59895934360713,52.82334899902344,514800,0.583,0.0,0.0
2010-12-28,52.757351375143,52.77714942482846,52.48016357421875,52.48016357421875,688600,0.0,0.0,0.0
2010-12-29,52.5065908095962,52.849773971878726,52.493393781098554,52.790374755859375,642100,0.0,0.0,0.0
2010-12-30,52.77715324282762,52.81014831632055,52.65175887226942,52.79695129394531,670800,0.0,0.0,0.0
2010-12-31,52.796929308766565,53.00151579860362,52.796929308766565,52.97511672973633,534500,0.0,0.0,0.0
2011-01-03,52.81672443396601,52.948719771010836,52.770527324777134,52.90911865234375,936500,0.0,0.0,0.0
2011-01-04,52.94215149462773,53.01474771613253,52.849757219096226,52.91575241088867,1784100,0.0,0.0,0.0
2011-01-05,52.75073713466877,52.78373723261868,52.58574671513522,52.68474197387695,837300,0.0,0.0,0.0
2011-01-06,52.73096466064453,52.770560769299266,52.645166378412,52.73096466064453,591000,0.0,0.0,0.0
2011-01-07,52.79693804417705,52.994928575886064,52.757341951878594,52.92892837524414,847000,0.0,0.0,0.0
2011-01-10,52.98829183573298,53.05428695678711,52.93549372484768,53.05428695678711,509800,0.0,0.0,0.0
2011-01-11,53.04773598496559,53.054337013830605,52.88934653797341,52.94874572753906,980700,0.0,0.0,0.0
2011-01-12,52.86295424341056,52.961949548654424,52.79695905161812,52.91575241088867,517500,0.0,0.0,0.0
2011-01-13,52.86955045208256,53.08073806762695,52.86955045208256,53.08073806762695,1025900,0.0,0.0,0.0
2011-01-14,53.11372541983535,53.15332151476685,52.99493209993212,53.00812911987305,1107000,0.0,0.0,0.0
2011-01-18,52.96193473758314,52.994934841805915,52.86293946002381,52.9553337097168,766200,0.0,0.0,0.0
2011-01-19,52.96853866661395,53.04113487179306,52.928937532355825,53.021331787109375,722200,0.0,0.0,0.0
2011-01-20,52.92234428714506,52.942142337747484,52.750752790074884,52.82334899902344,1012000,0.0,0.0,0.0
2011-01-21,52.81013506324041,52.92892837524414,52.78374102511369,52.92892837524414,573300,0.0,0.0,0.0
2011-01-24,52.91572029387419,53.001513487621445,52.9091192681683,52.92232131958008,582000,0.0,0.0,0.0
2011-01-25,52.975118664905004,53.11371504029805,52.89592649051781,53.060916900634766,1380800,0.0,0.0,0.0
2011-01-26,52.98174715221956,53.0213432599363,52.876155853271484,52.876155853271484,1104100,0.0,0.0,0.0
2011-01-27,52.92234108128282,53.02793235646921,52.87614395430581,52.98173522949219,441100,0.0,0.0,0.0
2011-01-28,52.895901949879615,53.12688740985792,52.88269990353492,53.09388732910156,1006300,0.0,0.0,0.0
2011-01-31,53.07412994271405,53.10052902051638,52.96853866661395,53.021331787109375,1061200,0.0,0.0,0.0
2011-02-01,52.93860059792383,52.97831294653678,52.83932730026596,52.91874694824219,1186900,0.225,0.0,0.0
2011-02-02,52.96505678702613,52.98491043032534,52.8062225913844,52.859169006347656,810400,0.0,0.0,0.0
2011-02-03,52.74668437412735,52.819484470706314,52.680503845214844,52.680503845214844,851500,0.0,0.0,0.0
2011-02-04,52.62754963811151,52.66726198900071,52.468715382304566,52.501808166503906,988600,0.0,0.0,0.0
2011-02-07,52.448842847062465,52.54811611466678,52.42236963908477,52.50840377807617,1222300,0.0,0.0,0.0
2011-02-08,52.508414153282736,52.534887366491304,52.3297262756863,52.342960357666016,994100,0.0,0.0,0.0
2011-02-09,52.36281642536431,52.54812385927086,52.2966308710415,52.46870422363281,1252300,0.0,0.0,0.0
2011-02-10,52.395910717085705,52.468710796561595,52.29663742241408,52.30325698852539,519000,0.0,0.0,0.0
2011-02-11,52.4819450378418,52.55474511053325,52.415759481395725,52.4819450378418,769000,0.0,0.0,0.0
2011-02-14,52.46872288348989,52.64741586491323,52.442249662195664,52.54152297973633,559300,0.0,0.0,0.0
2011-02-15,52.52824658770685,52.634134338351565,52.50838790079227,52.614280700683594,473400,0.0,0.0,0.0
2011-02-16,52.61435120023146,52.70700499966267,52.56140472934124,52.63420486450195,635400,0.0,0.0,0.0
2011-02-17,52.7268151673836,52.76652751241759,52.70034195377735,52.71358108520508,561800,0.0,0.0,0.0
2011-02-18,52.654015092278705,52.73343473309747,52.614307796493925,52.71358108520508,555800,0.0,0.0,0.0
2011-02-22,52.766552352472594,52.93200622846282,52.75993278364254,52.912147521972656,1618800,0.0,0.0,0.0
2011-02-23,52.958478058148685,53.01804408322462,52.88568299300333,52.90553665161133,638700,0.0,0.0,0.0
2011-02-24,52.95180910126726,53.03784321653896,52.9319554630697,52.95842361450195,939000,0.0,0.0,0.0
2011-02-25,53.01140357560261,53.10405731201172,52.9849303581643,53.10405731201172,998100,0.0,0.0,0.0
2011-02-28,53.10401500531416,53.176815032958984,53.077541808966416,53.176815032958984,1833400,0.0,0.0,0.0
2011-03-01,53.03218452463582,53.171532753526115,52.99900926781772,53.15162658691406,558500,0.212,0.0,0.0
2011-03-02,53.13173295461046,53.204725624478314,53.03219703546274,53.04547119140625,595200,0.0,0.0,0.0
2011-03-03,52.93264162922459,52.94591578028124,52.80656756981817,52.83311080932617,840700,0.0,0.0,0.0
2011-03-04,52.912774072946256,53.03221620658036,52.89950497481312,53.01231002807617,960000,0.0,0.0,0.0
2011-03-07,52.959223017886465,53.09857132872903,52.939316839567375,53.005672454833984,443900,0.0,0.0,0.0
2011-03-08,52.985748877353714,53.01229212726603,52.92603036200647,52.959205627441406,499600,0.0,0.0,0.0
2011-03-09,53.005659339194295,53.13173852083027,52.94594081901368,53.05210876464844,712800,0.0,0.0,0.0
2011-03-10,53.18481767195793,53.31089177355602,53.1051879267852,53.29762268066406,553100,0.0,0.0,0.0
2011-03-11,53.31754842515587,53.344091683291296,53.26446190888502,53.30427932739258,724200,0.0,0.0,0.0
2011-03-14,53.37062612071676,53.443618802873274,53.350719946057346,53.357357025146484,568800,0.0,0.0,0.0
2011-03-15,53.52986643688171,53.54314059155267,53.38388111114108,53.39051818847656,601100,0.0,0.0,0.0
2011-03-16,53.52989132649477,53.85504245323119,53.47680480834078,53.642696380615234,875800,0.0,0.0,0.0
2011-03-17,53.5431240796589,53.609479644730676,53.4502252760374,53.56303024291992,540100,0.0,0.0,0.0
2011-03-18,53.47014617635915,53.56304500558477,53.44360293049376,53.5564079284668,533600,0.0,0.0,0.0
2011-03-21,53.516617452501144,53.516617452501144,53.350725895030656,53.403812408447266,813800,0.0,0.0,0.0
2011-03-22,53.35730811614417,53.40375750197514,53.33076488672598,53.383846282958984,999300,0.0,0.0,0.0
2011-03-23,53.476795818849254,53.49670705676667,53.344084608382154,53.363990783691406,1049500,0.0,0.0,0.0
2011-03-24,53.34408082024799,53.36398699414364,53.264451062057596,53.27772521972656,650000,0.0,0.0,0.0
2011-03-25,53.32415779700018,53.34406396460589,53.164903393548364,53.204715728759766,727400,0.0,0.0,0.0
2011-03-28,53.12510671431934,53.20473647840365,53.11183761827604,53.158287048339844,810700,0.0,0.0,0.0
2011-03-29,53.13834985039687,53.21134249254179,53.03881396905333,53.06535720825195,649500,0.0,0.0,0.0
2011-03-30,53.118474697601776,53.17819322370888,53.07202526753797,53.158287048339844,746900,0.0,0.0,0.0
2011-03-31,53.22461275369153,53.24451891787785,53.085264541781996,53.098533630371094,717300,0.0,0.0,0.0
2011-04-01,53.03069739985688,53.19040694559986,53.01073434127337,53.163787841796875,953300,0.228,0.0,0.0
2011-04-04,53.22369570984155,53.29689191768051,53.19042055230693,53.2303466796875,605000,0.0,0.0,0.0
2011-04-05,53.19038813644135,53.2170072308313,53.097223844613076,53.110530853271484,990900,0.0,0.0,0.0
2011-04-06,53.0838918136293,53.09720389435908,53.03065872192383,53.03065872192383,476600,0.0,0.0,0.0
2011-04-07,53.05729186295308,53.09056191944944,52.970778546502906,53.01736068725586,679700,0.0,0.0,0.0
2011-04-08,52.944150099669294,53.01735131892799,52.930843094836646,52.98408126831055,687500,0.0,0.0,0.0
2011-04-11,52.984109835756165,53.043999005401005,52.9508346901261,52.990760803222656,444000,0.0,0.0,0.0
2011-04-12,53.08393173129825,53.20371516258406,53.08393173129825,53.177101135253906,778200,0.0,0.0,0.0
2011-04-13,53.14378800709367,53.296841401702444,53.13047592586683,53.276878356933594,514500,0.0,0.0,0.0
2011-04-14,53.29684152967703,53.33677269638201,53.23695239522668,53.25025939941406,562100,0.0,0.0,0.0
2011-04-15,53.36340431433144,53.42329346284688,53.343441264826296,53.4166374206543,1045900,0.0,0.0,0.0
2011-04-18,53.403330749061084,53.5364211313138,53.3634046497998,53.476531982421875,795500,0.0,0.0,0.0
2011-04-19,53.543112956315184,53.596351175624335,53.51649384666061,53.56307601928711,531200,0.0,0.0,0.0
2011-04-20,53.523128048029506,53.56971020164363,53.47654589441538,53.48985290527344,631200,0.0,0.0,0.0
2011-04-21,53.496521449810295,53.55641570535197,53.48986540428896,53.5297966003418,568100,0.0,0.0,0.0
2011-04-25,53.543112956315184,53.596351175624335,53.509842877054,53.56307601928711,719400,0.0,0.0,0.0
2011-04-26,53.622952197321595,53.736079567386675,53.60964010844669,53.72942352294922,538200,0.0,0.0,0.0
2011-04-27,53.62961092664059,53.72278033102661,53.60299689918751,53.70281219482422,760700,0.0,0.0,0.0
2011-04-28,53.76271288453463,53.815951099963385,53.72943773062274,53.80263900756836,1046600,0.0,0.0,0.0
2011-04-29,53.77598838965034,53.89577176563977,53.77598838965034,53.87580871582031,526000,0.0,0.0,0.0
2011-05-02,53.957884231904146,53.957884231904146,53.844444441521404,53.89115524291992,820700,0.223,0.0,0.0
2011-05-03,53.94456992374689,53.97126255465275,53.88451532253278,53.95124435424805,693400,0.0,0.0,0.0
2011-05-04,53.95791262975742,54.05133428172193,53.9378944316362,54.017967224121094,821600,0.0,0.0,0.0
2011-05-05,54.057988760504735,54.1647541414472,54.044639905951726,54.1380615234375,581500,0.0,0.0,0.0
2011-05-06,54.08467135636866,54.244821943653854,54.044629891225824,54.17809295654297,602600,0.0,0.0,0.0
2011-05-09,54.21147795498887,54.251519437157135,54.17811599279579,54.22482681274414,544300,0.0,0.0,0.0
2011-05-10,54.17808497752903,54.19142873654788,54.071314540999815,54.08466339111328,643600,0.0,0.0,0.0
2011-05-11,54.064675912762944,54.19146461731594,54.03798837705515,54.15142822265625,570800,0.0,0.0,0.0
2011-05-12,54.12469981130641,54.18475436359087,54.051296408895645,54.09800720214844,994000,0.0,0.0,0.0
2011-05-13,54.17141853050327,54.29153274374101,54.15807476951924,54.17809295654297,696200,0.0,0.0,0.0
2011-05-16,54.22477882070992,54.31152595495281,54.178068042103284,54.30485153198242,1271500,0.0,0.0,0.0
2011-05-17,54.37827941342529,54.41164645221888,54.34491746572703,54.39162826538086,713200,0.0,0.0,0.0
2011-05-18,54.36496314068498,54.37830690829212,54.231500009124034,54.23817443847656,705300,0.0,0.0,0.0
2011-05-19,54.07801102634627,54.24483608315592,54.07801102634627,54.218143463134766,759900,0.0,0.0,0.0
2011-05-20,54.224814234671264,54.31156142556832,54.224814234671264,54.26485061645508,752700,0.0,0.0,0.0
2011-05-23,54.404979333247546,54.404979333247546,54.298213958740234,54.298213958740234,540400,0.0,0.0,0.0
2011-05-24,54.29818866150865,54.35156877834479,54.258147210014485,54.33155059814453,1002500,0.0,0.0,0.0
2011-05-25,54.37829708315926,54.39831527650201,54.30489364683784,54.35160446166992,486300,0.0,0.0,0.0
2011-05-26,54.37829224108505,54.485062717535094,54.35159962197254,54.42500305175781,1436000,0.0,0.0,0.0
2011-05-27,54.44501876831055,54.46504205005709,54.4116568142589,54.44501876831055,774700,0.0,0.0,0.0
2011-05-31,54.41832765663371,54.55178564624117,54.35826799754317,54.511749267578125,1267900,0.0,0.0,0.0
2011-06-01,54.621475919303215,54.7753791809082,54.60140269063599,54.7753791809082,1058300,0.224,0.0,0.0
2011-06-02,54.654982542337805,54.69512903481176,54.55461120605469,54.55461120605469,892100,0.0,0.0,0.0
2011-06-03,54.755303156626084,54.755303156626084,54.56125344759415,54.64823913574219,747300,0.0,0.0,0.0
2011-06-06,54.57467080016724,54.66166165223059,54.567983123160026,54.61482238769531,841900,0.0,0.0,0.0
2011-06-07,54.57463763194646,54.68839443819282,54.527798395878136,54.68170166015625,917800,0.0,0.0,0.0
2011-06-08,54.715171133338615,54.84900120723005,54.70179067849713,54.78877639770508,825100,0.0,0.0,0.0
2011-06-09,54.78206937987425,54.79544982999124,54.62147334790925,54.661624908447266,1069900,0.0,0.0,0.0
2011-06-10,54.721864806592265,54.78208961710036,54.66164510117958,54.72855758666992,975900,0.0,0.0,0.0
2011-06-13,54.64824467321919,54.761996378114596,54.63486422179962,54.675010681152344,844200,0.0,0.0,0.0
2011-06-14,54.54119588765662,54.54119588765662,54.44751739501954,54.44751739501953,860100,0.0,0.0,0.0
2011-06-15,54.501035975881045,54.721851719776616,54.47427507216114,54.66831970214844,1002500,0.0,0.0,0.0
2011-06-16,54.73527155238395,54.788798498436925,54.66835393589731,54.701812744140625,885200,0.0,0.0,0.0
2011-06-17,54.67501203280917,54.76869051034411,54.66163158105881,54.75531005859375,1254100,0.0,0.0,0.0
2011-06-20,54.76870847437011,54.78209403560505,54.64826394873476,54.68841552734375,804700,0.0,0.0,0.0
2011-06-21,54.628207450083224,54.75534479529099,54.628207450083224,54.701812744140625,700300,0.0,0.0,0.0
2011-06-22,54.74860007288786,54.8088248495714,54.65492162479571,54.71514129638672,681100,0.0,0.0,0.0
2011-06-23,54.80887161494173,54.895857360935246,54.80217883291241,54.84901809692383,925200,0.0,0.0,0.0
2011-06-24,54.82225548429332,54.96277328506892,54.81556270184766,54.90255355834961,725000,0.0,0.0,0.0
2011-06-27,54.89582755842869,54.89582755842869,54.715158277399354,54.74192428588867,704000,0.0,0.0,0.0
2011-06-28,54.67501222472685,54.68170500317259,54.460889260310516,54.54118728637695,2249600,0.0,0.0,0.0
2011-06-29,54.501046415732354,54.534505209432645,54.38060190554452,54.420753479003906,1438900,0.0,0.0,0.0
2011-06-30,54.47429826281505,54.49437150169759,54.20664316582295,54.30701446533203,1808400,0.0,0.0,0.0
2011-07-01,54.372079352842995,54.425754894024344,54.26472827048029,54.331825256347656,922700,0.217,0.0,0.0
2011-07-05,54.4123524636983,54.52640918947971,54.4123524636983,54.51299285888672,739900,0.0,0.0,0.0
2011-07-06,54.519709153324285,54.59351177608328,54.48616064523978,54.546546936035156,1144400,0.0,0.0,0.0
2011-07-07,54.419021576394435,54.44585933584182,54.33180269727484,54.432437896728516,915900,0.0,0.0,0.0
2011-07-08,54.640407980201125,54.76788088947456,54.62698654631304,54.714210510253906,1066800,0.0,0.0,0.0
2011-07-11,54.82159911836765,54.92223947586387,54.80147207062465,54.875274658203125,592200,0.0,0.0,0.0
2011-07-12,54.942382851772216,54.96250990549672,54.8149046864734,54.9289665222168,882600,0.0,0.0,0.0
2011-07-13,54.87529510998759,55.00277328491211,54.84845733006753,55.00277328491211,1043600,0.0,0.0,0.0
2011-07-14,54.89538290726089,54.969185469566,54.794742584228516,54.794742584228516,998500,0.0,0.0,0.0
2011-07-15,54.73435668127218,54.928926590466844,54.7276459619816,54.89537811279297,574100,0.0,0.0,0.0
2011-07-18,54.908805502131386,54.92222694341829,54.82158660888672,54.82158660888672,799100,0.0,0.0,0.0
2011-07-19,54.77461875259772,54.97589941045541,54.76790803232786,54.96918869018555,799000,0.0,0.0,0.0
2011-07-20,54.93567040480372,54.96250818185566,54.855162192430484,54.88199996948242,822100,0.0,0.0,0.0
2011-07-21,54.82160780685133,54.848445581022496,54.687424054777544,54.761226654052734,656800,0.0,0.0,0.0
2011-07-22,54.8215755274616,54.90879440307617,54.80815920766667,54.90879440307617,926000,0.0,0.0,0.0
2011-07-25,54.75450653177128,54.88198465750617,54.700830992642786,54.72766876220703,797600,0.0,0.0,0.0
2011-07-26,54.80144673502796,54.92221408443448,54.76789825844549,54.8618278503418,605900,0.0,0.0,0.0
2011-07-27,54.7880543181992,54.87527322907448,54.72766805776164,54.74779510498047,846300,0.0,0.0,0.0
2011-07-28,54.841702566543496,54.93563216144505,54.814864808174626,54.90879440307617,1649000,0.0,0.0,0.0
2011-07-29,54.98932827450451,55.210736024892,54.922236412842494,55.190608978271484,1959000,0.0,0.0,0.0
2011-08-01,55.19800781233996,55.41328319317952,55.17782141478037,55.36619186401367,1305200,0.221,0.0,0.0
2011-08-02,55.41327351019712,55.66891137634551,55.35945339124934,55.60163879394531,1295500,0.0,0.0,0.0
2011-08-03,55.66219863178556,55.80347263534132,55.62856489716972,55.64201736450195,1389200,0.0,0.0,0.0
2011-08-04,55.72272519984248,55.985091834359906,55.68235754890779,55.978363037109375,1100600,0.0,0.0,0.0
2011-08-05,55.7967272016417,55.95145361217088,55.54108422892103,55.61508560180664,1354000,0.0,0.0,0.0
2011-08-08,55.58144110466205,55.958171560810825,55.58144110466205,55.87744140625,4990000,0.0,0.0,0.0
2011-08-09,55.870730180120454,56.49637490268023,55.648726055083735,56.072547912597656,2320800,0.0,0.0,0.0
2011-08-10,56.34836417054729,56.536729413870326,56.22727149518706,56.51654815673828,2467300,0.0,0.0,0.0
2011-08-11,56.18693986372247,56.3214902184617,55.93130188857479,55.97166442871094,1863900,0.0,0.0,0.0
2011-08-12,56.0658041453409,56.2743557522227,56.03217043185933,56.153263092041016,1140700,0.0,0.0,0.0
2011-08-15,56.16004694151465,56.2273195669925,56.04567783237275,56.05913543701172,1549600,0.0,0.0,0.0
2011-08-16,56.03893340198871,56.26766127039148,56.00529453542575,56.227298736572266,1283500,0.0,0.0,0.0
2011-08-17,56.24074230774366,56.36856382138016,56.14655965534927,56.32820129394531,958800,0.0,0.0,0.0
2011-08-18,56.530031560752654,56.67803437082547,56.435848887537354,56.44930648803711,2431000,0.0,0.0,0.0
2011-08-19,56.456036709683346,56.53003812331056,56.38876409708715,56.50312805175781,1547900,0.0,0.0,0.0
2011-08-22,56.39549026005621,56.44258159992784,56.30803124845809,56.375308990478516,1035400,0.0,0.0,0.0
2011-08-23,56.29459960229313,56.37532984303613,56.18023561067031,56.20714569091797,1660600,0.0,0.0,0.0
2011-08-24,56.17345867539861,56.17345867539861,55.877453178878746,55.88418197631836,1464900,0.0,0.0,0.0
2011-08-25,55.978380057068286,56.0658339176412,55.917836261110885,56.0389289855957,2174800,0.0,0.0,0.0
2011-08-26,56.15325432247603,56.20034562004972,55.985070383631935,56.106163024902344,971100,0.0,0.0,0.0
2011-08-29,55.97839322959071,55.99185083135024,55.864029277490786,55.97166442871094,1632100,0.0,0.0,0.0
2011-08-30,56.12636711119917,56.22054974466447,55.9918219584112,56.1801872253418,830500,0.0,0.0,0.0
2011-08-31,56.26088937440167,56.267618169074055,56.06579538943455,56.106163024902344,2267600,0.0,0.0,0.0
2011-09-01,56.19590992001449,56.34429168701172,56.01380829869861,56.34429168701172,1902400,0.213,0.0,0.0
2011-09-02,56.48588748659938,56.580311245069524,56.4049506311783,56.49937438964844,1355800,0.0,0.0,0.0
2011-09-06,56.60733557133282,56.62756851497888,56.50616570738948,56.58035659790039,1240900,0.0,0.0,0.0
2011-09-07,56.506171239501,56.51966330039464,56.39826048091957,56.452213287353516,1235500,0.0,0.0,0.0
2011-09-08,56.56688400711986,56.56688400711986,56.41175615703235,56.52641296386719,973600,0.0,0.0,0.0
2011-09-09,56.49940608168795,56.65453385516648,56.48591917107372,56.5735969543457,909700,0.0,0.0,0.0
2011-09-12,56.539897477300485,56.5533843927743,56.34430375579152,56.40500259399414,2441200,0.0,0.0,0.0
2011-09-13,56.43871551224403,56.43871551224403,56.27684683266185,56.34429168701172,995300,0.0,0.0,0.0
2011-09-14,56.31731646531214,56.4656982421875,56.31731646531214,56.4656982421875,1044900,0.0,0.0,0.0
2011-09-15,56.357765197753906,56.4049770991431,56.303812414531485,56.357765197753906,1146400,0.0,0.0,0.0
2011-09-16,56.22284865566289,56.384717219405694,56.209356607020815,56.33750534057617,1211300,0.0,0.0,0.0
2011-09-19,56.5601399397055,56.63433085157832,56.50618197730444,56.5129280090332,1104100,0.0,0.0,0.0
2011-09-20,56.580377838530744,56.61410285441011,56.51967898480582,56.58712387084961,705500,0.0,0.0,0.0
2011-09-21,56.60058989485309,56.76920462057348,56.56012400730837,56.742225646972656,1434000,0.0,0.0,0.0
2011-09-22,56.917567772492944,57.045716568723485,56.85686896104356,56.87710189819336,1033100,0.0,0.0,0.0
2011-09-23,56.91754581539221,56.91754581539221,56.647761417476545,56.688232421875,803000,0.0,0.0,0.0
2011-09-26,56.62758481984956,56.70177573172238,56.485949027832675,56.5129280090332,986600,0.0,0.0,0.0
2011-09-27,56.3982048034668,56.43192463098493,56.290289005708495,56.3982048034668,1943800,0.0,0.0,0.0
2011-09-28,56.38475857910307,56.4049915211987,56.24986886799041,56.27684783935547,2090900,0.0,0.0,0.0
2011-09-29,56.22287248226614,56.351021270129465,56.20938042790629,56.270084381103516,1204300,0.0,0.0,0.0
2011-09-30,56.41173834052058,56.51965422749219,56.351039513383576,56.479183197021484,1283000,0.0,0.0,0.0
2011-10-03,56.596843549648405,56.80646500441383,56.53598920267888,56.79970169067383,2078800,0.214,0.0,0.0
2011-10-04,56.79969241694519,56.83350382122796,56.56302806365378,56.5765495300293,1500000,0.0,0.0,0.0
2011-10-05,56.515687929452,56.5292093940897,56.30606653585271,56.33311462402344,3989600,0.0,0.0,0.0
2011-10-06,56.36017074413505,56.38721883616042,56.26550500149427,56.29931640625,1159300,0.0,0.0,0.0
2011-10-07,56.177589416503906,56.2925399115218,56.10320847057589,56.177589416503906,4949900,0.0,0.0,0.0
2011-10-10,56.157325569662824,56.211416602308724,55.93418264872189,56.096466064453125,1072500,0.0,0.0,0.0
2011-10-11,56.13028318694121,56.13704134239932,56.05590220572359,56.06942367553711,976200,0.0,0.0,0.0
2011-10-12,55.947658687433254,56.09642051393201,55.934137229975455,56.055850982666016,2032400,0.0,0.0,0.0
2011-10-13,56.13702228919888,56.20464509200685,56.05588318006219,56.12350082397461,1690600,0.0,0.0,0.0
2011-10-14,55.97476946349412,56.08972003677572,55.95448467513835,56.02210235595703,861400,0.0,0.0,0.0
2011-10-17,56.02206397068127,56.22492203304111,56.02206397068127,56.21815872192383,1680700,0.0,0.0,0.0
2011-10-18,56.24520908364519,56.30606340947892,56.13025858447369,56.15730667114258,844700,0.0,0.0,0.0
2011-10-19,56.17764592383234,56.366977555220984,56.13707117503474,56.30611801147461,1940700,0.0,0.0,0.0
2011-10-20,56.27902603149414,56.400739854059076,56.204645075543596,56.27902603149414,1844200,0.0,0.0,0.0
2011-10-21,56.29254537447061,56.339878239300546,56.19111633300781,56.19111633300781,1885800,0.0,0.0,0.0
2011-10-24,56.21136138508234,56.27222083050893,56.177555167749084,56.231651306152344,1261000,0.0,0.0,0.0
2011-10-25,56.22496497492557,56.53601045824914,56.22496497492557,56.522483825683594,1615800,0.0,0.0,0.0
2011-10-26,56.43453974558253,56.55625355445016,56.3669221092994,56.38044357299805,887900,0.0,0.0,0.0
2011-10-27,56.31961650088317,56.333137971124806,56.05590398054289,56.0897102355957,1586200,0.0,0.0,0.0
2011-10-28,56.184375809638425,56.33313777626914,56.13028476996153,56.29256820678711,654900,0.0,0.0,0.0
2011-10-31,56.49538031983833,56.56299793348911,56.39395131991556,56.5427131652832,1457400,0.0,0.0,0.0
2011-11-01,56.8071163362573,56.96980829414647,56.6850960748694,56.96302795410156,2003400,0.21,0.0,0.0
2011-11-02,56.79356104395126,56.963033357962516,56.79356104395126,56.929141998291016,1038100,0.0,0.0,0.0
2011-11-03,56.80710325299881,56.92234314780087,56.7799870709484,56.78676223754883,1275300,0.0,0.0,0.0
2011-11-04,56.773259922350974,56.8884999251194,56.75970440456729,56.8681640625,2324000,0.0,0.0,0.0
2011-11-07,56.81389029437236,57.01725911631546,56.78677410665435,56.881683349609375,2067200,0.0,0.0,0.0
2011-11-08,56.861344512353476,56.9087965497103,56.69187221152422,56.7054328918457,1891400,0.0,0.0,0.0
2011-11-09,56.89523267839834,56.89523267839834,56.71898006331523,56.77321243286133,1346800,0.0,0.0,0.0
2011-11-10,56.67831670308692,56.786776286237874,56.56985194805179,56.7054328918457,2487500,0.0,0.0,0.0
2011-11-11,56.685132140254254,56.69868765708455,56.61056386796917,56.664791107177734,698100,0.0,0.0,0.0
2011-11-14,56.71222763013975,56.725783142018535,56.5834269938066,56.67155075073242,1279600,0.0,0.0,0.0
2011-11-15,56.69866854322558,56.75290093603908,56.603764441744765,56.63766098022461,1323200,0.0,0.0,0.0
2011-11-16,56.74609374999999,56.74609374999999,56.66474519926199,56.74609375,1705400,0.0,0.0,0.0
2011-11-17,56.67154972147736,56.77323416032069,56.6173173311762,56.71900177001953,1147800,0.0,0.0,0.0
2011-11-18,56.73251823470133,56.73929339929418,56.52236917905146,56.68506622314453,1032700,0.0,0.0,0.0
2011-11-21,56.719002800136394,56.75967967954373,56.65799523885364,56.67155075073242,2076200,0.0,0.0,0.0
2011-11-22,56.691893763649276,56.7596868472607,56.610550338333404,56.73257064819336,1217400,0.0,0.0,0.0
2011-11-23,56.671554983301014,56.82747182692202,56.651219128021296,56.793575286865234,1525400,0.0,0.0,0.0
2011-11-25,56.6851335496372,56.80037354716581,56.6851335496372,56.712249755859375,1453300,0.0,0.0,0.0
2011-11-28,56.50210045060939,56.759701823776304,56.45464838269246,56.712249755859375,1550300,0.0,0.0,0.0
2011-11-29,56.63763971452729,56.73931894801813,56.52917496962546,56.630859375,744300,0.0,0.0,0.0
2011-11-30,56.596958558506294,56.603738897519555,56.366478750888646,56.50883483886719,1965300,0.0,0.0,0.0
2011-12-01,56.47011590952286,56.54486617824405,56.28664127644101,56.490501403808594,1570600,0.203,0.0,0.0
2011-12-02,56.4565002011863,56.68754260483909,56.42252093735136,56.673954010009766,2347000,0.0,0.0,0.0
2011-12-05,56.55165204135209,56.69435565802959,56.47010489560385,56.68076705932617,2386300,0.0,0.0,0.0
2011-12-06,56.57882424528822,56.667163082242254,56.524459491235746,56.60600662231445,858400,0.0,0.0,0.0
2011-12-07,56.63999089419743,56.75551212895885,56.57883442326818,56.68076705932617,1397000,0.0,0.0,0.0
2011-12-08,56.6739801832841,56.85066310470785,56.6739801832841,56.80988693237305,1075900,0.0,0.0,0.0
2011-12-09,56.789475211836155,56.86422544466682,56.6535685255119,56.673954010009766,1187600,0.0,0.0,0.0
2011-12-12,56.755527249891294,56.80309513479026,56.72155315182666,56.73514175415039,841400,0.0,0.0,0.0
2011-12-13,56.680820529232456,56.925451828231886,56.680820529232456,56.87788391113281,2088000,0.0,0.0,0.0
2011-12-14,56.90502510201424,57.013754653495255,56.8574572193689,56.986572265625,1996800,0.0,0.0,0.0
2011-12-15,56.93219490695585,56.9933565622738,56.911809416686275,56.95937728881836,2590900,0.0,0.0,0.0
2011-12-16,57.02734807450009,57.122483847830615,57.02734807450009,57.115692138671875,1355900,0.0,0.0,0.0
2011-12-19,57.12925514752046,57.21759398760552,57.08168728216566,57.09527587890625,1316300,0.0,0.0,0.0
2011-12-20,57.156445921638706,57.156445921638706,56.97976303100586,56.97976303100586,1285400,0.0,0.0,0.0
2011-12-21,57.00691505178807,57.013711939791115,56.82344055175781,56.82344055175781,1065100,0.0,0.0,0.0
2011-12-22,56.91863185420897,56.96619974769023,56.891449460146596,56.932220458984375,859700,0.0,0.0,0.0
2011-12-23,56.833615652429216,57.06631340023591,56.81308411252311,57.00471878051758,990300,0.596,0.0,0.0
2011-12-27,56.90891575441755,56.977355978529346,56.72412140549586,56.86784744262695,1686800,0.0,0.0,0.0
2011-12-28,56.88840697510842,57.100573321256626,56.81996150195153,57.08688735961914,1416800,0.0,0.0,0.0
2011-12-29,57.08686457529975,57.18268193348931,57.025264718375375,57.13477325439453,1062300,0.0,0.0,0.0
2011-12-30,57.21690919703964,57.25113192579827,57.12109182250183,57.175846099853516,1535100,0.0,0.0,0.0
2012-01-03,57.10058017569564,57.10058017569564,56.92947691557689,56.99791717529297,2282600,0.0,0.0,0.0
2012-01-04,57.02529525756837,57.05267240623465,56.950009404150386,57.02529525756836,2227400,0.0,0.0,0.0
2012-01-05,57.011564367703976,57.086850161795105,56.95681011351896,57.00471878051758,1194800,0.0,0.0,0.0
2012-01-06,57.01846608814732,57.11428352524923,57.00478012070077,57.038997650146484,1053000,0.0,0.0,0.0
2012-01-09,57.03897343974672,57.182704756051,57.03897343974672,57.08688735961914,833800,0.0,0.0,0.0
2012-01-10,57.09372679170361,57.148481080667054,57.038972502740165,57.05950927734375,964100,0.0,0.0,0.0
2012-01-11,57.15535563550404,57.21010473055502,57.11428728714199,57.19641876220703,853400,0.0,0.0,0.0
2012-01-12,57.25108999987391,57.25108999987391,57.059455391135494,57.11420440673828,2047900,0.0,0.0,0.0
2012-01-13,57.2853889465332,57.34014326165268,57.21010306865866,57.2853889465332,889100,0.0,0.0,0.0
2012-01-17,57.333251751100626,57.3674744760575,57.23059401953942,57.23743438720703,878100,0.0,0.0,0.0
2012-01-18,57.35383321998746,57.36067359298637,57.22379302978515,57.223793029785156,1904100,0.0,0.0,0.0
2012-01-19,57.22376444895008,57.27167314430803,57.12794705823418,57.169010162353516,1783800,0.0,0.0,0.0
2012-01-20,57.1827038166833,57.189544186561434,56.97053225236406,57.05950927734375,1139400,0.0,0.0,0.0
2012-01-23,57.011614202606474,57.07320887616584,56.956859900559714,56.9910774230957,885500,0.0,0.0,0.0
2012-01-24,57.06631340023591,57.06631340023591,56.97734165342507,57.00471878051758,1057600,0.0,0.0,0.0
2012-01-25,57.04581562833933,57.333267800487036,57.018438485041045,57.169010162353516,1101200,0.0,0.0,0.0
2012-01-26,57.26482579321114,57.33326603852546,57.210071508297275,57.319580078125,2096700,0.0,0.0,0.0
2012-01-27,57.36752122732212,57.42912113811398,57.299080943288146,57.42227554321289,1708100,0.0,0.0,0.0
2012-01-30,57.53175906526269,57.58651336222552,57.42910128552882,57.49069595336914,1646400,0.0,0.0,0.0
2012-01-31,57.5112161491627,57.53859329223633,57.42224435041551,57.53859329223633,3801200,0.0,0.0,0.0
2012-02-01,57.527658598074,57.56882685128235,57.45218957394709,57.47963333129883,2908500,0.204,0.0,0.0
2012-02-02,57.5276107727159,57.65110496095156,57.486447788089734,57.56877899169922,2303800,0.0,0.0,0.0
2012-02-03,57.47271466802461,57.50015839843752,57.41783244155515,57.49330139160156,1326000,0.0,0.0,0.0
2012-02-06,57.486397834766436,57.55500449431272,57.44523488590918,57.52069854736328,2564400,0.0,0.0,0.0
2012-02-07,57.47961707591547,57.493341567890766,57.362985065925535,57.445316314697266,1496300,0.0,0.0,0.0
2012-02-08,57.43840527132199,57.4589867574397,57.35607409249557,57.37665557861328,1088200,0.0,0.0,0.0
2012-02-09,57.390391904660106,57.390391904660106,57.30806070884001,57.38352966308594,937500,0.0,0.0,0.0
2012-02-10,57.43844906963823,57.48647431865192,57.390423820624534,57.42472457885742,1003600,0.0,0.0,0.0
2012-02-13,57.445298049946864,57.4658795470059,57.37668608060561,57.41785430908203,933300,0.0,0.0,0.0
2012-02-14,57.47271466802461,57.58248958967625,57.458995419996334,57.49330139160156,953400,0.0,0.0,0.0
2012-02-15,57.5207617943772,57.54820553524203,57.41785430908203,57.41785430908203,1290200,0.0,0.0,0.0
2012-02-16,57.43158682424782,57.47961207326152,57.362980073422484,57.42472457885742,976100,0.0,0.0,0.0
2012-02-17,57.321801039331895,57.34238253538777,57.232607577278955,57.29435729980469,1172700,0.0,0.0,0.0
2012-02-21,57.30806169163535,57.3149239333272,57.24631721947889,57.26003646850586,900400,0.0,0.0,0.0
2012-02-22,57.34925857689264,57.465895817180964,57.301233325371506,57.452171325683594,1847600,0.0,0.0,0.0
2012-02-23,57.431608064523665,57.50707708865057,57.376720549820185,57.47963333129883,991600,0.0,0.0,0.0
2012-02-24,57.51384154545547,57.541285256144505,57.479535598506025,57.52069854736328,1276200,0.0,0.0,0.0
2012-02-27,57.64421963714813,57.64421963714813,57.58933742440792,57.62363815307617,970300,0.0,0.0,0.0
2012-02-28,57.67856196550996,57.692281218755994,57.596230742958646,57.616817474365234,1615700,0.0,0.0,0.0
2012-02-29,57.65800883604222,57.664871083220625,57.51393305146131,57.56195831298828,1128100,0.0,0.0,0.0
2012-03-01,57.414074162759526,57.51722662355359,57.39344471991114,57.46908950805664,1559000,0.195,0.0,0.0
2012-03-02,57.48285748836528,57.620395891726844,57.47598450311243,57.58600997924805,1074400,0.0,0.0,0.0
2012-03-05,57.57912019865086,57.606622624747324,57.448460065208245,57.46908950805664,1208500,0.0,0.0,0.0
2012-03-06,57.592845795179144,57.62723168233349,57.551586927833746,57.565338134765625,704800,0.0,0.0,0.0
2012-03-07,57.58602795566009,57.613535644919374,57.53789081109516,57.57915496826172,809900,0.0,0.0,0.0
2012-03-08,57.565367999310176,57.579124459928586,57.46221553088208,57.489723205566406,847000,0.0,0.0,0.0
2012-03-09,57.46218478398895,57.46218478398895,57.37278882401329,57.43467712402344,1251700,0.0,0.0,0.0
2012-03-12,57.531020935693704,57.544772157789545,57.469127319873515,57.47600555419922,1095300,0.0,0.0,0.0
2012-03-13,57.393465552685825,57.4484809179525,57.30406951904297,57.30406951904297,1346400,0.0,0.0,0.0
2012-03-14,57.25591474738675,57.25591474738675,56.95333557818882,56.96708679199219,1069500,0.0,0.0,0.0
2012-03-15,56.973952917523704,57.05647592246828,56.93957226704358,56.980831146240234,747300,0.0,0.0,0.0
2012-03-16,56.87082364867485,57.01524027781757,56.8364429841841,56.973976135253906,1452700,0.0,0.0,0.0
2012-03-19,56.96711574299733,56.98775044401763,56.79519662704687,56.82270431518555,945800,0.0,0.0,0.0
2012-03-20,56.87081788634899,56.891452578816754,56.79517308695914,56.8364372253418,971200,0.0,0.0,0.0
2012-03-21,56.967082756546105,57.05648400286832,56.91207265867707,57.001468658447266,1520500,0.0,0.0,0.0
2012-03-22,57.05645382915302,57.11146914447979,57.04269737704671,57.083961486816406,1169100,0.0,0.0,0.0
2012-03-23,57.118354377481396,57.200877368175064,57.08397373293848,57.18712615966797,1151600,0.0,0.0,0.0
2012-03-26,57.13214165250819,57.20778645647976,57.0977557428654,57.18027877807617,1137700,0.0,0.0,0.0
2012-03-27,57.193985360488014,57.31776719342968,57.193985360488014,57.27650833129883,1095500,0.0,0.0,0.0
2012-03-28,57.27655477222319,57.33157013070457,57.221539413741816,57.26279830932617,639000,0.0,0.0,0.0
2012-03-29,57.34526153319279,57.393398610016376,57.29024623209501,57.38652038574219,1040900,0.0,0.0,0.0
2012-03-30,57.40033637249294,57.42096582016542,57.22153908174252,57.269676208496094,1454300,0.0,0.0,0.0
2012-04-02,57.30140316347431,57.40489335515023,57.21860574613604,57.266902923583984,1856700,0.276,0.0,0.0
2012-04-03,57.34967398885627,57.363470920074214,57.02539083328578,57.0529899597168,962700,0.0,0.0,0.0
2012-04-04,57.23235268333854,57.23235268333854,57.052966331820656,57.21165466308594,1045100,0.0,0.0,0.0
2012-04-05,57.335875636976766,57.335875636976766,57.23928131999088,57.322078704833984,857200,0.0,0.0,0.0
2012-04-09,57.57740601748591,57.63260431679364,57.51531187876438,57.522212982177734,1167600,0.0,0.0,0.0
2012-04-10,57.625675285577984,57.74297293075947,57.59808141329681,57.687774658203125,1209700,0.0,0.0,0.0
2012-04-11,57.61190827528436,57.61880937893785,57.542913030748636,57.60500717163086,1017900,0.0,0.0,0.0
2012-04-12,57.625674377329375,57.65327351317256,57.57048136963994,57.61187744140625,876200,0.0,0.0,0.0
2012-04-13,57.69468840949422,57.777480572486304,57.667089267164144,57.75678253173828,2484000,0.0,0.0,0.0
2012-04-16,57.77058473490241,57.818881917980505,57.729183389408206,57.75678253173828,1235900,0.0,0.0,0.0
2012-04-17,57.763680132015004,57.763680132015004,57.687783811207225,57.7498779296875,838200,0.0,0.0,0.0
2012-04-18,57.79817849137796,57.80507959294547,57.73608436926481,57.791282653808594,726200,0.0,0.0,0.0
2012-04-19,57.83956519069905,57.83956519069905,57.7705699844893,57.7774658203125,664200,0.0,0.0,0.0
2012-04-20,57.777487574259425,57.79128977909616,57.70159123965373,57.770591735839844,592900,0.0,0.0,0.0
2012-04-23,57.8809651655154,57.8809651655154,57.798167754081184,57.839569091796875,843700,0.0,0.0,0.0
2012-04-24,57.81198782235248,57.83958696802716,57.74988842858473,57.770591735839844,1104600,0.0,0.0,0.0
2012-04-25,57.74988143015623,57.79128277565042,57.660188165582085,57.75678253173828,905200,0.0,0.0,0.0
2012-04-26,57.85338160566472,57.87407964809703,57.80508441865648,57.83268356323242,751400,0.0,0.0,0.0
2012-04-27,57.839595979419904,57.88099207238204,57.79819462245816,57.86719512939453,890600,0.0,0.0,0.0
2012-04-30,57.90169906616211,57.915501275282026,57.874099911922706,57.90169906616211,912700,0.0,0.0,0.0
2012-05-01,57.9639230606685,57.9639230606685,57.79795768532955,57.818702697753906,1993800,0.19,0.0,0.0
2012-05-02,57.87402277883171,57.93625781237398,57.867106016456844,57.90859603881836,768300,0.0,0.0,0.0
2012-05-03,57.8463308796066,57.98463439941407,57.8463308796066,57.98463439941406,1258600,0.0,0.0,0.0
2012-05-04,58.01924755661075,58.060737582135594,57.98466901804389,58.04690933227539,633500,0.0,0.0,0.0
2012-05-07,58.06764739971271,58.06764739971271,58.02615737915039,58.02615737915039,1049200,0.0,0.0,0.0
2012-05-08,58.060706414389394,58.15751993927276,58.060706414389394,58.081451416015625,761300,0.0,0.0,0.0
2012-05-09,58.08148259489801,58.11606113346488,58.01924755661075,58.04690933227539,1595100,0.0,0.0,0.0
2012-05-10,57.98464063655648,58.0468809203235,57.922405628731106,58.01230239868164,1650600,0.0,0.0,0.0
2012-05-11,58.1022130812563,58.10912984242923,58.03306129735578,58.05380630493164,1734700,0.0,0.0,0.0
2012-05-14,58.14365772755592,58.185147706568685,58.10907922775306,58.15748596191406,759400,0.0,0.0,0.0
2012-05-15,58.17139053344726,58.18521878469778,58.09532196170749,58.171390533447266,1469000,0.0,0.0,0.0
2012-05-16,58.08838064172038,58.17136594197644,58.05380211429472,58.13678741455078,1371000,0.0,0.0,0.0
2012-05-17,58.14372878132005,58.23362560435103,58.053826682344294,58.185218811035156,1500200,0.0,0.0,0.0
2012-05-18,58.122970639962865,58.21978420473023,58.095308867751676,58.15062713623047,1041300,0.0,0.0,0.0
2012-05-21,58.178230951420446,58.185147706568685,58.13674097240768,58.15748596191406,2278400,0.0,0.0,0.0
2012-05-22,58.10915203406882,58.10915203406882,57.998510192762915,58.06074523925781,1593200,0.0,0.0,0.0
2012-05-23,58.12984223418521,58.17133750199747,58.10218048095703,58.10218048095703,1218300,0.0,0.0,0.0
2012-05-24,58.095301564811614,58.116046572376334,58.03997802734375,58.03997802734375,860300,0.0,0.0,0.0
2012-05-25,58.081484341667505,58.12989113155038,58.07457285450167,58.10914611816406,738700,0.0,0.0,0.0
2012-05-29,58.14372465777085,58.17138643426741,58.095317867887985,58.10914611816406,1351600,0.0,0.0,0.0
2012-05-30,58.247483315540805,58.34429694236897,58.23364978259566,58.33046340942383,693800,0.0,0.0,0.0
2012-05-31,58.427248474549685,58.53097881714266,58.378841684798886,58.44108200073242,1459100,0.0,0.0,0.0
2012-06-01,58.63237237744104,58.680885950103765,58.54227725323393,58.646236419677734,1657000,0.186,0.0,0.0
2012-06-04,58.5214507056906,58.563032231817886,58.45907312892004,58.50065994262695,1700800,0.0,0.0,0.0
2012-06-05,58.45215878870044,58.47295484563269,58.3689957112963,58.38285446166992,2069200,0.0,0.0,0.0
2012-06-06,58.438281156713636,58.438281156713636,58.237294971957624,58.271949768066406,3526600,0.0,0.0,0.0
2012-06-07,58.278872021056316,58.33431757554001,58.223431754151726,58.2927360534668,2325800,0.0,0.0,0.0
2012-06-08,58.389772500639104,58.424427299647725,58.265022626820006,58.32740020751953,1572200,0.0,0.0,0.0
2012-06-11,58.31355318723315,58.424444346351876,58.299694436134054,58.37593078613281,1175500,0.0,0.0,0.0
2012-06-12,58.348147950967444,58.36200668780467,58.26497966721589,58.285770416259766,1194400,0.0,0.0,0.0
2012-06-13,58.32043887550497,58.42439793269599,58.264993339992785,58.4105339050293,1212900,0.0,0.0,0.0
2012-06-14,58.417512327011586,58.417512327011586,58.320485206573444,58.37593078613281,718800,0.0,0.0,0.0
2012-06-15,58.4520961392642,58.514473668041774,58.438237403744495,58.50754165649414,793200,0.0,0.0,0.0
2012-06-18,58.52143167893396,58.5352904206107,58.43826336613982,58.51449966430664,845900,0.0,0.0,0.0
2012-06-19,58.46602005874451,58.47295207739375,58.39671573499501,58.438297271728516,908900,0.0,0.0,0.0
2012-06-20,58.34819097189272,58.424427299647725,58.25809060950229,58.32740020751953,1274100,0.0,0.0,0.0
2012-06-21,58.40365767398868,58.48682605669316,58.3759401673362,58.42445373535156,972700,0.0,0.0,0.0
2012-06-22,58.410553941484714,58.41748595769594,58.29273610378948,58.30659484863281,2219900,0.0,0.0,0.0
2012-06-25,58.44526676019633,58.46605754189225,58.39675317371106,58.45912551879883,1189200,0.0,0.0,0.0
2012-06-26,58.41058345277305,58.47296105503141,58.38979268121419,58.396724700927734,1166300,0.0,0.0,0.0
2012-06-27,58.472989564985674,58.47991630049474,58.40367990922013,58.45912551879883,669200,0.0,0.0,0.0
2012-06-28,58.528376771947606,58.563031568380836,58.50065927989649,58.52145004272461,916300,0.0,0.0,0.0
2012-06-29,58.410546478522896,58.4867827843685,58.37589697705208,58.47985076904297,2044900,0.0,0.0,0.0
2012-07-02,58.52640425650814,58.65837331528479,58.50556731561307,58.60280990600586,1244100,0.187,0.0,0.0
2012-07-03,58.63756506269085,58.63756506269085,58.50559593934859,58.51948547363281,1731700,0.0,0.0,0.0
2012-07-05,58.57502510951985,58.6861572265625,58.54724075542827,58.6861572265625,1283700,0.0,0.0,0.0
2012-07-06,58.7139606320102,58.78341889011496,58.700071100119416,58.74174499511719,861200,0.0,0.0,0.0
2012-07-09,58.78341120750764,58.85981687123477,58.76257426273201,58.852874755859375,800000,0.0,0.0,0.0
2012-07-10,58.86674287365413,58.922311572392985,58.83201111211165,58.908416748046875,791600,0.0,0.0,0.0
2012-07-11,58.86675093698583,58.95704611031265,58.81812964376008,58.825077056884766,1357600,0.0,0.0,0.0
2012-07-12,58.922317291255546,58.93620681762695,58.87369599997068,58.93620681762695,2024300,0.0,0.0,0.0
2012-07-13,58.9084292418335,58.94316101074218,58.86675535860221,58.94316101074219,703600,0.0,0.0,0.0
2012-07-16,59.040400836564736,59.08902213116308,58.97094260132763,58.97789001464844,1885600,0.0,0.0,0.0
2012-07-17,58.991766824490156,59.0056563488138,58.943145540373614,58.957035064697266,1046800,0.0,0.0,0.0
2012-07-18,59.033457644053065,59.09597376976284,59.02651552955957,59.05429458618164,630600,0.0,0.0,0.0
2012-07-19,59.04041290283203,59.116818567005204,59.03346548809135,59.04041290283203,864100,0.0,0.0,0.0
2012-07-20,59.13763639449285,59.17931027081549,59.11679945633153,59.15153121948242,881700,0.0,0.0,0.0
2012-07-23,59.23492818351296,59.23492818351296,59.151580361623694,59.179359436035156,912200,0.0,0.0,0.0
2012-07-24,59.15848644179641,59.28351339779256,59.13070208498347,59.24878692626953,743200,0.0,0.0,0.0
2012-07-25,59.26269338793388,59.29047775268555,59.227961607162854,59.29047775268555,483400,0.0,0.0,0.0
2012-07-26,59.26962386904819,59.28351339779256,59.23489209820096,59.24878692626953,702700,0.0,0.0,0.0
2012-07-27,59.10986372981645,59.13764808596551,58.94316289224619,59.02651596069336,957400,0.0,0.0,0.0
2012-07-30,59.06819510393579,59.165437709452696,59.005678972203754,59.13765335083008,1772900,0.0,0.0,0.0
2012-07-31,59.21404287669429,59.23487981515216,59.12374771026914,59.20015335083008,754800,0.0,0.0,0.0
2012-08-01,59.17720341030271,59.218968939532246,59.107592424594216,59.128475189208984,1587100,0.187,0.0,0.0
2012-08-02,59.25374394893834,59.31639220774526,59.21197313209226,59.23981857299805,899500,0.0,0.0,0.0
2012-08-03,59.12850518555945,59.13546256997539,59.017123303138746,59.024085998535156,1918100,0.0,0.0,0.0
2012-08-06,59.12149650548115,59.12845919546198,59.044922848621,59.07973098754883,1236000,0.0,0.0,0.0
2012-08-07,58.95443923424044,58.95443923424044,58.863940181896844,58.92659378051758,1753600,0.0,0.0,0.0
2012-08-08,58.95441043358678,58.989213250505394,58.89175686557382,58.91263961791992,948500,0.0,0.0,0.0
2012-08-09,58.85001938426726,58.91963036222673,58.78040840630781,58.877864837646484,1676600,0.0,0.0,0.0
2012-08-10,59.01705203803934,59.01705203803934,58.90567560108995,58.94744110107422,898300,0.0,0.0,0.0
2012-08-13,58.961402266118576,59.01013048706005,58.94748219341148,58.954444885253906,911800,0.0,0.0,0.0
2012-08-14,58.83604858648839,58.849973957917584,58.77340034797626,58.80820846557617,1119600,0.0,0.0,0.0
2012-08-15,58.724716708469415,58.724716708469415,58.592452134444144,58.59941482543945,780400,0.0,0.0,0.0
2012-08-16,58.64116225286004,58.64812494170667,58.47409489736926,58.5367431640625,723800,0.0,0.0,0.0
2012-08-17,58.58549572217044,58.6759894626958,58.58549572217044,58.63422393798828,799100,0.0,0.0,0.0
2012-08-20,58.62028908754979,58.67597998548288,58.59244363858325,58.60636901855469,741100,0.0,0.0,0.0
2012-08-21,58.64120061391325,58.71081161499024,58.557669537012444,58.710811614990234,661500,0.0,0.0,0.0
2012-08-22,58.80125654015523,58.968323851066344,58.7942938531665,58.94744110107422,1242900,0.0,0.0,0.0
2012-08-23,59.010137008583335,59.03102508641907,58.97533416748047,58.97533416748047,1125400,0.0,0.0,0.0
2012-08-24,59.07279062013385,59.07279062013385,58.95445140062308,58.97533416748047,3865000,0.0,0.0,0.0
2012-08-27,59.03100070110598,59.0727662175677,59.017075321634636,59.06580352783203,715600,0.0,0.0,0.0
2012-08-28,59.06579860947482,59.11452681161466,59.04491585298285,59.0866813659668,1081700,0.0,0.0,0.0
2012-08-29,59.06578641890476,59.072749106623625,58.99617547463993,59.037940979003906,853600,0.0,0.0,0.0
2012-08-30,59.10060674427858,59.12845218992645,59.06579860947482,59.0866813659668,573200,0.0,0.0,0.0
2012-08-31,59.12147170928801,59.295501708984375,59.0936262720197,59.295501708984375,1176500,0.0,0.0,0.0
2012-09-04,59.2634574285731,59.291363168886456,59.21462371364365,59.25648498535156,2076400,0.184,0.0,0.0
2012-09-05,59.249507219654284,59.298340934583734,59.2285792450382,59.25648498535156,1049300,0.0,0.0,0.0
2012-09-06,59.15879316973555,59.15879316973555,59.04717025449401,59.1169319152832,2350400,0.0,0.0,0.0
2012-09-07,59.249482796514144,59.277388525324525,59.1169319152832,59.1169319152832,928300,0.0,0.0,0.0
2012-09-10,59.11693055256058,59.13785851806757,59.05414665603963,59.13088607788086,990500,0.0,0.0,0.0
2012-09-11,59.130915790968956,59.130915790968956,59.0541763305664,59.054176330566406,912300,0.0,0.0,0.0
2012-09-12,58.984391623079425,58.99834182749342,58.93555792391941,58.970436096191406,808600,0.0,0.0,0.0
2012-09-13,59.026270180030686,59.096031873784185,58.81000733265203,59.089054107666016,1350200,0.0,0.0,0.0
2012-09-14,58.96346485044687,58.96346485044687,58.78208556064554,58.79603576660156,2127500,0.0,0.0,0.0
2012-09-17,58.83787660193335,58.94252174839988,58.83787660193335,58.879737854003906,852900,0.0,0.0,0.0
2012-09-18,58.99829655231015,59.04713021399531,58.92853493882707,58.949462890625,3447100,0.0,0.0,0.0
2012-09-19,59.04714637183136,59.095980046879504,59.019240654307936,59.02621841430664,1133600,0.0,0.0,0.0
2012-09-20,59.12392029594804,59.13089806002213,59.00532491906096,59.04020309448242,948600,0.0,0.0,0.0
2012-09-21,59.04019996838411,59.13089492912164,59.0053217948094,59.102989196777344,1264700,0.0,0.0,0.0
2012-09-24,59.14482063622011,59.186676556162695,59.12389267624882,59.165748596191406,1697300,0.0,0.0,0.0
2012-09-25,59.20068751388786,59.29137719951015,59.15883155475095,59.28440475463867,1235500,0.0,0.0,0.0
2012-09-26,59.36807114836767,59.41690483740648,59.31225969733105,59.38202667236328,1245800,0.0,0.0,0.0
2012-09-27,59.3471565246582,59.39599022467365,59.33320631999984,59.3471565246582,963400,0.0,0.0,0.0
2012-09-28,59.402984619140625,59.43089035874417,59.32624516584979,59.402984619140625,1426400,0.0,0.0,0.0
2012-10-01,59.38476746818006,59.45467729061704,59.37078870371505,59.44768524169922,994800,0.174,0.0,0.0
2012-10-02,59.41273033048072,59.45467729061704,59.39875156601571,59.44768524169922,771000,0.0,0.0,0.0
2012-10-03,59.398756800762335,59.47565334552331,59.38477270169428,59.426719665527344,1630200,0.0,0.0,0.0
2012-10-04,59.405769251833384,59.433726792828644,59.32887268066406,59.32887268066406,666500,0.0,0.0,0.0
2012-10-05,59.29392738696755,59.29392738696755,59.23101490944835,59.26596450805664,665100,0.0,0.0,0.0
2012-10-08,59.30789861860507,59.370816421497956,59.24498614908533,59.34285354614258,588800,0.0,0.0,0.0
2012-10-09,59.24499483030629,59.30790730904466,59.23800277709961,59.23800277709961,1113600,0.0,0.0,0.0
2012-10-10,59.25197610949474,59.34285145116169,59.20304241269362,59.32887268066406,633000,0.0,0.0,0.0
2012-10-11,59.27992879631246,59.3777961730957,59.25196592674982,59.3777961730957,821900,0.0,0.0,0.0
2012-10-12,59.4196891784668,59.44065998013213,59.39172633179046,59.4196891784668,2403700,0.0,0.0,0.0
2012-10-15,59.405769059969344,59.42673988233453,59.37780618569145,59.39877700805664,803000,0.0,0.0,0.0
2012-10-16,59.37782424067159,59.37782424067159,59.27995681762695,59.27995681762695,1308000,0.0,0.0,0.0
2012-10-17,59.24497296701295,59.251965017639336,59.07020903495686,59.133121490478516,5638300,0.0,0.0,0.0
2012-10-18,59.17506807991678,59.17506807991678,59.05622988689294,59.10516357421875,1367200,0.0,0.0,0.0
2012-10-19,59.08417058974285,59.23796365848691,59.08417058974285,59.196022033691406,1120200,0.0,0.0,0.0
2012-10-22,59.189029559942725,59.196021608481885,59.091162213875926,59.11213302612305,588400,0.0,0.0,0.0
2012-10-23,59.20301915652182,59.25195283410078,59.16107219476067,59.24496078491211,949800,0.0,0.0,0.0
2012-10-24,59.203062240445725,59.24500389935828,59.196070186168726,59.217041015625,648000,0.0,0.0,0.0
2012-10-25,59.091177756858535,59.168074310904615,59.070206939095385,59.119140625,650900,0.0,0.0,0.0
2012-10-26,59.16806424394934,59.265931599107255,59.14709342975419,59.24496078491211,583800,0.0,0.0,0.0
2012-10-31,59.34285354614258,59.39178724467121,59.27994107662283,59.34285354614258,1030900,0.0,0.0,0.0
2012-11-01,59.231005190784764,59.2659547836585,59.175079442139264,59.251976013183594,1039100,0.0,0.0,0.0
2012-11-02,59.203029456025604,59.279926010366005,59.1261329016852,59.27293395996094,1107500,0.0,0.0,0.0
2012-11-05,59.300914279664426,59.37781085663445,59.2939222272017,59.363826751708984,1520800,0.0,0.0,0.0
2012-11-06,59.27291999194307,59.321853666503465,59.147089781163395,59.175052642822266,1074400,0.0,0.0,0.0
2012-11-07,59.41973980212488,59.43371857068867,59.30090160252996,59.31488037109375,1036900,0.0,0.0,0.0
2012-11-08,59.31488486409586,59.45469922718547,59.29391404297557,59.405765533447266,667800,0.0,0.0,0.0
2012-11-09,59.335850340403056,59.405760182336884,59.29390870194047,59.34983444213867,1533200,0.0,0.0,0.0
2012-11-12,59.405789073386565,59.447730732246804,59.35685536025804,59.440738677978516,842200,0.0,0.0,0.0
2012-11-13,59.41970654199519,59.48961101242957,59.39174368714759,59.433685302734375,3720600,0.0,0.0,0.0
2012-11-14,59.36376348511412,59.433667935121136,59.328813926794446,59.4196891784668,810800,0.0,0.0,0.0
2012-11-15,59.35684507859403,59.44072838178442,59.33586891942262,59.41276550292969,1045400,0.0,0.0,0.0
2012-11-16,59.40576466737068,59.45469836039549,59.36381769236903,59.384788513183594,1151500,0.0,0.0,0.0
2012-11-19,59.34983892295018,59.391780564579285,59.314883999344225,59.384788513183594,1094200,0.0,0.0,0.0
2012-11-20,59.36380785308309,59.37779195355668,59.27293253349135,59.29390335083008,770400,0.0,0.0,0.0
2012-11-21,59.24498920872476,59.258967980437795,59.21003427938204,59.23101043701172,643200,0.0,0.0,0.0
2012-11-23,59.20301915652182,59.265931599107255,59.182048342326674,59.24496078491211,664200,0.0,0.0,0.0
2012-11-26,59.32188578658,59.32887783912322,59.23101043701172,59.23101043701172,951100,0.0,0.0,0.0
2012-11-27,59.28691665107266,59.36381321050216,59.27992993357699,59.34983444213867,873200,0.0,0.0,0.0
2012-11-28,59.37080974376473,59.41974343678954,59.34983892295018,59.384788513183594,803400,0.0,0.0,0.0
2012-11-29,59.36376348511412,59.433667935121136,59.356776773470784,59.4196891784668,921600,0.0,0.0,0.0
2012-11-30,59.46167944841161,59.46867149914528,59.3777961730957,59.3777961730957,976300,0.0,0.0,0.0
2012-12-03,59.3266682089221,59.43874004500464,59.291649768055755,59.42472839355469,2669300,0.167,0.0,0.0
2012-12-04,59.459750861067484,59.480762993897656,59.43173290266754,59.47376251220703,918000,0.0,0.0,0.0
2012-12-05,59.43873335991657,59.52978770858328,59.43873335991657,59.51578140258789,1058300,0.0,0.0,0.0
2012-12-06,59.53679353352031,59.56481148938976,59.49476927165547,59.51578140258789,771800,0.0,0.0,0.0
2012-12-07,59.41073049712699,59.46676642310162,59.382712534139685,59.403724670410156,1239200,0.0,0.0,0.0
2012-12-10,59.438751220703125,59.4597633579495,59.403727429372324,59.438751220703125,1378600,0.0,0.0,0.0
2012-12-11,59.34771189039046,59.41775414692876,59.34771189039046,59.38973617553711,2083600,0.0,0.0,0.0
2012-12-12,59.39666315561704,59.41066945077877,59.2635793041452,59.29860305786133,1105800,0.0,0.0,0.0
2012-12-13,59.228618418792074,59.277648519713054,59.179588317871094,59.179588317871094,1208700,0.0,0.0,0.0
2012-12-14,59.214607238769524,59.27064316203642,59.19359510351438,59.21460723876953,2883600,0.0,0.0,0.0
2012-12-17,59.24961201987446,59.24961201987446,59.10952758789062,59.109527587890625,1348100,0.0,0.0,0.0
2012-12-18,59.06052103157222,59.102545309133816,58.96946664889521,58.97646713256836,1772600,0.0,0.0,0.0
2012-12-19,59.018444804990494,59.14452287057994,59.018444804990494,59.10249328613281,2254500,0.0,0.0,0.0
2012-12-20,59.165561455960095,59.200579890808015,59.11653137207031,59.11653137207031,1117200,0.0,0.0,0.0
2012-12-21,59.20060348510742,59.235627277792375,59.17959134704865,59.20060348510742,1312800,0.0,0.0,0.0
2012-12-24,58.77331414454689,58.81533839916778,58.75930249708809,58.801326751708984,830100,0.0,0.0,0.0
2012-12-26,58.80131173104933,58.871359262694334,58.80131173104933,58.850341796875,1009700,0.0,0.0,0.0
2012-12-27,58.83638908335121,58.955461445393155,58.78035314454985,58.8994255065918,965200,0.0,0.0,0.0
2012-12-28,58.94145104240756,58.94845687024187,58.86440296787273,58.91343307495117,1627500,0.0,0.0,0.0
2012-12-31,58.92743359724088,58.9484510786789,58.808361255160534,58.857391357421875,2099100,0.0,0.0,0.0
2013-01-02,58.68229968928481,58.794371579808704,58.68229968928481,58.766353607177734,1857300,0.0,0.0,0.0
2013-01-03,58.77332345027578,58.78732975607448,58.591209411621094,58.591209411621094,1908500,0.0,0.0,0.0
2013-01-04,58.56319392746277,58.68226623535156,58.542181795938724,58.68226623535156,1822700,0.0,0.0,0.0
2013-01-07,58.633256776160614,58.668280570275684,58.59823832592624,58.640262603759766,1866600,0.0,0.0,0.0
2013-01-08,58.66125764919608,58.73129987313571,58.64725134195981,58.69628143310547,1189000,0.0,0.0,0.0
2013-01-09,58.675228118896484,58.696245582732594,58.61219175901578,58.675228118896484,1439600,0.0,0.0,0.0
2013-01-10,58.661221820214955,58.696245582732594,58.60518593773707,58.675228118896484,1198700,0.0,0.0,0.0
2013-01-11,58.60520191664568,58.7312800146586,58.60520191664568,58.7172737121582,1385000,0.0,0.0,0.0
2013-01-14,58.738285837847464,58.787315912414854,58.7172737121582,58.7172737121582,893900,0.0,0.0,0.0
2013-01-15,58.78732477267906,58.83635485463613,58.77331846806767,58.79433059692383,1283200,0.0,0.0,0.0
2013-01-16,58.829354889339,58.8503670202878,58.752306846607624,58.787330627441406,1136500,0.0,0.0,0.0
2013-01-17,58.72429990714746,58.73831155966097,58.65425767621895,58.68928146362305,1043700,0.0,0.0,0.0
2013-01-18,58.68925725621051,58.780311584472656,58.68925725621051,58.780311584472656,920000,0.0,0.0,0.0
2013-01-22,58.689243816487526,58.773297646011905,58.682237994724765,58.72426223754883,2053700,0.0,0.0,0.0
2013-01-23,58.77332912822013,58.82235921907015,58.77332912822013,58.81535339355469,1278200,0.0,0.0,0.0
2013-01-24,58.75930304651667,58.780315174023585,58.71727879150283,58.731285095214844,1061700,0.0,0.0,0.0
2013-01-25,58.60522313695312,58.633241095976246,58.52817508560935,58.54218673706055,1473000,0.0,0.0,0.0
2013-01-28,58.41612059509927,58.50016914555731,58.39510845748476,58.4721565246582,1427100,0.0,0.0,0.0
2013-01-29,58.46515458562928,58.5211905189148,58.38810651333186,58.40911865234375,1082600,0.0,0.0,0.0
2013-01-30,58.37405142027643,58.39506888752935,58.31101505014792,58.346038818359375,1626700,0.0,0.0,0.0
2013-01-31,58.43708165345337,58.451087951660156,58.36703947466804,58.451087951660156,1630700,0.0,0.0,0.0
2013-02-01,58.56058178258643,58.56058178258643,58.28686904907226,58.286869049072266,1840500,0.166,0.0,0.0
2013-02-04,58.40616715720923,58.50442271637497,58.385113159463195,58.49038314819336,1742600,0.0,0.0,0.0
2013-02-05,58.43427188061871,58.45532588951306,58.37110449940642,58.39215850830078,2385600,0.0,0.0,0.0
2013-02-06,58.46234991869871,58.55358574870305,58.4412905537473,58.53253173828125,2416200,0.0,0.0,0.0
2013-02-07,58.53249285062399,58.588640410798696,58.504419070536635,58.539512634277344,1047200,0.0,0.0,0.0
2013-02-08,58.52553176879883,58.54658578635027,58.42727611720448,58.52553176879883,892100,0.0,0.0,0.0
2013-02-11,58.46939845758573,58.511511857523615,58.448344434883154,58.45536422729492,2254800,0.0,0.0,0.0
2013-02-12,58.469364166259766,58.48340374284932,58.4202363572555,58.469364166259766,1120300,0.0,0.0,0.0
2013-02-13,58.39917829610864,58.43427188061871,58.36409006612778,58.39215850830078,1154500,0.0,0.0,0.0
2013-02-14,58.39215800515032,58.483399182278625,58.39215800515032,58.47637939453125,945500,0.0,0.0,0.0
2013-02-15,58.441280313395524,58.476373894302334,58.38513808028476,58.42724609375,2579400,0.0,0.0,0.0
2013-02-19,58.46237091476176,58.47640514190665,58.38516927913604,58.40622329711914,1055800,0.0,0.0,0.0
2013-02-20,58.37113591108778,58.476411366741424,58.37113591108778,58.44833755493164,944600,0.0,0.0,0.0
2013-02-21,58.51850505039102,58.53254463011753,58.46937723040985,58.50447082519531,803000,0.0,0.0,0.0
2013-02-22,58.53253173828125,58.54656596038591,58.50445793954231,58.53253173828125,829500,0.0,0.0,0.0
2013-02-25,58.50448436778917,58.7501235245555,58.46939076488025,58.722049713134766,1017700,0.0,0.0,0.0
2013-02-26,58.686914284925166,58.81324365749318,58.686914284925166,58.75007629394531,1070500,0.0,0.0,0.0
2013-02-27,58.81330853843475,58.81330853843475,58.67995923291527,58.736106872558594,691400,0.0,0.0,0.0
2013-02-28,58.76413345336914,58.77816767473139,58.71500564680725,58.76413345336914,628400,0.0,0.0,0.0
2013-03-01,58.79648971557617,58.831643449614155,58.74023730368509,58.79648971557617,839700,0.156,0.0,0.0
2013-03-04,58.82462073608928,58.83164826475689,58.782428741455085,58.78242874145508,914700,0.0,0.0,0.0
2013-03-05,58.78237660612724,58.78940949308294,58.73315712647922,58.747222900390625,1009500,0.0,0.0,0.0
2013-03-06,58.7050240034903,58.72611729734296,58.64877700805664,58.64877700805664,919600,0.0,0.0,0.0
2013-03-07,58.613691734281424,58.627752159711285,58.54337887807801,58.56447219848633,764800,0.0,0.0,0.0
2013-03-08,58.44489812149111,58.46599142685492,58.2902067294588,58.402706146240234,6339500,0.0,0.0,0.0
2013-03-11,58.38867668826122,58.45898953159459,58.3746109008789,58.374610900878906,1668900,0.0,0.0,0.0
2013-03-12,58.40978345658852,58.48712921142578,58.40978345658852,58.48712921142578,1214000,0.0,0.0,0.0
2013-03-13,58.43789858473673,58.48711811351858,58.40273947938129,58.416805267333984,1287700,0.0,0.0,0.0
2013-03-14,58.409736202278694,58.48004900492106,58.388642897938276,58.437862396240234,1735500,0.0,0.0,0.0
2013-03-15,58.43787733441323,58.5363163561806,58.43787733441323,58.5081901550293,894000,0.0,0.0,0.0
2013-03-18,58.58553792767753,58.6347574402924,58.57147750886951,58.620697021484375,1176100,0.0,0.0,0.0
2013-03-19,58.655826568603516,58.74723802900511,58.641766155592215,58.655826568603516,2258800,0.0,0.0,0.0
2013-03-20,58.641755559087315,58.66988174454987,58.599563598632805,58.59956359863281,819100,0.0,0.0,0.0
2013-03-21,58.67695792488971,58.67695792488971,58.59961219185974,58.613677978515625,1017000,0.0,0.0,0.0
2013-03-22,58.641807108904544,58.683993741922386,58.60664800503896,58.6699333190918,722900,0.0,0.0,0.0
2013-03-25,58.62770560261368,58.6980237675035,58.6136451883494,58.662864685058594,1071500,0.0,0.0,0.0
2013-03-26,58.641800035888814,58.698052449478496,58.6066409362639,58.68398666381836,655500,0.0,0.0,0.0
2013-03-27,58.71211786087571,58.803524017333984,58.70508496744788,58.803524017333984,1096500,0.0,0.0,0.0
