Date,Open,High,Low,Close,Volume,Dividends,Stock Splits,Capital Gains
2007-10-09,111.46606654468313,112.11078875303959,111.0577344634488,112.0964584350586,94054300,0.0,0.0,0.0
2007-10-10,111.78126627431638,112.067818003499,111.32996506345381,111.91021728515625,101711100,0.0,0.0,0.0
2007-10-11,112.41880066488156,112.84146299313475,110.70669413640441,111.37291717529297,233529100,0.0,0.0,0.0
2007-10-12,111.36579661948211,112.00335925127511,111.22968590075688,111.98902893066406,124546700,0.0,0.0,0.0
2007-10-15,111.94602782995649,112.01049786432426,110.27690104495733,111.04340362548828,161151900,0.0,0.0,0.0
2007-10-16,110.61360463234438,110.6924049932936,109.94022171711124,110.16229248046875,166525700,0.0,0.0,0.0
2007-10-17,111.0219348500931,111.10073521744755,109.22386765242757,110.49899291992188,216687300,0.0,0.0,0.0
2007-10-18,109.9258473478206,110.45595964821732,109.66079666303557,110.0977783203125,148367500,0.0,0.0,0.0
2007-10-19,109.66798481447924,112.0964544106539,107.21086551420102,107.21802520751953,297169900,0.0,0.0,0.0
2007-10-22,106.63777842944447,107.99886352496951,106.49450804004658,107.84126281738281,261989800,0.0,0.0,0.0
2007-10-23,108.50032510338335,108.8513359139639,107.63352122108927,108.71522521972656,180085100,0.0,0.0,0.0
2007-10-24,108.32126117314539,108.70093271368239,106.62347331837057,108.5146713256836,326694200,0.0,0.0,0.0
2007-10-25,108.6364112954225,109.09488303773017,107.36845704407654,108.77252197265625,237374500,0.0,0.0,0.0
2007-10-26,109.64649176692606,110.04765319824219,108.81550827015455,110.04765319824219,176484000,0.0,0.0,0.0
2007-10-29,110.26975880676933,110.63511095723048,109.99754828131056,110.41304016113281,106841000,0.0,0.0,0.0
2007-10-30,109.92588836596556,110.14079942906646,109.51039655885866,109.6465072631836,132981600,0.0,0.0,0.0
2007-10-31,110.30551503275105,111.22962894944476,109.48886206937067,110.78547668457031,220954400,0.0,0.0,0.0
2007-11-01,109.8112597851944,109.8972307627564,107.87708221791364,108.1922836303711,333040800,0.0,0.0,0.0
2007-11-02,108.55048037735568,108.88717184898682,106.88852396474563,108.31407928466797,331228200,0.0,0.0,0.0
2007-11-05,107.19653823695755,108.28541284787572,106.71657643109694,107.49024963378906,226841000,0.0,0.0,0.0
2007-11-06,108.07053563870713,108.96598949660083,107.38282226627815,108.93733978271484,177800500,0.0,0.0,0.0
2007-11-07,107.7696189535753,108.2639110233747,105.69933094543875,105.95722198486328,306639700,0.0,0.0,0.0
2007-11-08,106.01451181168508,106.30821218882618,103.92273419913508,105.41992950439453,374509900,0.0,0.0,0.0
2007-11-09,104.36687915716693,105.69214353837316,103.79378683491407,103.9728775024414,277745100,0.0,0.0,0.0
2007-11-12,104.02305246604531,105.02595606643631,102.94133758544922,102.94133758544922,243087800,0.0,0.0,0.0
2007-11-13,104.13765442591118,106.24376276008076,104.03020438062849,106.0790023803711,191117400,0.0,0.0,0.0
2007-11-14,106.89566581699766,107.02460588376097,105.14773870645269,105.7853012084961,230558800,0.0,0.0,0.0
2007-11-15,104.9973397215893,105.65639242992623,103.52879325164487,104.25947570800781,263111100,0.0,0.0,0.0
2007-11-16,104.81105700583305,104.9256776963554,103.56459252160232,104.43854522705078,308770600,0.0,0.0,0.0
2007-11-19,104.07319621027264,104.13050655120391,102.57600044499405,102.98432159423828,267746000,0.0,0.0,0.0
2007-11-20,103.17062731221296,104.25233176914061,101.80237102737317,103.6147689819336,414767500,0.0,0.0,0.0
2007-11-21,102.49721556371966,103.09179814344556,101.48714114764924,101.49430084228516,259012400,0.0,0.0,0.0
2007-11-23,102.49003913998399,103.39981209766349,102.22497745007928,103.24938201904297,77688400,0.0,0.0,0.0
2007-11-26,103.46424462375563,103.78661653702213,100.76356550362974,100.97130584716797,214232000,0.0,0.0,0.0
2007-11-27,101.53729909145913,102.6046730029014,100.97136618048285,102.13188171386719,293897900,0.0,0.0,0.0
2007-11-28,103.29237447551556,105.64204405352976,103.25655414220788,105.39848327636719,258596900,0.0,0.0,0.0
2007-11-29,105.03310374246082,105.82110714605903,104.66060297969456,105.43426513671875,199409900,0.0,0.0,0.0
2007-11-30,106.76671729346667,107.36129978703364,105.54174290751064,106.4945068359375,222908000,0.0,0.0,0.0
2007-12-03,106.15780961991821,106.34406002078333,105.51307651385407,105.7924575805664,146430400,0.0,0.0,0.0
2007-12-04,105.06175089007778,105.69214260122219,104.81101958543194,104.84683990478516,136533900,0.0,0.0,0.0
2007-12-05,105.97153363865992,106.88131736842259,105.89990392399669,106.60193634033203,171130000,0.0,0.0,0.0
2007-12-06,106.47298868620464,108.32120571334437,106.43000867431277,108.1277847290039,154457400,0.0,0.0,0.0
2007-12-07,108.47168733600806,108.5289976893921,107.84845500555906,108.1063461303711,148980100,0.0,0.0,0.0
2007-12-10,108.37135798148577,109.06623073650645,108.07048693253273,108.94445037841797,123914300,0.0,0.0,0.0
2007-12-11,108.98743349998,109.5247055878787,105.89991165045464,105.95722198486328,250346400,0.0,0.0,0.0
2007-12-12,108.2137291502547,108.72235138957046,105.44856916535281,107.0030746459961,322435600,0.0,0.0,0.0
2007-12-13,106.25093490486417,107.01743741078825,105.5202417939946,106.78103637695312,237551300,0.0,0.0,0.0
2007-12-14,105.97157888499272,106.80973325795615,105.37700718303162,105.4271469116211,159152900,0.0,0.0,0.0
2007-12-17,105.02598478948106,105.21223524311056,103.77234948072699,103.92279052734375,177269400,0.0,0.0,0.0
2007-12-18,104.66064487222047,104.93285539537999,103.12762839864092,104.50304412841797,245569300,0.0,0.0,0.0
2007-12-19,104.54602416203092,105.22656686617853,103.829661119595,104.50304412841797,198917200,0.0,0.0,0.0
2007-12-20,105.1907438276066,105.20507414872057,104.00157858428946,105.16209411621094,214813800,0.0,0.0,0.0
2007-12-21,106.13069196520507,106.88686726642578,105.92904668339204,106.67802429199219,146084400,0.775,0.0,0.0
2007-12-24,107.17495555909034,107.65025608532447,106.93009111902663,107.47021484375,45601400,0.0,0.0,0.0
2007-12-26,107.05249054906456,107.79425939611215,106.94447022720034,107.70064544677734,67093100,0.0,0.0,0.0
2007-12-27,107.31895995413427,107.3261576460423,106.09468201036918,106.34673309326172,122981700,0.0,0.0,0.0
2007-12-28,106.97326610847763,107.0236829151404,105.79219636930873,106.08026885986328,116398100,0.0,0.0,0.0
2007-12-31,105.93622656854596,106.30350659154519,105.187249163538,105.29528045654297,108126800,0.0,0.0,0.0
2008-01-02,105.52574985429992,105.85703050551976,103.61731748300762,104.37348175048828,204935600,0.0,0.0,0.0
2008-01-03,104.35906951486871,104.77676636033235,103.7541338030281,104.32305908203125,125133300,0.0,0.0,0.0
2008-01-04,103.22845175670288,103.3004726545394,101.47845602550642,101.76651763916016,232330900,0.0,0.0,0.0
2008-01-07,102.12660593982672,102.42907394796278,100.89512983447612,101.68010711669922,234991000,0.0,0.0,0.0
2008-01-08,102.32099902440521,102.91152834764253,99.69960002949298,100.03807830810547,326365700,0.0,0.0,0.0
2008-01-09,100.16772842621198,101.39200649882936,99.16669970350883,101.08953857421875,301824900,0.0,0.0,0.0
2008-01-10,100.5925943948232,102.83951560555624,100.36934510852498,101.75205993652344,335701200,0.0,0.0,0.0
2008-01-11,101.3847986444569,102.19137969590898,100.10290619246653,100.93109130859375,267076600,0.0,0.0,0.0
2008-01-14,101.658510155366,102.16262353752444,101.11117763572463,101.74492645263672,170365500,0.0,0.0,0.0
2008-01-15,100.67184395049476,101.8961330401285,99.31073276400404,99.50518035888672,239940100,0.0,0.0,0.0
2008-01-16,98.9218748623226,100.1893614347599,98.14409526485643,98.64820861816406,378802600,0.0,0.0,0.0
2008-01-17,99.24590856817666,99.29632537843429,95.73150085471637,96.09158325195312,397892600,0.0,0.0,0.0
2008-01-18,97.0350126587854,97.2366579310568,94.41361313041425,95.10496520996094,348561500,0.0,0.0,0.0
2008-01-22,91.61216593169583,95.37142167016806,90.74076716035947,94.13994598388672,435923700,0.0,0.0,0.0
2008-01-23,91.52573436925373,96.6389084299623,91.34569318386035,96.40125274658203,511913000,0.0,0.0,0.0
2008-01-24,96.84775866492508,97.5535280767949,96.00516717247744,97.21504974365234,259949300,0.0,0.0,0.0
2008-01-25,98.30973428534766,98.48977556115406,95.49389708325941,95.81076049804688,269603900,0.0,0.0,0.0
2008-01-28,95.96915402832671,97.59673345383587,95.10495849548457,97.39508819580078,217934600,0.0,0.0,0.0
2008-01-29,98.01443469517346,98.26648578448987,97.13583275092601,97.87760162353516,168968300,0.0,0.0,0.0
2008-01-30,97.63997230649134,99.7716545590216,96.9342136812877,97.15746307373047,334939200,0.0,0.0,0.0
2008-01-31,96.06996893462731,99.77161514362719,95.92593818887212,98.92902374267578,343680800,0.0,0.0,0.0
2008-02-01,99.33952958845063,100.54220342910878,99.03706170536674,100.52059936523438,206843600,0.0,0.0,0.0
2008-02-04,100.2541721981582,100.31898440935676,99.1235078993042,99.25314331054688,124694300,0.0,0.0,0.0
2008-02-05,97.89920731945345,98.12245665527992,96.26443010233896,96.59571075439453,286882500,0.0,0.0,0.0
2008-02-06,96.91976799738863,97.40227703446216,95.3570118952379,95.81791687011719,250792900,0.0,0.0,0.0
2008-02-07,94.91770919573433,97.07099460539432,94.86729239233595,96.45165252685547,297368100,0.0,0.0,0.0
2008-02-08,95.84673944053756,96.6605292560733,95.13378325559698,95.83234405517578,221643500,0.0,0.0,0.0
2008-02-11,95.85396441351797,96.66774337852078,95.09058029469033,96.32206726074219,188576300,0.0,0.0,0.0
2008-02-12,97.15743524132566,98.16566155993583,96.48767626701536,97.21504974365234,256654400,0.0,0.0,0.0
2008-02-13,97.94961016738756,98.70578540264997,97.32307030989375,98.20886993408203,181967800,0.0,0.0,0.0
2008-02-14,98.62655787148039,98.66256830585671,97.07099941269377,97.34466552734375,215207200,0.0,0.0,0.0
2008-02-15,96.86219207060097,97.38071174740999,96.43729735980757,97.3230972290039,154110300,0.0,0.0,0.0
2008-02-19,98.46091322900911,98.58333990259138,96.94136535631993,97.59671783447266,145190000,0.0,0.0,0.0
2008-02-20,96.49492851018591,98.33854946156617,96.32928262040033,97.88484191894531,220085700,0.0,0.0,0.0
2008-02-21,98.41769919286969,98.6697502155063,96.55247547223087,97.07098388671875,201051200,0.0,0.0,0.0
2008-02-22,97.20063662956709,97.83438512236462,95.68108857622167,97.66873931884766,205491000,0.0,0.0,0.0
2008-02-25,97.61112176974639,99.13066977559934,97.06380053597228,98.90022277832031,190107000,0.0,0.0,0.0
2008-02-26,98.48254010918701,100.06690053109087,98.30249890240606,99.64200592041016,212420700,0.0,0.0,0.0
2008-02-27,99.0658872334882,100.20374915557277,98.95786688819484,99.54119873046875,168395800,0.0,0.0,0.0
2008-02-28,98.8353923209963,99.35391170507876,98.33847699551397,98.56892395019531,170831100,0.0,0.0,0.0
2008-02-29,97.65437507713692,97.71197860499517,95.6235045715021,96.37248229980469,252715200,0.0,0.0,0.0
2008-03-03,95.88276896551112,96.36527820341708,95.23462485222753,96.14202880859375,189483500,0.0,0.0,0.0
2008-03-04,95.22738696582091,96.06997845022987,94.33438966038369,95.77471923828125,282513100,0.0,0.0,0.0
2008-03-05,96.0843837332214,97.05661058281358,95.30660445131616,96.37965393066406,270681400,0.0,0.0,0.0
2008-03-06,95.76750348722122,95.9403469797916,94.01750845391857,94.3847885131836,247911700,0.0,0.0,0.0
2008-03-07,93.45578289494904,94.87450833475305,92.59878508230334,93.4125747680664,326434600,0.0,0.0,0.0
2008-03-10,93.50619185883261,93.57100405133679,91.88582111317373,92.18109130859375,235683600,0.0,0.0,0.0
2008-03-11,94.13996001869603,95.58028987089291,92.86526502262527,95.4938735961914,341440600,0.0,0.0,0.0
2008-03-12,95.59472250067586,96.3364916991711,94.4568602862735,94.60089111328125,229161100,0.0,0.0,0.0
2008-03-13,93.34052345673959,95.5226210634135,92.61316125079443,94.80965423583984,351504200,0.0,0.0,0.0
2008-03-14,95.61628433658493,95.64508609372415,92.02265799989841,93.34056091308594,484687800,0.0,0.0,0.0
2008-03-17,91.15126810905514,93.08850788872525,90.79118567115978,92.39715576171875,405311100,0.0,0.0,0.0
2008-03-18,94.06788584131178,96.27879618660393,93.60698098926407,96.23558807373047,334416600,0.0,0.0,0.0
2008-03-19,96.60290678345454,96.97018687908684,93.65022667884975,93.85188293457031,345971600,0.0,0.0,0.0
2008-03-20,94.12111483059512,96.19098364678683,93.54936178769707,95.59028625488281,245320700,0.642,0.0,0.0
2008-03-24,96.48046103185435,98.2897863412605,96.42980566567853,97.50092315673828,208977300,0.0,0.0,0.0
2008-03-25,97.60222691564269,98.10160237577679,96.8133638767391,97.5949935913086,192947200,0.0,0.0,0.0
2008-03-26,97.31276309599653,97.76870559171564,96.33572295342739,96.4008560180664,196934300,0.0,0.0,0.0
2008-03-27,97.12458885051389,97.29828807089774,95.79292795730983,96.09689331054688,225153200,0.0,0.0,0.0
2008-03-28,96.248885939995,96.51666258757447,94.85208087281053,95.1777572631836,180896100,0.0,0.0,0.0
2008-03-31,95.0185160738525,96.06068914203863,94.87377226843653,95.51065826416016,166692100,0.0,0.0,0.0
2008-04-01,96.69756161846037,99.03520632667298,96.62518420424924,98.8687515258789,254547300,0.0,0.0,0.0
2008-04-02,99.18725476259958,99.63596408234194,98.41285792420584,98.93394470214844,210910800,0.0,0.0,0.0
2008-04-03,98.3983509839199,99.4694684586312,98.21741845574084,99.17996978759766,175884800,0.0,0.0,0.0
2008-04-04,99.23784303401618,99.84578455929707,98.51411311447232,99.0713882446289,204446800,0.0,0.0,0.0
2008-04-07,99.78066393063925,100.28728382801258,98.96285643870488,99.12207794189453,154245500,0.0,0.0,0.0
2008-04-08,98.56480607647299,99.09312596803403,98.3911068733969,99.02075958251953,148937300,0.0,0.0,0.0
2008-04-09,98.8687688452637,99.00627933040755,97.62395219682294,98.30426025390625,195610600,0.0,0.0,0.0
2008-04-10,98.00751478701235,98.91217728250972,97.63117209677732,98.44175720214844,192967800,0.0,0.0,0.0
2008-04-11,97.33446881285825,97.7904112837287,96.26334027313368,96.5311279296875,222973300,0.0,0.0,0.0
2008-04-14,96.39365182144427,96.64695083044539,95.93046481640725,96.20547485351562,160522000,0.0,0.0,0.0
2008-04-15,96.67586752311364,96.75547827538223,95.77120490335466,96.42980194091797,172389200,0.0,0.0,0.0
2008-04-16,97.37066946234228,99.08591777851207,97.35620280751658,99.04249572753906,189268900,0.0,0.0,0.0
2008-04-17,98.44176898098333,99.33195389095772,98.18122570937562,99.18721008300781,179665700,0.0,0.0,0.0
2008-04-18,100.55507345336935,101.00378263326022,100.06293118614556,100.22215270996094,218530600,0.0,0.0,0.0
2008-04-21,100.04117488803412,100.58397227995415,99.76616505219866,100.27277374267578,118587400,0.0,0.0,0.0
2008-04-22,100.01227715276964,100.09912124210399,99.07865901943998,99.83134460449219,162166000,0.0,0.0,0.0
2008-04-23,99.93991106744022,100.43928672432504,99.23789181692787,99.67213439941406,193309000,0.0,0.0,0.0
2008-04-24,99.93268502304109,101.13408001799222,99.17999929764466,100.10638427734375,229381300,0.0,0.0,0.0
2008-04-25,100.88795238721526,101.24258404452021,99.80960181042352,101.03270721435547,190788100,0.0,0.0,0.0
2008-04-28,101.23539882421426,101.50317550382525,100.87353367090294,101.0544662475586,105610200,0.0,0.0,0.0
2008-04-29,100.88074190142025,101.12680749407653,100.31623328615215,100.65638732910156,125514100,0.0,0.0,0.0
2008-04-30,100.80835304975692,101.7492043163526,100.06291198730469,100.06291198730469,208395900,0.0,0.0,0.0
2008-05-01,100.14979862144318,102.1328125,100.07018784975493,102.1328125,187279500,0.0,0.0,0.0
2008-05-02,103.01576704724502,103.03747807253136,101.72752801176588,102.41506958007812,181585500,0.0,0.0,0.0
2008-05-05,102.08218759432113,102.4874749008925,101.61900052348945,101.92296600341797,118504500,0.0,0.0,0.0
2008-05-06,101.3367137752701,102.91444043629748,101.09788146503939,102.8058853149414,179339800,0.0,0.0,0.0
2008-05-07,102.69004422128697,102.79859929866494,100.69255349483223,100.97480773925781,199267300,0.0,0.0,0.0
2008-05-08,101.13402095694538,101.55378562726966,100.58397916116226,100.7142562866211,178321200,0.0,0.0,0.0
2008-05-09,100.30902042859208,100.88076248622203,100.20045426150575,100.52613067626953,152588200,0.0,0.0,0.0
2008-05-12,100.77941025261083,101.72749485862475,100.40306753155194,101.6551284790039,147865900,0.0,0.0,0.0
2008-05-13,101.90120037337984,101.96633343205521,101.12680386497836,101.66960144042969,159132200,0.0,0.0,0.0
2008-05-14,102.09660731584535,102.91441479387116,101.6551315269177,101.87948608398438,181910800,0.0,0.0,0.0
2008-05-15,102.07492000751922,103.22565961520513,101.92294282374358,103.15328216552734,166927000,0.0,0.0,0.0
2008-05-16,103.39209643091243,103.39932975731692,102.48743368426202,103.24735260009766,204236800,0.0,0.0,0.0
2008-05-19,103.3558799862684,104.43424166656435,102.98678166021763,103.52957916259766,165664400,0.0,0.0,0.0
2008-05-20,102.96512269761588,103.01577808096026,102.04598203680584,102.69010162353516,178552100,0.0,0.0,0.0
2008-05-21,102.63216548915813,102.85652005711925,100.59848563990374,100.95311737060547,252724800,0.0,0.0,0.0
2008-05-22,100.90968296920235,101.44524722103655,100.5984843256432,100.96758270263672,170820400,0.0,0.0,0.0
2008-05-23,100.63466643546869,101.07614221109533,99.5273603339082,99.61420440673828,181376400,0.0,0.0,0.0
2008-05-27,99.73001625474593,100.59849022066369,99.53460602335961,100.35242462158203,168322900,0.0,0.0,0.0
2008-05-28,100.72151671671257,101.32221402505049,99.87475382469262,100.81560516357422,181288100,0.0,0.0,0.0
2008-05-29,100.69256299515921,101.99526821957636,100.65637428487119,101.32220458984375,173927200,0.0,0.0,0.0
2008-05-30,101.66234454638183,101.85775472035051,101.27876856544776,101.57550048828125,117362000,0.0,0.0,0.0
2008-06-02,101.1992055738124,101.22091659858015,99.87477784674198,100.52613067626953,181069900,0.0,0.0,0.0
2008-06-03,100.81557550553472,101.04716332697585,99.31744933812722,99.93985748291016,271965700,0.0,0.0,0.0
2008-06-04,99.65763750594677,100.71428836340114,99.48394934100584,99.88923645019531,246637700,0.0,0.0,0.0
2008-06-05,100.2945373292338,101.96635240579344,100.1063714436319,101.8867416381836,237867100,0.0,0.0,0.0
2008-06-06,100.99652041625077,101.17745291035253,98.58649826962618,98.63715362548828,384276300,0.0,0.0,0.0
2008-06-09,99.04972157288623,99.51290848702321,98.00031492839977,98.87602233886719,228263900,0.0,0.0,0.0
2008-06-10,98.18850844934717,99.22344873136399,97.95692044872641,98.38391876220703,260234900,0.0,0.0,0.0
2008-06-11,98.40558792531434,98.61546480668594,96.92917225690633,96.93641662597656,283890100,0.0,0.0,0.0
2008-06-12,97.41412344493675,98.33325316961448,96.63249323007474,97.30555725097656,252791800,0.0,0.0,0.0
2008-06-13,97.82661325481654,98.80365347653199,97.28381558569613,98.5358657836914,244726900,0.0,0.0,0.0
2008-06-16,98.10164159886247,99.10038187520465,98.03650852408425,98.5937728881836,185832500,0.0,0.0,0.0
2008-06-17,99.20171480503566,99.23789248444652,97.97136449413146,98.11611938476562,191707700,0.0,0.0,0.0
2008-06-18,97.47924023229817,98.07993773334562,96.76998759869632,97.16079711914062,265893000,0.0,0.0,0.0
2008-06-19,97.08839561373692,97.87726987342312,96.61797543155573,97.28380584716797,304204900,0.0,0.0,0.0
2008-06-20,96.62119200281562,96.80302954170912,95.44288830230015,95.7047348022461,289275700,0.669,0.0,0.0
2008-06-23,96.07566441070618,96.1774929726751,95.51561286911756,95.61016082763672,165096400,0.0,0.0,0.0
2008-06-24,95.31926057265967,96.33027706203289,94.69373886062758,95.42108917236328,267300600,0.0,0.0,0.0
2008-06-25,95.80657330837809,97.02851636909891,95.4574483050984,95.87203216552734,287853900,0.0,0.0,0.0
2008-06-26,94.9701123012273,95.58835325589196,93.15900647254132,93.26810455322266,297775000,0.0,0.0,0.0
2008-06-27,93.3044694814983,93.72633386924251,92.40255691571896,92.75895690917969,303423400,0.0,0.0,0.0
2008-06-30,93.02080879527036,93.76270904432633,92.59167487706912,93.08627319335938,258842600,0.0,0.0,0.0
2008-07-01,92.02432778095698,93.44266373723319,91.59519390624796,93.37720489501953,388622000,0.0,0.0,0.0
2008-07-02,93.67541728647421,93.94454437845972,91.60974560456873,91.77703857421875,288064600,0.0,0.0,0.0
2008-07-03,92.45346428455875,92.45346428455875,90.91148019775885,91.87158203125,239352500,0.0,0.0,0.0
2008-07-07,92.22070109707148,92.62074024120173,90.13320473671848,90.93328857421875,372427300,0.0,0.0,0.0
2008-07-08,90.91148928053575,92.65713066562498,90.33688202402666,92.54802703857422,375973700,0.0,0.0,0.0
2008-07-09,92.73711649362103,92.91167892382194,90.47505775717079,90.76599884033203,336729400,0.0,0.0,0.0
2008-07-10,90.50418908278603,91.49338583670456,89.8859424988974,91.1369857788086,436475700,0.0,0.0,0.0
2008-07-11,90.16960179857602,91.57338785387347,89.09312110130092,90.07504272460938,481124600,0.0,0.0,0.0
2008-07-14,91.10787644166545,91.28243891448737,89.02765468063109,89.26040649414062,322720800,0.0,0.0,0.0
2008-07-15,88.59124783140723,89.82046577453897,87.29655994189328,88.00209045410156,502502500,0.0,0.0,0.0
2008-07-16,88.3366576367696,90.60599169503271,88.08208623982668,90.16230773925781,371642900,0.0,0.0,0.0
2008-07-17,91.02060026730065,91.83523445934264,90.25688036543369,91.06423950195312,375490600,0.0,0.0,0.0
2008-07-18,91.76974637371686,91.9515838701612,91.02785182988951,91.63155364990234,267030100,0.0,0.0,0.0
2008-07-21,92.01706788672595,92.2280000935135,91.05696592262747,91.68248748779297,222863000,0.0,0.0,0.0
2008-07-22,91.02786811301098,92.95534702995771,90.80966085854871,92.72259521484375,296904200,0.0,0.0,0.0
2008-07-23,93.02083771979618,93.93729518408253,92.7735412593756,93.22449493408203,311698400,0.0,0.0,0.0
2008-07-24,93.34811532931617,93.39903516694703,91.03514718598167,91.28971862792969,248634500,0.0,0.0,0.0
2008-07-25,91.56610923316428,92.00251820994932,91.04241624132577,91.26789855957031,219131000,0.0,0.0,0.0
2008-07-28,91.28969661742572,91.68973577282323,89.76953228904347,89.92955017089844,205201300,0.0,0.0,0.0
2008-07-29,90.17687518495917,91.922511127756,89.92957324521011,91.84977722167969,261505600,0.0,0.0,0.0
2008-07-30,92.45346945125252,93.53722506987394,91.84976755082432,93.4863052368164,354710000,0.0,0.0,0.0
2008-07-31,92.6644139039391,93.51541783069612,92.1043511585974,92.24982452392578,277402100,0.0,0.0,0.0
2008-08-01,92.46074473401838,92.57711786192645,91.25334093018265,91.76248931884766,248690900,0.0,0.0,0.0
2008-08-04,91.6751804779652,91.74791435686066,90.74417350992924,90.91146087646484,188239600,0.0,0.0,0.0
2008-08-05,91.66066856702692,93.50813871684387,90.89695419653117,93.3626708984375,251577600,0.0,0.0,0.0
2008-08-06,93.11539470330003,94.04640226130876,92.72262484928208,93.77727508544922,209555400,0.0,0.0,0.0
2008-08-07,93.07173304954479,93.42086359517661,92.0388970737984,92.38075256347656,246312500,0.0,0.0,0.0
2008-08-08,92.06798790285644,94.50460436758537,91.92251453606862,94.0972900390625,260811700,0.0,0.0,0.0
2008-08-11,94.17001943108276,95.65380876902313,93.99545140959725,95.07193756103516,249425800,0.0,0.0,0.0
2008-08-12,94.75919410870144,95.0646798961538,93.6317989488395,94.082763671875,213200800,0.0,0.0,0.0
2008-08-13,93.67544112201394,94.30096282975174,92.86081232997766,93.51543426513672,256393200,0.0,0.0,0.0
2008-08-14,92.98441640393904,94.75915208555374,92.9189575710466,94.22090911865234,239555300,0.0,0.0,0.0
2008-08-15,94.50459305253301,94.91918793630767,94.04637003704946,94.67916107177734,181000800,0.0,0.0,0.0
2008-08-18,94.8682727286549,94.90464245508137,92.8535208467191,93.38448333740234,172275100,0.0,0.0,0.0
2008-08-19,92.67893350519759,92.87532110818866,92.03159246424475,92.36617279052734,194673700,0.0,0.0,0.0
2008-08-20,92.65712032139703,93.06443456439031,91.89340056654426,92.79531860351562,225498200,0.0,0.0,0.0
2008-08-21,92.19161776113452,93.42084110703992,92.08251414506024,92.95533752441406,180609800,0.0,0.0,0.0
2008-08-22,93.58816415090446,94.30096435546875,92.95537292531571,94.30096435546875,167715300,0.0,0.0,0.0
2008-08-25,93.68271144167207,94.30095247542874,92.19164125687401,92.38802337646484,171936900,0.0,0.0,0.0
2008-08-26,92.38802867145846,93.00628083913243,92.06799832677453,92.65715026855469,159117200,0.0,0.0,0.0
2008-08-27,92.77350446990197,93.70451167986951,92.5916669507914,93.55904388427734,171032800,0.0,0.0,0.0
2008-08-28,94.03180392714323,94.80279312527199,93.90815576314897,94.69369506835938,167537100,0.0,0.0,0.0
2008-08-29,94.35911822770629,94.6573344097836,93.47175028495198,93.67540740966797,189195800,0.0,0.0,0.0
2008-09-02,94.57732347405613,95.0719272654623,92.75167334572099,93.0935287475586,252364900,0.0,0.0,0.0
2008-09-03,93.01354217529297,93.4645012999145,92.32256170055447,93.01354217529297,251947000,0.0,0.0,0.0
2008-09-04,92.35164506332202,92.54075764716082,90.16231966163281,90.2132339477539,340042500,0.0,0.0,0.0
2008-09-05,89.67501393119552,90.8824124732835,88.73673143292197,90.49691772460938,289503400,0.0,0.0,0.0
2008-09-08,93.12988694315935,93.27536581854828,90.4968835561233,92.36617279052734,364075300,0.0,0.0,0.0
2008-09-09,92.44618525789397,92.63529781447913,89.31858354116515,89.62406921386719,377326800,0.0,0.0,0.0
2008-09-10,90.11141828611305,90.84604356189084,89.13677165522759,89.9877700805664,298916600,0.0,0.0,0.0
2008-09-11,88.82400207018512,91.45700605439214,88.44577688565558,91.28971862792969,375369400,0.0,0.0,0.0
2008-09-12,90.40233637888241,91.79884711214565,90.06775602919895,91.71156311035156,297851200,0.0,0.0,0.0
2008-09-15,88.4676007211558,91.3915515630886,87.20201295708718,87.34748077392578,483607000,0.0,0.0,0.0
2008-09-16,85.24546084925275,88.96949672849064,85.09999299545342,88.80947875976562,581744300,0.0,0.0,0.0
2008-09-17,87.02015379793477,88.62759663649388,84.37260023451506,84.8162841796875,624095600,0.0,0.0,0.0
2008-09-18,85.86371667434042,88.58400560814543,82.77247748389371,87.33296203613281,776114700,0.0,0.0,0.0
2008-09-19,92.6886597756351,93.63969011086779,90.22330588150561,90.80123901367188,501087800,0.691,0.0,0.0
2008-09-22,91.04265810864068,91.26212838539846,88.05057978491816,88.74555969238281,249966500,0.0,0.0,0.0
2008-09-23,88.40906397176063,89.26498821066147,86.52895416376775,86.72647857666016,327470400,0.0,0.0,0.0
2008-09-24,87.31170951355337,87.78722476396379,86.1704773776575,87.00445556640625,311818400,0.0,0.0,0.0
2008-09-25,87.3482898397443,89.18450752225678,86.64599271072598,88.36515808105469,328253000,0.0,0.0,0.0
2008-09-26,86.93131582771896,88.88458057994889,86.69721674409624,88.40906524658203,285917400,0.0,0.0,0.0
2008-09-29,87.15803839627557,87.30434813090147,81.18119587693351,81.48113250732422,459562300,0.0,0.0,0.0
2008-09-30,83.03937959708328,85.44621273740287,80.85932827737666,84.85364532470703,328154400,0.0,0.0,0.0
2008-10-01,84.32692831483993,85.36574787457369,83.36126922849738,84.90486145019531,332783000,0.0,0.0,0.0
2008-10-02,84.0928321663464,84.20988446265766,81.24706379326686,81.82499694824219,365337800,0.0,0.0,0.0
2008-10-03,82.56391827141387,84.45865728265261,80.23755566393818,80.72038269042969,461798000,0.0,0.0,0.0
2008-10-06,78.3866696237464,78.73050378039935,73.62421157954996,76.60897827148438,610637500,0.0,0.0,0.0
2008-10-07,78.15990254957164,78.51837112788697,72.89998760103977,73.177978515625,540012100,0.0,0.0,0.0
2008-10-08,71.3417766131823,74.75085117965949,70.82236933443305,71.33446502685547,725414800,0.0,0.0,0.0
2008-10-09,72.9072677622483,73.6095646489759,66.02328590967706,66.35248565673828,534485200,0.0,0.0,0.0
2008-10-10,63.47016690598503,68.72276956312842,61.14380515908617,64.74308013916016,871026300,0.0,0.0,0.0
2008-10-13,68.6715633809011,74.14363098144531,65.80384292966252,74.14363098144531,455584000,0.0,0.0,0.0
2008-10-14,76.59434552068865,77.20154178509766,71.04180665774538,73.04627990722656,546268300,0.0,0.0,0.0
2008-10-15,71.2978672644122,71.5466006725447,65.62827485224453,65.85505676269531,484627500,0.0,0.0,0.0
2008-10-16,66.78413016248793,69.32995648850499,63.309219273119524,68.59839630126953,708811200,0.0,0.0,0.0
2008-10-17,67.29620137076692,72.12449614928153,67.04747365523968,68.18870544433594,476649000,0.0,0.0,0.0
2008-10-20,69.75427117104192,72.49762220489015,68.83250366088757,72.28546905517578,321294200,0.0,0.0,0.0
2008-10-21,70.93940514363968,72.16110953886097,69.65917458327473,70.12737274169922,356502000,0.0,0.0,0.0
2008-10-22,68.18140897987094,70.12736180726161,64.03346395057369,66.3086166381836,516168000,0.0,0.0,0.0
2008-10-23,66.05258141203723,67.63274878775866,62.775188749953784,67.07676696777344,634666400,0.0,0.0,0.0
2008-10-24,61.49496584820381,65.78191026731155,61.451074009947135,63.675018310546875,545812600,0.0,0.0,0.0
2008-10-27,62.892248699487546,65.48197319424705,61.23160346015571,61.414493560791016,397288600,0.0,0.0,0.0
2008-10-28,63.89448073177339,68.94224845595423,61.83879785574827,68.59110260009766,639939500,0.0,0.0,0.0
2008-10-29,68.5984083818422,71.08571457274387,67.37670399353657,68.09363555908203,531270100,0.0,0.0,0.0
2008-10-30,70.06885001562463,70.62483744905313,67.96195819930553,70.44926452636719,414582100,0.0,0.0,0.0
2008-10-31,69.55675973804598,72.10990380852941,69.11782464229587,70.83699035644531,411394000,0.0,0.0,0.0
2008-11-03,70.80034726380562,71.46606927353209,70.19315136992803,71.04176330566406,205419400,0.0,0.0,0.0
2008-11-04,72.46837496972742,73.78518598644769,70.74920906221605,73.45598602294922,346793400,0.0,0.0,0.0
2008-11-05,72.57077437142857,73.675431908726,69.4982235622728,70.36878204345703,387844100,0.0,0.0,0.0
2008-11-06,69.1031821916911,69.82011370957191,65.88431589872594,66.46956634521484,477721900,0.0,0.0,0.0
2008-11-07,67.04748322100957,68.76664831255124,66.20618800304136,68.66423034667969,380391000,0.0,0.0,0.0
2008-11-10,69.65181485026918,69.88591378641415,66.51342232480883,67.76438903808594,301773000,0.0,0.0,0.0
2008-11-11,66.39642905127795,67.40598047889904,64.8528360309398,65.67218017578125,418498200,0.0,0.0,0.0
2008-11-12,64.5455719680561,65.07229073033864,62.27041883897748,62.782508850097656,454330600,0.0,0.0,0.0
2008-11-13,63.00927836983482,67.10601997788343,60.05377447550783,66.69634246826172,753141900,0.0,0.0,0.0
2008-11-14,65.40879800632682,67.34742800737448,63.29458396312176,63.36774444580078,540352300,0.0,0.0,0.0
2008-11-17,63.192160279096434,64.78696154181233,62.299661633428876,62.52644348144531,415254900,0.0,0.0,0.0
2008-11-18,62.292357870187615,63.806687400081756,60.653664434392674,63.70426940917969,523811800,0.0,0.0,0.0
2008-11-19,62.84833326408828,63.55063031707709,59.19784420745325,59.62215042114258,558327600,0.0,0.0,0.0
2008-11-20,58.61991459823915,60.36103138041787,54.90359316471799,55.19621276855469,814180400,0.0,0.0,0.0
2008-11-21,56.66664073380749,59.18320908875941,54.38417137131434,58.17365264892578,718536500,0.0,0.0,0.0
2008-11-24,59.92938841298455,63.63839705258699,58.78815670275591,62.20454025268555,523305300,0.0,0.0,0.0
2008-11-25,63.865205474939046,64.01883244184125,61.31937361153951,62.66544723510742,454112400,0.0,0.0,0.0
2008-11-26,61.67053638276738,65.24786585315744,61.62663896882881,65.08692169189453,370134200,0.0,0.0,0.0
2008-11-28,64.83817287076877,65.93551307521521,64.72844331541285,65.90625,118308100,0.0,0.0,0.0
2008-12-01,64.0188351950587,64.04809827306445,59.88551891454954,60.06840896606445,369927100,0.0,0.0,0.0
2008-12-02,61.06334453368435,62.5410940145584,60.01721298892328,62.380149841308594,469508400,0.0,0.0,0.0
2008-12-03,61.012115078037986,64.25292663043658,60.8219078842011,63.87982940673828,519863500,0.0,0.0,0.0
2008-12-04,62.95808145253365,64.41389055645921,61.260861676793475,62.402099609375,444173800,0.0,0.0,0.0
2008-12-05,61.195011220686425,64.68455088321446,60.163508670177826,64.32608795166016,471905300,0.0,0.0,0.0
2008-12-08,66.08913574096808,67.58151899183433,64.43581395891398,66.57196807861328,412859300,0.0,0.0,0.0
2008-12-09,66.11109159167988,67.39863341425314,65.0942234477326,65.4746322631836,370790000,0.0,0.0,0.0
2008-12-10,66.074533076415,66.83535653882308,65.10887360131295,65.92090606689453,396187400,0.0,0.0,0.0
2008-12-11,65.50388418589893,66.57196113433494,63.916400298375784,64.33338928222656,365061000,0.0,0.0,0.0
2008-12-12,62.58498369317564,65.16007340267645,62.32893313210454,65.10154724121094,415060400,0.0,0.0,0.0
2008-12-15,65.12351451684228,65.218620955759,63.1263574386842,64.1944351196289,256694200,0.0,0.0,0.0
2008-12-16,67.21575164794922,67.31816963322102,64.50898104057455,67.21575164794922,377699500,0.0,0.0,0.0
2008-12-17,66.45491635872253,67.61809981221963,65.88430037757173,66.56465148925781,281819800,0.0,0.0,0.0
2008-12-18,66.8646069549593,67.0621257636727,64.53092800671993,65.32101440429688,374673300,0.0,0.0,0.0
2008-12-19,65.7111679394139,66.83216970963635,64.96629228139372,65.04004669189453,301451300,0.719,0.0,0.0
2008-12-22,65.32765121288587,65.39402341034156,63.04877678018668,64.20664978027344,243759500,0.0,0.0,0.0
2008-12-23,64.5532931048493,64.84829386004816,63.27742285662097,63.54292297363281,221625200,0.0,0.0,0.0
2008-12-24,63.756768099372366,64.06652186722013,63.4248958947767,63.91164779663086,62061600,0.0,0.0,0.0
2008-12-26,64.33936058756996,64.38361431890465,63.793613332217575,64.28036499023438,74767700,0.0,0.0,0.0
2008-12-29,64.3393938878741,64.40577170589827,63.12989630316262,64.09602355957031,127795900,0.0,0.0,0.0
2008-12-30,64.53853239780955,65.67428141567261,64.07390447474224,65.61528015136719,168256300,0.0,0.0,0.0
2008-12-31,65.69640692645359,67.09027947293805,65.54153282425203,66.5519027709961,193987200,0.0,0.0,0.0
2009-01-02,66.69941208017548,68.9119091040468,66.26428473961191,68.55790710449219,227566300,0.0,0.0,0.0
2009-01-05,68.31451023175907,69.07413870451853,67.76876270790176,68.47676086425781,240349700,0.0,0.0,0.0
2009-01-06,69.05938681162644,69.65675903588964,68.35138864262245,68.93401336669922,328260900,0.0,0.0,0.0
2009-01-07,67.84991658741643,68.04166792715326,66.52241596873314,66.8690414428711,280899200,0.0,0.0,0.0
2009-01-08,66.49291722753294,67.17878594427216,66.1315386408583,67.14191436767578,263834400,0.0,0.0,0.0
2009-01-09,67.23039379784815,67.34839068083845,62.9528984760651,65.70376586914062,330953600,0.0,0.0,0.0
2009-01-12,65.51940667962452,65.5710370098262,63.72728955990425,64.12553405761719,277858500,0.0,0.0,0.0
2009-01-13,63.963275118115035,64.8113942595644,63.5723960172118,64.24352264404297,356432300,0.0,0.0,0.0
2009-01-14,63.085646733519916,63.24052080314363,61.3304016511152,62.222774505615234,435491600,0.0,0.0,0.0
2009-01-15,62.03838577817232,62.871757190998,60.2683879694558,62.2448844909668,532647300,0.0,0.0,0.0
2009-01-16,63.321648794951344,63.41752161543497,61.24927892242548,62.73164749145508,399237200,0.0,0.0,0.0
2009-01-20,62.11952887280533,62.73164862490605,59.03678354100988,59.42028045654297,419855200,0.0,0.0,0.0
2009-01-21,60.43064785636865,62.12689156272544,59.3465238208554,61.98677062988281,364360700,0.0,0.0,0.0
2009-01-22,60.784654422381784,61.979404595907035,59.86278085145267,61.02803039550781,427940300,0.0,0.0,0.0
2009-01-23,59.663668876633686,61.94253803431773,59.42029286173422,61.293540954589844,386800600,0.0,0.0,0.0
2009-01-26,61.64752370006736,62.95289976318718,61.07227552038858,61.71390151977539,317978800,0.0,0.0,0.0
2009-01-27,62.0457776785845,62.798029674144225,61.43365789501196,62.34077835083008,273789700,0.0,0.0,0.0
2009-01-28,63.71989005517735,64.86300968659812,63.476514129003164,64.45001220703125,330007000,0.0,0.0,0.0
2009-01-29,63.50602618632274,64.52377256991852,62.296528526976,62.35552978515625,294392500,0.0,0.0,0.0
2009-01-30,62.67265991638853,62.982408108528,60.6297847825089,61.0870361328125,383383600,0.0,0.0,0.0
2009-02-02,60.15778113910736,61.34515474108991,59.96602986209901,60.90265655517578,288233300,0.0,0.0,0.0
2009-02-03,61.286130481816606,62.21538026215729,60.63713376115591,61.75812911987305,278385800,0.0,0.0,0.0
2009-02-04,62.17116252654587,62.96028616263195,61.24191229215047,61.455787658691406,322989300,0.0,0.0,0.0
2009-02-05,60.99116372326042,62.90128901759927,57.325798499356374,62.37028884887695,417679400,0.0,0.0,0.0
2009-02-06,62.58415210368504,64.41314607861392,62.45140208722491,64.14765167236328,366101700,0.0,0.0,0.0
2009-02-09,64.1329261051221,64.70817454810035,63.66092709413113,64.23617553710938,240075200,0.0,0.0,0.0
2009-02-10,63.624034816040066,64.18453561883774,60.806788924790894,61.293540954589844,536212800,0.0,0.0,0.0
2009-02-11,61.54426222640564,61.98676593308777,60.76989199304864,61.65488815307617,324442500,0.0,0.0,0.0
2009-02-12,60.60027286184577,61.817146963329115,59.77427783667917,61.69915008544922,469302200,0.0,0.0,0.0
2009-02-13,61.61802895105892,62.12689931311361,61.02065107791808,61.035404205322266,293998400,0.0,0.0,0.0
2009-02-17,59.11789114792121,61.18288387536284,58.38776347443182,58.42464065551758,478910100,0.0,0.0,0.0
2009-02-18,58.84501976220214,58.95564568842627,57.73139519110431,58.28451919555664,362964800,0.0,0.0,0.0
2009-02-19,58.88191831398354,59.1105468334387,57.539670339565035,57.65767288208008,316867500,0.0,0.0,0.0
2009-02-20,56.58830507534665,57.77567337965588,55.88030102970642,57.09717559814453,477176600,0.0,0.0,0.0
2009-02-23,57.72402903167131,57.72402903167131,55.01003320232124,55.05428695678711,379641400,0.0,0.0,0.0
2009-02-24,55.526301445062316,57.488045896638404,55.09117410088796,57.14142608642578,426260900,0.0,0.0,0.0
2009-02-25,56.89065815407536,57.834655737258956,55.77703336766217,56.69153594970703,461985800,0.0,0.0,0.0
2009-02-26,57.39215997506104,58.756531714931896,55.70328694239097,55.7696647644043,363353900,0.0,0.0,0.0
2009-02-27,54.58229380243242,55.82129214858151,54.43479065011114,54.523292541503906,470510900,0.0,0.0,0.0
2009-03-02,53.483437082329964,54.51593704083168,51.89781837558931,52.067440032958984,426452600,0.0,0.0,0.0
2009-03-03,52.81227749939677,52.87864967549087,51.35940429376682,51.67652893066406,443761000,0.0,0.0,0.0
2009-03-04,52.532056922253126,53.74155484769561,51.67655537043381,52.90080642700195,462753100,0.0,0.0,0.0
2009-03-05,51.69865889577573,52.90078540460985,50.27528614801653,50.73991394042969,485549400,0.0,0.0,0.0
2009-03-06,51.18242833335864,51.95679885603685,49.486178495104625,50.828426361083984,490470000,0.0,0.0,0.0
2009-03-09,50.113057480959675,51.62493276253082,49.95081241868119,50.23106002807617,379905300,0.0,0.0,0.0
2009-03-10,51.26355915577951,53.3728068319194,51.1603097417031,53.225303649902344,406227900,0.0,0.0,0.0
2009-03-11,53.83741470233913,54.390538825993296,52.97454241983932,53.57191467285156,356648300,0.0,0.0,0.0
2009-03-12,53.557183778798134,55.865553811685935,53.077808264320694,55.68117904663086,409702700,0.0,0.0,0.0
2009-03-13,56.05728397577989,56.772658694338006,55.11328643541546,56.11627960205078,337474700,0.0,0.0,0.0
2009-03-16,56.75791437803941,57.50278983869118,55.90978952205018,55.9466667175293,360644900,0.0,0.0,0.0
2009-03-17,56.10154951935625,57.79042292907403,55.64429810711685,57.65767288208008,356814300,0.0,0.0,0.0
2009-03-18,57.38479939327025,59.66367438813887,56.83905167066062,58.948299407958984,473273200,0.0,0.0,0.0
2009-03-19,59.685779800035874,59.737404492431686,58.033784016700274,58.21815872192383,428520400,0.0,0.0,0.0
2009-03-20,58.50116621766238,58.612583992679276,56.844769652001226,56.97846984863281,371078200,0.561,0.0,0.0
2009-03-23,58.48628783751639,61.12314973670504,58.16689334550432,61.0711555480957,419933300,0.0,0.0,0.0
2009-03-24,60.34322444694724,61.17513703797818,59.801000207772965,59.86784744262695,330271000,0.0,0.0,0.0
2009-03-25,60.33584215167756,61.427720738699705,58.72401004646957,60.49924850463867,441775100,0.0,0.0,0.0
2009-03-26,61.09344211271529,61.87336066178204,60.40265889315219,61.73223114013672,422025200,0.0,0.0,0.0
2009-03-27,60.9449040952331,61.301434168273275,60.39524459330254,60.618080139160156,322332300,0.0,0.0,0.0
2009-03-30,59.27365592170663,59.32565012805953,57.90694216380492,58.5234489440918,324108500,0.0,0.0,0.0
2009-03-31,59.09537416309924,60.22439909983877,58.71656173062777,59.0656623840332,364238300,0.0,0.0,0.0
2009-04-01,58.33032257548566,60.47694933292287,58.18176932594512,60.20954895019531,377018300,0.0,0.0,0.0
2009-04-02,61.709946346672275,62.846394836079895,60.26152704949374,61.96991729736328,476230700,0.0,0.0,0.0
2009-04-03,62.01446888611522,62.601263573496965,61.40539178870919,62.58641052246094,284646300,0.0,0.0,0.0
2009-04-06,61.90308290093138,62.601295663282954,61.12316981559085,62.09620666503906,264866600,0.0,0.0,0.0
2009-04-07,61.09346209022607,61.390574285451784,60.54380821257194,60.647796630859375,258947800,0.0,0.0,0.0
2009-04-08,60.952330982380936,61.6059789287509,60.56608910520711,61.30143737792969,230402800,0.0,0.0,0.0
2009-04-09,62.890962319800586,63.74515747978454,62.6384207190262,63.737728118896484,269653500,0.0,0.0,0.0
2009-04-13,63.07668639654646,64.27998841504635,62.824144676768796,63.75261688232422,224847500,0.0,0.0,0.0
2009-04-14,63.158359565318676,63.70058954489063,62.452723322764186,62.65327072143555,276598800,0.0,0.0,0.0
2009-04-15,62.27444716875204,63.44803668273534,62.10361156033972,63.3217658996582,250726100,0.0,0.0,0.0
2009-04-16,63.82688399298437,64.73307363698031,62.96525919477717,64.2502670288086,335202900,0.0,0.0,0.0
2009-04-17,64.49538164612491,65.10445906351683,63.98286327854683,64.68107604980469,262649000,0.0,0.0,0.0
2009-04-20,63.53717802902554,64.65877346422583,61.903064386076046,61.96991729736328,293690100,0.0,0.0,0.0
2009-04-21,61.51682888349056,63.232642999125886,61.46483468807562,63.18064880371094,114090900,0.0,0.0,0.0
2009-04-22,62.60871633004732,64.13140680913824,62.44530437287971,62.794410705566406,340395200,0.0,0.0,0.0
2009-04-23,62.92069844487867,63.44806993316892,62.1184971667988,63.41093444824219,324903700,0.0,0.0,0.0
2009-04-24,63.90116416235495,64.851918704771,63.648622466313725,64.3691177368164,287703000,0.0,0.0,0.0
2009-04-27,63.64117975032049,64.62907523697928,63.53719134824513,63.7600212097168,289581600,0.0,0.0,0.0
2009-04-28,63.11379818307838,64.31709397470928,62.957815605161116,63.55946350097656,247926300,0.0,0.0,0.0
2009-04-29,64.26512775975235,65.63184175217027,64.1017214167066,64.91134643554688,311505700,0.0,0.0,0.0
2009-04-30,65.77298213973329,66.12208297566279,64.56225059427823,64.93363952636719,301419800,0.0,0.0,0.0
2009-05-01,64.94847482164987,65.52041107723798,64.41367404570376,65.28272247314453,236110300,0.0,0.0,0.0
2009-05-04,65.77297138745729,67.54820973927875,65.6466948643117,67.5036392211914,287120000,0.0,0.0,0.0
2009-05-05,67.27335357666016,67.54075391263893,66.73112354344146,67.27335357666016,243036300,0.0,0.0,0.0
2009-05-06,68.09785239395077,68.48409426270092,67.30308056762914,68.43952941894531,291941000,0.0,0.0,0.0
2009-05-07,69.085750228005,69.1897386447686,67.05796476722753,67.48877716064453,317728000,0.0,0.0,0.0
2009-05-08,68.35779655412392,69.2417033874125,67.91956065096015,69.06343841552734,299081700,0.0,0.0,0.0
2009-05-11,68.11270362716421,68.41724516318051,67.62247335816231,67.77102661132812,247923600,0.0,0.0,0.0
2009-05-12,68.06070293959635,68.20926184555643,66.73855984473721,67.57047271728516,282431300,0.0,0.0,0.0
2009-05-13,66.65688002988176,66.85743321492089,65.73583711913788,65.86953735351562,269619100,0.0,0.0,0.0
2009-05-14,65.89920515678823,66.93909454479898,65.73579323863694,66.43400573730469,260098700,0.0,0.0,0.0
2009-05-15,66.38202048842423,66.84996822590645,65.47583112354012,65.89178466796875,271502700,0.0,0.0,0.0
2009-05-18,66.51572912191871,67.84529589459261,65.78780465952991,67.76359558105469,241447400,0.0,0.0,0.0
2009-05-19,67.726449600179,68.31324447855673,67.4516198975639,67.681884765625,206102200,0.0,0.0,0.0
2009-05-20,68.29837048312754,68.92973572181818,67.15449842778607,67.22877502441406,285722200,0.0,0.0,0.0
2009-05-21,66.44887032777994,66.70141760884718,65.55753965011937,66.26317596435547,258988400,0.0,0.0,0.0
2009-05-22,66.44887132225625,66.84997183328906,65.86950580641185,66.1220474243164,166811900,0.0,0.0,0.0
2009-05-26,65.63180741313445,68.00869267772153,65.60209563895943,67.8155746459961,236318500,0.0,0.0,0.0
2009-05-27,67.91958555323936,68.1498447958033,66.50087761719391,66.60486602783203,246015800,0.0,0.0,0.0
2009-05-28,67.19167860746909,67.84532102650009,66.18150035363811,67.53335571289062,289095000,0.0,0.0,0.0
2009-05-29,67.90471124105864,69.598242873514,67.35505753000288,68.72919464111328,258641500,0.0,0.0,0.0
2009-06-01,69.5759665196745,70.6901327609429,69.39770150781547,70.39302062988281,276246800,0.0,0.0,0.0
2009-06-02,70.11819836977003,70.83869346418521,69.99192755260975,70.45244598388672,230874500,0.0,0.0,0.0
2009-06-03,69.85078655001982,69.91763379509725,68.90003239597355,69.56110382080078,235310500,0.0,0.0,0.0
2009-06-04,69.82108863785967,70.31874822872281,69.30114662754639,70.21475982666016,210102300,0.0,0.0,0.0
2009-06-05,70.9278212479888,71.06152142345958,69.6725311378413,70.2296142578125,284257900,0.0,0.0,0.0
2009-06-08,69.70223953096011,70.63814078987349,69.10802091704994,69.93993377685547,238565100,0.0,0.0,0.0
2009-06-09,70.33360415492993,70.66785176727082,69.83593891692233,70.29646301269531,225125500,0.0,0.0,0.0
2009-06-10,70.92041104429295,70.92783474043947,69.21944958104419,70.11820983886719,296100400,0.0,0.0,0.0
2009-06-11,70.25191073393071,71.38835961937464,70.23705200760362,70.43017578125,275414200,0.0,0.0,0.0
2009-06-12,70.11817932901559,70.66783295270389,69.82106727106962,70.6232681274414,184361800,0.0,0.0,0.0
2009-06-15,69.79136291119931,69.83592774119508,68.63263199577518,69.00402069091797,224190500,0.0,0.0,0.0
2009-06-16,69.24914967966178,69.29371451679438,68.02356565603147,68.06813049316406,227319000,0.0,0.0,0.0
2009-06-17,68.0384324798807,68.58066266479544,67.46649617549517,68.00129699707031,223445200,0.0,0.0,0.0
2009-06-18,68.10527594545613,68.83319477708739,67.77845200728689,68.49894714355469,211725100,0.0,0.0,0.0
2009-06-19,69.15480065723074,69.24443382038497,68.36300495598707,68.75143432617188,215655600,0.518,0.0,0.0
2009-06-22,68.07912874029357,68.1164796753476,66.66735001932985,66.68975830078125,251913600,0.0,0.0,0.0
2009-06-23,66.83171191992642,67.13796805464045,66.36858635399601,66.74207305908203,188309800,0.0,0.0,0.0
2009-06-24,67.34711747076895,68.0343315595023,66.92880853501259,67.3172378540039,211577700,0.0,0.0,0.0
2009-06-25,66.981109861662,68.84854354152738,66.90641365425846,68.78131866455078,279411000,0.0,0.0,0.0
2009-06-26,68.549747611503,68.90082602748691,68.17626090495924,68.60203552246094,167579000,0.0,0.0,0.0
2009-06-29,68.80368865678966,69.3340388427734,68.42273080245266,69.24440002441406,168481300,0.0,0.0,0.0
2009-06-30,69.25935374997565,69.5133218941694,68.17623922603838,68.6841812133789,228888200,0.0,0.0,0.0
2009-07-01,68.97552135588651,69.64033292815746,68.87841686503808,68.96805572509766,173041100,0.0,0.0,0.0
2009-07-02,68.07169048555207,68.99047036410883,67.0483404757351,67.08568572998047,212309900,0.0,0.0,0.0
2009-07-06,66.4358113882071,67.17531340694666,66.22665976262051,67.07820892333984,174499600,0.0,0.0,0.0
2009-07-07,67.0110034132644,67.09317096817419,65.7336791946076,65.77849578857422,197088900,0.0,0.0,0.0
2009-07-08,66.17436171773112,66.33123112535131,64.9866769097068,65.73365020751953,248050500,0.0,0.0,0.0
2009-07-09,66.18931159002152,66.40593455387453,65.66643250413814,65.86064147949219,163777600,0.0,0.0,0.0
2009-07-10,65.50957405048987,66.09968380278822,65.24813446376417,65.70378875732422,173520300,0.0,0.0,0.0
2009-07-13,65.96521648329143,67.35458740745533,65.42739474504029,67.30229949951172,217413500,0.0,0.0,0.0
2009-07-14,67.51142884253265,67.74299438607879,67.02590087147568,67.68323516845703,181487400,0.0,0.0,0.0
2009-07-15,68.57962022762402,69.84947831955068,67.73554240866748,69.66273498535156,220877900,0.0,0.0,0.0
2009-07-16,69.46852979249456,70.59646128053173,69.33407434558315,69.55069732666016,231174500,0.0,0.0,0.0
2009-07-17,70.26029602829523,70.45451065229798,69.87187247924287,70.31258392333984,138561700,0.0,0.0,0.0
2009-07-20,70.72343459603569,71.17908877992548,70.357419262715,71.0595703125,164179400,0.0,0.0,0.0
2009-07-21,71.6123236124423,71.63473189688413,70.52920903980872,71.38822937011719,217718300,0.0,0.0,0.0
2009-07-22,70.93255870283585,71.80651578582926,70.88027081835638,71.37327575683594,196068100,0.0,0.0,0.0
2009-07-23,71.41811206053274,73.26313687847765,71.35835283347659,72.94940948486328,258795500,0.0,0.0,0.0
2009-07-24,72.60580953594337,73.30796632984126,72.22485721917091,73.24820709228516,154003100,0.0,0.0,0.0
2009-07-27,73.11374250879665,73.50217180535402,72.71037625419653,73.4648208618164,159259400,0.0,0.0,0.0
2009-07-28,72.94942276433855,73.47977317835952,72.50123417878429,73.12122344970703,186685200,0.0,0.0,0.0
2009-07-29,72.78507660618448,73.2706046682103,72.44146958890992,72.94194030761719,194399300,0.0,0.0,0.0
2009-07-30,73.82336824892316,74.570341504829,73.65156189252521,73.70384979248047,225575400,0.0,0.0,0.0
2009-07-31,73.68889791124624,74.3014156290823,73.48721198158353,73.80841064453125,207358000,0.0,0.0,0.0
2009-08-03,74.58532926828234,75.09327165625557,74.1819627514544,75.02604675292969,175776900,0.0,0.0,0.0
2009-08-04,74.68983414122702,75.32476009791017,74.53297048361956,75.22018432617188,176714600,0.0,0.0,0.0
2009-08-05,75.27251390922018,75.33974448483838,74.38361935704184,75.00360870361328,184726400,0.0,0.0,0.0
2009-08-06,75.34720978791692,75.45925124005913,74.26409492591861,74.61517333984375,193203800,0.0,0.0,0.0
2009-08-07,75.39948002734373,76.21367811651426,74.98864246926001,75.59368896484375,220640900,0.0,0.0,0.0
2009-08-10,75.25007007557794,75.60861967863244,74.89899179938674,75.43681335449219,130898700,0.0,0.0,0.0
2009-08-11,75.10068242414737,75.15297031755209,74.2939500410864,74.49563598632812,157301000,0.0,0.0,0.0
2009-08-12,74.36866320944303,75.86260987543555,74.33131796216577,75.29491424560547,219052400,0.0,0.0,0.0
2009-08-13,75.63852674367753,75.89996628926868,74.89155335687158,75.87008666992188,176449500,0.0,0.0,0.0
2009-08-14,75.83270937166039,75.89246858958964,74.47321850800951,75.28742218017578,199616100,0.0,0.0,0.0
2009-08-17,73.83831042339463,73.91300661447198,73.28555177067732,73.43494415283203,237667500,0.0,0.0,0.0
2009-08-18,73.59929009264182,74.279038639711,73.46483464920809,74.01759338378906,173461500,0.0,0.0,0.0
2009-08-19,73.43492036315058,74.92140086911985,73.3602241962715,74.66742706298828,192812800,0.0,0.0,0.0
2009-08-20,74.76453641061038,75.60861967863244,74.60020711228603,75.43681335449219,174131300,0.0,0.0,0.0
2009-08-21,76.05681973048435,77.03535291119506,75.90742735290928,76.91584014892578,224605000,0.0,0.0,0.0
2009-08-24,77.22957738276713,77.64788065233759,76.63199639856253,76.90837860107422,191279000,0.0,0.0,0.0
2009-08-25,77.21466406709195,77.87947012364293,76.89346518704265,77.05780029296875,215310600,0.0,0.0,0.0
2009-08-26,76.81872877503358,77.41630967391133,76.55728926888223,77.06523132324219,194620700,0.0,0.0,0.0
2009-08-27,77.02041472539257,77.47606887837395,76.14645736270518,77.2370376586914,196230100,0.0,0.0,0.0
2009-08-28,77.85704656578201,77.94667973402187,76.69176408806648,77.22211456298828,147024400,0.0,0.0,0.0
2009-08-31,76.4676719774751,76.6245357136887,76.03442602091089,76.53489685058594,176051600,0.0,0.0,0.0
2009-09-01,76.1539055047925,77.11750149069566,74.68983890806481,74.8467025756836,321276800,0.0,0.0,0.0
2009-09-02,74.53298659841597,75.02599165659112,74.37612290689297,74.5628662109375,171805000,0.0,0.0,0.0
2009-09-03,74.99610278833855,75.27247919688497,74.39105068261922,75.18284606933594,143572300,0.0,0.0,0.0
2009-09-04,75.33224708420346,76.25849226884112,75.10815854058886,76.236083984375,142687900,0.0,0.0,0.0
2009-09-08,76.93824155726803,76.97559249779952,76.48258743776017,76.89342498779297,132909100,0.0,0.0,0.0
2009-09-09,77.02789680878892,77.74499056796013,76.78886555573186,77.48355102539062,154612500,0.0,0.0,0.0
2009-09-10,77.53581253415996,78.32760222176537,77.10256675458419,78.27531433105469,162902400,0.0,0.0,0.0
2009-09-11,78.42472627549802,78.65629187704714,77.89437590890526,78.26039123535156,152360100,0.0,0.0,0.0
2009-09-14,77.59561612210388,78.77583578706644,77.05032858126278,78.6413803100586,149593800,0.0,0.0,0.0
2009-09-15,78.76833811135036,79.26134326181307,78.25293037099458,78.97002410888672,196795900,0.0,0.0,0.0
2009-09-16,79.25383785965275,80.18008282718192,78.97746148408105,80.16514587402344,206406300,0.0,0.0,0.0
2009-09-17,80.05311229584427,80.71791795321158,79.60492953903922,80.04564666748047,229170900,0.0,0.0,0.0
2009-09-18,80.41943892919548,80.4269458463424,79.82651844878919,80.09671020507812,153799100,0.508,0.0,0.0
2009-09-21,79.47376251277899,80.3068527517496,79.30114351254524,79.89405822753906,151892000,0.0,0.0,0.0
2009-09-22,80.36687428516721,80.5845289986733,80.0066168254783,80.35936737060547,143126700,0.0,0.0,0.0
2009-09-23,80.54698826039996,81.0798645936513,79.54878063668674,79.6913833618164,225947400,0.0,0.0,0.0
2009-09-24,79.86403842279405,80.03665741526758,78.46804974598479,78.81329345703125,228636800,0.0,0.0,0.0
2009-09-25,78.64066680962169,79.07597632743355,78.12279839270417,78.39299011230469,204059000,0.0,0.0,0.0
2009-09-28,78.69321152092407,79.96911826161443,78.67820341328998,79.79649353027344,118285800,0.0,0.0,0.0
2009-09-29,79.93907743603438,80.32184421432969,79.39118715617278,79.55630493164062,133733900,0.0,0.0,0.0
2009-09-30,79.82652386159435,79.90157585985256,78.52060076838028,79.24861145019531,254383000,0.0,0.0,0.0
2009-10-01,77.30471869562473,79.35367152616708,77.26718984271152,77.2822036743164,281840600,0.0,0.0,0.0
2009-10-02,76.56922345017406,77.37979886920633,76.54670842066224,76.9219741821289,224748800,0.0,0.0,0.0
2009-10-05,77.22969793728787,78.29545136812301,77.00453618098125,78.0702896118164,149875000,0.0,0.0,0.0
2009-10-06,78.63313288755236,79.63884743757143,78.58810285845058,79.18852996826172,202491100,0.0,0.0,0.0
2009-10-07,79.00839509930978,79.48874020275201,78.8582911911758,79.40618133544922,159200300,0.0,0.0,0.0
2009-10-08,79.96909960017793,80.4344252675447,79.4437243379884,80.01412963867188,183305800,0.0,0.0,0.0
2009-10-09,80.03665979052673,80.50199127197266,79.82651193635746,80.50199127197266,135008300,0.0,0.0,0.0
2009-10-12,80.87726648238096,81.12493749626576,80.5170088854845,80.81722259521484,118031000,0.0,0.0,0.0
2009-10-13,80.5995550185657,80.83972480304746,80.12672236583265,80.65209197998047,157692700,0.0,0.0,0.0
2009-10-14,81.5977548212589,82.12312438267331,80.62206194880497,82.04056549072266,191421600,0.0,0.0,0.0
2009-10-15,81.64278787894102,82.34078216552734,81.60526475236693,82.34078216552734,173873600,0.0,0.0,0.0
2009-10-16,81.65779673749577,82.01054159108502,81.22999418313142,81.725341796875,192069400,0.0,0.0,0.0
2009-10-19,81.86045725040671,82.65601867952182,81.60527933016223,82.40084075927734,159530400,0.0,0.0,0.0
2009-10-20,82.52088360166408,82.55090552968419,81.56771172293887,81.96549224853516,180921100,0.0,0.0,0.0
2009-10-21,81.83793186439829,82.79110407524409,81.16995947997185,81.2300033569336,225379300,0.0,0.0,0.0
2009-10-22,81.19998255126085,82.31827257630292,80.68211412591481,82.05558776855469,238444000,0.0,0.0,0.0
2009-10-23,82.32577985834058,82.37831682012366,80.77968149168265,81.11742401123047,240033200,0.0,0.0,0.0
2009-10-26,81.20747620010647,82.04056631738574,80.01413430168411,80.23929595947266,242028200,0.0,0.0,0.0
2009-10-27,80.32935311383221,80.59954480289089,79.6763946370226,79.87152862548828,253266300,0.0,0.0,0.0
2009-10-28,79.66889893778863,79.91657564197757,78.31794030230294,78.36297607421875,248821400,0.0,0.0,0.0
2009-10-29,78.94839904788418,80.2017850997057,78.76076619966778,80.04417419433594,198110600,0.0,0.0,0.0
2009-10-30,79.7814812938387,80.02165108625368,77.63496126896126,77.72502136230469,325608100,0.0,0.0,0.0
2009-11-02,78.15283025040635,79.1135152231951,77.36477573996635,78.2954330444336,254222900,0.0,0.0,0.0
2009-11-03,77.86011224635782,78.65567928528208,77.71000828299051,78.54309844970703,228362600,0.0,0.0,0.0
2009-11-04,79.18854389881874,79.80397921789648,78.54308664635934,78.7457275390625,247996700,0.0,0.0,0.0
2009-11-05,79.30112384183619,80.21676703242319,79.13600607310957,80.19425201416016,180015300,0.0,0.0,0.0
2009-11-06,79.75144522109777,80.60705031283372,79.59383435957784,80.40440368652344,170954100,0.0,0.0,0.0
2009-11-09,81.01984743827018,82.28074018740892,80.9598092891486,82.23571014404297,159495700,0.0,0.0,0.0
2009-11-10,82.04054649898413,82.50587780715834,81.78536869282556,82.25069427490234,171899800,0.0,0.0,0.0
2009-11-11,82.79106433101818,83.1738367052736,82.27320188759832,82.67098236083984,169466200,0.0,0.0,0.0
2009-11-12,82.55842998072883,82.9862325252214,81.6202660036751,81.83041381835938,157144500,0.0,0.0,0.0
2009-11-13,82.04059337385195,82.62600700584929,81.62029758187452,82.27326202392578,150963000,0.0,0.0,0.0
2009-11-16,82.84363334066929,83.82683312476527,82.79860330018049,83.4665756225586,210922200,0.0,0.0,0.0
2009-11-17,83.24894899533733,83.60169970121513,82.9337271532723,83.56417083740234,147134100,0.0,0.0,0.0
2009-11-18,83.50410311985466,83.63169204990353,82.98623475823456,83.51160430908203,156486800,0.0,0.0,0.0
2009-11-19,82.94119287261788,83.54161431267583,81.90545629730401,82.42332458496094,208734600,0.0,0.0,0.0
2009-11-20,81.99555749693113,82.37833012379467,81.81543155974252,82.13065338134766,134196000,0.0,0.0,0.0
2009-11-23,83.09883716570005,83.86437667091356,83.00877133669252,83.17388916015625,148010200,0.0,0.0,0.0
2009-11-24,83.30897481186177,83.45907878234428,82.56595042360436,83.30146789550781,138420100,0.0,0.0,0.0
2009-11-25,83.43657396936527,83.68425070445863,83.1738891258269,83.59418487548828,109564800,0.0,0.0,0.0
2009-11-27,81.35758994181217,82.79860859051385,81.27503104490852,82.23571014404297,126001800,0.0,0.0,0.0
2009-11-30,82.16818396166596,82.70856178453637,81.14746075274337,82.513427734375,160874800,0.0,0.0,0.0
2009-12-01,83.2489131528024,83.80431032238386,83.10631612912995,83.53411865234375,159613700,0.0,0.0,0.0
2009-12-02,83.51913520456658,84.06702565870332,83.24894343623892,83.49662017822266,132315100,0.0,0.0,0.0
2009-12-03,83.7217614548197,84.19459407091006,82.77609049654008,82.84363555908203,167324900,0.0,0.0,0.0
2009-12-04,83.93941918103619,84.34470677662631,82.58846625516856,83.31648254394531,274907800,0.0,0.0,0.0
2009-12-07,83.24143887334064,83.70676466853547,82.92621133899245,83.18889617919922,127973800,0.0,0.0,0.0
2009-12-08,82.58846048215099,83.1363450949681,82.01054820572303,82.26573181152344,169863700,0.0,0.0,0.0
2009-12-09,82.24321831459912,82.69353593342565,81.82291690774173,82.57344818115234,155063400,0.0,0.0,0.0
2009-12-10,83.08378735617461,83.39901475815859,82.89615458822833,83.03875732421875,138014600,0.0,0.0,0.0
2009-12-11,83.39151000976562,83.57914278258463,83.01624446412761,83.39151000976562,124854000,0.0,0.0,0.0
2009-12-14,83.96195220947266,84.05951923290044,83.4065548346059,83.96195220947266,107141500,0.0,0.0,0.0
2009-12-15,83.65420653380413,83.99945019730598,83.30896287030228,83.57164764404297,120408800,0.0,0.0,0.0
2009-12-16,83.90939519599182,84.15706615416406,83.5116088275719,83.6992416381836,155358200,0.0,0.0,0.0
2009-12-17,83.09880708696957,83.25641793610828,82.61846762499502,82.69351959228516,183390100,0.0,0.0,0.0
2009-12-18,83.15384487881425,83.22930669595549,82.45963991377054,83.16139221191406,174591200,0.59,0.0,0.0
2009-12-21,83.57637167313474,84.28566522915041,83.57637167313474,84.00647735595703,118039600,0.0,0.0,0.0
2009-12-22,84.187592445559,84.48942237771287,84.08195283284422,84.3083267211914,91707500,0.0,0.0,0.0
2009-12-23,84.51205035468678,84.59505372183925,84.13476441560336,84.47431945800781,111783100,0.0,0.0,0.0
2009-12-24,84.65541055167724,84.9647819904751,84.5120400700564,84.87423706054688,39677500,0.0,0.0,0.0
2009-12-28,85.19116679723467,85.25907550342387,84.75351372314897,85.05534362792969,87508500,0.0,0.0,0.0
2009-12-29,85.27418457737753,85.28927348454981,84.92708214313936,84.93462371826172,80572500,0.0,0.0,0.0
2009-12-30,84.68560579258663,85.00252460489203,84.64032756445253,84.90442657470703,73138400,0.0,0.0,0.0
2009-12-31,85.09308447162311,85.11572646812463,84.05177715273243,84.08950805664062,90637900,0.0,0.0,0.0
2010-01-04,84.79126700898765,85.56092800032499,84.14233455728464,85.51565551757812,118944600,0.0,0.0,0.0
2010-01-05,85.46281647117776,85.77973529294883,85.15343922354873,85.74200439453125,111579900,0.0,0.0,0.0
2010-01-06,85.65902813059601,86.0136779630146,85.59111940026665,85.80239868164062,116074400,0.0,0.0,0.0
2010-01-07,85.64389442666027,86.27019036668479,85.4024316946771,86.16455078125,131091100,0.0,0.0,0.0
2010-01-08,85.93817728882317,86.48901720668954,85.76462900789554,86.45128631591797,126402800,0.0,0.0,0.0
2010-01-11,86.83612045181637,86.87384558606472,86.20227717303138,86.572021484375,106375700,0.0,0.0,0.0
2010-01-12,85.99857154408744,86.17966721169074,85.43264254551559,85.76465606689453,163333500,0.0,0.0,0.0
2010-01-13,85.9834614076511,86.73049169632677,85.5458141027744,86.48902893066406,161822000,0.0,0.0,0.0
2010-01-14,86.3909478988344,86.88142085720746,86.338128088359,86.72296142578125,115718800,0.0,0.0,0.0
2010-01-15,86.57205933430727,86.6550569687111,85.41755918857797,85.74957275390625,212283100,0.0,0.0,0.0
2010-01-19,85.73447278506053,86.87387236103714,85.71183078922228,86.82105255126953,139172700,0.0,0.0,0.0
2010-01-20,86.23246154788427,86.3607373680048,85.25152169428956,85.93817901611328,216490200,0.0,0.0,0.0
2010-01-21,85.96084885393326,86.22494792711277,84.18005830773991,84.28569793701172,344859600,0.0,0.0,0.0
2010-01-22,83.90836476297582,84.31583414279513,82.31621812878224,82.40676879882812,345942400,0.0,0.0,0.0
2010-01-25,83.16138212428537,83.31229998333285,82.55772795887847,82.8293685913086,186937500,0.0,0.0,0.0
2010-01-26,82.50488263313031,83.35755250100921,82.2785145341588,82.48224639892578,211168800,0.0,0.0,0.0
2010-01-27,82.37659081730824,83.06325382521474,81.74275335486394,82.8746109008789,271863600,0.0,0.0,0.0
2010-01-28,83.14628249585834,83.19155496927125,81.4258594230443,81.92387390136719,316104000,0.0,0.0,0.0
2010-01-29,82.27852259882351,82.85199886822888,80.90520193885348,81.03347778320312,310677600,0.0,0.0,0.0
2010-02-01,81.60695974908228,82.30116458017869,81.11648681694321,82.29361724853516,187865000,0.0,0.0,0.0
2010-02-02,82.44452550985375,83.44810173850887,82.1577845100152,83.28964233398438,216327900,0.0,0.0,0.0
2010-02-03,82.91233603159097,83.3650836555371,82.63314818800606,82.8746109008789,172730700,0.0,0.0,0.0
2010-02-04,82.23324064326289,82.27096578064241,80.30153284194864,80.3166275024414,356715700,0.0,0.0,0.0
2010-02-05,80.40718133048412,80.64864411273767,78.91313216432985,80.4826431274414,493585800,0.0,0.0,0.0
2010-02-08,80.54301161921306,80.98821208149037,79.84125944678708,79.90162658691406,224166900,0.0,0.0,0.0
2010-02-09,80.83728268138341,81.60694921571643,80.18835041005421,80.90519714355469,337820500,0.0,0.0,0.0
2010-02-10,80.77694871271035,81.19195992950578,80.06764906922895,80.74676513671875,240511500,0.0,0.0,0.0
2010-02-11,80.64111653705169,81.68242388685663,80.17327979656828,81.59187316894531,223591600,0.0,0.0,0.0
2010-02-12,80.73163831736237,81.56921350753161,80.36944706356961,81.52394104003906,304622100,0.0,0.0,0.0
2010-02-16,82.14271843831833,82.88974319784624,81.35796277139954,82.8067398071289,159317500,0.0,0.0,0.0
2010-02-17,83.2066306233761,83.31227597272617,82.8067084867813,83.19908905029297,168845100,0.0,0.0,0.0
2010-02-18,83.06330940337499,83.86315409552375,83.03312582445422,83.68960571289062,193708600,0.0,0.0,0.0
2010-02-19,83.4707613626926,84.18760249985719,83.27457101982303,83.8631362915039,222684900,0.0,0.0,0.0
2010-02-22,84.17248688818187,84.19512312115315,83.62919426916697,83.87820434570312,132346900,0.0,0.0,0.0
2010-02-23,83.65186879308445,83.90842056009481,82.64073912109811,82.85956573486328,207497000,0.0,0.0,0.0
2010-02-24,83.10856436441202,83.7574967820161,82.89728511345773,83.62167358398438,176350700,0.0,0.0,0.0
2010-02-25,82.42940801616817,83.56881285529906,82.20303996823206,83.5084457397461,259634700,0.0,0.0,0.0
2010-02-26,83.58392316116768,83.84802792011659,83.08590872262913,83.56128692626953,173589300,0.0,0.0,0.0
2010-03-01,83.90838261256165,84.5120423607661,83.88574637946604,84.42903900146484,147709700,0.0,0.0,0.0
2010-03-02,84.791253104876,85.07044104527114,84.51205940755369,84.66297149658203,160992400,0.0,0.0,0.0
2010-03-03,84.88179859630276,85.24399567197635,84.5271488522068,84.73843383789062,150785000,0.0,0.0,0.0
2010-03-04,84.85160935264669,85.11571412785818,84.53469053070508,84.99497985839844,135770400,0.0,0.0,0.0
2010-03-05,85.54584795565302,86.27777811592237,85.34211024832534,86.20986938476562,176118800,0.0,0.0,0.0
2010-03-08,86.21741112162296,86.41359572573762,86.07404057813825,86.2249526977539,114631200,0.0,0.0,0.0
2010-03-09,85.96833363015475,86.768177600314,85.92306118110388,86.36825561523438,154556700,0.0,0.0,0.0
2010-03-10,86.40602568544278,86.98704348718336,86.33056965049194,86.75312805175781,186088800,0.0,0.0,0.0
2010-03-11,86.54936666797613,87.13793739566034,86.28526773967705,87.11529541015625,160791100,0.0,0.0,0.0
2010-03-12,87.49260235840238,87.50769701904886,86.8814010115239,87.12286376953125,162074800,0.0,0.0,0.0
2010-03-15,86.971959497998,87.20587494664277,86.4739392767103,87.1455078125,146816800,0.0,0.0,0.0
2010-03-16,87.38698150340728,87.92272693273308,87.14551869361358,87.83972930908203,168673000,0.0,0.0,0.0
2010-03-17,88.10383035750503,88.64712313110408,87.8472728780043,88.36038208007812,177468100,0.0,0.0,0.0
2010-03-18,88.36791379574353,88.48864230358163,87.96044428755258,88.31509399414062,196509100,0.0,0.0,0.0
2010-03-19,87.86804962158203,88.86818584184951,87.52709054473878,87.86804962158203,226641100,0.48,0.0,0.0
2010-03-22,87.36800852588577,88.4969549779419,87.3149711998629,88.33783721923828,184477800,0.0,0.0,0.0
2010-03-23,88.4666214583555,89.03488083553805,88.17869967431103,88.95911407470703,182941600,0.0,0.0,0.0
2010-03-24,88.62573893629089,88.97427068243051,87.57256528712466,88.52723693847656,196072600,0.0,0.0,0.0
2010-03-25,89.12576948162636,89.53491679303428,88.27717278889712,88.38324737548828,223396300,0.0,0.0,0.0
2010-03-26,88.54998129030686,88.96670143418866,87.98172181903999,88.33025360107422,205808500,0.0,0.0,0.0
2010-03-29,88.77730760969479,89.05007269823543,88.41362467873125,88.89096069335938,134513500,0.0,0.0,0.0
2010-03-30,88.99703515401472,89.2773786556434,88.58031488907235,88.95157623291016,145772500,0.0,0.0,0.0
2010-03-31,88.61055886623167,89.04243567538036,88.35295077474713,88.64844512939453,161078700,0.0,0.0,0.0
2010-04-01,89.2546157836914,89.59556912561571,88.72423685325676,89.2546157836914,161215200,0.0,0.0,0.0
2010-04-05,89.59556137689113,90.04258931011412,89.34552586476642,89.98197937011719,105847600,0.0,0.0,0.0
2010-04-06,89.72436677297499,90.35324187737709,89.62587056097107,90.19412994384766,110384200,0.0,0.0,0.0
2010-04-07,90.01230531034281,90.4366038787126,89.26219862330194,89.67892456054688,184576300,0.0,0.0,0.0
2010-04-08,89.3682889576999,90.14112523508767,89.10310230590429,89.98958587646484,158704000,0.0,0.0,0.0
2010-04-09,90.1789839091928,90.61843927186466,90.01229932601105,90.58055877685547,133006500,0.0,0.0,0.0
2010-04-12,90.69421758341566,90.95940998539622,90.58814293487735,90.72452545166016,110279000,0.0,0.0,0.0
2010-04-13,90.63356693164414,90.95179073437149,90.16380385573792,90.79267883300781,125043600,0.0,0.0,0.0
2010-04-14,91.12608889933571,91.82315826416016,90.9821337599573,91.82315826416016,161609000,0.0,0.0,0.0
2010-04-15,91.6716348931414,92.11109036080465,91.64132702151268,91.89894104003906,144615300,0.0,0.0,0.0
2010-04-16,91.57312638184843,91.8989287324296,89.97442249651225,90.43660736083984,366786700,0.0,0.0,0.0
2010-04-19,90.17143254304074,90.86849624644117,89.76228494827038,90.77757263183594,217947800,0.0,0.0,0.0
2010-04-20,91.34581494891486,91.66404464955812,90.82302016051001,91.58827209472656,157708000,0.0,0.0,0.0
2010-04-21,91.64130698817146,91.85346204319413,90.91393556999633,91.42158508300781,192910100,0.0,0.0,0.0
2010-04-22,90.77756744154881,91.80801189228305,90.25477258420746,91.6943588256836,115360300,0.0,0.0,0.0
2010-04-23,91.63374561588434,92.33080925470027,91.39886107840894,92.29292297363281,177335500,0.0,0.0,0.0
2010-04-26,92.32319838061483,92.5277749774321,91.85344103210512,91.9443588256836,143457300,0.0,0.0,0.0
2010-04-27,91.41396786742017,91.93676242006173,89.59553720356813,89.76980590820312,355853300,0.0,0.0,0.0
2010-04-28,90.20172193615227,90.67905780861454,89.61072723324067,90.45175170898438,300674100,0.0,0.0,0.0
2010-04-29,90.99725948976992,91.76251700553574,90.97453004148736,91.5730972290039,193775000,0.0,0.0,0.0
2010-04-30,91.58825494679976,91.68675693738467,89.9971298640247,90.01985931396484,270000900,0.0,0.0,0.0
2010-05-03,90.45177180108423,91.4367574107647,90.31538926713824,91.18672180175781,182747900,0.0,0.0,0.0
2010-05-04,90.17141148359529,90.1865625255066,88.58785880437856,89.04246520996094,360353400,0.0,0.0,0.0
2010-05-05,88.31509436044131,89.25462082260684,87.86806636331963,88.51209259033203,328973200,0.0,0.0,0.0
2010-05-06,88.08780672274665,88.64848784782176,79.55633524804516,85.57231140136719,647356600,0.0,0.0,0.0
2010-05-07,85.34501112804338,86.20118680888663,82.89770978922886,84.2994155883789,637558800,0.0,0.0,0.0
2010-05-10,87.74682395896171,88.38327747589499,87.06491732167852,88.01201629638672,396159600,0.0,0.0,0.0
2010-05-11,87.18615553014314,88.92124179515439,87.06492984986612,87.76199340820312,317849800,0.0,0.0,0.0
2010-05-12,88.11053584261276,89.11825080592254,87.95899649814798,88.98944091796875,235607100,0.0,0.0,0.0
2010-05-13,88.74697076276001,89.16369667327271,87.80745008708078,87.88321685791016,234452500,0.0,0.0,0.0
2010-05-14,87.22400856557748,87.38312046190994,85.51923081548856,86.29206085205078,345601400,0.0,0.0,0.0
2010-05-17,86.52698240498708,86.76943957402015,84.68582129054893,86.33756256103516,325739800,0.0,0.0,0.0
2010-05-18,87.0421804362147,87.29979435836843,84.88279597104834,85.16313934326172,360556800,0.0,0.0,0.0
2010-05-19,84.68579528562559,85.44347442876868,83.61747069972303,84.67822265625,394742700,0.0,0.0,0.0
2010-05-20,82.87496989829272,83.26138800717455,81.42780526406472,81.48084259033203,530418300,0.0,0.0,0.0
2010-05-21,80.2458232733934,82.87496577985878,79.82909731583425,82.67039489746094,500909400,0.0,0.0,0.0
2010-05-24,82.22336813877793,82.88255131539788,81.53388287230818,81.60964965820312,269823000,0.0,0.0,0.0
2010-05-25,79.63965292095617,81.73084891481143,79.08654461879905,81.69296264648438,396505200,0.0,0.0,0.0
2010-05-26,82.19305671752052,82.94315763980107,80.95803570316802,81.20049285888672,349719300,0.0,0.0,0.0
2010-05-27,82.73099892678596,83.95086297833771,82.42034766044725,83.9205551147461,300870500,0.0,0.0,0.0
2010-05-28,83.82962058120056,83.89023630047127,82.47337421084222,82.86737060546875,297933500,0.0,0.0,0.0
2010-06-01,82.09454042815366,83.30682599592957,81.3520180469181,81.4732437133789,277909400,0.0,0.0,0.0
2010-06-02,81.88997868518433,83.6023297108877,81.45810172303659,83.59475708007812,240243700,0.0,0.0,0.0
2010-06-03,83.83717051083768,84.1478158504624,83.02645432805895,83.88262939453125,226618300,0.0,0.0,0.0
2010-06-04,82.2915648918736,82.8370950165652,80.66255293081826,80.93531799316406,398475600,0.0,0.0,0.0
2010-06-07,81.22322810609705,81.53387942997651,79.86698708812256,79.92759704589844,264609100,0.0,0.0,0.0
2010-06-08,79.98818702768614,80.94286436802365,79.29112360232426,80.78375244140625,357774300,0.0,0.0,0.0
2010-06-09,81.2535249831528,82.04151213398853,80.01093141700564,80.35189056396484,268023300,0.0,0.0,0.0
2010-06-10,81.72329183702718,82.79919508301349,80.34431570721297,82.70069885253906,317890600,0.0,0.0,0.0
2010-06-11,81.97332388558529,83.1553017231455,81.92028656673666,83.10226440429688,214128200,0.0,0.0,0.0
2010-06-14,83.73870922655657,84.19332140681857,82.89011215542001,82.97345733642578,207196100,0.0,0.0,0.0
2010-06-15,83.55686765550801,84.93584367397749,83.41290674667107,84.86007690429688,238268700,0.0,0.0,0.0
2010-06-16,84.42064062252281,85.17832005179831,84.25395022318055,84.82978820800781,216374000,0.0,0.0,0.0
2010-06-17,85.07221536727823,85.11010163762388,84.14027323536106,84.96614074707031,263185800,0.0,0.0,0.0
2010-06-18,85.13441583469687,85.3627976161312,84.78422578998742,85.05828857421875,174006600,0.531,0.0,0.0
2010-06-21,86.11645415209135,86.17735246213766,84.34266091494106,84.81465911865234,213140700,0.0,0.0,0.0
2010-06-22,84.81463707865271,85.1876645413478,83.2920693685594,83.41387176513672,239355400,0.0,0.0,0.0
2010-06-23,83.4671755984825,83.76407588779571,82.58408919666613,83.1550521850586,254639900,0.0,0.0,0.0
2010-06-24,82.74397182924389,82.85055114006346,81.56397913470853,81.77713775634766,268523600,0.0,0.0,0.0
2010-06-25,82.02073456536341,82.53840790526556,81.28228817378312,82.11970520019531,238726500,0.0,0.0,0.0
2010-06-28,82.24151237421118,82.46228543865969,81.56397005593024,81.86087036132812,169218600,0.0,0.0,0.0
2010-06-29,80.7113500011525,81.8456676645201,78.83098286701762,79.33342742919922,373649500,0.0,0.0,0.0
2010-06-30,79.11263895600894,79.84347096434398,78.32090282827852,78.57974243164062,284101700,0.0,0.0,0.0
2010-07-01,78.52643823074281,78.78527197801473,76.98864144566527,78.22953796386719,382924800,0.0,0.0,0.0
2010-07-02,78.49598618842583,78.73198234722499,77.36167476331761,77.80321502685547,233385200,0.0,0.0,0.0
2010-07-06,78.89946425550052,79.45520406740687,77.55960294273606,78.31327819824219,256935300,0.0,0.0,0.0
2010-07-07,78.51124696267588,80.87884157603938,78.42750522588388,80.77987670898438,253769400,0.0,0.0,0.0
2010-07-08,81.45736203796812,81.67052056072863,80.62756553034555,81.57917022705078,210842100,0.0,0.0,0.0
2010-07-09,81.5563727827237,82.19585451941057,81.40411826872737,82.18824005126953,144999900,0.0,0.0,0.0
2010-07-12,81.9141561359668,82.40137742475888,81.57158066383161,82.24150848388672,131283600,0.0,0.0,0.0
2010-07-13,83.09417292986313,83.80977613985445,82.9266894738638,83.48242950439453,213025900,0.0,0.0,0.0
2010-07-14,83.2159757152207,83.80216781355442,82.8734001415933,83.47481536865234,184426800,0.0,0.0,0.0
2010-07-15,83.4443528610133,83.78692839177153,82.34810186956796,83.49764251708984,232337900,0.0,0.0,0.0
2010-07-16,83.04848516071272,83.13984134966971,81.03869546875582,81.19857025146484,282693400,0.0,0.0,0.0
2010-07-19,81.49548553542306,81.93702600926285,80.86361818102057,81.67819213867188,186709000,0.0,0.0,0.0
2010-07-20,80.59714692022462,82.6449971275899,80.55908039331018,82.58409881591797,258162400,0.0,0.0,0.0
2010-07-21,83.01043493543621,83.03327253352917,81.17573711346283,81.51070404052734,264527000,0.0,0.0,0.0
2010-07-22,82.4775141612901,83.69557333169371,82.46990550237409,83.33015441894531,274781300,0.0,0.0,0.0
2010-07-23,83.16266848620373,84.1751776726281,82.9266722879155,84.05337524414062,222020800,0.0,0.0,0.0
2010-07-26,84.19800113512436,85.01257470440405,83.96200497644024,84.9288330078125,184445700,0.0,0.0,0.0
2010-07-27,85.39328787697717,85.48464411529567,84.58632810032141,84.92129516601562,204855600,0.0,0.0,0.0
2010-07-28,84.74615843677438,85.00499808966399,84.09145354834125,84.37313079833984,163056200,0.0,0.0,0.0
2010-07-29,84.89841245760678,85.12680004363044,83.29210811962075,83.9620361328125,220149100,0.0,0.0,0.0
2010-07-30,83.10938883288027,84.39596089834819,82.96474879465956,83.9468002319336,220070600,0.0,0.0,0.0
2010-08-02,85.25619999082052,85.9794233304773,84.91362448812907,85.84239196777344,188263200,0.0,0.0,0.0
2010-08-03,85.62924042924857,85.85000771303264,85.1496277161269,85.43130493164062,146657300,0.0,0.0,0.0
2010-08-04,85.66729906670007,86.10884523980228,85.38562766617436,86.00226593017578,158171700,0.0,0.0,0.0
2010-08-05,85.45418019501098,85.9566307239309,85.3247632314308,85.91094970703125,140473800,0.0,0.0,0.0
2010-08-06,85.06587133761582,85.69773844268381,84.44161869871884,85.56070709228516,239728300,0.0,0.0,0.0
2010-08-09,85.96418929432353,86.1621247638442,85.50742004846788,86.0174789428711,120800400,0.0,0.0,0.0
2010-08-10,85.28663711525418,86.00986032826475,84.78419274541581,85.55308532714844,242916300,0.0,0.0,0.0
2010-08-11,84.23606802038977,84.26652007456755,83.0713045367325,83.20833587646484,273406900,0.0,0.0,0.0
2010-08-12,81.95221769288133,82.99517297844112,81.91415117244584,82.69827270507812,239542600,0.0,0.0,0.0
2010-08-13,82.43942775768053,82.94948653669589,82.35568607060223,82.45465087890625,158698500,0.0,0.0,0.0
2010-08-16,81.89133803998243,82.68307427477801,81.59443767795125,82.4166259765625,147895300,0.0,0.0,0.0
2010-08-17,83.12462152850506,84.03816022186227,82.8886194830135,83.42913055419922,172270300,0.0,0.0,0.0
2010-08-18,83.39105411281379,84.0305299160103,82.91144726041641,83.58137512207031,182922100,0.0,0.0,0.0
2010-08-19,83.14745068388898,83.35299483618041,81.78475144213404,82.12732696533203,265847600,0.0,0.0,0.0
2010-08-20,81.88370795279931,82.17299959979759,81.26706975053234,81.86087036132812,209714200,0.0,0.0,0.0
2010-08-23,82.24917025748813,82.65265007482664,81.51072343339044,81.54878997802734,163490300,0.0,0.0,0.0
2010-08-24,80.65804817013642,80.99301503314881,79.91199300378292,80.33831024169922,280677800,0.0,0.0,0.0
2010-08-25,79.8967534305505,80.9549377252878,79.39430901107173,80.65042877197266,272234800,0.0,0.0,0.0
2010-08-26,81.03106961636851,81.13764891013635,79.84346264445622,80.10991668701172,224439500,0.0,0.0,0.0
2010-08-27,80.61237591466946,81.43456416752936,79.40954559750074,81.35082244873047,272649000,0.0,0.0,0.0
2010-08-30,81.13765614801252,81.38888128064832,80.16321348484675,80.17082214355469,167238600,0.0,0.0,0.0
2010-08-31,79.87392182612562,80.68088687567062,79.54656944945559,80.17082214355469,273933100,0.0,0.0,0.0
2010-09-01,81.25185984749416,82.68307195790273,81.1985701893443,82.56887817382812,256828100,0.0,0.0,0.0
2010-09-02,82.76678276750965,83.35296878823104,82.59168492290536,83.3377456665039,156112200,0.0,0.0,0.0
2010-09-03,84.15234445331905,84.4949199723871,83.70318381759816,84.41879272460938,212197300,0.0,0.0,0.0
2010-09-07,84.02294126787069,84.1295205937857,83.39868844116664,83.46720123291016,141973700,0.0,0.0,0.0
2010-09-08,83.63466669091659,84.38833627858345,83.59660016493754,84.05337524414062,149924400,0.0,0.0,0.0
2010-09-09,84.99740582617865,85.02024342925378,84.21328381052356,84.44166564941406,147017900,0.0,0.0,0.0
2010-09-10,84.5939105246475,84.96693819221802,84.4035894563571,84.86797332763672,127819000,0.0,0.0,0.0
2010-09-13,85.70534850703353,85.98701985139932,85.36276724456391,85.81192779541016,178503500,0.0,0.0,0.0
2010-09-14,85.64446558039171,86.24588074677713,85.3247276361778,85.75865936279297,209823600,0.0,0.0,0.0
2010-09-15,85.50743620884134,86.18497864334135,85.24860238358839,86.08601379394531,168608400,0.0,0.0,0.0
2010-09-16,85.81955309483409,86.11645340823968,85.53026144003331,86.06316375732422,199962900,0.0,0.0,0.0
2010-09-17,86.51624887788321,86.6004389000419,85.85803916240464,86.09529876708984,195836900,0.602,0.0,0.0
2010-09-20,86.39379813466131,87.60306782429537,86.11826818413125,87.41172790527344,214555200,0.0,0.0,0.0
2010-09-21,87.48058678558309,87.89387574682469,86.87595212411081,87.23567199707031,268389100,0.0,0.0,0.0
2010-09-22,87.09793116558855,87.58776087816128,86.56217590299097,86.80709075927734,191322400,0.0,0.0,0.0
2010-09-23,86.09530344788762,86.99842804804756,85.85804383030317,86.10295867919922,202354300,0.0,0.0,0.0
2010-09-24,87.05965886533055,87.93982361730968,86.98312406933903,87.87859344482422,209671800,0.0,0.0,0.0
2010-09-27,87.90920681579371,88.0087014647183,87.37345741507586,87.4576416015625,128761800,0.0,0.0,0.0
2010-09-28,87.5724540234787,88.0469791317497,86.62340964616773,87.7637939453125,209207500,0.0,0.0,0.0
2010-09-29,87.54185524053044,87.94750085532634,87.26632523463198,87.6107406616211,179665800,0.0,0.0,0.0
2010-09-30,88.05461431582697,88.62097872052367,86.93718428820448,87.35047912597656,287106700,0.0,0.0,0.0
2010-10-01,88.00872250272573,88.10822301466591,87.19744297649802,87.71788787841797,174638700,0.0,0.0,0.0
2010-10-04,87.53417161754383,87.90154092226607,86.62339190756902,87.05964660644531,166153200,0.0,0.0,0.0
2010-10-05,87.86328029937219,89.02662426760917,87.76377981892628,88.81232452392578,229634100,0.0,0.0,0.0
2010-10-06,88.79703226780467,89.03429775200969,88.44496749682607,88.8046875,148626600,0.0,0.0,0.0
2010-10-07,89.1643871856191,89.18734703774204,88.16176804805113,88.69751739501953,164860000,0.0,0.0,0.0
2010-10-08,88.81997516276618,89.43991450911942,88.4832151033991,89.19499969482422,177760100,0.0,0.0,0.0
2010-10-11,89.33277263081283,89.5241125290662,88.97305268781963,89.2791976928711,103098300,0.0,0.0,0.0
2010-10-12,88.98836293747773,89.81495275161588,88.51384369691115,89.55473327636719,182210000,0.0,0.0,0.0
2010-10-13,90.05224659666973,90.73341642509901,89.83794092456948,90.25123596191406,194347200,0.0,0.0,0.0
2010-10-14,90.16700644875961,90.32008186184228,89.3327673445713,89.89913177490234,217764300,0.0,0.0,0.0
2010-10-15,90.52672701991624,90.58030195507203,89.36338306829163,90.08281707763672,243705000,0.0,0.0,0.0
2010-10-18,90.11345369899925,90.8252384871855,89.78434877888665,90.52674865722656,141204800,0.0,0.0,0.0
2010-10-19,89.69248061974584,90.19761484741157,88.7970055774524,89.34041595458984,280604700,0.0,0.0,0.0
2010-10-20,89.5011820304202,90.64922179647799,89.44760707490678,90.21296691894531,200051800,0.0,0.0,0.0
2010-10-21,90.61858427564421,91.1466784666597,89.70780441808462,90.41193389892578,221585500,0.0,0.0,0.0
2010-10-22,90.54971480273998,90.7180948906616,90.31245513661322,90.58032989501953,108212400,0.0,0.0,0.0
2010-10-25,91.18495043028275,91.65947552683595,90.7793107402888,90.84819030761719,151145700,0.0,0.0,0.0
2010-10-26,90.38896980729488,90.95533429019014,90.21294036494996,90.86349487304688,158982900,0.0,0.0,0.0
2010-10-27,90.2282696916744,90.70279488734671,89.74609510196613,90.6032943725586,190024000,0.0,0.0,0.0
2010-10-28,91.12369499575908,91.16196530426461,90.18230613450703,90.61856079101562,168576000,0.0,0.0,0.0
2010-10-29,90.52670656629599,90.86346656217627,90.36598179714275,90.68743133544922,144305500,0.0,0.0,0.0
2010-11-01,91.13136586189806,91.65181061503489,90.19762623074988,90.71807098388672,174074800,0.0,0.0,0.0
2010-11-02,91.39925256807925,91.65182266661354,91.15433770141202,91.4375228881836,158345900,0.0,0.0,0.0
2010-11-03,91.59825655655337,91.8584760728216,90.65686147996134,91.80490112304688,226702800,0.0,0.0,0.0
2010-11-04,92.82280578550609,93.61878042246512,91.8201866382045,93.57286071777344,215039400,0.0,0.0,0.0
2010-11-05,93.6341244148342,94.07803454427227,93.511669871091,93.92496490478516,180654100,0.0,0.0,0.0
2010-11-08,93.63409625248589,93.90197679986653,93.32795706558922,93.7489013671875,156107100,0.0,0.0,0.0
2010-11-09,94.00146280336017,94.10095744602482,92.70035386106184,93.07537841796875,186621600,0.0,0.0,0.0
2010-11-10,93.05243209717563,93.49634211681396,92.34830258692715,93.4504165649414,221387400,0.0,0.0,0.0
2010-11-11,92.64679111887669,93.23611550015661,92.36360593662322,93.09835052490234,158017600,0.0,0.0,0.0
2010-11-12,92.47077151969484,92.87641128256413,91.57530194816462,91.99624633789062,239068800,0.0,0.0,0.0
2010-11-15,92.28707719932065,92.6467972049612,91.82786253138367,91.86612701416016,163940800,0.0,0.0,0.0
2010-11-16,91.29972956536116,91.45279911979381,89.99861499576689,90.43487548828125,299566200,0.0,0.0,0.0
2010-11-17,90.47316447058388,90.85584429958013,90.20528975813268,90.48081970214844,172308900,0.0,0.0,0.0
2010-11-18,91.35330836618841,92.14162769947221,91.34565313637349,91.8125228881836,197723700,0.0,0.0,0.0
2010-11-19,91.76661946871418,92.10337373033421,91.2691345486115,92.06510925292969,156852900,0.0,0.0,0.0
2010-11-22,91.60592176188116,92.0268661732999,90.90178626631666,91.98860168457031,181361000,0.0,0.0,0.0
2010-11-23,90.90179818882042,91.09313817526078,90.3048183654038,90.6568832397461,222309000,0.0,0.0,0.0
2010-11-24,91.230886531954,92.01921203702354,91.21558190509731,91.99624633789062,140046100,0.0,0.0,0.0
2010-11-26,91.20024302856787,91.69772204421605,90.92471313476562,90.92471313476562,76007800,0.0,0.0,0.0
2010-11-29,90.69512377597394,91.44517884566137,90.1134487733121,91.20026397705078,223642300,0.0,0.0,0.0
2010-11-30,90.29710225574651,91.20787594761482,90.1669867232836,90.68743133544922,233930700,0.0,0.0,0.0
2010-12-01,91.99625781726178,92.79223281546614,91.98860842249489,92.61620330810547,221037200,0.0,0.0,0.0
2010-12-02,92.76160803928795,93.87138328411201,92.70803308534693,93.80249786376953,191213600,0.0,0.0,0.0
2010-12-03,93.48104909766496,94.16221887870616,93.45808923705964,94.05506896972656,151288900,0.0,0.0,0.0
2010-12-06,93.856050657041,94.16985091262599,93.75655600585169,93.95555114746094,103050500,0.0,0.0,0.0
2010-12-07,94.85865901563079,94.9122339474666,93.9555345652345,94.00910949707031,206581000,0.0,0.0,0.0
2010-12-08,94.12394933901048,94.43008858296005,93.68769449322735,94.35355377197266,138019200,0.0,0.0,0.0
2010-12-09,94.8816262973527,94.91989077210096,94.25403168702643,94.72090148925781,123705100,0.0,0.0,0.0
2010-12-10,95.01175494507035,95.36381971471556,94.69796049702558,95.27198028564453,117571700,0.0,0.0,0.0
2010-12-13,95.70821367078216,95.8230129314275,95.30256820599216,95.33318328857422,133812700,0.0,0.0,0.0
2010-12-14,95.47861145690655,95.84598663938891,95.12654673661078,95.4173812866211,147249600,0.0,0.0,0.0
2010-12-15,95.24136547806302,95.61639010608582,94.82041529613755,94.98114013671875,160823100,0.0,0.0,0.0
2010-12-16,95.04238149217734,95.60109672304984,94.7132765401252,95.53221130371094,185035200,0.0,0.0,0.0
2010-12-17,95.46526352543614,95.75762762441384,95.26522184195669,95.63452911376953,141075300,0.653,0.0,0.0
2010-12-20,95.89611728172218,96.09615896554399,95.38832638579291,95.86534118652344,119085500,0.0,0.0,0.0
2010-12-21,96.16540469545245,96.53471198294442,96.07308227603461,96.47315979003906,94965500,0.0,0.0,0.0
2010-12-22,96.54242717016942,96.8040152384735,96.48857045787496,96.77323913574219,78878100,0.0,0.0,0.0
2010-12-23,96.66549594188628,96.77320933330358,96.396212463343,96.63471984863281,70053700,0.0,0.0,0.0
2010-12-27,96.27311152861003,96.76551729837188,96.20386971877156,96.6731948852539,58126000,0.0,0.0,0.0
2010-12-28,96.86554035201665,96.90400606721643,96.55778528071963,96.81168365478516,55309100,0.0,0.0,0.0
2010-12-29,96.92711038299386,97.09637012692247,96.86555818341573,96.88094329833984,58033100,0.0,0.0,0.0
2010-12-30,96.7885800666966,97.04247251052895,96.58084294817932,96.7270278930664,76616900,0.0,0.0,0.0
2010-12-31,96.58086412008777,96.84245798039197,96.42698952221916,96.75012969970703,91218900,0.0,0.0,0.0
2011-01-03,97.4887266057405,98.17347846276536,96.7116464791394,97.75032043457031,138725200,0.0,0.0,0.0
2011-01-04,97.96577859129698,97.99655469101934,97.08868029400256,97.69649505615234,137409700,0.0,0.0,0.0
2011-01-05,97.3887083172607,98.26580632985599,97.29638004806264,98.20425415039062,133975300,0.0,0.0,0.0
2011-01-06,98.24272722640461,98.35044060714016,97.71954543285807,98.01190948486328,122519000,0.0,0.0,0.0
2011-01-07,98.14268965728837,98.30425970565912,97.05786051253101,97.81954956054688,156034600,0.0,0.0,0.0
2011-01-10,97.38873992886955,97.83498456993256,97.09636991647754,97.69649505615234,122401700,0.0,0.0,0.0
2011-01-11,98.05039721249385,98.28120912210734,97.67339444789386,98.0427017211914,110287000,0.0,0.0,0.0
2011-01-12,98.64282164033946,99.03520362724352,98.06577722148712,98.927490234375,107929200,0.0,0.0,0.0
2011-01-13,98.96598539664771,99.01214661317749,98.51974073705618,98.76593780517578,129048400,0.0,0.0,0.0
2011-01-14,98.62742781513514,99.50452591460075,98.55818600883288,99.4814453125,117677900,0.0,0.0,0.0
2011-01-18,99.3891037261465,99.74302583166958,99.27370072427925,99.65070343017578,114401300,0.0,0.0,0.0
2011-01-19,99.56609611486432,99.66610816210331,98.41201884150107,98.6736068725586,151958400,0.0,0.0,0.0
2011-01-20,98.45046499722623,98.78899027191247,97.81187429075132,98.54279327392578,175745700,0.0,0.0,0.0
2011-01-21,99.15833162544325,99.38144808529796,98.65822438664556,98.76593780517578,151462900,0.0,0.0,0.0
2011-01-24,98.70437175760952,99.44298633812483,98.6812911525822,99.32758331298828,113715500,0.0,0.0,0.0
2011-01-25,99.06598860436263,99.46607201169067,98.56589315011338,99.38143920898438,167552200,0.0,0.0,0.0
2011-01-26,99.62761443189343,100.05846792238407,99.42756692568199,99.76609802246094,141281500,0.0,0.0,0.0
2011-01-27,99.78920094700206,100.18159468782223,99.61224573950497,100.0123291015625,123302700,0.0,0.0,0.0
2011-01-28,100.12774863921356,100.28932463089374,98.10426850130753,98.26583862304688,295637300,0.0,0.0,0.0
2011-01-31,98.53511161661639,99.08136822059909,98.2889028588531,99.00442504882812,149249200,0.0,0.0,0.0
2011-02-01,99.60454403536674,100.76631065478088,99.54299185329549,100.58935546875,167194300,0.0,0.0,0.0
2011-02-02,100.32778775646037,100.66631899587726,100.2739369173979,100.39704132080078,118323600,0.0,0.0,0.0
2011-02-03,100.22004910590033,100.77400704186039,99.68918351216114,100.62013244628906,145886700,0.0,0.0,0.0
2011-02-04,100.65861102239325,100.94327963096862,100.19697546373268,100.9048080444336,134634800,0.0,0.0,0.0
2011-02-07,101.12795538769447,101.86655833381802,101.12025402499846,101.53572845458984,112439100,0.0,0.0,0.0
2011-02-08,101.62802422525583,102.05118816664186,101.3510452581558,101.9973373413086,99072800,0.0,0.0,0.0
2011-02-09,101.72038693923851,102.04352720161933,101.25875128447598,101.76654815673828,146436700,0.0,0.0,0.0
2011-02-10,101.25100438182591,101.92036513666683,101.02018668502278,101.80496215820312,162708500,0.0,0.0,0.0
2011-02-11,101.40493417749387,102.54362056489202,101.38185356922705,102.41282653808594,137710300,0.0,0.0,0.0
2011-02-14,102.35123978637476,102.7436217343405,102.23583678399606,102.65898895263672,101690700,0.0,0.0,0.0
2011-02-15,102.34356256706522,102.49743716884106,101.80499559090995,102.33586120605469,119575400,0.0,0.0,0.0
2011-02-16,102.68211808081016,103.10527040105318,102.47438086222454,102.982177734375,130183500,0.0,0.0,0.0
2011-02-17,102.68209295205986,103.42838535197703,102.58975879979464,103.28990173339844,109810500,0.0,0.0,0.0
2011-02-18,103.38222856508101,103.62843732847368,103.14372116296936,103.50533294677734,130002400,0.0,0.0,0.0
2011-02-22,102.4205026479826,103.52841865814558,101.15102240126785,101.4280014038086,233116400,0.0,0.0,0.0
2011-02-23,101.3664572416764,101.61266603672341,100.18160970018684,100.8048095703125,227584000,0.0,0.0,0.0
2011-02-24,100.69708245076858,101.12793604357242,99.78920231746342,100.73554229736328,260431400,0.0,0.0,0.0
2011-02-25,101.15869380621521,101.87422765887446,101.09714162341496,101.81267547607422,141686900,0.0,0.0,0.0
2011-02-28,102.18967875553727,102.57437109524663,101.85114761821247,102.44356536865234,141585500,0.0,0.0,0.0
2011-03-01,102.76672936037552,102.85905177601066,100.70477207211154,100.73554229736328,258565500,0.0,0.0,0.0
2011-03-02,100.59705137668088,101.42029865597617,100.2893021869677,100.95097351074219,200277400,0.0,0.0,0.0
2011-03-03,101.86651118533098,102.8051612889861,101.85882156607623,102.68975830078125,176480100,0.0,0.0,0.0
2011-03-04,102.61283645018779,102.81288399110647,101.25103394716636,101.92039489746094,277202300,0.0,0.0,0.0
2011-03-07,102.22042707136745,102.45124477370463,100.58933565730317,101.12020111083984,216790400,0.0,0.0,0.0
2011-03-08,101.28180425450653,102.32816794519542,100.84326106805,102.0050277709961,174615000,0.0,0.0,0.0
2011-03-09,101.80500536832427,102.17430679603017,101.2510473568251,101.85885620117188,153806000,0.0,0.0,0.0
2011-03-10,100.78941538664601,100.92789902455343,99.87384553643214,99.97386932373047,301291800,0.0,0.0,0.0
2011-03-11,99.6507161469298,101.02790968443232,99.62763554361096,100.66629791259766,225621800,0.0,0.0,0.0
2011-03-14,100.0123028552235,100.38929377487533,99.2967691120166,100.05846405029297,234974100,0.0,0.0,0.0
2011-03-15,97.39642787137181,99.50454664143483,97.32718605064646,98.91211700439453,359585400,0.0,0.0,0.0
2011-03-16,98.59665383422565,98.91980576955469,96.38852329538356,97.08097076416016,468670300,0.0,0.0,0.0
2011-03-17,98.48126125798184,98.78132088128201,97.78881371577354,98.36585235595703,254303700,0.0,0.0,0.0
2011-03-18,99.55815066087283,99.58906634587959,98.53042816110101,98.7236099243164,230435400,0.553,0.0,0.0
2011-03-21,99.95226084771186,100.46225180196309,99.83634470151982,100.25362396240234,153992600,0.0,0.0,0.0
2011-03-22,100.2381778902356,100.36954010530961,99.8131755527127,99.90589904785156,129538600,0.0,0.0,0.0
2011-03-23,99.62771126795884,100.45453502354486,99.15635899978666,100.19181060791016,148603100,0.0,0.0,0.0
2011-03-24,100.76359986440947,101.29678340095563,100.19951243469022,101.14996337890625,159129800,0.0,0.0,0.0
2011-03-25,101.41270655992696,101.89951660414184,101.14224736467904,101.45906829833984,155642800,0.0,0.0,0.0
2011-03-28,101.67547128904846,101.93819577157254,101.18092623158024,101.21183013916016,109762400,0.0,0.0,0.0
2011-03-29,101.12677310630124,101.92268092887319,100.79450617435734,101.89177703857422,129798800,0.0,0.0,0.0
2011-03-30,102.4249774306227,102.896341423904,102.27815739799547,102.59497833251953,135835000,0.0,0.0,0.0
2011-03-31,102.46362928821675,102.74181154601996,102.34771313611812,102.45589447021484,132537100,0.0,0.0,0.0
2011-04-01,103.0895350805786,103.36771733476594,102.6413519048945,102.88861846923828,153850100,0.0,0.0,0.0
2011-04-04,103.1049644783335,103.29042321479176,102.67997403412842,102.97360229492188,100768900,0.0,0.0,0.0
2011-04-05,102.77271688774769,103.41408187420856,102.72635514261002,102.95817565917969,120791500,0.0,0.0,0.0
2011-04-06,103.45266991019098,103.54539335504072,102.86538998380804,103.28266906738281,120411600,0.0,0.0,0.0
2011-04-07,103.0972393836973,103.52996463587067,102.50997108301614,103.01997375488281,170731500,0.0,0.0,0.0
2011-04-08,103.47588605539917,103.53770563667054,102.23951801173096,102.66452026367188,147945400,0.0,0.0,0.0
2011-04-11,102.77271334455106,103.12043821197675,102.10816750843226,102.3554458618164,121385400,0.0,0.0,0.0
2011-04-12,101.78362827320413,101.98453310156444,101.21954071562533,101.59044647216797,161187400,0.0,0.0,0.0
2011-04-13,102.06178196669408,102.13904759094962,101.19633151341225,101.58269500732422,162059000,0.0,0.0,0.0
2011-04-14,100.99539706348467,101.81448563897175,100.66313017718845,101.65994262695312,161220400,0.0,0.0,0.0
2011-04-15,101.84543682633081,102.2858851536987,101.54407372101169,102.0308837890625,170006700,0.0,0.0,0.0
2011-04-18,100.91039552264726,102.02312406228135,100.07584911792169,100.88721466064453,210759300,0.0,0.0,0.0
2011-04-19,101.04177940329066,101.49769729944792,100.79451289178695,101.46678161621094,124258800,0.0,0.0,0.0
2011-04-20,102.67997469081662,103.07406124357188,102.61042029490054,102.8499755859375,156133800,0.0,0.0,0.0
2011-04-21,103.38315027213432,103.42178898409604,102.84997849422862,103.37542724609375,135935400,0.0,0.0,0.0
2011-04-25,103.29812343060313,103.43722039995163,102.92721783046782,103.26721954345703,65757100,0.0,0.0,0.0
2011-04-26,103.58405808881407,104.36450812450026,103.4758767790073,104.15586853027344,146600000,0.0,0.0,0.0
2011-04-27,104.35678947146636,104.990419515203,103.93178723981919,104.83587646484375,143031000,0.0,0.0,0.0
2011-04-28,104.65042749222948,105.31497328255769,104.63498143936793,105.17588806152344,124791100,0.0,0.0,0.0
2011-04-29,105.21449083103067,105.53131166965775,105.07539386663605,105.4231185913086,115094100,0.0,0.0,0.0
2011-05-02,105.91769454734296,106.00268319729557,105.05223229773542,105.26087188720703,126278700,0.0,0.0,0.0
2011-05-03,105.0599912928547,105.23771524062929,104.34907191999456,104.88225555419922,138375000,0.0,0.0,0.0
2011-05-04,104.83584765640019,104.88220937968006,103.72311913418027,104.18675994873047,182678500,0.0,0.0,0.0
2011-05-05,103.6073005909819,104.27956971678866,102.78821135933562,103.2441177368164,226900000,0.0,0.0,0.0
2011-05-06,104.27180402802445,104.80498765072679,103.29816026800083,103.69998168945312,222787200,0.0,0.0,0.0
2011-05-09,103.69226217846497,104.40316976921221,103.52998428266523,104.101806640625,114104500,0.0,0.0,0.0
2011-05-10,104.44949573907839,105.1758609260903,104.31813357836641,104.99040222167969,114806900,0.0,0.0,0.0
2011-05-11,104.83586498046121,104.85132282106747,103.40632718263998,103.88541412353516,193564200,0.0,0.0,0.0
2011-05-12,103.60727758441223,104.59636758309394,103.0740938619748,104.3800048828125,171550700,0.0,0.0,0.0
2011-05-13,104.43404423324105,104.5808642426111,103.2054111930565,103.5763168334961,157444900,0.0,0.0,0.0
2011-05-16,103.2054533544214,104.01681935442937,102.74954709025172,102.91954803466797,141675400,0.0,0.0,0.0
2011-05-17,102.53316988309525,103.04317264415789,102.09270973739183,102.9040756225586,192686200,0.0,0.0,0.0
2011-05-18,102.95815029731088,103.93178207800948,102.73405286317272,103.82360076904297,135217900,0.0,0.0,0.0
2011-05-19,104.16361997843023,104.34134391773047,103.49907417182901,104.07088470458984,119489500,0.0,0.0,0.0
2011-05-20,103.80048245847905,104.07092999844379,103.05093586931925,103.2441177368164,182594900,0.0,0.0,0.0
2011-05-23,101.98450610871856,102.55632833315532,101.68314305050096,102.04632568359375,168700000,0.0,0.0,0.0
2011-05-24,102.33996707869201,102.56405272357867,101.7681448466442,101.9613265991211,147199600,0.0,0.0,0.0
2011-05-25,101.5517844074331,102.72633278915576,101.52088051435982,102.30133056640625,151050100,0.0,0.0,0.0
2011-05-26,102.02316641593107,102.95817147140808,101.82998462512747,102.77271270751953,164850000,0.0,0.0,0.0
2011-05-27,103.05859725499857,103.4449607588903,102.74178814287495,103.16677856445312,120921900,0.0,0.0,0.0
2011-05-31,104.14042874455622,104.25633308672252,103.42178645048766,104.24087524414062,164731200,0.0,0.0,0.0
2011-06-01,103.93951220369637,104.25633312691194,101.81451279671447,101.8995132446289,233094300,0.0,0.0,0.0
2011-06-02,101.96908706477839,102.18544973870628,101.19635986049838,101.79135131835938,200466800,0.0,0.0,0.0
2011-06-03,100.57044359979275,101.55181047681785,100.51635882531072,100.77908325195312,234690200,0.0,0.0,0.0
2011-06-06,100.5240503211282,100.73268990784388,99.58132245923127,99.71268463134766,179951200,0.0,0.0,0.0
2011-06-07,100.22268933893031,100.50860634614872,99.56587846478695,99.65087890625,161660500,0.0,0.0,0.0
2011-06-08,99.49632114367789,99.82859987447627,99.04813808287886,99.23359680175781,198696400,0.0,0.0,0.0
2011-06-09,99.50408799869669,100.40044261803203,99.26454444564665,99.99089813232422,160964400,0.0,0.0,0.0
2011-06-10,99.56589804880544,99.62770584486464,98.33725881399837,98.59998321533203,238629400,0.0,0.0,0.0
2011-06-13,98.82405848524438,99.09451765960591,98.17497061583109,98.67723846435547,207599800,0.0,0.0,0.0
2011-06-14,99.5813253048926,100.2767866835259,99.54269838736717,99.92906188964844,160570400,0.0,0.0,0.0
2011-06-15,99.0945283418495,99.91361718786455,97.88907004730211,98.15179443359375,300958000,0.0,0.0,0.0
2011-06-16,98.18269008022865,98.88587447536099,97.61087375475603,98.36814880371094,308032800,0.0,0.0,0.0
2011-06-17,99.34503557360294,99.35280281019529,98.32774679263385,98.66166687011719,233284900,0.628,0.0,0.0
2011-06-20,98.32775726503684,99.37610917936448,98.29669424002472,99.16643524169922,159479000,0.0,0.0,0.0
2011-06-21,99.67899854260794,100.71958355644853,99.20529762595868,100.52544403076172,193157300,0.0,0.0,0.0
2011-06-22,100.21482701534384,100.80500691642163,99.8576050690754,99.91973114013672,176703000,0.0,0.0,0.0
2011-06-23,98.74712480675583,99.89642740672355,97.99386254783049,99.63240051269531,334286500,0.0,0.0,0.0
2011-06-24,99.60911424636112,99.68676294944217,98.32779215215714,98.47533416748047,226129300,0.0,0.0,0.0
2011-06-27,98.53744830460789,99.73334246137101,98.34330879641462,99.35283660888672,168904700,0.0,0.0,0.0
2011-06-28,99.74887098324403,100.66521556885027,99.60909623337255,100.6496810913086,165556300,0.0,0.0,0.0
2011-06-29,101.10785185593738,101.67473589284583,100.66521994609614,101.51166534423828,244295500,0.0,0.0,0.0
2011-06-30,101.837831436771,102.64544666829072,101.50391713267567,102.48237609863281,223322700,0.0,0.0,0.0
2011-07-01,102.57554054372717,104.13642966420035,102.33480946626807,103.99664306640625,202385700,0.0,0.0,0.0
2011-07-05,103.88792094543403,104.1208906988261,103.5850638208245,103.91121673583984,165936000,0.0,0.0,0.0
2011-07-06,103.66274736479532,104.1675054014063,103.36765148837483,104.03549194335938,143331600,0.0,0.0,0.0
2011-07-07,104.95958944068082,105.37892557620589,104.74215413346995,105.11489868164062,170464200,0.0,0.0,0.0
2011-07-08,103.92679847365913,105.11493172199953,103.58511092654491,104.36943054199219,194100500,0.0,0.0,0.0
2011-07-11,103.08809048460674,103.42200478870207,102.24164497719914,102.48237609863281,195918600,0.0,0.0,0.0
2011-07-12,102.26494238080753,103.11138790152405,102.00867677512205,102.03973388671875,214675700,0.0,0.0,0.0
2011-07-13,102.57557113212214,103.45308570135624,102.13293911400423,102.38143157958984,204062600,0.0,0.0,0.0
2011-07-14,102.63767223494968,103.11137310183138,101.48059651765894,101.67473602294922,226111800,0.0,0.0,0.0
2011-07-15,102.24165018703424,102.4047207650016,101.55051389862399,102.26494598388672,220012800,0.0,0.0,0.0
2011-07-18,101.79122987184529,101.9465391108429,100.66522307744329,101.4262466430664,196872100,0.0,0.0,0.0
2011-07-19,101.99314778293281,103.19681532313301,101.96985198564757,103.07256317138672,166554900,0.0,0.0,0.0
2011-07-20,103.33658656501837,103.39870078230271,102.83181671723206,103.01042175292969,137145400,0.0,0.0,0.0
2011-07-21,103.59286592634717,104.69558907000076,103.02598172102674,104.43932342529297,245246300,0.0,0.0,0.0
2011-07-22,104.46258657702438,104.61789580879169,103.87239490723987,104.5091781616211,126019400,0.0,0.0,0.0
2011-07-25,103.51518302341465,104.43928893264444,103.40646537817202,103.9267578125,136653800,0.0,0.0,0.0
2011-07-26,103.85689725796851,104.02774100880387,103.30553572584759,103.53850555419922,131278200,0.0,0.0,0.0
2011-07-27,102.96383825293663,102.99490721335484,101.28646987045012,101.41849517822266,249020100,0.0,0.0,0.0
2011-07-28,101.41848604847941,102.32705754486874,100.96030779358047,101.1233901977539,207939900,0.0,0.0,0.0
2011-07-29,100.10609802739364,101.37965271672041,99.37613158668162,100.4322509765625,307038400,0.0,0.0,0.0
2011-08-01,101.6048498587236,101.69804487992414,99.03444467386603,100.00514221191406,325790900,0.0,0.0,0.0
2011-08-02,99.25185502970216,99.78768183193019,97.45024108886719,97.45024108886719,346653800,0.0,0.0,0.0
2011-08-03,97.58231495616593,98.08707309143448,95.92824205090264,97.97835540771484,370830800,0.0,0.0,0.0
2011-08-04,96.6193643461301,96.77467953212886,93.2335703120481,93.38888549804688,520721800,0.0,0.0,0.0
2011-08-05,94.55370986354298,94.79444096324258,90.74857423213508,93.24909210205078,655619200,0.0,0.0,0.0
2011-08-08,90.78741086141946,93.2801616664667,86.99003627886297,87.1764144897461,702263900,0.0,0.0,0.0
2011-08-09,88.58195350945314,91.35426479061141,85.63103131635118,91.23001861572266,717828700,0.0,0.0,0.0
2011-08-10,89.50606980164957,90.29815629340449,86.93565899209803,87.19969177246094,662607400,0.0,0.0,0.0
2011-08-11,87.95296493442386,92.34828034326141,87.22299848370957,91.11355590820312,487979700,0.0,0.0,0.0
2011-08-12,91.94447082027338,92.57348092104047,91.07472370435607,91.72703552246094,313731600,0.0,0.0,0.0
2011-08-15,92.55793327751759,93.76159440634494,92.4103853881475,93.66841125488281,258810600,0.0,0.0,0.0
2011-08-16,92.77537763041357,93.72277926098026,91.87456758014791,92.86856079101562,294095200,0.0,0.0,0.0
2011-08-17,93.38113030817348,94.11885828169673,92.192997124133,92.93072509765625,238201100,0.0,0.0,0.0
2011-08-18,90.46899355089312,92.96174364936118,88.05389805594746,88.92364501953125,512956300,0.0,0.0,0.0
2011-08-19,87.72001021836422,89.98755865403606,87.36279417093664,87.47151184082031,428281300,0.0,0.0,0.0
2011-08-22,89.43619482724391,89.48279234195164,87.29289874006848,87.54139709472656,275090600,0.0,0.0,0.0
2011-08-23,87.86756236161652,90.52339000928727,87.42492442033806,90.42243957519531,331136600,0.0,0.0,0.0
2011-08-24,90.22828201213339,91.82022246489184,90.01860802015314,91.69597625732422,246869700,0.0,0.0,0.0
2011-08-25,92.2007584155741,92.7210509917319,89.97980147219151,90.29818725585938,312365400,0.0,0.0,0.0
2011-08-26,89.84003601119376,92.0299302871739,88.41116558857136,91.61058807373047,314495900,0.0,0.0,0.0
2011-08-29,92.84526584141149,94.29743132883124,91.68042892600536,94.24307250976562,190977200,0.0,0.0,0.0
2011-08-30,93.83151161316239,95.07400332159958,92.61231569852906,94.49158477783203,241315700,0.0,0.0,0.0
2011-08-31,95.09730673828018,95.91269513478233,94.19650239920634,94.91093444824219,301828400,0.0,0.0,0.0
2011-09-01,94.96530646395514,95.82728657147045,93.7927018801396,93.91695404052734,254585900,0.0,0.0,0.0
2011-09-02,91.95999468472566,93.86256529290618,91.1912039424707,91.5173568725586,255517200,0.0,0.0,0.0
2011-09-06,88.83046822806371,90.98153718364854,88.8227009892371,90.84951782226562,285130500,0.0,0.0,0.0
2011-09-07,92.2240299855312,93.45098712606513,91.91340559976707,93.41216278076172,209803200,0.0,0.0,0.0
2011-09-08,92.8530267605204,93.91691320373391,92.23177807805024,92.44145202636719,250568200,0.0,0.0,0.0
2011-09-09,91.38534418039121,92.45699206996085,89.52160382597977,90.01860046386719,380195100,0.0,0.0,0.0
2011-09-12,88.89258060472523,90.67089884354422,88.56642772022559,90.60100555419922,305793500,0.0,0.0,0.0
2011-09-13,90.89613234419349,91.77364090649431,90.25158766829023,91.43195343017578,272514700,0.0,0.0,0.0
2011-09-14,91.89787129767703,93.80820920014665,90.63985112369384,92.6977310180664,319389500,0.0,0.0,0.0
2011-09-15,93.69173285454832,94.32851023852376,92.72103526161821,94.29744720458984,326777200,0.0,0.0,0.0
2011-09-16,94.67603121940965,95.20682295521702,93.91887180675441,94.85556030273438,284528300,0.625,0.0,0.0
2011-09-19,93.30221603154729,94.39502324434778,92.66995159610224,93.91106414794922,241517000,0.0,0.0,0.0
2011-09-20,94.30914075683502,95.22241275053649,93.67687644662924,93.80176544189453,218932200,0.0,0.0,0.0
2011-09-21,93.84862891063472,94.13743813863242,90.89024598157212,91.0385513305664,316251300,0.0,0.0,0.0
2011-09-22,88.40020348431999,89.14955548795923,86.8780831574466,88.09577941894531,513911300,0.0,0.0,0.0
2011-09-23,87.51032549104896,89.11050775258046,87.44007059469958,88.62654876708984,307242500,0.0,0.0,0.0
2011-09-26,89.46177186053781,90.85900292835265,88.18943574988421,90.7341079711914,260673700,0.0,0.0,0.0
2011-09-27,92.5216314513175,93.32562342326425,91.20245668842256,91.74886322021484,311753900,0.0,0.0,0.0
2011-09-28,91.93619990948116,92.4904079111975,89.7427842194698,89.87548065185547,286696800,0.0,0.0,0.0
2011-09-29,91.36639885121434,91.81912828460736,88.93100023584611,90.58582305908203,298108900,0.0,0.0,0.0
2011-09-30,89.33688841342395,90.11746413029202,88.25969606806123,88.3221435546875,288392300,0.0,0.0,0.0
2011-10-03,87.80695715092246,88.94659693654971,85.71501407660561,85.80868530273438,365136800,0.0,0.0,0.0
2011-10-04,84.57538467267383,87.87722284634772,83.85725638349541,87.68988037109375,459177500,0.0,0.0,0.0
2011-10-05,87.90845128441842,89.54765932080102,87.09665171428246,89.31348419189453,284108000,0.0,0.0,0.0
2011-10-06,89.26662869200844,91.06195500641881,88.60314060375048,90.92925262451172,257800800,0.0,0.0,0.0
2011-10-07,91.46004374048448,91.52249121920707,89.81302870992224,90.32040405273438,312657900,0.0,0.0,0.0
2011-10-10,91.85815998336375,93.38028040462639,91.85035255790784,93.34125518798828,230666300,0.0,0.0,0.0
2011-10-11,92.78702514453231,93.70029718131711,92.69335392717517,93.43489837646484,209088000,0.0,0.0,0.0
2011-10-12,94.13740619472092,95.33949320599355,93.92665342539144,94.2544937133789,281544900,0.0,0.0,0.0
2011-10-13,93.70031289621284,94.34819219212339,92.98218464199213,94.06718444824219,212538800,0.0,0.0,0.0
2011-10-14,95.15999399234708,95.69858721844336,94.6292022360391,95.6751708984375,211397600,0.0,0.0,0.0
2011-10-17,95.2224496994839,95.65957624082718,93.61446529634202,93.84864044189453,202311600,0.0,0.0,0.0
2011-10-18,93.77834662255607,96.40108096158004,93.04460369576995,95.68295288085938,318857900,0.0,0.0,0.0
2011-10-19,95.5268518251368,96.07325838720226,94.22329183810115,94.55113220214844,226601300,0.0,0.0,0.0
2011-10-20,94.78530110136406,95.30828535584187,93.52857383263284,94.96483612060547,262075600,0.0,0.0,0.0
2011-10-21,96.08103409413029,96.8850318503654,95.79222497456895,96.7679443359375,278999400,0.0,0.0,0.0
2011-10-24,96.92406253142443,98.19640446198716,96.83819874634405,97.95442199707031,203215600,0.0,0.0,0.0
2011-10-25,97.486091528924,97.53292416177825,95.83907644659494,96.04983520507812,268596800,0.0,0.0,0.0
2011-10-26,97.06457604964875,97.39241637703556,95.39414471831293,97.02555084228516,289053800,0.0,0.0,0.0
2011-10-27,99.62484460389824,101.02207540298824,98.82866024874056,100.40542602539062,393220200,0.0,0.0,0.0
2011-10-28,99.91366895548492,100.57716292764744,99.75755622986948,100.38201904296875,225906500,0.0,0.0,0.0
2011-10-31,99.25797734731638,100.397610837423,97.82171541869091,97.96221923828125,228146700,0.0,0.0,0.0
2011-11-01,95.25366381868209,96.40891862178049,94.85556849362052,95.2302474975586,416565800,0.0,0.0,0.0
2011-11-02,96.6587108118573,97.10363881678482,95.84691119745389,96.78359985351562,244717600,0.0,0.0,0.0
2011-11-03,97.78273960764723,98.74285057747718,96.4791792941229,98.5477066040039,291174800,0.0,0.0,0.0
2011-11-04,97.7514960925208,98.11836166365207,96.79919279968671,97.94664001464844,249401600,0.0,0.0,0.0
2011-11-07,97.87637801332295,98.65695364526927,96.9474911056046,98.55548095703125,196617200,0.0,0.0,0.0
2011-11-08,99.07066302191424,99.929301026765,98.12616717189819,99.82001495361328,224426300,0.0,0.0,0.0
2011-11-09,97.48608890147032,98.19641557565245,95.90152134253402,96.13569641113281,337982000,0.0,0.0,0.0
2011-11-10,97.40805505149086,97.52514261286136,96.02643254689646,97.04118347167969,231866500,0.0,0.0,0.0
2011-11-11,98.21982713502265,99.12529171542963,98.18860339703357,98.86770629882812,189924400,0.0,0.0,0.0
2011-11-14,98.50083015474867,99.48435105587069,97.5094958753507,97.9310073852539,159258300,0.0,0.0,0.0
2011-11-15,97.70465891139068,98.93796994630983,97.35340222862052,98.41498565673828,184709400,0.0,0.0,0.0
2011-11-16,97.42366834459035,98.61794842276974,96.71334742943704,96.85385131835938,235782500,0.0,0.0,0.0
2011-11-17,96.67430115138689,96.91628367275392,94.6291965886519,95.31610107421875,331219600,0.0,0.0,0.0
2011-11-18,95.62050390029172,95.81564778580253,94.81651204483823,95.21460723876953,215580400,0.0,0.0,0.0
2011-11-21,93.82518447618645,93.94227200692373,92.61529587275245,93.40367889404297,229611600,0.0,0.0,0.0
2011-11-22,93.20072435446586,93.74712487195619,92.51381404068486,93.03680419921875,216494900,0.0,0.0,0.0
2011-11-23,92.1625652275704,93.03681208497468,90.98389434814453,90.98389434814453,224329100,0.0,0.0,0.0
2011-11-25,90.84339567793658,91.87375533940454,90.70289181704005,90.81217193603516,99557000,0.0,0.0,0.0
2011-11-28,93.31002206304962,93.80959004624408,92.74800659312582,93.44271850585938,210686000,0.0,0.0,0.0
2011-11-29,93.70811462402344,94.44965915259768,93.36465941231161,93.70811462402344,199241500,0.0,0.0,0.0
2011-11-30,96.3932844847411,97.74368296744593,93.66907715821256,97.56414794921875,324439500,0.0,0.0,0.0
2011-12-01,97.45485936568113,98.07151478468327,97.12701905339716,97.54853057861328,176954800,0.0,0.0,0.0
2011-12-02,98.44620399718701,98.74282060290913,97.40022952012121,97.46267700195312,221109700,0.0,0.0,0.0
2011-12-05,99.00820690905427,99.27360571159912,97.91540582598509,98.52425384521484,225263900,0.0,0.0,0.0
2011-12-06,98.51644979330615,99.21896905312173,98.16519314105808,98.55548095703125,178842100,0.0,0.0,0.0
2011-12-07,98.22764541390596,99.33606745859906,97.54854835120848,98.92236328125,237802500,0.0,0.0,0.0
2011-12-08,98.27448370020728,98.49304394753526,96.51818834162451,96.75235748291016,240862800,0.0,0.0,0.0
2011-12-09,97.18952141270178,98.64139327878377,97.10365757452213,98.39160919189453,209111400,0.0,0.0,0.0
2011-12-12,97.5329467071875,97.5485615586281,96.13572122462162,96.955322265625,215826100,0.0,0.0,0.0
2011-12-13,97.46267521249688,98.01688320411043,95.58148505525752,96.04983520507812,245159800,0.0,0.0,0.0
2011-12-14,95.66735454163435,96.03422606832895,94.8165298991468,95.02728271484375,238618800,0.0,0.0,0.0
2011-12-15,96.03422329389912,96.1669197279236,95.22242388612396,95.37073516845703,199109200,0.0,0.0,0.0
2011-12-16,96.01485002584717,96.58042373762392,95.28431057257815,95.5121078491211,220481400,0.77,0.0,0.0
2011-12-19,95.88133807889153,96.08557659457051,94.28672065180149,94.49095916748047,183903000,0.0,0.0,0.0
2011-12-20,95.97560964969188,97.51524057599113,94.55380887447015,97.35028076171875,225418100,0.0,0.0,0.0
2011-12-21,97.35026322987854,97.68803973915561,96.42334206440347,97.53878784179688,194230900,0.0,0.0,0.0
2011-12-22,97.90014145075459,98.50500006307028,97.58593572253305,98.40287780761719,119465400,0.0,0.0,0.0
2011-12-23,98.71708916969801,99.31409083870865,98.51285664571523,99.28266906738281,92187200,0.0,0.0,0.0
2011-12-27,99.10983030361977,99.62042348632467,99.02342194994254,99.36119842529297,86075700,0.0,0.0,0.0
2011-12-28,99.37690449230465,99.39261237669814,97.97866905084032,98.05722045898438,119107100,0.0,0.0,0.0
2011-12-29,98.37928981785238,99.17267287894882,98.0807920490752,99.070556640625,123507200,0.0,0.0,0.0
2011-12-30,98.99199755076668,99.23551471968854,98.58352661132812,98.58352661132812,95599000,0.0,0.0,0.0
2012-01-03,100.35883291944835,100.84586134002927,100.09960782495739,100.15459442138672,193697900,0.0,0.0,0.0
2012-01-04,99.91890539367334,100.39807673595413,99.53399932946164,100.3116683959961,127186500,0.0,0.0,0.0
2012-01-05,99.76969599936187,100.72803304116015,99.31408931177728,100.57878112792969,173895000,0.0,0.0,0.0
2012-01-06,100.70445571771063,100.72016959772749,99.98962999726368,100.31954956054688,148050000,0.0,0.0,0.0
2012-01-09,100.54733543911449,100.68872437621106,100.08387794150717,100.56304931640625,99530200,0.0,0.0,0.0
2012-01-10,101.63925298081068,101.843485514844,101.29361947230753,101.43502044677734,115282000,0.0,0.0,0.0
2012-01-11,101.12076152730222,101.62349770229002,100.95580777482428,101.48995971679688,111540700,0.0,0.0,0.0
2012-01-12,101.78065452762685,101.88276480212733,100.97155136298238,101.73351287841797,118983700,0.0,0.0,0.0
2012-01-13,101.05007339138001,101.3721419574828,100.32739084370472,101.2071762084961,179836200,0.0,0.0,0.0
2012-01-17,102.18126172894048,102.36979235446455,101.25433446950552,101.59996795654297,132209200,0.0,0.0,0.0
2012-01-18,101.57638550830232,102.77823957038031,101.39571784820755,102.72325897216797,163395200,0.0,0.0,0.0
2012-01-19,103.07676630122536,103.35170531205041,102.74684667994366,103.26529693603516,126328900,0.0,0.0,0.0
2012-01-20,103.09245253834918,103.6501693725586,102.84107842601219,103.6501693725586,138230200,0.0,0.0,0.0
2012-01-23,103.30452975627196,103.88582336650322,102.88820189562549,103.38308715820312,129295800,0.0,0.0,0.0
2012-01-24,102.74684667994366,103.29671271541316,102.58974381069247,103.26529693603516,103083300,0.0,0.0,0.0
2012-01-25,103.10817743032469,104.37287524795573,102.70756333387511,104.12936401367188,198613200,0.0,0.0,0.0
2012-01-26,104.5928323422577,104.78921393658126,103.18674540082075,103.59522247314453,184880500,0.0,0.0,0.0
2012-01-27,103.09244337826215,103.72871756258627,103.02173692408898,103.54804992675781,135259100,0.0,0.0,0.0
2012-01-30,102.51903460017353,103.24958030269178,102.16555015722999,103.19458770751953,147311800,0.0,0.0,0.0
2012-01-31,103.70518522526923,103.83086032346107,102.6525708763795,103.15531921386719,157212000,0.0,0.0,0.0
2012-02-01,103.91727669599035,104.5849788952131,103.79160158812314,104.05867767333984,166234500,0.0,0.0,0.0
2012-02-02,104.26290389588888,104.49071323832452,103.85443884424615,104.22362518310547,113090400,0.0,0.0,0.0
2012-02-03,105.26051349785925,105.74753591876464,105.0798458233587,105.6846923828125,160598500,0.0,0.0,0.0
2012-02-06,105.24476971803743,105.66109753753798,105.12694561296198,105.61396789550781,107694500,0.0,0.0,0.0
2012-02-07,105.39405058146428,106.06175265712261,104.97772264738329,105.88107299804688,135528100,0.0,0.0,0.0
2012-02-08,105.93607213649814,106.2188620701685,105.50403029531014,106.19529724121094,139361400,0.0,0.0,0.0
2012-02-09,106.3680674504655,106.50945636236499,105.70036562558654,106.32878875732422,148602900,0.0,0.0,0.0
2012-02-10,105.38620159504008,105.62971280786184,105.134827448786,105.54330444335938,167907500,0.0,0.0,0.0
2012-02-13,106.29737299451577,106.45447578090662,105.84176652366031,106.32878875732422,115841900,0.0,0.0,0.0
2012-02-14,106.04604533369331,106.25814078049096,105.45690063739501,106.19529724121094,165329500,0.0,0.0,0.0
2012-02-15,106.54091238557903,106.69801521366242,105.48829826644761,105.70039367675781,195195100,0.0,0.0,0.0
2012-02-16,105.70827410571866,106.96510892459108,105.51974348910704,106.870849609375,186567800,0.0,0.0,0.0
2012-02-17,107.24004911571727,107.32645748436424,106.80015632485257,107.15364074707031,129869400,0.0,0.0,0.0
2012-02-21,107.40502295736938,107.65639716257839,106.87087075057298,107.20079040527344,134042300,0.0,0.0,0.0
2012-02-22,107.03578545042622,107.26359473887803,106.66658721287533,106.85511779785156,124455300,0.0,0.0,0.0
2012-02-23,106.8001454273931,107.40499196002617,106.43879810823633,107.32644653320312,137704300,0.0,0.0,0.0
2012-02-24,107.56210327148438,107.7741987143502,107.32645498627711,107.56210327148438,105539100,0.0,0.0,0.0
2012-02-27,106.84725288938786,108.03339286781566,106.67443620562013,107.74275207519531,145728900,0.0,0.0,0.0
2012-02-28,107.77419403161298,108.18267101852294,107.56209859796259,108.0569839477539,129355900,0.0,0.0,0.0
2012-02-29,108.2141096078342,108.5518921834681,107.25576646698639,107.63282775878906,185934700,0.0,0.0,0.0
2012-03-01,107.86062448969945,108.39478865680175,107.56212063201932,108.19054412841797,145023500,0.0,0.0,0.0
2012-03-02,108.11980548022645,108.26120640261053,107.61706928563841,107.86058044433594,120638300,0.0,0.0,0.0
2012-03-05,107.69564666673098,107.77419209491607,107.05150943024891,107.42070770263672,140765000,0.0,0.0,0.0
2012-03-06,106.3209756645089,106.38380721249447,105.54330041367865,105.84965515136719,202129900,0.0,0.0,0.0
2012-03-07,106.0931882879781,106.7608904886026,105.9910660255769,106.58807373046875,143692200,0.0,0.0,0.0
2012-03-08,107.24004876728641,107.8684721748426,107.02010237256867,107.64851379394531,116968900,0.0,0.0,0.0
2012-03-09,107.85273157076956,108.34760484317988,107.71919357750478,108.06482696533203,122836800,0.0,0.0,0.0
2012-03-12,108.0491509278707,108.2141047477173,107.68780353600064,108.07271575927734,104003500,0.0,0.0,0.0
2012-03-13,108.65399734632447,110.07579795010354,108.47331767762303,110.02080535888672,184090500,0.0,0.0,0.0
2012-03-14,110.05220597098197,110.32713290070207,109.56517166242739,109.9029541015625,145163600,0.0,0.0,0.0
2012-03-15,110.06793269731614,110.58638289138217,109.78514277202369,110.53925323486328,165118500,0.0,0.0,0.0
2012-03-16,110.73964271243754,110.83431510020328,110.45561351043389,110.69230651855469,152893500,0.614,0.0,0.0
2012-03-19,110.62128133257454,111.46547138767575,110.54237966520245,111.126220703125,125291100,0.0,0.0,0.0
2012-03-20,110.4950675846299,110.93688812540614,110.1715875320234,110.80276489257812,121729700,0.0,0.0,0.0
2012-03-21,110.86587809902595,110.96843583723366,110.39249209341456,110.62129974365234,122388400,0.0,0.0,0.0
2012-03-22,109.80864962939584,110.1005762127626,109.46151354001564,109.82443237304688,135216700,0.0,0.0,0.0
2012-03-23,109.91916285746878,110.30574994862143,109.3116533787432,110.17951202392578,120521000,0.0,0.0,0.0
2012-03-26,110.96843775200237,111.7258529663086,110.92899894977607,111.7258529663086,120164000,0.0,0.0,0.0
2012-03-27,111.82849475684995,111.89949909302815,111.30777221411476,111.37877655029297,119868500,0.0,0.0,0.0
2012-03-28,111.32345473999666,111.49702876463363,110.17155548910615,110.82640075683594,148562100,0.0,0.0,0.0
2012-03-29,110.17158868824755,110.84221689813256,109.73765349589297,110.63707733154297,164963700,0.0,0.0,0.0
2012-03-30,111.18147546008672,111.28404525057722,110.49507649593109,111.09468841552734,135486800,0.0,0.0,0.0
2012-04-02,110.96054294823263,112.1992294235174,110.73963270427318,111.90730285644531,151741100,0.0,0.0,0.0
2012-04-03,111.74955721986821,111.93891409438808,110.79489953072388,111.44974517822266,155806700,0.0,0.0,0.0
2012-04-04,110.62919829689982,110.72387069383626,109.9349019494788,110.34516906738281,146896000,0.0,0.0,0.0
2012-04-05,109.96649465274197,110.61344292307801,109.87181019366768,110.28996276855469,137439400,0.0,0.0,0.0
2012-04-09,108.90138638835843,110.32941830340305,108.75148035728328,109.0512924194336,127555900,0.0,0.0,0.0
2012-04-10,108.83823642532819,109.14593375563126,107.11039294027724,107.2208480834961,235360300,0.0,0.0,0.0
2012-04-11,108.31751023129267,108.51475241121896,107.89147241968308,108.08871459960938,154133000,0.0,0.0,0.0
2012-04-12,108.19130501685514,109.58777124916006,108.11240331435573,109.50098419189453,154321500,0.0,0.0,0.0
2012-04-13,109.24850284685722,109.52464672249276,108.0966031846183,108.19917297363281,169246700,0.0,0.0,0.0
2012-04-16,108.75142317450337,108.90921447840459,107.75732712509135,108.12814331054688,147825300,0.0,0.0,0.0
2012-04-17,108.75140352934262,109.9506388920273,108.64094843269422,109.72972869873047,147877600,0.0,0.0,0.0
2012-04-18,109.24062251124856,109.72977930217274,109.1775035642409,109.35896301269531,123884200,0.0,0.0,0.0
2012-04-19,109.37473319501956,109.78498824538026,108.14394396652385,108.65676879882812,198666700,0.0,0.0,0.0
2012-04-20,109.13803826727262,109.53252260480832,108.77510737970887,108.83822631835938,143199600,0.0,0.0,0.0
2012-04-23,107.72577724106395,108.01770383619571,107.2524032608101,107.92301940917969,171844900,0.0,0.0,0.0
2012-04-24,108.01766940022995,108.60939571593521,107.93088239237841,108.333251953125,137484200,0.0,0.0,0.0
2012-04-25,109.39051658420337,109.86390266791464,109.29584418294438,109.81656646728516,150252200,0.0,0.0,0.0
2012-04-26,109.57986215506067,110.70809365509288,109.5167432144771,110.58185577392578,136291600,0.0,0.0,0.0
2012-04-27,110.91318107131862,111.07885769656508,110.29778667156943,110.76327514648438,130725000,0.0,0.0,0.0
2012-04-30,110.54239177235434,110.62129344836812,110.05323508944426,110.35303497314453,115092200,0.0,0.0,0.0
2012-05-01,110.28992175427294,111.76530130897382,110.16369592029875,111.0394515991211,138832200,0.0,0.0,0.0
2012-05-02,110.39250464603874,110.81855450727595,110.02958576734825,110.70809936523438,121081000,0.0,0.0,0.0
2012-05-03,110.72387228537806,110.81065933005317,109.65877168841035,109.86389923095703,143759700,0.0,0.0,0.0
2012-05-04,109.28795042439928,109.90334506267274,108.02559565738808,108.08871459960938,193927300,0.0,0.0,0.0
2012-05-07,107.70213229042896,108.53055198229343,107.6626934792952,108.16763305664062,127765900,0.0,0.0,0.0
2012-05-08,107.52064057203046,107.90723952257886,106.4476427872259,107.7336654663086,213377700,0.0,0.0,0.0
2012-05-09,106.58967265186983,107.78101101544061,106.10840127927645,107.09461212158203,220752500,0.0,0.0,0.0
2012-05-10,107.83624674281654,107.9703820290705,107.07095810416294,107.31553649902344,150600000,0.0,0.0,0.0
2012-05-11,106.64490200281074,107.98614643875256,106.59756580510921,106.99205017089844,153032400,0.0,0.0,0.0
2012-05-14,105.96638508361784,106.99204681019444,105.65080241638215,105.80859375,163910000,0.0,0.0,0.0
2012-05-15,105.73762362335178,106.36090380609426,105.03544172895084,105.20111846923828,207629300,0.0,0.0,0.0
2012-05-16,105.67446942111307,106.15574080882756,104.77504558621959,104.79871368408203,207265500,0.0,0.0,0.0
2012-05-17,104.82238321969051,104.94862110249295,103.18921221254,103.24444580078125,247992900,0.0,0.0,0.0
2012-05-18,103.64684337014037,103.82831488996571,102.21092619306948,102.36083221435547,319615900,0.0,0.0,0.0
2012-05-21,102.69215462942945,104.1596366893171,102.52646592839305,104.12018585205078,177861100,0.0,0.0,0.0
2012-05-22,104.38843803225974,105.1142877308527,103.62313749422789,104.30165100097656,197531200,0.0,0.0,0.0
2012-05-23,103.55215912665787,104.50681670973367,102.55806273297718,104.3569107055664,204958400,0.0,0.0,0.0
2012-05-24,104.64092103249561,104.80659771544337,103.68626362215743,104.56201934814453,167357600,0.0,0.0,0.0
2012-05-25,104.52254765831664,104.8144742012237,103.97027209413416,104.22274780273438,135465600,0.0,0.0,0.0
2012-05-29,105.05910763545883,105.66660505541041,103.48905510052512,105.48514556884766,152883500,0.0,0.0,0.0
2012-05-30,104.58566790236476,105.47720620636662,103.74147782334992,103.9544906616211,162370400,0.0,0.0,0.0
2012-05-31,103.9150495285995,104.49887853122654,102.8341544650712,103.72569274902344,196186000,0.0,0.0,0.0
2012-06-01,102.10043812909042,103.74937975453066,101.11422729492188,101.11422729492188,253240900,0.0,0.0,0.0
2012-06-04,101.29566721551355,101.57181101139844,100.30945657121627,101.0668716430664,202545800,0.0,0.0,0.0
2012-06-05,100.8696351553379,101.98207776064,100.81440759364705,101.83218383789062,164149400,0.0,0.0,0.0
2012-06-06,102.54224867104064,104.16752204128824,102.51068318574546,104.12018585205078,184202800,0.0,0.0,0.0
2012-06-07,105.30363006521745,105.3509662505564,103.97027133088372,104.18329620361328,184772700,0.0,0.0,0.0
2012-06-08,103.91506804722165,105.03540210561592,103.58369061423296,105.01173400878906,143915400,0.0,0.0,0.0
2012-06-11,105.85593221707192,105.91905115961453,103.57581308706501,103.67838287353516,169756100,0.0,0.0,0.0
2012-06-12,103.97817439151403,104.94071711969153,103.4811323220958,104.86971282958984,181931800,0.0,0.0,0.0
2012-06-13,104.56204614539347,105.21689176947007,103.84408156540117,104.19912719726562,172223900,0.0,0.0,0.0
2012-06-14,104.4121190129657,105.72180999623875,104.12808978814392,105.30365753173828,230615500,0.0,0.0,0.0
2012-06-15,105.77789655553333,106.47577815706481,105.55584166853461,106.380615234375,169444500,0.688,0.0,0.0
2012-06-18,105.93649193502742,106.84850209725461,105.69857255759531,106.5867919921875,131360900,0.0,0.0,0.0
2012-06-19,107.12609894758599,108.05397382111235,106.56302337420603,107.61779022216797,137382600,0.0,0.0,0.0
2012-06-20,107.62572534438519,107.93501695972847,106.48372181047631,107.44331359863281,206451800,0.0,0.0,0.0
2012-06-21,107.57020379293384,107.68123124017016,104.94518821099469,105.03242492675781,205272200,0.0,0.0,0.0
2012-06-22,105.57963659184925,106.03961090492213,105.17516995218841,105.84134674072266,130029200,0.0,0.0,0.0
2012-06-25,104.72315415708385,104.76280941779223,103.77148840551594,104.14422607421875,146375700,0.0,0.0,0.0
2012-06-26,104.44559334718514,104.98487834227062,103.83493613396853,104.66764831542969,141634000,0.0,0.0,0.0
2012-06-27,105.01656612120671,105.81754902692968,104.65969302860083,105.61135864257812,108088000,0.0,0.0,0.0
2012-06-28,104.91346159403213,105.46861094413362,104.112478713385,105.30998992919922,169242100,0.0,0.0,0.0
2012-06-29,107.22126216448278,108.06983863206877,106.94369958338329,107.93502044677734,212250900,0.0,0.0,0.0
2012-07-02,108.23635636591528,108.37117452954016,107.47502884178859,108.26014709472656,129524500,0.0,0.0,0.0
2012-07-03,108.2363888703896,109.05323640777203,108.12536140223335,108.97393798828125,80450000,0.0,0.0,0.0
2012-07-05,108.56946023407117,109.28321854342248,108.08569515035319,108.48222351074219,126177500,0.0,0.0,0.0
2012-07-06,107.43541416096454,107.67333363999845,106.94372277842518,107.45127868652344,151192100,0.0,0.0,0.0
2012-07-09,107.3640258654347,107.51470858295487,106.82474098699859,107.31644439697266,103780500,0.0,0.0,0.0
2012-07-10,107.86362725134863,108.03810067700245,106.01580386225783,106.380615234375,167884800,0.0,0.0,0.0
2012-07-11,106.43617778939435,106.74546951354183,105.7779390736777,106.39652252197266,141733400,0.0,0.0,0.0
2012-07-12,105.7778923168907,106.45198316073812,105.15930914202681,105.8809814453125,143583200,0.0,0.0,0.0
2012-07-13,106.15857864815989,107.76848290697544,106.14271412461544,107.65745544433594,129642600,0.0,0.0,0.0
2012-07-16,107.41160957694825,107.72090122949595,106.98335214967557,107.40367126464844,97525200,0.0,0.0,0.0
2012-07-17,107.8319284409456,108.36327501710696,106.70578929580107,108.14122009277344,138860300,0.0,0.0,0.0
2012-07-18,107.88741768733743,109.15631312479314,107.82398380644,108.94218444824219,113349700,0.0,0.0,0.0
2012-07-19,109.16427616458212,109.58459534856672,108.81534129758737,109.22772216796875,129847300,0.0,0.0,0.0
2012-07-20,108.60914906275939,108.77569635008209,108.1095314029692,108.22848510742188,142904500,0.0,0.0,0.0
2012-07-23,106.64230391972306,108.15704467359681,106.14267447394407,107.13399505615234,145210900,0.0,0.0,0.0
2012-07-24,107.21332462112794,107.26090608136776,105.50031944599357,106.21406555175781,173301200,0.0,0.0,0.0
2012-07-25,106.43614870332412,106.71371129724857,105.67480892058197,106.23788452148438,129122300,0.0,0.0,0.0
2012-07-26,107.76843132602214,108.2204792725326,107.26880193273796,107.99048614501953,156526500,0.0,0.0,0.0
2012-07-27,108.56155082314233,110.2904210345451,107.96675819051474,109.98111724853516,236768900,0.0,0.0,0.0
2012-07-30,109.8542373504008,110.50453766950834,109.65597313952493,109.98111724853516,106782000,0.0,0.0,0.0
2012-07-31,109.83041332150157,110.13176660194776,109.21183013916016,109.21183013916016,120575900,0.0,0.0,0.0
2012-08-01,109.99692366953025,110.0207143941813,108.96594789735542,109.11663055419922,138293800,0.0,0.0,0.0
2012-08-02,108.29190141750787,109.10082268920428,107.52263540344978,108.36327362060547,199556600,0.0,0.0,0.0
2012-08-03,109.88592204341501,110.7424246351088,108.39497174293875,110.51244354248047,157825000,0.0,0.0,0.0
2012-08-06,110.80586536835348,111.16273840605358,110.67897341238985,110.72655487060547,86326200,0.0,0.0,0.0
2012-08-07,111.17068346635182,111.75754978638493,111.05172980064208,111.28172302246094,109545100,0.0,0.0,0.0
2012-08-08,110.90904699765944,111.54348303523996,110.87731793512539,111.4166030883789,89754700,0.0,0.0,0.0
2012-08-09,111.2579575978898,111.73379662289611,111.14693010553353,111.5117416381836,90291700,0.0,0.0,0.0
2012-08-10,111.05964407872509,111.73374704821256,110.87724444387274,111.694091796875,99792700,0.0,0.0,0.0
2012-08-13,111.50376215317822,111.69408799138006,111.05964029484622,111.63858032226562,79426900,0.0,0.0,0.0
2012-08-14,112.05098547646287,112.12236978244017,111.32137470170618,111.65445709228516,102379400,0.0,0.0,0.0
2012-08-15,111.53550351988672,111.97168716309993,111.46413131492982,111.7813491821289,71085900,0.0,0.0,0.0
2012-08-16,111.93993288642956,112.74092778736889,111.66237034045957,112.60610961914062,112014200,0.0,0.0,0.0
2012-08-17,112.79643778228986,112.85195755327875,112.50301071015846,112.75678253173828,90813700,0.0,0.0,0.0
2012-08-20,112.59816227756566,112.78850020037173,112.2888707161822,112.76470947265625,78255700,0.0,0.0,0.0
2012-08-21,113.04231228610911,113.47849595149145,112.17788326813374,112.4237289428711,105581100,0.0,0.0,0.0
2012-08-22,112.1382037808356,112.65369785622306,111.87650573923064,112.47129821777344,133243500,0.0,0.0,0.0
2012-08-23,112.19371207070496,112.20163827988404,111.37686478519932,111.55133819580078,111466400,0.0,0.0,0.0
2012-08-24,111.2737981235415,112.47924785273922,111.2024259155125,112.2254638671875,99481200,0.0,0.0,0.0
2012-08-27,112.52684998003215,112.67753273647679,112.0906662379789,112.24927520751953,68785900,0.0,0.0,0.0
2012-08-28,111.96374066679587,112.48716100039266,111.7972055340692,112.13821411132812,75689600,0.0,0.0,0.0
2012-08-29,112.23340217991503,112.52682932475854,111.91617219797538,112.2254638671875,65421300,0.0,0.0,0.0
2012-08-30,111.74174732225681,111.77347638479088,111.17868352374035,111.4166030883789,96589900,0.0,0.0,0.0
2012-08-31,112.05097274539196,112.47130391786199,111.31343584314054,111.94788360595703,151970400,0.0,0.0,0.0
2012-09-04,111.85273669822472,112.18583123579168,111.1310641363966,111.84481048583984,120226200,0.0,0.0,0.0
2012-09-05,111.8923629226803,112.19372833031855,111.52756363025087,111.74961853027344,100660300,0.0,0.0,0.0
2012-09-06,112.42367195988453,114.02564929118137,112.41574575219926,114.0177230834961,158272500,0.0,0.0,0.0
2012-09-07,114.20810718585234,114.50947264688176,114.1050180289896,114.4618911743164,107272100,0.0,0.0,0.0
2012-09-10,114.3508540934833,114.54911827989933,113.77192605745246,113.81156921386719,86458500,0.0,0.0,0.0
2012-09-11,113.88293094404206,114.49357580438038,113.85120190389685,114.12877655029297,88760000,0.0,0.0,0.0
2012-09-12,114.50944519042969,114.63633715423626,114.12084308917846,114.50944519042969,87640900,0.0,0.0,0.0
2012-09-13,114.49360906111835,116.61106931524516,114.1922556987046,116.25419616699219,225470200,0.0,0.0,0.0
2012-09-14,116.48419052575782,117.45964703385667,116.3890154778575,116.76969146728516,169777000,0.0,0.0,0.0
2012-09-17,116.53175497901458,116.73001915664292,116.07970684550111,116.3731460571289,119427800,0.0,0.0,0.0
2012-09-18,116.17486497293584,116.42863679080527,115.98452703372128,116.2779541015625,98326600,0.0,0.0,0.0
2012-09-19,116.41279523804843,116.71416067599132,116.11144190119123,116.34142303466797,128318300,0.0,0.0,0.0
2012-09-20,115.81003476853459,116.41275332633988,115.49281702254893,116.34931945800781,154009800,0.0,0.0,0.0
2012-09-21,116.91461408013487,116.93853180871484,116.25286186950021,116.30069732666016,108737500,0.779,0.0,0.0
2012-09-24,115.72663729221877,116.3883894444293,115.63893490660821,116.12528228759766,95682000,0.0,0.0,0.0
2012-09-25,116.37244030609187,116.59568050704212,114.8575821817254,114.88948059082031,133165200,0.0,0.0,0.0
2012-09-26,114.86558027614988,114.89746652439902,113.97260717132913,114.24368286132812,146502200,0.0,0.0,0.0
2012-09-27,114.7220854554642,115.58316032432145,114.41911128891732,115.32005310058594,111830300,0.0,0.0,0.0
2012-09-28,114.88152907451571,115.25625639961501,114.37924457768518,114.78585815429688,150696100,0.0,0.0,0.0
2012-10-01,115.224382172331,116.15721023885474,114.8177563876043,115.0888442993164,135911200,0.0,0.0,0.0
2012-10-02,115.54327253136981,115.72664583639232,114.67422929704496,115.20841217041016,113422200,0.0,0.0,0.0
2012-10-03,115.5193469243215,115.94987816885428,114.91341090758056,115.67880249023438,121283100,0.0,0.0,0.0
2012-10-04,116.11736473523848,116.6754655406026,115.95790910023233,116.50804138183594,124311600,0.0,0.0,0.0
2012-10-05,117.12988507239909,117.32920758644279,116.16515875152807,116.5159683227539,124842100,0.0,0.0,0.0
2012-10-08,116.0854538339317,116.50003596381046,115.85423287141992,116.11734008789062,78415400,0.0,0.0,0.0
2012-10-09,116.02962025110784,116.1252911642944,114.92935608673965,114.96922302246094,148872900,0.0,0.0,0.0
2012-10-10,114.95333537310937,115.06496771918097,114.08429167113913,114.23577880859375,124247500,0.0,0.0,0.0
2012-10-11,115.0330125598736,115.20044883072426,114.27558941180337,114.29950714111328,123601500,0.0,0.0,0.0
2012-10-12,114.37927363474924,114.76993810200884,113.67765426641975,113.92481231689453,124181900,0.0,0.0,0.0
2012-10-15,114.19582626166051,114.99311614274723,113.82907972914037,114.87352752685547,107689100,0.0,0.0,0.0
2012-10-16,115.41571993006812,116.1173391684343,115.33599821296079,116.03760528564453,108815500,0.0,0.0,0.0
2012-10-17,116.11730133775839,116.65946479959221,115.9418965853132,116.56378173828125,128834100,0.0,0.0,0.0
2012-10-18,116.26085662841797,116.81895730563826,115.8701800715226,116.26085662841797,148108500,0.0,0.0,0.0
2012-10-19,116.04559803670278,116.05356655953713,114.0523724165797,114.32344818115234,185645200,0.0,0.0,0.0
2012-10-22,114.13206752535365,114.54666176404359,113.43842906433231,114.33937072753906,125578600,0.0,0.0,0.0
2012-10-23,113.1036096887714,113.26306532584744,112.28240160042883,112.75279998779297,192056300,0.0,0.0,0.0
2012-10-24,113.15938557209657,113.29493560390256,112.25845597189969,112.4338607788086,120179400,0.0,0.0,0.0
2012-10-25,113.23115263073143,113.43844369396935,112.0750843247094,112.7607421875,134457400,0.0,0.0,0.0
2012-10-26,112.65709351110087,113.08762481200218,111.93155660067244,112.69696044921875,146023500,0.0,0.0,0.0
2012-10-31,113.09560549903462,113.23911187744123,112.1627653766658,112.69696044921875,103438500,0.0,0.0,0.0
2012-11-01,112.93613685927716,114.02045187288464,112.83249741980266,113.87694549560547,100995600,0.0,0.0,0.0
2012-11-02,114.55463867465988,114.58653709226188,112.74479886040396,112.86438751220703,137702200,0.0,0.0,0.0
2012-11-05,112.69695889854046,113.35073044508842,112.36208635550321,113.0956039428711,98378500,0.0,0.0,0.0
2012-11-06,113.43845763295914,114.42710193860835,113.31886895979687,113.98062133789062,107068100,0.0,0.0,0.0
2012-11-07,112.94411406472958,112.9600511068151,110.87115501959998,111.39736938476562,264304500,0.0,0.0,0.0
2012-11-08,111.38144231913404,111.94752373340991,109.97023521044119,110.05793762207031,181517300,0.0,0.0,0.0
2012-11-09,109.72308953370766,111.17416375019204,109.66728553767314,110.15363311767578,201055300,0.0,0.0,0.0
2012-11-12,110.49642898903737,110.67183377944993,109.99414451256608,110.24130249023438,97677500,0.0,0.0,0.0
2012-11-13,109.65928189362413,111.02265340321732,109.51577550613128,109.85860443115234,123018300,0.0,0.0,0.0
2012-11-14,110.19349681895733,110.36888949109994,108.12850571284554,108.37566375732422,191505000,0.0,0.0,0.0
2012-11-15,108.41549334479176,108.82211904039544,107.77765889664654,108.19225311279297,178128400,0.0,0.0,0.0
2012-11-16,108.35176635392722,108.94176566148428,107.39502025531884,108.72649383544922,239483900,0.0,0.0,0.0
2012-11-19,109.94632613702258,110.94293899963404,108.7583713908277,110.927001953125,151495800,0.0,0.0,0.0
2012-11-20,110.75159033314338,111.15820397653971,110.08983797301583,110.9748306274414,119807400,0.0,0.0,0.0
2012-11-21,111.07049350840676,111.2777967421379,110.84725323029839,111.18211364746094,81710800,0.0,0.0,0.0
2012-11-23,111.72426555441352,112.73681522165518,111.65250019952876,112.69696044921875,65409200,0.0,0.0,0.0
2012-11-26,112.1388631766305,112.7049445786634,111.77211649279211,112.4577865600586,100124400,0.0,0.0,0.0
2012-11-27,112.34616543440102,112.72886132548352,111.81198245822588,111.88373565673828,128646200,0.0,0.0,0.0
2012-11-28,111.42923485444776,112.84840993898312,110.82329889481112,112.78463745117188,177086500,0.0,0.0,0.0
2012-11-29,113.20721262239742,113.6217946672928,112.71288454474515,113.31085205078125,151085900,0.0,0.0,0.0
2012-11-30,113.32679405331308,113.5500342681211,112.94409828016781,113.33476257324219,136568300,0.0,0.0,0.0
2012-12-03,113.85298796171898,113.94865884645742,112.6889394794672,112.77664184570312,124656300,0.0,0.0,0.0
2012-12-04,112.76872799048053,113.11155693742685,112.31426673632411,112.61724090576172,127512200,0.0,0.0,0.0
2012-12-05,112.71289960058677,113.34276560386117,111.91560948603909,112.8165512084961,147300500,0.0,0.0,0.0
2012-12-06,112.71288660834821,113.24706946363894,112.54546251637366,113.19923400878906,103220600,0.0,0.0,0.0
2012-12-07,113.63777756473027,113.76534692360245,112.95210746789688,113.54210662841797,108726400,0.0,0.0,0.0
2012-12-10,113.38263661575635,113.86100340226027,113.33478898799206,113.58992767333984,98840700,0.0,0.0,0.0
2012-12-11,114.06034519838222,114.89750242322978,114.00454120509062,114.36331939697266,152570400,0.0,0.0,0.0
2012-12-12,114.80980505091348,115.2483171561199,114.25967278853497,114.41912841796875,145880100,0.0,0.0,0.0
2012-12-13,114.34734497763026,114.6742368392386,113.43046622653331,113.71749114990234,135715000,0.0,0.0,0.0
2012-12-14,113.47032666065363,113.6776176956621,113.11951708934639,113.294921875,137701700,0.0,0.0,0.0
2012-12-17,113.58991666040781,114.69018084435201,113.55801824499093,114.62639617919922,143238200,0.0,0.0,0.0
2012-12-18,114.8097703277685,116.00570543534943,114.64233405980752,115.90205383300781,177762800,0.0,0.0,0.0
2012-12-19,116.02963692262503,116.06950386407453,115.00113796104937,115.0409927368164,150895400,0.0,0.0,0.0
2012-12-20,115.11278696291286,115.71872326156722,114.79386351702728,115.70277404785156,168487000,0.0,0.0,0.0
2012-12-21,114.15470480794505,115.69635794876659,113.97003086321368,114.65252685546875,245883800,1.022,0.0,0.0
2012-12-24,114.40360700781054,114.46784408188645,114.17075833475833,114.29923248291016,53874600,0.0,0.0,0.0
2012-12-26,114.53203363621664,114.58824564719892,113.49624034492348,113.81741333007812,106947700,0.0,0.0,0.0
2012-12-27,113.84953745932104,114.0823983117225,112.34803460845795,113.66486358642578,167920600,0.0,0.0,0.0
2012-12-28,112.92617538035225,113.5524714506708,112.30790434869051,112.4363784790039,148806700,0.0,0.0,0.0
2012-12-31,112.13929816894272,114.46783369607019,112.04293644058731,114.34739685058594,243935200,0.0,0.0,0.0
2013-01-02,116.51534953619024,117.35040694601298,116.21022651530868,117.27814483642578,192059000,0.0,0.0,0.0
2013-01-03,117.2219495137242,117.5270602942365,116.70002789227122,117.01317596435547,144761800,0.0,0.0,0.0
2013-01-04,117.20585791334176,117.71974211489317,116.96497201374702,117.52703094482422,116817700,0.0,0.0,0.0
2013-01-07,117.10950686549775,117.31826810793257,116.77225925946097,117.20585632324219,110002500,0.0,0.0,0.0
2013-01-08,116.9970959387503,117.1576824534905,116.41093739459835,116.86862182617188,121265100,0.0,0.0,0.0
2013-01-09,117.12556075652859,117.48689573877407,116.94088687251305,117.16571044921875,90745600,0.0,0.0,0.0
2013-01-10,117.81611705765123,118.10517774929579,117.20588326505425,118.09715270996094,130735400,0.0,0.0,0.0
2013-01-11,118.06502696519377,118.1533514049404,117.71976649743682,118.08912658691406,113917300,0.0,0.0,0.0
2013-01-14,117.94463589091467,118.08917241748958,117.57527565808819,118.00887298583984,89567200,0.0,0.0,0.0
2013-01-15,117.46281821745815,118.20153839641264,117.39055610820228,118.08912658691406,93172600,0.0,0.0,0.0
2013-01-16,117.84824308775404,118.25774063402002,117.71976894509343,118.07306671142578,104849500,0.0,0.0,0.0
2013-01-17,118.59493718356936,119.17305838401394,118.15331512045687,118.83582305908203,133833500,0.0,0.0,0.0
2013-01-18,118.81176939591495,119.22930421510014,118.37817224661585,119.100830078125,169906000,0.0,0.0,0.0
2013-01-22,119.100782995345,119.74314117431639,118.81974746330651,119.7431411743164,111797300,0.0,0.0,0.0
2013-01-23,119.74315315418524,120.04023878774703,119.5263546435503,119.93585205078125,104596100,0.0,0.0,0.0
2013-01-24,119.75919833635302,120.55411800823849,119.64678656727503,119.96797180175781,146426400,0.0,0.0,0.0
2013-01-25,120.345393231495,120.6424789428711,119.9358834650386,120.6424789428711,147211600,0.0,0.0,0.0
2013-01-28,120.67455373772866,120.70667838687247,120.04825785102634,120.49791717529297,113357700,0.0,0.0,0.0
2013-01-29,120.2570440590754,121.12422589840253,120.17674467966978,120.97166442871094,105694400,0.0,0.0,0.0
2013-01-30,120.95558928389981,121.19647514462312,120.38549315525344,120.49791717529297,137447700,0.0,0.0,0.0
2013-01-31,120.35342821289663,120.74687568227809,120.12057954862999,120.20086669921875,108975800,0.0,0.0,0.0
2013-02-01,120.96363117852034,121.58190211508507,120.75486993784646,121.4373779296875,131173000,0.0,0.0,0.0
2013-02-04,120.69866537881538,121.46146047048582,119.98403276173265,120.07235717773438,159073600,0.0,0.0,0.0
2013-02-05,120.72279958911314,121.63011921253128,120.67461259189615,121.28485870361328,113912400,0.0,0.0,0.0
2013-02-06,120.85927703912525,121.45344845956107,120.77095260474051,121.37316131591797,138762800,0.0,0.0,0.0
2013-02-07,121.41330641989371,121.52571821831489,120.32932588000106,121.21257019042969,162490000,0.0,0.0,0.0
2013-02-08,121.42134486932922,121.95931655347566,121.42134486932922,121.88705444335938,103133700,0.0,0.0,0.0
2013-02-11,121.83886581874134,121.9673276936526,121.55783019769082,121.86295318603516,73775000,0.0,0.0,0.0
2013-02-12,121.87095614196421,122.28849085267976,121.7344570013767,122.06366729736328,65392700,0.0,0.0,0.0
2013-02-13,122.31257383891939,122.53739738619105,121.82277705694231,122.16803741455078,82322600,0.0,0.0,0.0
2013-02-14,121.79870462001709,122.42500061444329,121.66220546758737,122.28046417236328,80834300,0.0,0.0,0.0
2013-02-15,122.39289182136947,122.52136595276453,121.6863086026317,122.13595581054688,215226500,0.0,0.0,0.0
2013-02-19,122.34470464994138,123.0753874145205,122.17609309009467,123.05130004882812,95105400,0.0,0.0,0.0
2013-02-20,122.96298056659904,123.00313026168898,121.45344024537837,121.5176773071289,160574800,0.0,0.0,0.0
2013-02-21,121.21255059890795,121.5818983403227,120.39354348451957,120.7789535522461,183257000,0.0,0.0,0.0
2013-02-22,121.36512874346147,121.95931243896484,120.83519436851854,121.95931243896484,106356600,0.0,0.0,0.0
2013-02-25,122.55348013135786,122.73815402196604,119.63878631591797,119.63878631591797,245824800,0.0,0.0,0.0
2013-02-26,120.21693873188767,120.60234894093563,119.42201868950472,120.45782470703125,186596200,0.0,0.0,0.0
2013-02-27,120.35337489038673,122.31256182587154,120.24898816370433,121.97532653808594,150781900,0.0,0.0,0.0
2013-02-28,121.96731516330843,122.7461726310376,121.57388003661787,121.73446655273438,126866000,0.0,0.0,0.0
2013-03-01,121.3169485378628,122.32062971694758,120.77095185738509,122.13595581054688,170634800,0.0,0.0,0.0
2013-03-04,121.85492730640912,122.78634643554688,121.66222835001389,122.78634643554688,99010200,0.0,0.0,0.0
2013-03-05,123.3804676358405,124.21552461178175,123.36440531362182,123.88631439208984,121431900,0.0,0.0,0.0
2013-03-06,124.32797572132152,124.39221277856946,123.78197911266287,124.05497741699219,94469900,0.0,0.0,0.0
2013-03-07,124.21554048173574,124.440364013673,124.07101631918904,124.27977752685547,86101400,0.0,0.0,0.0
2013-03-08,124.82583863715982,124.97838789984029,124.18348016851678,124.80977630615234,123477800,0.0,0.0,0.0
2013-03-11,124.71340901829124,125.29151808036579,124.56084752542375,125.28349304199219,83746800,0.0,0.0,0.0
2013-03-12,125.19516021138307,125.3396966561785,124.62507622593493,125.00244903564453,105755800,0.0,0.0,0.0
2013-03-13,125.06664250990553,125.35570304679591,124.64108286558942,125.1790542602539,92550900,0.0,0.0,0.0
2013-03-14,125.50833797675521,125.90178545936712,125.18716485966281,125.84557342529297,126329900,0.0,0.0,0.0
2013-03-15,125.69553898019453,125.84876670161364,125.26001339501886,125.67940521240234,138601100,0.694,0.0,0.0
2013-03-18,124.47773060477644,125.52620432190564,124.36481880794486,124.98583984375,126704300,0.0,0.0,0.0
2013-03-19,125.25195554878114,125.42131704189266,123.87280757257648,124.6954574584961,167567300,0.0,0.0,0.0
2013-03-20,125.42940678002446,125.77620284973463,125.21970468535231,125.56651306152344,113759300,0.0,0.0,0.0
2013-03-21,124.81644464109338,125.52618284630252,124.2841532936473,124.49384307861328,128605000,0.0,0.0,0.0
2013-03-22,124.88901706753951,125.49390411376953,124.79222677175096,125.49390411376953,111163600,0.0,0.0,0.0
2013-03-25,125.82455524946431,126.03425728313016,124.48574805812187,124.96965026855469,151322300,0.0,0.0,0.0
2013-03-26,125.4858348764643,126.00200467928408,125.34872861860921,125.9697494506836,86856600,0.0,0.0,0.0
2013-03-27,125.21968309128955,126.01007771627833,125.00999333923924,125.9697494506836,99950600,0.0,0.0,0.0
