Date,Open,High,Low,Close,Volume,Dividends,Stock Splits,Capital Gains
2000-03-24,97.10076189487505,98.92685962470507,96.36635302526949,97.53743743896484,11462900,0.0,0.0,0.0
2000-03-27,97.41831285420979,97.67634832020504,96.42586875422802,96.50526428222656,8798600,0.0,0.0,0.0
2000-03-28,96.06858669749754,97.17019962347091,95.65176018496707,95.94949340820312,6334400,0.0,0.0,0.0
2000-03-29,96.26709720669119,96.85263934434013,95.05631515934931,96.04875946044922,6747500,0.0,0.0,0.0
2000-03-30,95.37387644257451,96.4953382571438,93.4485349202166,94.44097900390625,9491900,0.0,0.0,0.0
2000-03-31,95.03649736818232,96.7435021245866,94.28223945256183,95.51287078857422,9249100,0.0,0.0,0.0
2000-04-03,95.35402850947104,96.06858825683594,94.44097994339367,96.06858825683594,8508200,0.0,0.0,0.0
2000-04-04,96.38616863317434,97.18012389374415,89.80626441120208,95.3540267944336,19585500,0.0,0.0,0.0
2000-04-05,93.92494496991559,95.79074058005338,93.76615385415917,94.75859832763672,8387200,0.0,0.0,0.0
2000-04-06,95.43342403538216,96.34647260144448,94.63946876054537,95.58229064941406,6378500,0.0,0.0,0.0
2000-04-07,96.26710154131528,96.62438150579851,95.59223938618028,96.18770599365234,6023600,0.0,0.0,0.0
2000-04-10,96.38617976417643,97.2496062097575,95.4731311090792,95.81056213378906,9624200,0.0,0.0,0.0
2000-04-11,95.27464881895388,96.30679084782587,94.24250679008188,95.53268432617188,9006400,0.0,0.0,0.0
2000-04-12,95.51280850983154,96.00903049918021,92.83320976734875,92.91260528564453,10779200,0.0,0.0,0.0
2000-04-13,93.66688690648336,94.10356236991684,91.32471851170374,91.62245178222656,12225800,0.0,0.0,0.0
2000-04-14,90.59034271099989,90.70943606250427,84.79446627111996,86.38237762451172,29604000,0.0,0.0,0.0
2000-04-17,85.86628912524262,89.3993911743164,85.5487069185843,89.3993911743164,23918200,0.0,0.0,0.0
2000-04-18,89.28028761038347,91.76139831542969,88.78406546937423,91.76139831542969,11069200,0.0,0.0,0.0
2000-04-19,91.78123352850369,92.17821118217368,90.53075391944319,90.90788269042969,6553700,0.0,0.0,0.0
2000-04-20,91.1857905016936,91.42397715515906,90.43153276571964,91.3445816040039,8537600,0.0,0.0,0.0
2000-04-24,89.87576141089254,91.02699687066104,89.24059701929612,90.35213470458984,12893100,0.0,0.0,0.0
2000-04-25,91.8606225580788,94.10354614257812,91.74152927040628,94.10354614257812,14102000,0.0,0.0,0.0
2000-04-26,93.98444778645833,94.48066979166666,92.73396833333332,93.0416259765625,7711100,0.0,0.0,0.0
2000-04-27,90.82850798515425,93.58750331075224,90.82850798515425,92.73400115966797,15595300,0.0,0.0,0.0
2000-04-28,93.36916065893887,93.91500502928768,92.13852971487972,92.15837860107422,8743400,0.0,0.0,0.0
2000-05-01,93.09130748484523,94.31201439536079,92.63478294920526,93.40888977050781,7328300,0.0,0.0,0.0
2000-05-02,92.41641126832853,93.44855331857619,91.54306030273436,91.54306030273438,9411900,0.0,0.0,0.0
2000-05-03,91.46367551759548,91.46367551759548,88.78407564891592,89.3993911743164,12630700,0.0,0.0,0.0
2000-05-04,90.19329675276829,90.4215588374199,89.39934167571928,90.07420349121094,5963600,0.0,0.0,0.0
2000-05-05,89.59783974416423,91.46363436887655,89.51844422821902,91.16590118408203,7862400,0.0,0.0,0.0
2000-05-08,90.66968924917907,91.06666687286199,90.09407169483883,90.48112487792969,5064100,0.0,0.0,0.0
2000-05-09,90.86819032840316,91.08652805090478,89.09171522259449,89.75665283203125,5620300,0.0,0.0,0.0
2000-05-10,89.24060169064622,89.53833501479205,87.49389952232396,87.73208618164062,10293900,0.0,0.0,0.0
2000-05-11,89.002415168288,89.87576625379306,88.36725074246614,89.73682403564453,7091100,0.0,0.0,0.0
2000-05-12,90.07423209893625,91.12622291014023,89.95513879955467,90.70939636230469,5960800,0.0,0.0,0.0
2000-05-15,90.6696836554022,92.48585617170458,90.19331053637207,92.2774429321289,4441300,0.0,0.0,0.0
2000-05-16,93.09131975015478,93.82572888251208,92.29736393139014,93.17071533203125,8192200,0.0,0.0,0.0
2000-05-17,92.53551305600465,92.85309525439506,91.76140644742803,92.19808197021484,5907200,0.0,0.0,0.0
2000-05-18,92.49576957722591,92.93244488424286,91.066650390625,91.066650390625,4325600,0.0,0.0,0.0
2000-05-19,90.55063745382088,90.9773885948242,89.18106402455442,89.63758850097656,6518400,0.0,0.0,0.0
2000-05-22,89.71696519149515,89.85590739422534,87.01751668130856,88.96270751953125,10839400,0.0,0.0,0.0
2000-05-23,89.20087700304778,89.43906359050585,87.3747798325359,87.65266418457031,7979200,0.0,0.0,0.0
2000-05-24,87.65267503707804,89.35967912520954,86.69992856928371,89.08179473876953,11081500,0.0,0.0,0.0
2000-05-25,89.35969269483762,90.07425265419216,87.47404835765201,87.5534439086914,8278900,0.0,0.0,0.0
2000-05-26,88.1687351240628,88.72450382813165,87.2259132153746,87.65266418457031,4814000,0.0,0.0,0.0
2000-05-30,88.92297684518914,90.7887714486373,88.58554590626767,90.5108871459961,5362700,0.0,0.0,0.0
2000-05-31,90.55060529646258,91.4636539250547,90.25287204800863,90.70939636230469,6056500,0.0,0.0,0.0
2000-06-01,91.26521318004977,92.37675122660976,90.8285375189012,92.29735565185547,8961600,0.0,0.0,0.0
2000-06-02,94.5997937351018,94.69903816831109,93.67682050625534,93.90508270263672,8962200,0.0,0.0,0.0
2000-06-05,93.66687744354533,94.14325062825503,93.28974867231682,93.44853973388672,6998100,0.0,0.0,0.0
2000-06-06,93.13098272149028,93.86539157926845,92.67445829638494,93.03173828125,4858900,0.0,0.0,0.0
2000-06-07,93.13094413491399,94.00429484717661,92.73396653843098,93.67678833007812,4919500,0.0,0.0,0.0
2000-06-08,93.68673727477366,93.8455283549004,92.77368856404493,93.30960845947266,5723100,0.0,0.0,0.0
2000-06-09,93.68676284207791,93.98449619856757,92.4958294161193,93.11114501953125,3085300,0.0,0.0,0.0
2000-06-12,93.34933059929361,93.34933059929361,92.01945495605469,92.01945495605469,3678900,0.0,0.0,0.0
2000-06-13,91.97973370799416,93.84552891053008,91.860640397194,93.74628448486328,6558700,0.0,0.0,0.0
2000-06-14,94.16311822898089,94.56009596181808,93.48825608315767,93.90508270263672,6420500,0.0,0.0,0.0
2000-06-15,94.08369726129938,94.48067488687448,93.26989312887042,94.10354614257812,5881200,0.0,0.0,0.0
2000-06-16,94.42461959458292,94.42461959458292,92.87276111831291,93.33036041259766,5567900,0.348,0.0,0.0
2000-06-19,93.25077390741032,94.96179728185821,93.11150456297851,94.52409362792969,5106900,0.0,0.0,0.0
2000-06-20,94.3450246310506,94.78272824595636,93.5889911143952,94.18585968017578,6480000,0.0,0.0,0.0
2000-06-21,93.54918863485148,94.5041782253391,93.51934521014873,94.14605712890625,3115000,0.0,0.0,0.0
2000-06-22,93.94709008998626,94.02667254664868,92.31564972840665,92.71356201171875,7490500,0.0,0.0,0.0
2000-06-23,92.83294584926588,93.0319020126805,91.59941763609518,91.9177474975586,4863300,0.0,0.0,0.0
2000-06-26,92.55440256057838,93.11147979009175,92.23607271514217,93.10153198242188,5201300,0.0,0.0,0.0
2000-06-27,92.94238742545039,93.40993448838479,92.32562321477096,92.41515350341797,4159500,0.0,0.0,0.0
2000-06-28,92.71358121460013,93.5790406100583,92.51462503173617,92.67378997802734,5347700,0.0,0.0,0.0
2000-06-29,92.15652207869391,92.79318198942755,91.37064500138207,91.79840087890625,6345700,0.0,0.0,0.0
2000-06-30,91.63920139666396,92.6936689767819,91.60935797458515,92.49471282958984,7420200,0.0,0.0,0.0
2000-07-03,92.59418703982108,93.86750632872278,92.43502212870837,93.76802825927734,1436600,0.0,0.0,0.0
2000-07-05,93.19105871360469,93.37011924486482,91.91773938019934,92.076904296875,2748200,0.0,0.0,0.0
2000-07-06,92.27591136716447,93.25079701981454,91.81831197918586,92.79319763183594,5963200,0.0,0.0,0.0
2000-07-07,93.39003649178525,94.72304297771402,93.11149782308372,94.28533935546875,3034800,0.0,0.0,0.0
2000-07-10,94.14607054606172,94.80262598309046,93.9272187337188,94.12617492675781,2816100,0.0,0.0,0.0
2000-07-11,93.8874078560318,94.94187545856829,93.68845170460982,94.32511138916016,5431600,0.0,0.0,0.0
2000-07-12,95.0413802643334,95.57856202425322,94.66336347031574,94.94190216064453,5883000,0.0,0.0,0.0
2000-07-13,95.48904750831137,95.73774280862472,94.98170909567214,95.35972595214844,5356000,0.0,0.0,0.0
2000-07-14,95.77746815957313,96.29475402832031,95.2900257063306,96.29475402832031,5341900,0.0,0.0,0.0
2000-07-17,96.1256799374195,96.76233972382072,95.93667156333164,96.13562774658203,4208300,0.0,0.0,0.0
2000-07-18,95.8968838575798,95.8968838575798,95.08116347621863,95.3497543334961,4262100,0.0,0.0,0.0
2000-07-19,95.1607590427808,95.43929774790287,94.38482979279785,94.58378601074219,8506800,0.0,0.0,0.0
2000-07-20,94.86230139514717,95.8968734741211,94.74292769372711,95.8968734741211,4538900,0.0,0.0,0.0
2000-07-21,95.3397674237678,95.3397674237678,94.0266571044922,94.02665710449219,5656900,0.0,0.0,0.0
2000-07-24,94.30526840557417,94.77281562235285,93.31048709327908,93.48954772949219,5628500,0.0,0.0,0.0
2000-07-25,94.06648727630629,94.12617413371511,93.44972308308178,93.78794860839844,4757100,0.0,0.0,0.0
2000-07-26,93.56910367898686,93.68847740258327,92.7235398035123,92.87275695800781,12062500,0.0,0.0,0.0
2000-07-27,92.91251098094884,93.35021445880342,92.1166864757587,92.55438995361328,7652600,0.0,0.0,0.0
2000-07-28,92.77329303816123,92.89266678000745,90.09733165844158,90.46540069580078,6229500,0.0,0.0,0.0
2000-07-31,91.00256715787874,91.75860072849514,90.44548979005614,91.0423583984375,5265500,0.0,0.0,0.0
2000-08-01,91.44029178834812,92.13663865792866,91.12196179082558,91.59945678710938,3946600,0.0,0.0,0.0
2000-08-02,91.59946084996395,92.57434651061735,91.44029584414298,92.05706024169922,7439800,0.0,0.0,0.0
2000-08-03,90.9627236920791,92.8329109245934,90.8035588212268,92.69364166259766,4607100,0.0,0.0,0.0
2000-08-04,93.1512869485518,93.40992999219365,92.57431400504304,93.19107818603516,3686600,0.0,0.0,0.0
2000-08-07,93.4099414922014,94.50420065771175,93.19108965909933,94.30524444580078,4159800,0.0,0.0,0.0
2000-08-08,93.90729675677807,94.74291253300363,93.90729675677807,94.663330078125,3658700,0.0,0.0,0.0
2000-08-09,94.95185749770323,95.0015965534904,93.82775483691324,93.86754608154297,5383800,0.0,0.0,0.0
2000-08-10,93.92722111256106,94.13612512054281,93.13139632024958,93.4099349975586,4193400,0.0,0.0,0.0
2000-08-11,93.35023530560174,94.22564245680516,92.67378432512636,93.84762573242188,5089400,0.0,0.0,0.0
2000-08-14,94.08640713019928,95.22045771307543,93.62880777219661,95.04139709472656,2966700,0.0,0.0,0.0
2000-08-15,95.08117334832191,95.37960766517165,94.58378282023905,94.96179962158203,5564600,0.0,0.0,0.0
2000-08-16,95.06124630567905,95.45915859661953,94.12615242196894,94.62354278564453,5191600,0.0,0.0,0.0
2000-08-17,94.66335743345721,95.77751212372068,94.44450561929831,95.61834716796875,5652200,0.0,0.0,0.0
2000-08-18,95.73776793031952,95.73776793031952,95.00162964822853,95.30006408691406,4626400,0.0,0.0,0.0
2000-08-21,95.51887221669041,95.95657585942467,95.12095981420472,95.81730651855469,2380600,0.0,0.0,0.0
2000-08-22,95.85706006588039,96.33455476110271,95.55862588136644,95.6581039428711,3075300,0.0,0.0,0.0
2000-08-23,95.37961540909716,96.3147096778138,95.04138982254007,96.03617095947266,5483200,0.0,0.0,0.0
2000-08-24,96.23513186682064,96.45398372758868,95.81732376899073,96.33460998535156,4529000,0.0,0.0,0.0
2000-08-25,96.23506719731103,96.53350135235746,96.095797924956,96.29475402832031,2822200,0.0,0.0,0.0
2000-08-28,96.29477685602174,97.34924445382528,96.29477685602174,96.62305450439453,5518700,0.0,0.0,0.0
2000-08-29,96.41420566717865,96.69274443716225,96.07598001791285,96.64300537109375,3561900,0.0,0.0,0.0
2000-08-30,96.33460641407812,96.45398015188987,95.71784210205078,95.71784210205078,3964800,0.0,0.0,0.0
2000-08-31,96.17544459259817,97.46866012807993,96.07596647448418,96.99116516113281,4863100,0.0,0.0,0.0
2000-09-01,97.56813214411501,97.78698399027842,96.77230724897542,97.09063720703125,3191200,0.0,0.0,0.0
2000-09-05,96.69267575225169,96.90157968134605,96.01622493423181,96.31465911865234,3470800,0.0,0.0,0.0
2000-09-06,96.25500061060661,96.7424432552862,95.20053284864667,95.22042846679688,4322200,0.0,0.0,0.0
2000-09-07,95.65815412743828,96.18538813001256,95.38956322046647,96.03617095947266,4265500,0.0,0.0,0.0
2000-09-08,95.67808073900817,95.8173501432862,95.0712640489396,95.37964630126953,3518200,0.0,0.0,0.0
2000-09-11,95.33984984459049,96.25504873708866,94.66339848926577,95.24037170410156,3937500,0.0,0.0,0.0
2000-09-12,95.33982362329759,95.65815358531194,94.50420747300993,94.54399871826172,4769100,0.0,0.0,0.0
2000-09-13,94.22563092762881,95.08114235708152,94.00677916660602,94.79265594482422,7691600,0.0,0.0,0.0
2000-09-14,95.41938162113861,95.45917285617662,94.32512265759344,95.2701644897461,3397100,0.0,0.0,0.0
2000-09-15,94.58205967080103,94.6219508811219,93.18586730957031,93.18586730957031,4085700,0.375,0.0,0.0
2000-09-18,93.42514775808338,93.80411398511232,92.03892919079328,92.32814025878906,5109300,0.0,0.0,0.0
2000-09-19,92.62738513395276,93.38531808724522,92.3581194794936,93.1659164428711,6588200,0.0,0.0,0.0
2000-09-20,92.98640372289573,93.20580536188154,91.37080983581839,92.47779083251953,6508100,0.0,0.0,0.0
2000-09-21,92.20850869578538,92.9066046949964,91.0317182971154,91.07160949707031,5972300,0.0,0.0,0.0
2000-09-22,91.03172051816838,92.74704215808129,90.90207411515172,92.72709655761719,7791300,0.0,0.0,0.0
2000-09-25,93.14597131474594,93.22575373128961,91.72983342109562,92.06890869140625,9726300,0.0,0.0,0.0
2000-09-26,92.14866251440091,92.54757447333772,90.89208984375,90.89208984375,5302400,0.0,0.0,0.0
2000-09-27,91.63010431309242,91.88939716378249,90.71260653372754,91.37081146240234,7186200,0.0,0.0,0.0
2000-09-28,91.39070959091187,93.39524174147638,91.20122645230128,92.54755401611328,7036400,0.0,0.0,0.0
2000-09-29,92.84674246898416,93.16587198122986,91.66995239257812,91.66995239257812,9333600,0.0,0.0,0.0
2000-10-02,92.0888392423356,92.48775125984625,91.36082481037865,91.80960083007812,5517800,0.0,0.0,0.0
2000-10-03,92.24839879755389,93.02627718741434,90.81231561627304,90.95193481445312,9347200,0.0,0.0,0.0
2000-10-04,91.19126860895278,92.0688748685315,90.47322712384292,91.70985412597656,6148900,0.0,0.0,0.0
2000-10-05,91.53036691163803,92.44786459695844,91.47053010607365,92.02900695800781,4566900,0.0,0.0,0.0
2000-10-06,91.82954310060974,92.318210304338,89.19672388052275,90.03443908691406,10014900,0.0,0.0,0.0
2000-10-09,90.19400796890258,90.19400796890258,88.95738070351737,89.35629272460938,4508000,0.0,0.0,0.0
2000-10-10,89.41613672215777,90.15412402055614,87.88032531738281,87.88032531738281,6104700,0.0,0.0,0.0
2000-10-11,87.84043773564683,88.47869704707752,86.24478945707014,87.14234161376953,10346000,0.0,0.0,0.0
2000-10-12,87.62100309452539,87.82045905422156,84.74883727490062,84.9682388305664,12336900,0.0,0.0,0.0
2000-10-13,84.84856599203731,87.8603510096202,84.80867479975144,87.8005142211914,11778800,0.0,0.0,0.0
2000-10-16,87.70080760678033,88.22936603333928,87.24205878372916,88.19944763183594,5659000,0.0,0.0,0.0
2000-10-17,88.35905225467151,88.43883469463059,85.78606856599147,86.0054702758789,7831700,0.0,0.0,0.0
2000-10-18,84.64911585546739,86.88302277719508,83.07341365174874,85.68628692626953,10897300,0.0,0.0,0.0
2000-10-19,87.34182311067029,89.00728148695278,87.08253018981195,88.91752624511719,8767300,0.0,0.0,0.0
2000-10-20,88.31915112108372,90.11425581866672,88.31915112108372,89.2964859008789,7373500,0.0,0.0,0.0
2000-10-23,89.31641468864986,90.01451082846735,88.67815536081672,89.69538116455078,5290000,0.0,0.0,0.0
2000-10-24,89.97461427509693,90.59292796220133,88.71804129807828,89.09700775146484,5750700,0.0,0.0,0.0
2000-10-25,88.55847302296468,89.07705867580185,86.88304245225993,87.00271606445312,9137600,0.0,0.0,0.0
2000-10-26,87.52129621117639,87.86037142439199,85.54668173421503,87.24205780029297,9345800,0.0,0.0,0.0
2000-10-27,88.00001546077887,88.89756774902344,87.20219120456147,88.89756774902344,9762900,0.0,0.0,0.0
2000-10-30,88.35902569690015,90.05440203645692,88.17951526094708,89.69538116455078,10154100,0.0,0.0,0.0
2000-10-31,90.00448503576611,91.70983317328589,89.39614447208946,91.2411117553711,7752400,0.0,0.0,0.0
2000-11-01,90.79237999302119,91.43063925483504,90.13417512927565,90.93199920654297,6753600,0.0,0.0,0.0
2000-11-02,91.3708152725051,91.84950978604802,90.96193037552051,91.08160400390625,11395100,0.0,0.0,0.0
2000-11-03,91.57028837114227,91.74979884714756,90.87219207556615,91.13148498535156,5187100,0.0,0.0,0.0
2000-11-06,91.37082510610114,92.09883975713207,91.2910426785909,91.76973724365234,4042500,0.0,0.0,0.0
2000-11-07,91.36085466219032,91.90935886548914,90.99186092542566,91.74979400634766,5231300,0.0,0.0,0.0
2000-11-08,91.94920853224264,91.94920853224264,89.71530151367188,89.71530151367188,6123300,0.0,0.0,0.0
2000-11-09,89.35631324446273,90.13419186422479,87.60109994858935,89.37625885009766,10635300,0.0,0.0,0.0
2000-11-10,88.71802154289728,89.01720551842413,87.14231927178916,87.20215606689453,8569500,0.0,0.0,0.0
2000-11-13,86.56391616898674,87.43154989095699,84.89845833485991,86.5240249633789,17285300,0.0,0.0,0.0
2000-11-14,87.74070412772042,89.11695068030345,87.4415200945502,88.79782104492188,7668900,0.0,0.0,0.0
2000-11-15,88.75795766691216,89.42613555047207,87.92024211140422,89.07708740234375,8837700,0.0,0.0,0.0
2000-11-16,88.44876806903036,89.2765105145969,87.64097122456184,87.68086242675781,6684100,0.0,0.0,0.0
2000-11-17,87.64100404611787,88.7180669087693,86.64372361773692,87.21217346191406,6551100,0.0,0.0,0.0
2000-11-20,86.64371150961608,87.04262362522205,85.72621364372236,85.96556091308594,5458500,0.0,0.0,0.0
2000-11-21,86.08519023497239,86.9229052465268,85.21755683014817,86.4043197631836,7684300,0.0,0.0,0.0
2000-11-22,85.74613055729536,86.08520574209973,84.32999302075943,84.3399658203125,5736900,0.0,0.0,0.0
2000-11-24,85.28741370208847,86.14507478468664,85.28741370208847,86.06529235839844,3411600,0.0,0.0,0.0
2000-11-27,87.1024577716781,87.24207700785894,86.36447038043649,86.8232192993164,5992000,0.0,0.0,0.0
2000-11-28,86.24481430874077,87.18225794253142,85.29739787033532,85.32731628417969,5336100,0.0,0.0,0.0
2000-11-29,85.76609269796546,86.7434272426632,85.05802379313342,85.167724609375,6914100,0.0,0.0,0.0
2000-11-30,84.56939070043961,85.20765025289577,82.81417693118522,84.42977142333984,11201600,0.0,0.0,0.0
2000-12-01,85.00814512789714,85.56662191428407,83.61195316192979,84.38983154296875,7587200,0.0,0.0,0.0
2000-12-04,84.17044393513949,85.44696251614634,83.93109670120072,85.1078872680664,6996600,0.0,0.0,0.0
2000-12-05,86.08525612079991,88.23938208489778,85.78607195911965,87.90030670166016,8883400,0.0,0.0,0.0
2000-12-06,87.9401508561333,88.2991716579955,86.18493804702926,86.49409484863281,12888000,0.0,0.0,0.0
2000-12-07,86.08520563467658,86.72346480527659,85.30732727050781,85.30732727050781,6529100,0.0,0.0,0.0
2000-12-08,87.48140462951447,89.0172158827002,85.44695335906064,85.50679016113281,10276300,0.0,0.0,0.0
2000-12-11,87.68086701540177,89.07705916532855,87.26200937042373,88.47869110107422,6405600,0.0,0.0,0.0
2000-12-12,88.19945946370203,88.59837153726015,87.68087376807647,88.0997314453125,5022900,0.0,0.0,0.0
2000-12-13,88.8776081548853,88.97733617121709,86.82321101845056,86.89302062988281,6070500,0.0,0.0,0.0
2000-12-14,86.72346920535831,87.12238120722289,85.54667879985782,85.78602600097656,7678400,0.0,0.0,0.0
2000-12-15,85.22887156874944,85.22887156874944,83.58831582493782,83.84840393066406,9065300,0.411,0.0,0.0
2000-12-18,84.54862302416825,85.44892781264141,84.35855867993503,84.96876525878906,7235400,0.0,0.0,0.0
2000-12-19,84.80873712503686,86.40927946285308,83.23820495605469,83.23820495605469,9616600,0.0,0.0,0.0
2000-12-20,82.34790788405013,82.54797568746133,80.7273586764194,80.827392578125,9994300,0.0,0.0,0.0
2000-12-21,80.66731410743917,82.49793395883566,80.36721249245613,81.38755798339844,14331500,0.0,0.0,0.0
2000-12-22,82.58797190809591,83.9384292975815,82.48793802739328,83.8283920288086,10182900,0.0,0.0,0.0
2000-12-26,83.76838854144567,84.72871398925781,83.40826649851613,84.72871398925781,4665300,0.0,0.0,0.0
2000-12-27,84.34860635820935,85.61903721773172,84.02849779518009,85.34894561767578,4854100,0.0,0.0,0.0
2000-12-28,85.02881976593652,85.70905032406401,84.88877229808674,85.60901641845703,8358700,0.0,0.0,0.0
2000-12-29,85.8290725642582,85.96912000200872,83.98844909667969,83.98844909667969,8774600,0.0,0.0,0.0
2001-01-02,84.50864051696688,84.60867441909397,81.66767769655749,82.46794891357422,8737500,0.0,0.0,0.0
2001-01-03,82.14784704490945,87.06951542607061,81.7277046221274,86.4292984008789,19431600,0.0,0.0,0.0
2001-01-04,86.38927169698043,86.72938693988193,85.14885139933968,85.49897003173828,9219000,0.0,0.0,0.0
2001-01-05,85.44899116187611,85.54902510142408,82.70806121826172,82.70806121826172,12911400,0.0,0.0,0.0
2001-01-08,83.14817591761947,83.3482437133789,81.74770134730345,83.3482437133789,6625300,0.0,0.0,0.0
2001-01-09,83.89845798552109,84.1885563856141,82.8581051024289,83.1281967163086,5702400,0.0,0.0,0.0
2001-01-10,82.58799820162828,84.58867645263672,82.46795750656779,84.58867645263672,8746100,0.0,0.0,0.0
2001-01-11,83.92848049084496,85.45899986094022,83.92848049084496,84.66873168945312,7245100,0.0,0.0,0.0
2001-01-12,84.94877028465271,85.6089938879013,84.0484653711319,84.50862121582031,7244000,0.0,0.0,0.0
2001-01-16,84.50866018657375,85.26891801969161,84.198555017802,85.04884338378906,8542200,0.0,0.0,0.0
2001-01-17,86.32925895795431,86.45930303286201,84.91878091472469,85.43895721435547,7851400,0.0,0.0,0.0
2001-01-18,85.42893137092688,86.87942259443793,85.1088229629796,86.28922271728516,8107000,0.0,0.0,0.0
2001-01-19,87.18954341461904,87.18954341461904,85.70904175957503,85.799072265625,7782500,0.0,0.0,0.0
2001-01-22,85.94914312409063,86.92947552937005,85.50899388090393,86.3692855834961,7050900,0.0,0.0,0.0
2001-01-23,86.08919671036078,87.48967167427556,85.88912885837296,87.04952239990234,8463100,0.0,0.0,0.0
2001-01-24,87.22961943265389,87.909850409881,86.96953111783175,87.30964660644531,6199900,0.0,0.0,0.0
2001-01-25,87.22957079147103,87.86978782480293,86.84944192793022,87.08952331542969,10818300,0.0,0.0,0.0
2001-01-26,86.52934589403533,87.14955623454749,86.07919322753456,86.989501953125,7136800,0.0,0.0,0.0
2001-01-29,86.74939364188853,87.64569343245948,86.66616231528728,87.4536361694336,6705900,0.0,0.0,0.0
2001-01-30,87.2616132110092,88.29876203092566,86.93509616107997,88.22193908691406,7069100,0.0,0.0,0.0
2001-01-31,87.96580999155391,88.79809402735614,87.45364421777035,87.7225341796875,9706900,0.0,0.0,0.0
2001-02-01,87.77375088468997,88.31792945024719,87.22956255019702,88.30512237548828,8239100,0.0,0.0,0.0
2001-02-02,87.96578929531535,88.3435246526722,86.26921858871373,86.30123138427734,8276600,0.0,0.0,0.0
2001-02-05,86.30125761543437,87.03110463902614,86.2692448101405,86.93506622314453,4352900,0.0,0.0,0.0
2001-02-06,86.62135315737628,87.51765295774771,86.57013463036432,86.67897033691406,7106700,0.0,0.0,0.0
2001-02-07,86.2500330595912,86.68537592059914,85.58420192413257,86.23082733154297,5748700,0.0,0.0,0.0
2001-02-08,86.30128567740945,86.68541015902906,85.21291832607756,85.22571563720703,5943300,0.0,0.0,0.0
2001-02-09,85.37292268113917,85.37292268113917,84.03486201162927,84.40618896484375,9913000,0.0,0.0,0.0
2001-02-12,84.31657616194066,85.46896870500889,84.31657616194066,85.37294006347656,5804400,0.0,0.0,0.0
2001-02-13,85.5970086224946,85.89791138584083,84.50864170582793,84.67509460449219,6587600,0.0,0.0,0.0
2001-02-14,84.9247761392767,84.9247761392767,83.65075063645213,84.54705047607422,8400100,0.0,0.0,0.0
2001-02-15,85.04643807762928,85.48179078986986,84.50225939850077,85.36654663085938,5929800,0.0,0.0,0.0
2001-02-16,83.86844050487872,84.05409916644241,82.78007338341212,83.48430633544922,6434900,0.0,0.0,0.0
2001-02-20,83.89404299595105,83.95806861238921,82.01181296128168,82.19747161865234,5760000,0.0,0.0,0.0
2001-02-21,81.88375867529693,82.48555935883505,80.34723683463339,80.42406463623047,10910800,0.0,0.0,0.0
2001-02-22,80.89141018095519,81.01305296377107,78.75948657769256,80.54569244384766,21281600,0.0,0.0,0.0
2001-02-23,80.07835368705734,80.3728529582668,77.9784424422812,80.00152587890625,20173000,0.0,0.0,0.0
2001-02-26,80.53928094194326,81.70447540283203,79.70699709082261,81.70447540283203,11503700,0.0,0.0,0.0
2001-02-27,81.17952944784645,81.8453509270677,80.35364881070596,80.94905090332031,11415000,0.0,0.0,0.0
2001-02-28,81.14749052619372,81.20510770154971,78.91953360755157,79.3548812866211,14825800,0.0,0.0,0.0
2001-03-01,79.41894062172113,79.77105712890625,77.94643920049087,79.77105712890625,14672000,0.0,0.0,0.0
2001-03-02,78.42655835983757,80.44324226598386,78.29851695303671,79.13719940185547,12564300,0.0,0.0,0.0
2001-03-05,79.48293869567522,79.88627363289974,79.26526238350554,79.86066436767578,5293200,0.0,0.0,0.0
2001-03-06,80.89141570325724,81.78772046608049,80.34082870114301,80.71855926513672,6917000,0.0,0.0,0.0
2001-03-07,81.24358124532648,81.33321128197292,80.5137338700793,81.2947998046875,6371700,0.0,0.0,0.0
2001-03-08,81.05146099259818,81.46119943012258,80.75696179590673,81.3843765258789,6055000,0.0,0.0,0.0
2001-03-09,80.73138173582346,80.73138173582346,78.81713382265784,78.97718811035156,10020300,0.0,0.0,0.0
2001-03-12,78.32413764864027,78.42657470300088,75.3855442553335,75.59681701660156,13972900,0.0,0.0,0.0
2001-03-13,76.44190528450117,77.10773150279738,75.24469782211268,76.83883666992188,12888000,0.0,0.0,0.0
2001-03-14,74.93740396892015,76.37148872270345,74.1051198910861,75.321533203125,19883400,0.0,0.0,0.0
2001-03-15,75.83370132759799,76.09619264086675,75.13586714553472,75.34073638916016,10370300,0.0,0.0,0.0
2001-03-16,75.1905240925833,75.36385085113902,73.70122163344425,73.8296127319336,58514600,0.316,0.0,0.0
2001-03-19,74.31106548106825,75.55001137265192,73.70763958536467,75.33174896240234,10067800,0.0,0.0,0.0
2001-03-20,75.68484655643276,76.04433195715892,73.2518895248125,73.30966186523438,15083900,0.0,0.0,0.0
2001-03-21,73.29680284489359,73.9901001042329,71.83317856247935,72.06427764892578,19004600,0.0,0.0,0.0
2001-03-22,71.91020125780084,72.28252807132442,69.35527979422984,71.33245849609375,28624800,0.0,0.0,0.0
2001-03-23,72.69979814560666,73.60493705615782,71.57640170627059,73.48938751220703,12861700,0.0,0.0,0.0
2001-03-26,74.27253593260218,74.63844193028636,73.675530894526,74.42660522460938,9943800,0.0,0.0,0.0
2001-03-27,74.22118099891091,76.16626041840885,74.00291862737706,75.947998046875,12880700,0.0,0.0,0.0
2001-03-28,75.04287183630467,75.07496593402784,73.75899038452057,73.84886169433594,10953300,0.0,0.0,0.0
2001-03-29,73.63060683662374,74.78610222053825,71.98723997738493,74.1313247680664,12060300,0.0,0.0,0.0
2001-03-30,74.17624619630153,74.9080581665039,73.50220653540107,74.9080581665039,9183600,0.0,0.0,0.0
2001-04-02,74.65774191319998,75.35103448636882,73.05288937764213,73.30966186523438,10561000,0.0,0.0,0.0
2001-04-03,73.1684080088869,73.27753675971877,70.65199657527832,70.86383819580078,12836000,0.0,0.0,0.0
2001-04-04,70.97939127779762,71.96155987967877,70.16412864870746,71.15913391113281,14884300,0.0,0.0,0.0
2001-04-05,72.73187429928659,74.13772092852774,72.21831984357387,73.85527038574219,21522800,0.0,0.0,0.0
2001-04-06,73.17482359770126,73.43802165201757,71.93587777331823,72.73188781738281,14937800,0.0,0.0,0.0
2001-04-09,73.18124807200614,73.81676806550855,72.39807954586206,73.54073333740234,9034300,0.0,0.0,0.0
2001-04-10,74.11203835685748,75.5885036569751,73.93229577721561,74.88236999511719,17873600,0.0,0.0,0.0
2001-04-11,76.24970641770447,76.38451336082272,74.55498356476318,74.93373107910156,12722300,0.0,0.0,0.0
2001-04-12,74.65771638756509,76.35243969387491,74.43945397059056,76.29466247558594,9233200,0.0,0.0,0.0
2001-04-16,75.93518164732701,76.32034516721777,75.04930506181631,75.49224090576172,7350000,0.0,0.0,0.0
2001-04-17,75.30604380853113,76.81460800821301,75.11988046266363,76.55783081054688,10924700,0.0,0.0,0.0
2001-04-18,77.71333974332458,80.88452837544104,77.47582481828549,79.60064697265625,32481600,0.0,0.0,0.0
2001-04-19,79.76116327954544,80.78184704228487,79.33106401716924,80.65988159179688,13809900,0.0,0.0,0.0
2001-04-20,80.17839285513165,80.4993631989091,79.38238777389682,79.92161560058594,7626700,0.0,0.0,0.0
2001-04-23,79.3759793148891,79.53004373247991,78.25900371652152,78.47084045410156,8451800,0.0,0.0,0.0
2001-04-24,78.65058594848831,79.37598219883898,77.73903117299568,78.04716491699219,10044700,0.0,0.0,0.0
2001-04-25,77.94442922773095,79.38879562871192,77.64271635146267,79.06782531738281,8249000,0.0,0.0,0.0
2001-04-26,79.42736499543639,80.38385574915146,79.27971640507275,79.42094421386719,10590400,0.0,0.0,0.0
2001-04-27,80.19123199143866,80.78181626680677,79.72903389850052,80.74330139160156,7938700,0.0,0.0,0.0
2001-04-30,81.17340803867536,81.69979927177914,80.03075425688561,81.30821990966797,10766900,0.0,0.0,0.0
2001-05-01,80.28752607461308,81.62276395462851,79.98581315101528,81.5585708618164,10578000,0.0,0.0,0.0
2001-05-02,81.7896590834486,81.96940167856857,80.88452043251364,81.4109115600586,9572900,0.0,0.0,0.0
2001-05-03,80.96801064886576,80.980852210595,79.74190597524533,80.37742614746094,9926200,0.0,0.0,0.0
2001-05-04,79.37598500308967,81.7511641268334,79.24117801583479,81.74474334716797,12145300,0.0,0.0,0.0
2001-05-07,81.43657145876851,81.7703783606892,81.03215071070008,81.03856658935547,7185200,0.0,0.0,0.0
2001-05-08,81.43658848764429,81.59065286708366,80.60206371191254,81.00006866455078,6952600,0.0,0.0,0.0
2001-05-09,80.4031042314935,81.23762942807429,80.28113388338471,80.65988159179688,9507400,0.0,0.0,0.0
2001-05-10,81.69338712804904,81.84745154786447,80.7368918150467,80.89737701416016,6872400,0.0,0.0,0.0
2001-05-11,80.88453108120194,81.19908066407328,79.85742690413905,80.33888244628906,7734400,0.0,0.0,0.0
2001-05-14,80.1783964022765,80.52504497660637,79.89594092001833,80.4993667602539,7914000,0.0,0.0,0.0
2001-05-15,80.59563894837112,81.20548051891268,80.14627761957722,80.87167358398438,9782200,0.0,0.0,0.0
2001-05-16,80.13985280956678,82.93871389105452,79.99863000803127,82.77822875976562,14909000,0.0,0.0,0.0
2001-05-17,82.81033666927617,83.50363368658681,82.52788124053077,82.90662384033203,11824600,0.0,0.0,0.0
2001-05-18,82.86814059731583,83.28540802001953,82.23262543533983,83.28540802001953,6683100,0.0,0.0,0.0
2001-05-21,83.34955618621912,84.63343724809644,82.90661565263382,84.51146697998047,11531500,0.0,0.0,0.0
2001-05-22,84.62708041645396,84.79398154466634,84.13920879881952,84.40239715576172,8342700,0.0,0.0,0.0
2001-05-23,84.12634347813615,84.12634347813615,82.9708480834961,82.9708480834961,12330800,0.0,0.0,0.0
2001-05-24,83.11206984379164,83.45229765831802,82.52148552809986,83.21478271484375,7902800,0.0,0.0,0.0
2001-05-25,83.22762836285338,83.25972736481731,82.10423675841668,82.23262786865234,7425000,0.0,0.0,0.0
2001-05-29,82.30961638533417,82.39307178956629,81.46225507293858,81.57780456542969,9003900,0.0,0.0,0.0
2001-05-30,81.26328765770467,81.58425807404309,80.24260408460603,80.43518829345703,10041800,0.0,0.0,0.0
2001-05-31,80.51865562094056,81.37243828178214,80.40952683206872,80.85246276855469,9874200,0.0,0.0,0.0
2001-06-01,81.01293191421667,81.59067964877978,80.31963953036086,81.35316467285156,8848300,0.0,0.0,0.0
2001-06-04,81.39809960715252,81.80252056891713,80.93590142363874,81.74474334716797,5623500,0.0,0.0,0.0
2001-06-05,81.84103809869833,82.95801381323699,81.69981032721022,82.6819839477539,9115400,0.0,0.0,0.0
2001-06-06,82.70122814605733,82.70122814605733,81.75757445824806,81.9950942993164,12064900,0.0,0.0,0.0
2001-06-07,81.55860060314801,82.39312580688213,81.52650159622715,82.29041290283203,7355300,0.0,0.0,0.0
2001-06-08,81.97583822952676,82.08497188775571,80.97441214841596,81.52648162841797,8170600,0.0,0.0,0.0
2001-06-11,81.34030706565758,81.52004968147777,80.50578707826112,80.94872283935547,7012200,0.0,0.0,0.0
2001-06-12,80.15274801576052,81.3595952477558,79.62635662867929,80.80752563476562,9364400,0.0,0.0,0.0
2001-06-13,80.99365235201101,81.25685037494726,80.01790469827881,80.11419677734375,7629400,0.0,0.0,0.0
2001-06-14,79.71620350901313,79.79323816310126,78.15628727146837,78.3167724609375,12603000,0.0,0.0,0.0
2001-06-15,77.83780264434824,78.79701326504016,77.50948038460339,78.44293975830078,16821100,0.346,0.0,0.0
2001-06-18,78.31420945529158,78.82278566895745,77.83782353689611,78.06314086914062,11368300,0.0,0.0,0.0
2001-06-19,78.78413196042536,79.11245420672903,77.82492137900256,78.40431213378906,7732300,0.0,0.0,0.0
2001-06-20,78.01806845212829,79.09315739374868,77.96012690959873,78.81633758544922,8787200,0.0,0.0,0.0
2001-06-21,78.68111839048137,80.02658760709753,78.63605494570349,79.71114349365234,12259100,0.0,0.0,0.0
2001-06-22,79.49874121482911,79.56311689669447,78.64253531407556,79.08673095703125,12212000,0.0,0.0,0.0
2001-06-25,79.36356565394249,79.4665706934333,78.2176616031356,78.35929107666016,8406800,0.0,0.0,0.0
2001-06-26,77.83137529263576,78.79058605737217,77.61893115668943,78.24982452392578,8005800,0.0,0.0,0.0
2001-06-27,78.2819988912037,78.69400902392991,77.83780338308999,78.20475006103516,10105100,0.0,0.0,0.0
2001-06-28,78.5395347849482,79.78844371306059,78.49447131391065,78.63610076904297,10269300,0.0,0.0,0.0
2001-06-29,79.05453751215352,79.83349447987278,78.70690297166281,78.92578125,9824200,0.0,0.0,0.0
2001-07-02,79.05455299106036,80.03307621727626,78.93867478820782,79.91075897216797,8522200,0.0,0.0,0.0
2001-07-03,79.81415437949184,79.89140319824219,79.21545147643918,79.89140319824219,3303100,0.0,0.0,0.0
2001-07-05,79.22833100077054,79.60171669318788,78.3206229267743,78.33349609375,5517900,0.0,0.0,0.0
2001-07-06,78.09533582312824,78.21121402413289,76.64042663574219,76.64042663574219,11665900,0.0,0.0,0.0
2001-07-09,76.92365514890598,77.5996119160222,76.73696228073533,77.05884552001953,8339300,0.0,0.0,0.0
2001-07-10,77.4386424868636,77.66395969113766,76.09960751353961,76.13179779052734,8630700,0.0,0.0,0.0
2001-07-11,76.02882970628914,76.53740587775795,75.37862410586078,76.2090835571289,15328600,0.0,0.0,0.0
2001-07-12,76.93010693491111,78.19832789366087,76.80778971202176,78.01807403564453,12002800,0.0,0.0,0.0
2001-07-13,77.79272633752544,78.74550273287238,77.65110186083457,78.69400024414062,10433800,0.0,0.0,0.0
2001-07-16,78.39142855992687,78.71975078321566,77.43865708466394,77.70903778076172,6915300,0.0,0.0,0.0
2001-07-17,77.38070892915997,78.50729997794626,77.14251853652107,78.43648529052734,7469800,0.0,0.0,0.0
2001-07-18,77.61249326927393,78.30776231822026,77.29060999604495,77.90219116210938,7709300,0.0,0.0,0.0
2001-07-19,78.65537126960028,79.17038630394022,77.74122424961688,78.58455657958984,10082900,0.0,0.0,0.0
2001-07-20,77.99232696432883,78.50090318331276,77.84425848070586,78.11463928222656,6705800,0.0,0.0,0.0
2001-07-23,78.41074983515534,78.4622474146092,76.57601165771484,76.57601165771484,8065200,0.0,0.0,0.0
2001-07-24,76.60820346415953,76.73695478267338,75.1597290289128,75.83568572998047,12269000,0.0,0.0,0.0
2001-07-25,75.91293235933627,76.91721127855995,75.61680040608691,76.67257690429688,12088500,0.0,0.0,0.0
2001-07-26,76.64682802528434,77.7991705009341,76.3249448168307,77.47728729248047,12898200,0.0,0.0,0.0
2001-07-27,77.78632321248396,78.1210796995651,77.19405909065988,77.77344512939453,8478800,0.0,0.0,0.0
2001-07-30,78.01806988788987,78.12106998204504,77.44511805042008,77.79918670654297,8547700,0.0,0.0,0.0
2001-07-31,77.89574594134753,78.97727385005298,77.76699460689035,78.12106323242188,11918100,0.0,0.0,0.0
2001-08-01,78.52020175613232,78.99014855644236,78.24982100158007,78.6103286743164,11940800,0.0,0.0,0.0
2001-08-02,79.33137284113423,79.34424601409096,78.4687229065287,78.93223571777344,11070100,0.0,0.0,0.0
2001-08-03,78.77128871570856,78.77128871570856,77.83138998381908,78.50090789794922,10816300,0.0,0.0,0.0
2001-08-06,78.12107372918426,78.22407873982917,77.31636550183059,77.44512176513672,8550100,0.0,0.0,0.0
2001-08-07,77.42581259883097,78.02451577797126,77.19406112416192,77.74769592285156,8865100,0.0,0.0,0.0
2001-08-08,77.32927110477628,77.99878917759632,76.24130362249984,76.30567932128906,15183800,0.0,0.0,0.0
2001-08-09,76.41507429820184,76.58889398709307,75.87431284731386,76.53095245361328,14118500,0.0,0.0,0.0
2001-08-10,76.479477601563,77.14899057453756,75.53957399968607,76.794921875,11173300,0.0,0.0,0.0
2001-08-13,76.99449338519292,77.15543505402132,76.48591712230922,76.81423950195312,7431600,0.0,0.0,0.0
2001-08-14,77.34209145060906,77.47728179918856,76.47944687065954,76.78201293945312,13178100,0.0,0.0,0.0
2001-08-15,76.75629765055712,77.00092720241939,76.01596504187047,76.11896514892578,8520600,0.0,0.0,0.0
2001-08-16,75.83568830436374,76.44726445538758,75.32067318972925,76.38288879394531,10734700,0.0,0.0,0.0
2001-08-17,75.73912744832971,75.88075685995327,74.68335081274297,75.15973663330078,11604600,0.0,0.0,0.0
2001-08-20,75.19193981267078,75.90008208064222,75.03099816487958,75.85501861572266,10417400,0.0,0.0,0.0
2001-08-21,75.83567945610676,76.31206518905427,74.54814673129373,74.56101989746094,14480800,0.0,0.0,0.0
2001-08-22,75.15974232700451,75.59750376357236,74.53528800747624,75.33355712890625,11752300,0.0,0.0,0.0
2001-08-23,75.29492771491579,75.6554353758674,74.99235668023918,75.06317138671875,8744100,0.0,0.0,0.0
2001-08-24,75.4558703356395,76.6919008280226,75.15329929695697,76.62108612060547,11687700,0.0,0.0,0.0
2001-08-27,76.5889203356189,76.73698391696948,76.13184659634776,76.16403198242188,7425100,0.0,0.0,0.0
2001-08-28,76.1446939552627,76.2798843186638,75.05029296875,75.05029296875,12046600,0.0,0.0,0.0
2001-08-29,75.40438494216859,75.4365752388598,74.14260291435794,74.38079833984375,16180000,0.0,0.0,0.0
2001-08-30,73.93659173358427,74.50954360463199,72.12760919094254,72.95162963867188,17692600,0.0,0.0,0.0
2001-08-31,73.0031066237237,73.8850633985761,72.82928695506321,73.48593139648438,15985400,0.0,0.0,0.0
2001-09-04,73.29283396203957,74.78637243111021,72.98382871274212,73.0160140991211,24473400,0.0,0.0,0.0
2001-09-05,73.19625091552734,73.51170004472961,72.06965951235885,73.19625091552734,21477100,0.0,0.0,0.0
2001-09-06,72.52032801245613,72.93877739751457,71.31004333496094,71.31004333496094,21653000,0.0,0.0,0.0
2001-09-07,70.82720436336966,71.61903950050204,69.93236911669186,69.99031066894531,33133900,0.0,0.0,0.0
2001-09-10,69.33366396316373,71.03964651194187,69.33366396316373,70.84651947021484,23408700,0.0,0.0,0.0
2001-09-17,65.02040537466324,68.49674486215281,64.37663898481509,67.14483642578125,32388700,0.0,0.0,0.0
2001-09-18,67.16416345001272,67.78861777178601,66.53970912823944,66.9839096069336,22029200,0.0,0.0,0.0
2001-09-19,67.01606402357643,67.27357149966437,63.44959849535696,65.63196563720703,42771800,0.0,0.0,0.0
2001-09-20,64.63418243236191,65.54189099234543,63.44964906293638,63.54621505737305,36210900,0.0,0.0,0.0
2001-09-21,60.92204565043768,63.96556265248471,60.61188101314696,62.860591888427734,49782100,0.369,0.0,0.0
2001-09-24,64.43728562736328,65.36778951309459,64.01080303641022,65.07054138183594,25549600,0.0,0.0,0.0
2001-09-25,65.10284894338697,65.91057659777142,64.55359512440121,65.74903106689453,25466200,0.0,0.0,0.0
2001-09-26,66.13672972549686,66.1690407989591,64.89606141219843,65.51639556884766,18587500,0.0,0.0,0.0
2001-09-27,65.42595635810127,66.09798652611785,64.61822850182843,66.0850601196289,20536800,0.0,0.0,0.0
2001-09-28,66.5438110851494,70.83445830389921,66.23364161862378,67.48723602294922,21687200,0.0,0.0,0.0
2001-10-01,67.13832664737394,67.40972196829631,66.44691194122684,67.37741088867188,20457400,0.0,0.0,0.0
2001-10-02,67.20293105175082,68.2238998413086,66.97676832747604,68.2238998413086,19833100,0.0,0.0,0.0
2001-10-03,67.59064454465384,69.71012097708613,67.42909902474311,69.36764526367188,32045800,0.0,0.0,0.0
2001-10-04,69.97506560903483,70.41446966819589,68.97994450652361,69.42581176757812,32674100,0.0,0.0,0.0
2001-10-05,69.30299867640005,69.5420877193524,68.18510198310648,69.29007720947266,29796100,0.0,0.0,0.0
2001-10-08,68.66979029523304,69.33536220002146,68.41132132131172,68.83779907226562,12970300,0.0,0.0,0.0
2001-10-09,68.88948659038549,68.97995170642182,68.23684117042708,68.46946716308594,15976300,0.0,0.0,0.0
2001-10-10,68.3660467007249,70.14304691815418,68.18511162831535,69.99442291259766,19987400,0.0,0.0,0.0
2001-10-11,70.40153160219991,71.27388130410003,70.40153160219991,71.08002471923828,23006300,0.0,0.0,0.0
2001-10-12,70.53079520108935,71.00896869672964,69.3353589969989,70.7569580078125,31360500,0.0,0.0,0.0
2001-10-15,70.194755080669,70.7246241702367,69.82643150535948,70.62770080566406,16873000,0.0,0.0,0.0
2001-10-16,70.95077615196604,71.47418192488149,70.40151758090832,71.07354736328125,15877100,0.0,0.0,0.0
2001-10-17,71.77144990865207,71.82314566291441,69.56150817871094,69.56150817871094,28542300,0.0,0.0,0.0
2001-10-18,69.67137674305133,69.89108129291132,68.979961865811,69.41290283203125,16510000,0.0,0.0,0.0
2001-10-19,69.14148252179245,69.72951058065696,68.50176364333981,69.36764526367188,21912500,0.0,0.0,0.0
2001-10-22,69.33535741660694,70.802188955331,69.27719845050123,70.7375717163086,17540600,0.0,0.0,0.0
2001-10-23,71.05416711020867,71.2609451384059,70.03319843911991,70.37567901611328,22062500,0.0,0.0,0.0
2001-10-24,70.42095765425314,70.72465923043049,69.92985766706249,70.1883316040039,16065200,0.0,0.0,0.0
2001-10-25,69.43225923027092,71.46773367170738,68.97347056683236,71.44834899902344,27467900,0.0,0.0,0.0
2001-10-26,71.04773027139139,72.23670807215935,70.8668000458347,71.28681945800781,18623300,0.0,0.0,0.0
2001-10-29,71.18339281687146,71.43540333637759,69.43223571777344,69.43223571777344,18727500,0.0,0.0,0.0
2001-10-30,69.36763947649985,69.59380219951107,68.2109730588395,68.59868621826172,26178600,0.0,0.0,0.0
2001-10-31,69.07687298913285,69.69720726304536,68.36607360839844,68.36607360839844,28124200,0.0,0.0,0.0
2001-11-01,68.88299290338774,70.44029372449911,68.30142817911428,70.11720275878906,29806800,0.0,0.0,0.0
2001-11-02,70.07202229099838,70.67943040551127,69.70369851358822,70.59542846679688,17575900,0.0,0.0,0.0
2001-11-05,71.15760204759815,71.78439478495302,71.04774730148185,71.51946258544922,15929500,0.0,0.0,0.0
2001-11-06,71.30620674476638,72.68257802380006,70.9831156358821,72.6308822631836,23245800,0.0,0.0,0.0
2001-11-07,72.22378118536673,73.09613108558722,72.13977927548441,72.53395080566406,19716000,0.0,0.0,0.0
2001-11-08,72.93457324097811,73.71645296721618,72.30777583375158,72.76010131835938,22563500,0.0,0.0,0.0
2001-11-09,72.53394011114875,72.99272880666867,72.01053419217132,72.837646484375,15895800,0.0,0.0,0.0
2001-11-12,71.72620273119117,72.79240402805571,71.08002072460386,72.39176940917969,26068800,0.0,0.0,0.0
2001-11-13,73.3028566028487,74.0201187133789,73.13484797363185,74.0201187133789,15296200,0.0,0.0,0.0
2001-11-14,74.42080456827442,74.56942864701489,73.47737912533908,74.09125518798828,17571300,0.0,0.0,0.0
2001-11-15,73.90385290071406,74.4272588549212,73.61953118238993,74.22694396972656,19470200,0.0,0.0,0.0
2001-11-16,74.36267492704384,74.3755964064001,73.27708825183223,73.89742279052734,18134900,0.0,0.0,0.0
2001-11-19,74.2592483788086,74.86019795029127,73.95554199225587,74.80850219726562,13625400,0.0,0.0,0.0
2001-11-20,74.55004823501278,74.82790680074706,74.0783330215646,74.18172454833984,16209700,0.0,0.0,0.0
2001-11-21,73.98784832945765,74.09769810011451,73.34812944918632,73.69060516357422,11470200,0.0,0.0,0.0
2001-11-23,73.69062766807332,74.79559877325562,73.66477978532303,74.7503662109375,6717100,0.0,0.0,0.0
2001-11-26,74.7955751519051,75.1768202096161,74.35617114387837,74.9118881225586,13726000,0.0,0.0,0.0
2001-11-27,74.71158998101627,75.53870243304272,73.72292704416247,74.58881378173828,19261400,0.0,0.0,0.0
2001-11-28,74.14295267764406,74.42081125243568,73.18014247056685,73.23829650878906,20195500,0.0,0.0,0.0
2001-11-29,73.4450641743137,74.25925011864074,73.01858159682753,74.22694396972656,16354700,0.0,0.0,0.0
2001-11-30,73.92322999987647,74.25278423688813,73.6776776574067,73.69706726074219,13680300,0.0,0.0,0.0
2001-12-03,73.43854420573663,73.71640250750657,73.02498835147087,73.25761413574219,15220400,0.0,0.0,0.0
2001-12-04,73.61308059519173,74.50481525366303,73.24475691059946,74.49835205078125,17239900,0.0,0.0,0.0
2001-12-05,74.70509670185575,76.24947119003541,74.67278563190303,75.86176300048828,25204000,0.0,0.0,0.0
2001-12-06,75.8230209350586,76.2107342192573,75.55808878283395,75.8230209350586,17972900,0.0,0.0,0.0
2001-12-07,75.53868946581912,75.66146071404269,74.76326797767145,75.31898498535156,18857800,0.0,0.0,0.0
2001-12-10,74.86019733957966,75.20913627468857,73.89092416315874,73.91030883789062,13862700,0.0,0.0,0.0
2001-12-11,74.24630945186959,74.77617847087605,73.60012748088722,73.76167297363281,20833300,0.0,0.0,0.0
2001-12-12,74.02015978990426,74.16877890862871,73.08965601014806,73.84568786621094,16171500,0.0,0.0,0.0
2001-12-13,73.30933286747755,73.47087833869719,72.39821897338665,72.41114044189453,19026700,0.0,0.0,0.0
2001-12-14,72.58560419974887,73.33517253885168,72.3723630183755,73.10254669189453,16721900,0.0,0.0,0.0
2001-12-17,73.01211774428823,73.89738904028425,72.95396371877399,73.8586196899414,13925900,0.0,0.0,0.0
2001-12-18,74.0718593382486,74.4078768227458,73.88446591996721,74.29802703857422,13663700,0.0,0.0,0.0
2001-12-19,73.72286875285178,74.9053824625443,73.66471476547765,74.82138061523438,20143400,0.0,0.0,0.0
2001-12-20,74.63407773996907,74.82793445933808,74.02020634526916,74.08482360839844,14867900,0.0,0.0,0.0
2001-12-21,74.58603038938486,74.61196718441909,74.04785302303482,74.5341567993164,14037700,0.393,0.0,0.0
2001-12-24,74.45628843392653,74.59245278257264,74.31363865526862,74.39144897460938,5728800,0.0,0.0,0.0
2001-12-26,74.33959817177546,75.35110789799761,74.33959817177546,74.79996490478516,10304800,0.0,0.0,0.0
2001-12-27,74.76106880164869,75.26682370937439,74.72864658574397,75.25385284423828,9407300,0.0,0.0,0.0
2001-12-28,75.40298088309144,75.70124644246594,75.16306937042853,75.2149429321289,10593800,0.0,0.0,0.0
2001-12-31,75.31222654645659,75.46784232992128,74.0672903848658,74.11267852783203,14619500,0.0,0.0,0.0
2002-01-02,74.63787321117779,75.05285186678138,73.79494503433163,74.91020202636719,18651900,0.0,0.0,0.0
2002-01-03,74.98800715180153,75.83093032294971,74.91668223656666,75.75960540771484,15743000,0.0,0.0,0.0
2002-01-04,75.97360330654051,76.49881465577796,75.57159542208807,76.26538848876953,20140700,0.0,0.0,0.0
2002-01-07,76.31721845755129,76.50525638275975,75.57803761883356,75.7271728515625,13106500,0.0,0.0,0.0
2002-01-08,75.7271960871822,75.90226320399093,75.19550435677202,75.5521240234375,12683700,0.0,0.0,0.0
2002-01-09,75.65585628070713,76.36910042065774,74.78699145983511,74.93612670898438,16610300,0.0,0.0,0.0
2002-01-10,75.01393015656022,75.44187462243362,74.7610527569681,75.26680755615234,12823400,0.0,0.0,0.0
2002-01-11,75.35109769996959,75.39648582392812,74.3720053723674,74.52762603759766,13708400,0.0,0.0,0.0
2002-01-14,74.33958993856108,74.46278345122943,73.8921891721584,74.06077575683594,12301100,0.0,0.0,0.0
2002-01-15,74.27478403417402,74.81944178122038,73.85331985547185,74.66382598876953,20219900,0.0,0.0,0.0
2002-01-16,74.11266396055174,74.17750344533941,73.06873193058289,73.15302276611328,17067000,0.0,0.0,0.0
2002-01-17,73.76249105253677,74.07372241587181,73.52906505656883,73.70413208007812,17283400,0.0,0.0,0.0
2002-01-18,73.26974268476603,73.82088577752087,73.05576791266976,73.36700439453125,17028000,0.0,0.0,0.0
2002-01-22,73.75606415317831,73.87277724378171,72.63432139643803,72.86126708984375,11689300,0.0,0.0,0.0
2002-01-23,73.02982981587269,73.62636598315326,72.63430249768126,73.41887664794922,12438900,0.0,0.0,0.0
2002-01-24,73.68474622411696,74.08027368286143,73.47725681518033,73.64584350585938,12142800,0.0,0.0,0.0
2002-01-25,73.34754380438011,74.03485122547049,73.29567023944695,73.62635803222656,12810700,0.0,0.0,0.0
2002-01-28,73.85329884306542,74.04133680612318,73.2178600387,73.82736206054688,10589200,0.0,0.0,0.0
2002-01-29,73.82085406249283,74.00240653768982,71.35691983963744,71.50605010986328,27720800,0.0,0.0,0.0
2002-01-30,71.57739198132973,73.52260601458686,70.28706805774434,72.53703308105469,34711800,0.0,0.0,0.0
2002-01-31,72.71859560274342,73.4642620741222,72.37494186777006,73.3864517211914,19909200,0.0,0.0,0.0
2002-02-01,73.32807267067386,73.46424198780578,72.73154163544642,73.04277801513672,15838500,0.0,0.0,0.0
2002-02-04,72.77045536408184,72.77045536408184,70.96140581390567,71.22724914550781,24243400,0.0,0.0,0.0
2002-02-05,70.93548935241141,71.64224824219367,70.37137536972432,70.7863540649414,33614000,0.0,0.0,0.0
2002-02-06,71.09760080426051,71.15595487280727,70.0666344041684,70.48161315917969,29486000,0.0,0.0,0.0
2002-02-07,70.49457391020395,71.23375502066052,70.02772164108691,70.04068756103516,23445400,0.0,0.0,0.0
2002-02-08,70.43620323381039,71.81082302659317,70.22223343502736,71.38287353515625,19277800,0.0,0.0,0.0
2002-02-11,71.35695737940546,72.38791874033255,71.20782208378796,72.25823974609375,18792400,0.0,0.0,0.0
2002-02-12,71.94698206142739,72.43328556711678,71.34396551649515,72.0312728881836,13942500,0.0,0.0,0.0
2002-02-13,72.28413625529593,72.9714434462578,72.19984050377013,72.79637145996094,16781100,0.0,0.0,0.0
2002-02-14,72.9519870008116,73.25025245804802,72.3554511394053,72.66020202636719,20453800,0.0,0.0,0.0
2002-02-15,72.71857965223596,72.7769336939325,71.78487540961362,71.9015884399414,18366800,0.0,0.0,0.0
2002-02-19,71.4217669128891,71.51254316016013,70.42322324597332,70.5204849243164,15988100,0.0,0.0,0.0
2002-02-20,70.70854561430419,71.70708465576172,69.91100553144689,71.70708465576172,29242800,0.0,0.0,0.0
2002-02-21,71.2791345983585,71.73301594606778,70.19629984958374,70.22223663330078,26288600,0.0,0.0,0.0
2002-02-22,70.25465226631995,71.28561837058221,69.94342076283607,71.09109497070312,26572900,0.0,0.0,0.0
2002-02-25,71.15592288745076,72.49812027700061,71.12998610855429,72.26469421386719,17458700,0.0,0.0,0.0
2002-02-26,72.36193910210017,72.64723865680578,71.69408327806983,72.11554718017578,22346500,0.0,0.0,0.0
2002-02-27,72.5954131187366,73.1789785270337,71.74600426978782,72.3944091796875,28597900,0.0,0.0,0.0
2002-02-28,72.51109819053579,73.10762932235396,71.99237245603769,72.07018280029297,23755400,0.0,0.0,0.0
2002-03-01,72.43976704252604,73.82086714235513,72.30360266200218,73.74954223632812,26273600,0.0,0.0,0.0
2002-03-04,73.8532710039086,75.20843398785591,73.69116988447374,75.05281829833984,27184600,0.0,0.0,0.0
2002-03-05,74.78052523371096,75.47431815756852,74.54709911475553,74.81294250488281,22718900,0.0,0.0,0.0
2002-03-06,74.63137191084684,75.96060338089336,74.61192056345972,75.70124053955078,20143200,0.0,0.0,0.0
2002-03-07,76.09678253849225,76.18755880855184,74.9361374319467,75.53915405273438,19330800,0.0,0.0,0.0
2002-03-08,76.10974236798234,76.44691558431668,75.5261820919815,75.85686492919922,19930100,0.0,0.0,0.0
2002-03-11,75.79202601611105,76.44691615714297,75.49376044369437,76.01896667480469,15621800,0.0,0.0,0.0
2002-03-12,75.27980167775584,76.02546824050415,75.17605947473862,75.97359466552734,17153600,0.0,0.0,0.0
2002-03-13,75.62341627198425,75.7012265941335,74.9814971917879,75.24085998535156,17175300,0.0,0.0,0.0
2002-03-14,75.24087785814788,75.49375528153443,74.97502957118844,75.13713073730469,11168100,0.0,0.0,0.0
2002-03-15,75.4108795345428,76.04813347069799,75.365361396246,75.85305786132812,21220100,0.331,0.0,0.0
2002-03-18,76.14569415111026,76.44481413447889,75.49543202349855,75.86608123779297,17548900,0.0,0.0,0.0
2002-03-19,76.27574803791153,76.56185999482415,75.96362003997223,76.37328338623047,17912000,0.0,0.0,0.0
2002-03-20,75.75551149947198,75.80753364223973,74.90366999634469,74.9361801147461,17114500,0.0,0.0,0.0
2002-03-21,74.97523875276401,75.36539510712532,74.20792910604028,74.96873474121094,25846800,0.0,0.0,0.0
2002-03-22,75.1052569936724,75.39137384596383,74.58504543697983,74.80613708496094,15235400,0.0,0.0,0.0
2002-03-25,74.83864373591159,75.01421723662274,73.67467923775247,73.87625885009766,17499600,0.0,0.0,0.0
2002-03-26,73.81773111037852,74.79312399216056,73.78522099098197,74.30542755126953,19947600,0.0,0.0,0.0
2002-03-27,74.14938430911933,74.78664333144152,73.97381573012063,74.50052642822266,19020300,0.0,0.0,0.0
2002-03-28,74.76063851577779,75.28084524753876,74.45501451830118,74.468017578125,17532900,0.0,0.0,0.0
2002-04-01,74.27943970199424,74.84516453740576,73.80474619993622,74.50052642822266,17711000,0.0,0.0,0.0
2002-04-02,74.11690769678229,74.74765803329836,73.98034823223607,74.09089660644531,15669500,0.0,0.0,0.0
2002-04-03,74.13640102898968,74.26645149545436,72.9334168503158,73.57067108154297,25658500,0.0,0.0,0.0
2002-04-04,73.21949650918101,73.73970806734528,72.97890275644176,73.2650146484375,23549000,0.0,0.0,0.0
2002-04-05,73.60316141337965,73.88927333555503,72.94639536816896,73.27803039550781,19404900,0.0,0.0,0.0
2002-04-08,72.38718245931304,73.49913014231987,72.32866124704734,73.4341049194336,16470100,0.0,0.0,0.0
2002-04-09,73.59670660908158,73.59670660908158,72.78387852096269,72.9204330444336,15122700,0.0,0.0,0.0
2002-04-10,72.89438430907556,73.83076337061593,72.88788029861864,73.74623107910156,17199300,0.0,0.0,0.0
2002-04-11,73.40808802889397,73.51213234616364,71.85396200769742,71.91248321533203,25453700,0.0,0.0,0.0
2002-04-12,72.19206560355309,72.60173372826743,71.55481179349255,72.4521713256836,14950600,0.0,0.0,0.0
2002-04-15,72.58230615157665,72.73836777131511,71.65892957877618,71.89952850341797,17394900,0.0,0.0,0.0
2002-04-16,72.63427180434067,73.68769815200244,72.61476473586458,73.60966491699219,15040900,0.0,0.0,0.0
2002-04-17,73.7332108926974,73.91528346659918,73.21950329569992,73.45359802246094,12920100,0.0,0.0,0.0
2002-04-18,73.41459980831188,73.77874503508026,72.27664101355406,73.1349868774414,25204800,0.0,0.0,0.0
2002-04-19,73.6096491728395,73.63566024561283,73.19348193067613,73.40156555175781,10499200,0.0,0.0,0.0
2002-04-22,73.0764600348618,73.10897512742903,72.07505570929119,72.1791000366211,13922900,0.0,0.0,0.0
2002-04-23,72.23758477701526,72.49119145655872,71.63934508024053,71.86693572998047,16967000,0.0,0.0,0.0
2002-04-24,71.89298491481242,72.7058126384734,71.13868336703052,71.14518737792969,18902700,0.0,0.0,0.0
2002-04-25,71.01513453980232,71.35977271335075,70.69650744968675,71.1842041015625,25451500,0.0,0.0,0.0
2002-04-26,71.39226428551002,71.53532271670228,69.76660931488024,69.83163452148438,19769800,0.0,0.0,0.0
2002-04-29,70.18274114230431,70.397328680708,69.33739900010337,69.4869613647461,17724400,0.0,0.0,0.0
2002-04-30,69.5910302016512,70.64445632387535,69.3439324519909,70.13725280761719,19473500,0.0,0.0,0.0
2002-05-01,70.20881922222395,71.04115414752069,69.44801354467374,70.99563598632812,24575600,0.0,0.0,0.0
2002-05-02,70.94358272989501,71.47029831989863,70.08523709412114,70.72249603271484,15666800,0.0,0.0,0.0
2002-05-03,70.61846537610616,70.72250969683802,69.70809741412747,69.9552001953125,18185500,0.0,0.0,0.0
2002-05-06,69.99421272153226,70.22180346650397,68.47910082326813,68.58314514160156,23630400,0.0,0.0,0.0
2002-05-07,68.99280664460684,69.13586509795121,68.21249412231792,68.34254455566406,21910000,0.0,0.0,0.0
2002-05-08,69.61054273360355,71.11264622900714,69.44147323991892,70.88505554199219,27917400,0.0,0.0,0.0
2002-05-09,70.65097169194742,70.94358762572767,69.95519150706254,70.06573486328125,18085600,0.0,0.0,0.0
2002-05-10,70.2088020536807,70.26082421406736,68.66767903969345,68.74571228027344,18958900,0.0,0.0,0.0
2002-05-13,69.07087251166841,70.1958236787683,68.79125948288429,70.14380645751953,14677700,0.0,0.0,0.0
2002-05-14,71.28173398663897,71.76943056710313,70.87856969412371,71.67189025878906,34201200,0.0,0.0,0.0
2002-05-15,71.20366591744006,72.12053742154238,71.06711153704045,71.39224243164062,29535300,0.0,0.0,0.0
2002-05-16,71.33374125255864,71.84094979294886,71.09314748147024,71.7629165649414,28092000,0.0,0.0,0.0
2002-05-17,71.9579979516038,72.34165016440348,71.59384784464022,72.11405944824219,27823700,0.0,0.0,0.0
2002-05-20,71.94501119325395,71.97752628850213,71.19720865250883,71.3337631225586,13833800,0.0,0.0,0.0
2002-05-21,71.60036659169315,71.84096537607564,70.43639673390736,70.6834945678711,16877200,0.0,0.0,0.0
2002-05-22,70.37136433336774,70.95660120791783,70.22830587946594,70.83955383300781,15844200,0.0,0.0,0.0
2002-05-23,71.04764659551134,71.7629339954467,70.54044289303182,71.59386444091797,13879800,0.0,0.0,0.0
2002-05-24,71.515833088441,71.65888659340854,70.62497216132056,70.67699432373047,11877000,0.0,0.0,0.0
2002-05-28,70.91110235135261,70.96311956238145,69.87067875305766,70.29335021972656,24236900,0.0,0.0,0.0
2002-05-29,69.98117775794171,70.24127851298331,69.66254589913913,69.7730941772461,14773300,0.0,0.0,0.0
2002-05-30,69.28543272864935,69.90968378525876,68.86276134709223,69.57804870605469,18217900,0.0,0.0,0.0
2002-05-31,69.83815486661877,70.59245636965815,69.48050870497957,69.72110748291016,19826300,0.0,0.0,0.0
2002-06-03,69.63655201986224,69.96818701383307,67.71177718305805,67.86784362792969,26056300,0.0,0.0,0.0
2002-06-04,67.72479562456317,68.40756782182147,67.3346393745433,68.03691864013672,25856200,0.0,0.0,0.0
2002-06-05,68.24500372044618,68.71319321462828,67.85484746232976,68.67417907714844,19695900,0.0,0.0,0.0
2002-06-06,68.62866175899312,68.6676758969444,67.07453575659083,67.27611541748047,22998500,0.0,0.0,0.0
2002-06-07,66.18367469780738,67.57523517291723,66.14466055997818,67.19808197021484,24011600,0.0,0.0,0.0
2002-06-10,67.13305226545062,67.92637275564911,66.98999382149933,67.45818328857422,18759900,0.0,0.0,0.0
2002-06-11,67.71175655225531,67.97836626018336,66.15113226787972,66.30068969726562,19990700,0.0,0.0,0.0
2002-06-12,66.13813542788915,66.85342250592235,65.53339167913924,66.70386505126953,31266000,0.0,0.0,0.0
2002-06-13,66.41124388335385,66.97697350380102,65.89753640386596,66.03409576416016,21043900,0.0,0.0,0.0
2002-06-14,65.22779613357437,66.04062383920103,64.05082320338107,65.93658447265625,39267500,0.0,0.0,0.0
2002-06-17,66.2746972126796,67.84832995192114,66.22917907430832,67.70527648925781,17647200,0.0,0.0,0.0
2002-06-18,67.45817124845306,68.2970097337264,67.38664203924414,68.25799560546875,21628500,0.0,0.0,0.0
2002-06-19,67.30214568914265,67.90688980537344,66.48281383077342,66.66488647460938,21540700,0.0,0.0,0.0
2002-06-20,66.49580361644666,67.00951126986268,65.65046090351275,65.81302642822266,25691000,0.0,0.0,0.0
2002-06-21,65.5604723666087,65.86063915171691,64.39242912849981,64.78395080566406,31190700,0.353,0.0,0.0
2002-06-24,64.34674662749899,65.70402631494643,63.45929490712703,65.1232681274414,37169700,0.0,0.0,0.0
2002-06-25,65.44954393444623,65.83453885032881,63.648538195880434,63.66158676147461,33355000,0.0,0.0,0.0
2002-06-26,62.12162298530673,64.04661330097355,62.11510118903058,63.766021728515625,37913600,0.0,0.0,0.0
2002-06-27,64.2749831210293,64.92099424776677,63.01558477545818,64.88184356689453,31616400,0.0,0.0,0.0
2002-06-28,64.75785935030325,65.58005849253925,64.5229453096644,64.57514953613281,28184200,0.0,0.0,0.0
2002-07-01,64.71875825902859,65.12333385645258,63.22444473605078,63.315799713134766,20270200,0.0,0.0,0.0
2002-07-02,63.204842824008956,63.4267033955731,61.841035561760236,61.9715461730957,34213900,0.0,0.0,0.0
2002-07-03,61.743136184058436,62.53922821814545,61.15585109459347,62.32389450073242,30565800,0.0,0.0,0.0
2002-07-05,63.1526154166962,64.94709459200557,63.07431405708464,64.80353546142578,19013500,0.0,0.0,0.0
2002-07-08,64.58820813065631,65.05803127018967,63.66160046305323,63.9943962097168,19118600,0.0,0.0,0.0
2002-07-09,63.77254626644163,64.17058989955409,61.99764196137838,62.38263702392578,28620400,0.0,0.0,0.0
2002-07-10,62.64368649815025,62.689363987082906,60.059635027518304,60.111839294433594,50522500,0.0,0.0,0.0
2002-07-11,59.87691274701526,60.914446201413035,58.937256049846035,60.60123062133789,59476500,0.0,0.0,0.0
2002-07-12,60.901404999297284,61.26682487977978,59.720307208213505,59.935646057128906,39018600,0.0,0.0,0.0
2002-07-15,59.79860394629661,60.29453440292556,57.3515855450291,60.25537872314453,77317200,0.0,0.0,0.0
2002-07-16,59.45925855305869,60.28145276837001,58.64358613261299,59.093833923339844,53282400,0.0,0.0,0.0
2002-07-17,60.33366611288763,60.881800651039434,58.56528863562392,59.211299896240234,48880600,0.0,0.0,0.0
2002-07-18,59.18518740789048,59.446203571828114,57.26020253348026,57.29283142089844,32656700,0.0,0.0,0.0
2002-07-19,56.614213584449395,57.1297193412767,55.00897026775143,55.27650833129883,77572600,0.0,0.0,0.0
2002-07-22,54.8784493981108,56.05954666233844,53.14922255766547,53.63862609863281,78134000,0.0,0.0,0.0
2002-07-23,53.8670010917964,54.31724881945143,52.03989313455618,52.1703987121582,74484100,0.0,0.0,0.0
2002-07-24,50.982806093259015,55.54405154541099,50.68916590432651,55.28303527832031,107022800,0.0,0.0,0.0
2002-07-25,54.98936587081179,56.020376933176266,53.24709089709359,54.81318283081055,87176600,0.0,0.0,0.0
2002-07-26,55.23732226085758,56.07256979530577,54.68266616174446,55.85723114013672,41206800,0.0,0.0,0.0
2002-07-29,57.09707572019252,58.950281273902355,56.96657010993433,58.57833480834961,53492900,0.0,0.0,0.0
2002-07-30,58.28470993589153,59.641990542736075,57.89318802427478,59.34182357788086,47532200,0.0,0.0,0.0
2002-07-31,59.04818529502815,59.73987923061927,58.23903925288178,59.485389709472656,44669900,0.0,0.0,0.0
2002-08-01,59.30267179925125,59.609365560023306,57.63870232090363,57.932342529296875,66571900,0.0,0.0,0.0
2002-08-02,57.749632639250954,58.017175699901394,55.87032435239288,56.633792877197266,51772900,0.0,0.0,0.0
2002-08-05,56.43802488741259,56.72514327511011,54.51956605439777,54.66312026977539,47191300,0.0,0.0,0.0
2002-08-06,55.615818244134005,57.358093581779556,55.53751188862733,56.503265380859375,64730000,0.0,0.0,0.0
2002-08-07,57.33850169608022,57.74959874233629,55.96816825162277,57.488582611083984,43289400,0.0,0.0,0.0
2002-08-08,57.69741104280031,59.44621315097391,57.292840653050405,59.348331451416016,48339800,0.0,0.0,0.0
2002-08-09,58.793668671165904,59.994341095564074,58.304265205570516,59.5701904296875,41879200,0.0,0.0,0.0
2002-08-12,58.72190105384137,59.557149008627356,58.434787680927755,59.13300323486328,25841700,0.0,0.0,0.0
2002-08-13,58.826327004940566,59.81166120283909,57.847519583821665,58.056331634521484,49690500,0.0,0.0,0.0
2002-08-14,58.08892340012699,60.44458568766828,57.43638548066335,60.17704772949219,57423600,0.0,0.0,0.0
2002-08-15,60.5816400843401,61.33205996031336,60.164016062288574,61.0123176574707,45551500,0.0,0.0,0.0
2002-08-16,60.56858505725695,61.39078444113453,60.033504024869764,60.8296012878418,36517300,0.0,0.0,0.0
2002-08-19,60.98619202767838,62.4805044281277,60.7512779835092,62.25211715698242,33669900,0.0,0.0,0.0
2002-08-20,61.87365490243585,62.25212814914499,61.09061126925215,61.59306335449219,30508300,0.0,0.0,0.0
2002-08-21,62.03023898261587,62.50006697477904,61.05795909678648,62.480491638183594,39628900,0.0,0.0,0.0
2002-08-22,62.31083120158318,63.39404630575853,62.03676652888875,63.08735275268555,38399800,0.0,0.0,0.0
2002-08-23,62.650129437149374,62.74148429276276,61.43640923718149,61.73004913330078,33716400,0.0,0.0,0.0
2002-08-26,61.93235270965278,62.40870242127478,61.01227220439281,62.16073989868164,33830100,0.0,0.0,0.0
2002-08-27,62.44787812519226,62.806775979318964,61.012296665624135,61.44297409057617,35335700,0.0,0.0,0.0
2002-08-28,60.868753863401906,61.00578626854322,59.903000252366745,60.098758697509766,38970600,0.0,0.0,0.0
2002-08-29,59.557141371676835,60.71866319948528,59.25697448757012,60.12485122680664,42965700,0.0,0.0,0.0
2002-08-30,59.824704601244704,60.94054436734907,59.6419946950014,59.889957427978516,30366700,0.0,0.0,0.0
2002-09-03,59.20479696905905,59.38098010411514,57.52124710753774,57.606075286865234,76586400,0.0,0.0,0.0
2002-09-04,57.82135488334134,58.89151610740354,57.46245722592621,58.42821502685547,51099500,0.0,0.0,0.0
2002-09-05,57.74310584757642,58.356493369120535,57.09709440202836,57.932342529296875,67250900,0.0,0.0,0.0
2002-09-06,58.56531238555908,59.100393592059845,58.29776929307263,58.72844696044922,38622200,0.0,0.0,0.0
2002-09-09,58.14113312814764,59.609343585820405,57.94537472087309,59.159095764160156,33998400,0.0,0.0,0.0
2002-09-10,59.47227282025068,59.88989646037426,59.093799840617905,59.83769226074219,41416600,0.0,0.0,0.0
2002-09-11,60.34020109893487,60.90138428363025,59.44622207715948,59.465797424316406,27711200,0.0,0.0,0.0
2002-09-12,59.217831226187464,59.27655726418396,58.06936280237451,58.369529724121094,43601700,0.0,0.0,0.0
2002-09-13,57.87360747119042,58.663177999182395,57.586489105203974,58.513092041015625,41131000,0.0,0.0,0.0
2002-09-16,58.278154502571724,58.6566276550293,57.723498318987346,58.6566276550293,28167600,0.0,0.0,0.0
2002-09-17,59.30916900233509,59.5049323626322,57.26020040602659,57.31240463256836,47609700,0.0,0.0,0.0
2002-09-18,56.77732628466354,57.7496063995662,56.30097140858131,56.7381706237793,54719400,0.0,0.0,0.0
2002-09-19,56.111744608342576,56.64030380556267,55.26996994018555,55.26996994018555,48510500,0.0,0.0,0.0
2002-09-20,55.66194781121394,55.845476753471104,55.09169788359901,55.288333892822266,46325600,0.378,0.0,0.0
2002-09-23,54.8294959089093,55.09823321181841,54.2002518573313,54.83605194091797,46893800,0.0,0.0,0.0
2002-09-24,54.036377646084006,54.829487368836034,53.64965183040286,53.95116424560547,69507000,0.0,0.0,0.0
2002-09-25,54.645982594922216,55.563627306208005,53.7742151184121,55.288333892822266,59294400,0.0,0.0,0.0
2002-09-26,55.727483965424895,56.35017706066919,55.35387010859343,56.192867279052734,53638000,0.0,0.0,0.0
2002-09-27,55.71436648642548,56.127306461276895,54.23957443237305,54.23957443237305,64648300,0.0,0.0,0.0
2002-09-30,53.74800592404429,54.27237871386298,53.02699708863575,53.61035919189453,73096400,0.0,0.0,0.0
2002-10-01,54.029831483343344,56.21907615910593,53.40058741484654,56.18630599975586,67198100,0.0,0.0,0.0
2002-10-02,55.511176249889225,56.06176290023404,54.141255654229745,54.50176239013672,56749100,0.0,0.0,0.0
2002-10-03,54.495199799482236,55.452175291417404,53.715197137918835,53.95116424560547,55547000,0.0,0.0,0.0
2002-10-04,54.272348203340805,54.35100057704458,52.16175616198613,52.961421966552734,68483700,0.0,0.0,0.0
2002-10-07,52.47636776523603,53.22359520774941,51.48662220589828,51.86678695678711,53188000,0.0,0.0,0.0
2002-10-08,52.31252167357726,53.295716572847326,51.25722541496436,52.67958450317383,79531000,0.0,0.0,0.0
2002-10-09,51.840576562733865,52.24040947218482,50.981921462496636,51.19166946411133,79956400,0.0,0.0,0.0
2002-10-10,51.08680578463869,53.1384038957887,50.516550973828906,52.849998474121094,76749000,0.0,0.0,0.0
2002-10-11,53.81353390867224,55.53740552343014,53.63000499169146,55.16379165649414,82308300,0.0,0.0,0.0
2002-10-14,54.534538730042435,55.61605405958805,54.429667213662825,55.47185134887695,40631900,0.0,0.0,0.0
2002-10-15,57.01875334406725,58.15270709870332,56.926988878465295,58.13959503173828,82320300,0.0,0.0,0.0
2002-10-16,57.29405318384805,57.54968348742933,56.3174092026904,56.73035430908203,62977800,0.0,0.0,0.0
2002-10-17,58.251035805413814,58.532885275415055,57.58246031806713,57.85775375366211,68534100,0.0,0.0,0.0
2002-10-18,57.45133184277661,58.40830720423651,56.97939769174746,58.10023880004883,47448700,0.0,0.0,0.0
2002-10-21,57.75940362087975,59.319403821652394,57.39889695645585,59.10309982299805,45859100,0.0,0.0,0.0
2002-10-22,58.36898051409079,58.99822437635726,58.02158093316914,58.67704391479492,40966800,0.0,0.0,0.0
2002-10-23,58.18548226791374,59.16867734172687,57.47102958132147,59.12279510498047,54905800,0.0,0.0,0.0
2002-10-24,59.48327387367567,59.58159433478117,57.74629573009977,57.916717529296875,54987400,0.0,0.0,0.0
2002-10-25,57.81842437394257,59.247334747915865,57.64145146100326,59.12279510498047,43672100,0.0,0.0,0.0
2002-10-28,59.745494483032196,59.83725896599267,58.23792654732855,58.736080169677734,39416100,0.0,0.0,0.0
2002-10-29,58.38867383283509,58.657411194025826,57.0253089250134,58.054386138916016,59508200,0.0,0.0,0.0
2002-10-30,58.1264902545617,58.96548254498356,57.83153374648132,58.61808776855469,41688600,0.0,0.0,0.0
2002-10-31,58.76883530982257,59.18833137487271,57.80530356638981,58.021602630615234,41620600,0.0,0.0,0.0
2002-11-01,57.91014496663828,59.52913909486782,57.71350910134764,59.16863250732422,51878900,0.0,0.0,0.0
2002-11-04,60.17149040874908,60.918717642516555,59.58157285556828,59.73232650756836,49080600,0.0,0.0,0.0
2002-11-05,59.542280628484036,60.348502645271694,59.542280628484036,60.20429992675781,37270800,0.0,0.0,0.0
2002-11-06,60.6172371106645,61.00395798663923,59.509502735775506,60.98429489135742,65013100,0.0,0.0,0.0
2002-11-07,60.31575243426152,60.44684814204825,59.135921068920474,59.489871978759766,51572000,0.0,0.0,0.0
2002-11-08,59.33908920417584,60.02077160703714,58.67706989934521,58.76228332519531,37905400,0.0,0.0,0.0
2002-11-11,58.670502258808014,58.703272412653284,57.549660981255364,57.851173400878906,33505100,0.0,0.0,0.0
2002-11-12,58.113388239258335,58.94582456829736,57.92330325056367,58.31002426147461,37724500,0.0,0.0,0.0
2002-11-13,57.89050914878236,58.82126568495341,57.320254369179764,58.36899948120117,63891500,0.0,0.0,0.0
2002-11-14,59.03759131801271,59.64717251184666,58.82784321910152,59.47019958496094,31896800,0.0,0.0,0.0
2002-11-15,58.99169790002171,60.007668030837365,58.958922734206425,59.90934753417969,39152100,0.0,0.0,0.0
2002-11-18,60.400931020196374,60.400931020196374,59.22109533527961,59.30630874633789,28934800,0.0,0.0,0.0
2002-11-19,59.004793421212014,59.71269485769603,58.83437659452259,59.22765350341797,32806600,0.0,0.0,0.0
2002-11-20,58.9785751880945,60.57790183968331,58.95890709335005,60.54513168334961,36688400,0.0,0.0,0.0
2002-11-21,60.69588858938778,61.738077630913466,60.584461050589404,61.67252731323242,55128200,0.0,0.0,0.0
2002-11-22,61.272729647695044,61.79054140749875,61.13507791319678,61.2333984375,32513800,0.0,0.0,0.0
2002-11-25,61.239918478266205,61.78395405896378,60.80731042591778,61.2726936340332,33846400,0.0,0.0,0.0
2002-11-26,61.0039276836344,61.253001768124584,60.053508544684135,60.10594177246094,42284700,0.0,0.0,0.0
2002-11-27,60.64347163749734,62.03961188161019,60.58448233180807,61.797088623046875,37764000,0.0,0.0,0.0
2002-11-29,62.137905274240545,62.23622074081676,61.462774065434736,61.600425720214844,19385700,0.0,0.0,0.0
2002-12-02,62.57708831130219,62.95725826352332,61.10229573876479,61.69876480102539,49911900,0.0,0.0,0.0
2002-12-03,61.121960944927636,61.2202814533078,60.53204289543545,60.872886657714844,34407700,0.0,0.0,0.0
2002-12-04,60.151864712969285,61.04985123234685,59.92900959182063,60.59757995605469,64040800,0.0,0.0,0.0
2002-12-05,60.78113210132385,60.82701434594953,59.71272340379929,59.92902755737305,36724900,0.0,0.0,0.0
2002-12-06,59.07035243741231,60.41404915738021,58.97858797851842,60.32228469848633,49824100,0.0,0.0,0.0
2002-12-09,59.69302881834931,59.94865904656316,58.65084481113701,58.6639518737793,36789600,0.0,0.0,0.0
2002-12-10,59.00481946023628,59.71272120911969,58.834402558341296,59.45053482055664,33319900,0.0,0.0,0.0
2002-12-11,59.266981607872,60.05354045184888,59.09656477567961,59.50294876098633,39201000,0.0,0.0,0.0
2002-12-12,59.77823683412013,59.96832174629775,59.12277368900571,59.49638748168945,34465600,0.0,0.0,0.0
2002-12-13,58.932677835467786,59.30629152708358,58.51317693535168,58.559059143066406,36862200,0.0,0.0,0.0
2002-12-16,58.873746292965095,60.16501051539406,58.768874706793426,60.073246002197266,37098400,0.0,0.0,0.0
2002-12-17,59.88967944765206,60.13219765165183,59.47673439623574,59.54883575439453,32353900,0.0,0.0,0.0
2002-12-18,59.20144970432916,59.25388797263564,58.55254238659913,58.86061096191406,35612600,0.0,0.0,0.0
2002-12-19,58.56566626378516,59.4505410420975,58.07406860907943,58.441131591796875,39264200,0.0,0.0,0.0
2002-12-20,58.754651645092565,59.29477269965308,58.68878420436345,59.2750129699707,31176900,0.436,0.0,0.0
2002-12-23,59.01149302421692,59.5911381199429,58.8270623211622,59.29472732543945,22599300,0.0,0.0,0.0
2002-12-24,59.01153362576446,59.18938122990248,58.787583339502596,58.853450775146484,10937000,0.0,0.0,0.0
2002-12-26,59.08395116846885,59.68335600419278,58.517482541985125,58.8797607421875,17485600,0.0,0.0,0.0
2002-12-27,58.59656206909913,58.81392912142959,57.55583953857422,57.55583953857422,22205700,0.0,0.0,0.0
2002-12-30,57.82587671876971,58.27378209985812,57.450426989428024,58.03665542602539,29968000,0.0,0.0,0.0
2002-12-31,57.9575891414783,58.24741163652772,57.377949176738305,58.11567687988281,34036600,0.0,0.0,0.0
2003-01-02,58.524094075597546,60.137873488649745,58.319903568068945,59.98637390136719,44516300,0.0,0.0,0.0
2003-01-03,59.88101959464086,60.190597136350235,59.61095649557976,60.17083740234375,32222600,0.0,0.0,0.0
2003-01-06,60.09836239798667,61.58040227700298,60.05225469165402,61.231300354003906,40984500,0.0,0.0,0.0
2003-01-07,61.19176713785149,61.50134953590732,60.73068515285019,61.07979202270508,38640400,0.0,0.0,0.0
2003-01-08,60.73069149756496,60.86243137505514,59.97320855978698,60.19715881347656,38702200,0.0,0.0,0.0
2003-01-09,60.480373331060754,61.37618410124059,60.210315465614634,61.132469177246094,34804900,0.0,0.0,0.0
2003-01-10,60.56603241395254,61.679210728721664,60.46723376797237,61.29717254638672,37768900,0.0,0.0,0.0
2003-01-13,61.613323706716926,61.824102460087474,60.888772056090765,61.27739334106445,31649900,0.0,0.0,0.0
2003-01-14,61.05349402163964,61.80439427072067,60.86906308682901,61.47505187988281,30733000,0.0,0.0,0.0
2003-01-15,61.613322552010196,61.63308227455557,60.539669082363275,60.862422943115234,33511800,0.0,0.0,0.0
2003-01-16,60.9282845593469,61.21151894804264,60.23666418393411,60.61211395263672,44812100,0.0,0.0,0.0
2003-01-17,59.933685862463996,60.796565753203616,59.38039343667306,59.71632385253906,35618300,0.0,0.0,0.0
2003-01-21,59.85464127728336,59.88757247548532,58.589963662708755,58.78757095336914,36826200,0.0,0.0,0.0
2003-01-22,58.471396665224866,59.149845640867845,57.96421202119859,58.07618713378906,42286500,0.0,0.0,0.0
2003-01-23,58.458217475502046,58.873186674930515,57.93126815290234,58.43186950683594,55919800,0.0,0.0,0.0
2003-01-24,58.35282418585059,58.41210837025204,56.75880981041317,56.897132873535156,68633900,0.0,0.0,0.0
2003-01-27,56.469002807899734,57.17379475244122,55.6588189714752,56.119895935058594,57884400,0.0,0.0,0.0
2003-01-28,56.40313408884564,56.91032380765489,56.07379194299736,56.534873962402344,46929100,0.0,0.0,0.0
2003-01-29,56.26480401542543,57.424089632194956,55.83665827382789,56.9630126953125,53712200,0.0,0.0,0.0
2003-01-30,57.16723166011018,57.22651085635955,55.592976016207885,55.612735748291016,49845900,0.0,0.0,0.0
2003-01-31,55.4282789542244,56.78516685977768,55.4282789542244,56.686363220214844,55317000,0.0,0.0,0.0
2003-02-03,56.7390823285455,57.18039973668483,56.59417093474121,56.79836654663086,39696000,0.0,0.0,0.0
2003-02-04,56.1923528433965,56.482175527103344,55.527085356323404,56.238460540771484,43633400,0.0,0.0,0.0
2003-02-05,56.48215993962663,57.002520966603505,55.64563336800604,55.88934326171875,55270600,0.0,0.0,0.0
2003-02-06,55.57317503162533,55.91568852599828,55.09892171221627,55.6258659362793,53638000,0.0,0.0,0.0
2003-02-07,55.928872642132575,55.98156355396628,54.6510238046433,54.94742965698242,43165000,0.0,0.0,0.0
2003-02-10,54.973788839295125,55.415106096260764,54.44025618610868,55.33606719970703,45455900,0.0,0.0,0.0
2003-02-11,55.5731939078284,55.90911926871111,54.55881952462617,54.95402908325195,46861000,0.0,0.0,0.0
2003-02-12,54.77620040881251,55.07919464798214,54.07140323409799,54.0779914855957,35873600,0.0,0.0,0.0
2003-02-13,54.11090662255808,54.446836962890195,53.35341880725926,54.24264144897461,57934100,0.0,0.0,0.0
2003-02-14,54.25584140199779,55.46123015835508,53.89356293469466,55.42829895019531,59580900,0.0,0.0,0.0
2003-02-18,55.67860427965077,56.515136473439675,55.586388844560325,56.40315628051758,39492700,0.0,0.0,0.0
2003-02-19,56.19896210280821,56.29776578422388,55.513929610453985,56.106746673583984,31432000,0.0,0.0,0.0
2003-02-20,56.12649638174885,56.2648195008835,55.3624251010008,55.54685592651367,29280100,0.0,0.0,0.0
2003-02-21,55.57979705627643,56.47560839048088,54.97380851412754,56.106746673583984,60955800,0.0,0.0,0.0
2003-02-24,55.94204999346399,55.988157687015295,55.05941054144531,55.19773864746094,30628600,0.0,0.0,0.0
2003-02-25,54.63785807162071,55.65223244833408,54.157021369733236,55.639060974121094,56770600,0.0,0.0,0.0
2003-02-26,55.34264941504103,55.67857979535549,54.72348962675729,54.82887649536133,37787200,0.0,0.0,0.0
2003-02-27,55.131855978177676,55.82347627849806,54.77617099411887,55.55341339111328,51126000,0.0,0.0,0.0
2003-02-28,55.639045002694075,56.13964631024451,55.4348545461525,55.922279357910156,43666800,0.0,0.0,0.0
2003-03-03,56.15944725935689,56.50196102102287,55.145072429096736,55.3887825012207,42923100,0.0,0.0,0.0
2003-03-04,55.29653782202522,55.336062292159,54.44025135800676,54.50611877441406,31440500,0.0,0.0,0.0
2003-03-05,54.41388619131416,55.02646251851227,54.24921518965188,54.96717834472656,43974700,0.0,0.0,0.0
2003-03-06,54.58516268931988,55.013303408648234,54.32168799832891,54.50611877441406,41217700,0.0,0.0,0.0
2003-03-07,53.75523817963736,55.322905356056154,53.63667477803503,54.881587982177734,63538000,0.0,0.0,0.0
2003-03-10,54.407308615404794,54.578567897824605,53.4192824116431,53.56419372558594,41014100,0.0,0.0,0.0
2003-03-11,53.66962266582196,54.01213644185377,53.01093807506764,53.03728103637695,48102700,0.0,0.0,0.0
2003-03-12,52.945042622258434,53.419296125876016,52.28635831731456,53.392948150634766,62459800,0.0,0.0,0.0
2003-03-13,54.1306916537819,55.270218034001225,53.70254572969844,55.237281799316406,72117800,0.0,0.0,0.0
2003-03-14,55.46122306226058,55.83667295971722,54.90134234154287,55.41511535644531,63951800,0.0,0.0,0.0
2003-03-17,54.973793679183245,57.2726005879812,54.815710846795994,57.16062545776367,88217500,0.0,0.0,0.0
2003-03-18,57.40433230774625,57.53606714511192,56.83127521194555,57.49654769897461,50792300,0.0,0.0,0.0
2003-03-19,57.48995693329406,58.06960225320187,57.094747413132545,57.937862396240234,49630800,0.0,0.0,0.0
2003-03-20,57.52290924172191,58.35284795856754,56.87739632547888,58.06303024291992,67321600,0.0,0.0,0.0
2003-03-21,58.7270130363315,59.44125663295718,58.15164523358055,59.30237579345703,71165300,0.354,0.0,0.0
2003-03-24,58.211151963216594,58.29051458970722,57.10671523408356,57.331573486328125,65398900,0.0,0.0,0.0
2003-03-25,57.36463726363675,58.36987701319086,57.16623826653683,57.8804817199707,61040100,0.0,0.0,0.0
2003-03-26,57.906917853585995,58.098707022854406,57.40430318131999,57.5894775390625,45740800,0.0,0.0,0.0
2003-03-27,57.13977156701591,57.97306130042635,56.86861977094156,57.63577651977539,53120200,0.0,0.0,0.0
2003-03-28,57.18605600686269,57.721739655495206,57.04056043671004,57.34477615356445,32583000,0.0,0.0,0.0
2003-03-31,56.445375714072576,57.265436013503525,55.817104646358246,56.04195785522461,61119500,0.0,0.0,0.0
2003-04-01,56.37928139244429,57.133209209173955,56.154428029320115,56.90174102783203,53574000,0.0,0.0,0.0
2003-04-02,57.89368914488985,58.707134307729206,57.86723494629684,58.27726745605469,50431200,0.0,0.0,0.0
2003-04-03,58.77331422126456,58.85267182798805,57.96647824873536,57.999542236328125,48755500,0.0,0.0,0.0
2003-04-04,58.4822912742919,58.58810304129031,57.94660753585848,58.34341049194336,36250100,0.0,0.0,0.0
2003-04-07,59.74548298173809,60.082767962765125,58.17810962906352,58.23101806640625,69776200,0.0,0.0,0.0
2003-04-08,58.39634860331997,58.6278166916441,58.0061552153228,58.32360076904297,39712700,0.0,0.0,0.0
2003-04-09,58.43600665619438,58.92539687568404,57.38447336314497,57.55642318725586,55647300,0.0,0.0,0.0
2003-04-10,57.596111778738525,57.95323606854404,56.68346417965219,57.873878479003906,41812400,0.0,0.0,0.0
2003-04-11,58.303731268932665,58.66085039477099,57.44398733256693,57.63577651977539,47730100,0.0,0.0,0.0
2003-04-14,57.8474255794946,58.859275234083896,57.53659489174493,58.82620620727539,36711700,0.0,0.0,0.0
2003-04-15,58.75347954441282,59.37514114379883,58.47571778343789,59.37514114379883,49709800,0.0,0.0,0.0
2003-04-16,59.461042495973395,59.56023939386823,58.217720889073476,58.363216400146484,51788000,0.0,0.0,0.0
2003-04-17,58.396325652642425,59.335427267976236,58.32357784695646,59.229610443115234,37403100,0.0,0.0,0.0
2003-04-21,59.42801960436344,59.626423645317544,58.89894552556873,59.28913879394531,32052700,0.0,0.0,0.0
2003-04-22,58.92541758437993,60.55231405791742,58.78653673189055,60.40681838989258,59763600,0.0,0.0,0.0
2003-04-23,60.59199998530449,61.074775577820716,60.340687442589584,60.96234893798828,44227100,0.0,0.0,0.0
2003-04-24,60.532474395497616,60.896213563988745,60.15551064161857,60.420047760009766,49692400,0.0,0.0,0.0
2003-04-25,60.380351736728244,60.49277834015014,59.53383219019286,59.6727180480957,43917200,0.0,0.0,0.0
2003-04-28,59.81157608506113,60.96892079230691,59.718988912131266,60.704383850097656,46432900,0.0,0.0,0.0
2003-04-29,60.93588172531137,61.3723686512825,60.446491421400545,60.91604232788086,52017100,0.0,0.0,0.0
2003-04-30,60.783798217773445,61.220280255404006,60.453128019776095,60.78379821777344,48709100,0.0,0.0,0.0
2003-05-01,60.79036996531449,61.32605878203019,59.85126840134799,60.77714538574219,50240400,0.0,0.0,0.0
2003-05-02,60.55230425266717,61.81546639722426,60.50601064266705,61.643516540527344,50201500,0.0,0.0,0.0
2003-05-05,61.815439557358296,62.020453306111044,61.17393906473119,61.52444839477539,35437800,0.0,0.0,0.0
2003-05-06,61.531096560523146,62.417290060589366,61.504642345437134,62.10646438598633,44401000,0.0,0.0,0.0
2003-05-07,61.782374485634016,62.25854003818678,61.484773538100136,61.762535095214844,41413100,0.0,0.0,0.0
2003-05-08,61.18716654742,61.722855308120224,61.02844638103106,61.140872955322266,40570700,0.0,0.0,0.0
2003-05-09,61.39219304931301,62.03369365283399,61.24669744287026,61.98740005493164,33608100,0.0,0.0,0.0
2003-05-12,61.83530391856425,62.90667677614509,61.6898082785147,62.74795150756836,35662300,0.0,0.0,0.0
2003-05-13,62.51644524693567,62.94631709003076,62.33788573597528,62.6354866027832,39253600,0.0,0.0,0.0
2003-05-14,62.88684271051617,62.98604475834005,62.106466049886855,62.50326919555664,32195100,0.0,0.0,0.0
2003-05-15,62.7545478902327,63.045539084864956,62.331290722925836,62.90004348754883,43879200,0.0,0.0,0.0
2003-05-16,62.75458429738371,63.12493327222978,62.33794170068188,62.74135971069336,38905000,0.0,0.0,0.0
2003-05-19,62.26514975843501,62.44370930322889,61.061511397076224,61.27313995361328,41606000,0.0,0.0,0.0
2003-05-20,61.38560487823286,61.52448573221489,60.57215410990846,61.14752197265625,55404600,0.0,0.0,0.0
2003-05-21,60.91601581840273,61.425245298137185,60.783749862675606,61.27313995361328,49333800,0.0,0.0,0.0
2003-05-22,61.471555336704405,62.19903342474163,61.29299574412881,61.881587982177734,38421800,0.0,0.0,0.0
2003-05-23,61.85515270618816,62.152758845731526,61.597230412625976,62.00726318359375,26155900,0.0,0.0,0.0
2003-05-27,61.703044459195745,63.382844175529826,61.55093398873022,63.09185791015625,43719200,0.0,0.0,0.0
2003-05-28,63.389469164223975,63.79950198229238,63.11170743857744,63.27042770385742,37727100,0.0,0.0,0.0
2003-05-29,63.40928403321493,64.03094531300725,62.88021500510649,63.10506820678711,50844200,0.0,0.0,0.0
2003-05-30,63.42250884902632,64.20950004083295,63.197650618778766,64.11691284179688,52529500,0.0,0.0,0.0
2003-06-02,64.50048823807289,65.10891981623162,63.93173544460427,64.3814468383789,50305500,0.0,0.0,0.0
2003-06-03,64.2491930347803,64.70551428206437,64.05078898248313,64.64599609375,38254500,0.0,0.0,0.0
2003-06-04,64.58646596530522,65.7041271194578,64.5269427423703,65.57847595214844,49360700,0.0,0.0,0.0
2003-06-05,65.1949084075781,65.90254211425781,64.98988954511746,65.90254211425781,46262400,0.0,0.0,0.0
2003-06-06,66.39855014827393,67.05989027914195,65.55864535652168,65.64462280273438,60356800,0.0,0.0,0.0
2003-06-09,65.3205562974202,65.5387997308138,64.6592162294087,64.9766616821289,37808500,0.0,0.0,0.0
2003-06-10,65.11556394512164,65.6446381920992,64.93700428800165,65.63802337646484,29965900,0.0,0.0,0.0
2003-06-11,65.57849296715601,66.39193854187491,65.28088686651188,66.3324203491211,37610200,0.0,0.0,0.0
2003-06-12,66.63001702262672,66.72921904965135,65.88270450420725,66.53742980957031,36442000,0.0,0.0,0.0
2003-06-13,66.53742668910641,66.63001389782067,65.43959972060237,65.843017578125,48628300,0.0,0.0,0.0
2003-06-16,66.10758326457744,67.2583141040418,66.00177142832722,67.23186492919922,36326300,0.0,0.0,0.0
2003-06-17,67.50301185916206,67.57575970404574,66.94748836618845,67.23186492919922,36801800,0.0,0.0,0.0
2003-06-18,66.98712785712085,67.54926583668107,66.79533865550643,67.17230224609375,35521000,0.0,0.0,0.0
2003-06-19,67.21857378130669,67.27809698429662,66.02816017772807,66.14720153808594,43551700,0.0,0.0,0.0
2003-06-20,66.63175359526024,66.704764190029,65.98793565803594,66.00121307373047,41545000,0.36,0.0,0.0
2003-06-23,66.00785122388262,66.14723877893883,64.99234659949224,65.32421112060547,34237500,0.0,0.0,0.0
2003-06-24,65.19146356081113,65.76890455322946,65.05871472174626,65.39057922363281,36213600,0.0,0.0,0.0
2003-06-25,65.39721129728048,66.00120706008943,64.73348236083984,64.73348236083984,47743400,0.0,0.0,0.0
2003-06-26,64.89944746874514,65.69592563422736,64.35518966773257,65.57645416259766,33477300,0.0,0.0,0.0
2003-06-27,65.54320978443641,65.83525203580608,64.7666484129469,64.81974792480469,54208800,0.0,0.0,0.0
2003-06-30,65.19146082223959,65.49013683585049,64.69366409032126,64.79985809326172,33349000,0.0,0.0,0.0
2003-07-01,64.54766708784621,65.60963283436169,64.00340932626627,65.3972396850586,51322800,0.0,0.0,0.0
2003-07-02,65.55650120276324,66.23350751629037,65.42375744834794,66.22023010253906,34662100,0.0,0.0,0.0
2003-07-03,65.75562232985955,66.27333006486701,64.97906072734837,65.53659057617188,30792800,0.0,0.0,0.0
2003-07-07,66.14061938392875,66.9702809289759,66.14061938392875,66.83753204345703,31391100,0.0,0.0,0.0
2003-07-08,66.7047750203595,67.229121620719,66.48574320049076,67.13619995117188,30952500,0.0,0.0,0.0
2003-07-09,66.98352368625167,67.30211580686206,66.39280533231882,66.75785827636719,36528500,0.0,0.0,0.0
2003-07-10,66.26670389760004,66.39945274185644,65.46359237928876,65.90829467773438,49777700,0.0,0.0,0.0
2003-07-11,65.96803495116919,66.67158617788093,65.96803495116919,66.5322036743164,39976300,0.0,0.0,0.0
2003-07-14,67.16937790458555,67.63399127838107,66.67158111656583,66.85742950439453,42114900,0.0,0.0,0.0
2003-07-15,67.2888438794772,67.34194341455071,66.33971121140215,66.7114028930664,42573600,0.0,0.0,0.0
2003-07-16,66.91052744052142,66.9503546290414,65.86183933471526,66.31980895996094,39894200,0.0,0.0,0.0
2003-07-17,65.80872124418921,66.29324050393454,65.15163105309983,65.3772964477539,52253500,0.0,0.0,0.0
2003-07-18,65.72246040485517,66.24017341282004,65.35077368884606,66.04769134521484,35698100,0.0,0.0,0.0
2003-07-21,66.00786224777738,66.03441202156257,64.94589661562755,65.2313003540039,34786000,0.0,0.0,0.0
2003-07-22,65.50339635178723,65.98128189405874,64.99232234425011,65.82198333740234,49968300,0.0,0.0,0.0
2003-07-23,65.84856580416601,66.00785937609551,65.23129751610647,65.86847686767578,37275400,0.0,0.0,0.0
2003-07-24,66.36629096664677,66.59859520774748,65.2910527467371,65.37069702148438,40896200,0.0,0.0,0.0
2003-07-25,65.48353420612874,66.56541112623961,65.07202022319046,66.52558898925781,43241100,0.0,0.0,0.0
2003-07-28,66.61848675481757,67.02336188153984,66.1538733802285,66.27998352050781,34382800,0.0,0.0,0.0
2003-07-29,66.46581313049691,66.54546242326785,65.49676952244106,65.97465515136719,53472100,0.0,0.0,0.0
2003-07-30,66.10742128912781,66.2069816728347,65.66272398093538,65.81538391113281,28363300,0.0,0.0,0.0
2003-07-31,66.35962027783368,66.97688838183053,65.82199640412684,65.968017578125,54937200,0.0,0.0,0.0
2003-08-01,65.83527754838782,66.06094296546135,65.20473199438506,65.38394165039062,49321000,0.0,0.0,0.0
2003-08-04,65.25119281930314,65.70916742481724,64.38170949704316,65.38394165039062,55214100,0.0,0.0,0.0
2003-08-05,65.31759761332175,65.54990183694937,63.9436732110406,63.99677276611328,61415600,0.0,0.0,0.0
2003-08-06,64.17599474170572,65.08530074250004,63.99678497510972,64.36847686767578,50096900,0.0,0.0,0.0
2003-08-07,64.494551964514,65.09190913517092,64.22242568134585,65.04544830322266,43427400,0.0,0.0,0.0
2003-08-08,65.2578501277891,65.41051006109106,64.88616342249955,65.2313003540039,27357300,0.0,0.0,0.0
2003-08-11,65.2180213669079,65.73572924344366,64.93925130243777,65.47687530517578,34631400,0.0,0.0,0.0
2003-08-12,65.5166989309262,66.10077871663148,65.32421688403612,66.07423400878906,43285600,0.0,0.0,0.0
2003-08-13,66.25344093860123,66.27335200210004,65.39722976119262,65.73573303222656,36152000,0.0,0.0,0.0
2003-08-14,65.77555736734887,66.20698232509471,65.344132409603,65.9149398803711,35525100,0.0,0.0,0.0
2003-08-15,65.94811842223444,66.2335221145969,65.7888248690568,66.12068939208984,12567000,0.0,0.0,0.0
2003-08-18,66.32647514677443,66.77117260264579,66.20036494794253,66.6915283203125,22873800,0.0,0.0,0.0
2003-08-19,66.83086999091105,66.99680222939173,66.37289539227235,66.9437026977539,37437700,0.0,0.0,0.0
2003-08-20,66.56539867902411,66.96363516593289,66.47911571041358,66.67159271240234,21295300,0.0,0.0,0.0
2003-08-21,67.06981289952857,67.38176125461075,66.63838806619357,66.88396453857422,46494200,0.0,0.0,0.0
2003-08-22,67.53441555218902,67.58087637261933,66.19368540273571,66.22023010253906,52040300,0.0,0.0,0.0
2003-08-25,66.18039487639015,66.92377291983637,65.89499130348075,66.326416015625,23473000,0.0,0.0,0.0
2003-08-26,66.04102493305322,66.63174324342684,65.59632778953144,66.4458999633789,45065800,0.0,0.0,0.0
2003-08-27,66.40607188927869,66.61182620745527,66.08747982075934,66.46580505371094,18919500,0.0,0.0,0.0
2003-08-28,66.63837654843077,67.03661283965891,66.14721862471104,66.8773193359375,27402400,0.0,0.0,0.0
2003-08-29,66.7777704400901,67.355216452823,66.69148749909095,67.32866668701172,28706600,0.0,0.0,0.0
2003-09-02,67.46142557024837,68.28444823943657,67.06982783043786,68.23135375976562,49419100,0.0,0.0,0.0
2003-09-03,68.38401077648378,68.82870807385565,68.21807849562698,68.60304260253906,44912400,0.0,0.0,0.0
2003-09-04,68.4304633923909,68.729144500365,68.20479794818228,68.63622283935547,28381000,0.0,0.0,0.0
2003-09-05,68.32426945008878,68.72914457227562,67.9658551584553,68.25125885009766,31637300,0.0,0.0,0.0
2003-09-08,68.39065865544825,68.94818876323231,68.31764803697385,68.81544494628906,32632800,0.0,0.0,0.0
2003-09-09,68.60968684306305,68.66942003833863,68.1517120905433,68.36410522460938,35053200,0.0,0.0,0.0
2003-09-10,68.05213054751614,68.23134020533982,67.40167899206403,67.6738052368164,45904900,0.0,0.0,0.0
2003-09-11,67.76674859290873,68.20481228447579,67.59417758739578,67.8729476928711,38396300,0.0,0.0,0.0
2003-09-12,67.64061428949009,68.12513354829768,67.26892266394152,67.9990234375,42524800,0.0,0.0,0.0
2003-09-15,68.04549737208929,68.11850796990139,67.66717203063136,67.76009368896484,21312800,0.0,0.0,0.0
2003-09-16,67.8530433696669,68.78889897777854,67.81321617129777,68.74907684326172,37892600,0.0,0.0,0.0
2003-09-17,68.68267180482341,68.88842615239288,68.39726816278359,68.61629486083984,31885800,0.0,0.0,0.0
2003-09-18,68.62957555148158,69.49242016211083,68.47691566242135,69.4260482788086,30243600,0.0,0.0,0.0
2003-09-19,69.47267918391145,69.6925517462694,68.89302162551681,69.07291412353516,34331600,0.4,0.0,0.0
2003-09-22,68.52656302033424,68.59985386981761,67.980216286278,68.3266830444336,36677400,0.0,0.0,0.0
2003-09-23,68.3533620695662,68.81975906784629,68.20012119033709,68.58656311035156,32489200,0.0,0.0,0.0
2003-09-24,68.70648968716672,68.7731163740164,67.3406197319419,67.36727142333984,41694700,0.0,0.0,0.0
2003-09-25,67.56716643240208,67.88031241464579,66.76096662895274,66.81427001953125,52673100,0.0,0.0,0.0
2003-09-26,66.92083962502271,67.06742132603941,66.52773369199717,66.5943603515625,42914700,0.0,0.0,0.0
2003-09-29,66.82756191892204,67.28728943258577,66.48775934364059,67.247314453125,36771600,0.0,0.0,0.0
2003-09-30,66.9474913055065,67.13404798560475,66.12796865131689,66.5943603515625,70764500,0.0,0.0,0.0
2003-10-01,66.78760510979616,68.080184117477,66.76095341978015,68.01355743408203,65797600,0.0,0.0,0.0
2003-10-02,67.91357107359482,68.33332348326884,67.71368606901473,68.2600326538086,44591500,0.0,0.0,0.0
2003-10-03,69.07293216526409,69.47936152307038,68.67983119348187,68.8863754272461,48806900,0.0,0.0,0.0
2003-10-06,68.94634051662376,69.28613809866125,68.75977870202965,69.19952392578125,20226500,0.0,0.0,0.0
2003-10-07,68.79974189512116,69.49932946586658,68.56654603820603,69.46601867675781,42602900,0.0,0.0,0.0
2003-10-08,69.51269647160146,69.55267147405874,68.8997227118973,69.2928237915039,30920800,0.0,0.0,0.0
2003-10-09,69.87913533142994,70.1056721722513,69.17954747732828,69.4793701171875,40066500,0.0,0.0,0.0
2003-10-10,69.47270701118957,69.69257966161746,69.23285194552072,69.67259216308594,22682800,0.0,0.0,0.0
2003-10-13,69.7658541865561,70.15229601185544,69.6326008387305,69.89244842529297,23825600,0.0,0.0,0.0
2003-10-14,69.82581594232481,70.24556852801517,69.53265250155054,70.13896179199219,38484400,0.0,0.0,0.0
2003-10-15,70.53204747157694,70.55203495800484,69.71918913492584,69.95238494873047,39021700,0.0,0.0,0.0
2003-10-16,69.74586963002325,70.44546244379406,69.72588213533659,70.23225402832031,32772200,0.0,0.0,0.0
2003-10-17,70.27221297254354,70.37881461429542,69.2794619912257,69.46601867675781,32790300,0.0,0.0,0.0
2003-10-20,69.59260421983929,69.98571014404297,69.25280673869514,69.98571014404297,27657000,0.0,0.0,0.0
2003-10-21,69.83916251609713,70.1456493593644,69.50602397994264,69.86581420898438,26729100,0.0,0.0,0.0
2003-10-22,69.31278713349782,69.41939388061407,68.75311696100603,68.98631286621094,33914500,0.0,0.0,0.0
2003-10-23,68.55323914651044,69.2594911297941,68.51992326366911,68.85972595214844,45830500,0.0,0.0,0.0
2003-10-24,68.51327739007215,69.01298522949219,68.0801962459166,69.01298522949219,51723600,0.0,0.0,0.0
2003-10-27,69.11959369236388,69.41275728017872,68.80644260234192,69.04630279541016,32460200,0.0,0.0,0.0
2003-10-28,69.27945841858083,70.05900099290656,69.17285169903808,69.98571014404297,34956200,0.0,0.0,0.0
2003-10-29,69.80581882017721,70.24556395269659,69.20617376061604,70.07899475097656,30955400,0.0,0.0,0.0
2003-10-30,70.48542586295721,70.60535589468023,69.825813230125,70.22557830810547,39123100,0.0,0.0,0.0
2003-10-31,70.22558510729128,70.4521168095403,70.10565506395673,70.1589584350586,25761600,0.0,0.0,0.0
2003-11-03,70.45876261425286,71.03176099584033,70.43211093565718,70.61866760253906,37589300,0.0,0.0,0.0
2003-11-04,70.6187178966985,70.80527469644483,70.34554689229608,70.4654769897461,31421600,0.0,0.0,0.0
2003-11-05,70.28556472981728,70.60537995114143,69.89246370946539,70.51876068115234,33558800,0.0,0.0,0.0
2003-11-06,70.3588374252506,70.91851264707616,70.02569898565824,70.89186096191406,28392300,0.0,0.0,0.0
2003-11-07,71.05181970058008,71.1051231111985,70.3389031042611,70.36555480957031,31723200,0.0,0.0,0.0
2003-11-10,70.45210813617705,70.51873480020733,69.96572891379623,70.07899475097656,25530800,0.0,0.0,0.0
2003-11-11,70.0190561732875,70.17896633308729,69.82584029262152,70.05903625488281,26558600,0.0,0.0,0.0
2003-11-12,70.11234911743637,70.9385313882341,70.06570991868064,70.84525299072266,28000000,0.0,0.0,0.0
2003-11-13,70.63202319277543,70.98514917444774,70.4787772526379,70.86521911621094,29714800,0.0,0.0,0.0
2003-11-14,70.89189669116202,71.25834610942924,70.15232857586429,70.26559448242188,49158500,0.0,0.0,0.0
2003-11-17,69.89913702103016,70.0523779162005,69.31947408070778,69.91246032714844,44382100,0.0,0.0,0.0
2003-11-18,70.11896864658692,70.25888616386976,69.09290176989087,69.1861801147461,41155000,0.0,0.0,0.0
2003-11-19,69.3127892573869,69.96574289525802,69.23949838732108,69.77252197265625,29827000,0.0,0.0,0.0
2003-11-20,69.29282201735369,70.11900424116214,69.12625273365812,69.146240234375,53578700,0.0,0.0,0.0
2003-11-21,69.45271912683846,69.51268670539046,69.03963060404023,69.43273162841797,30016000,0.0,0.0,0.0
2003-11-24,69.75253529454548,70.47877472769666,69.7458711017461,70.35218048095703,28906400,0.0,0.0,0.0
2003-11-25,70.44543931659899,70.9051667933328,70.25887756642918,70.61866760253906,37580000,0.0,0.0,0.0
2003-11-26,70.90520564045457,70.92519313952998,70.21894106131484,70.87189483642578,33053600,0.0,0.0,0.0
2003-11-28,70.81192028475597,71.06510880356106,70.75861690360857,70.92518615722656,10507500,0.0,0.0,0.0
2003-12-01,71.19170606181052,71.74471726659328,71.1583952572794,71.69141387939453,38699000,0.0,0.0,0.0
2003-12-02,71.54483118984665,71.80467884499875,71.33828692121054,71.51152038574219,35352000,0.0,0.0,0.0
2003-12-03,71.72472874069221,72.01122808867163,71.33828681396821,71.39825439453125,39078600,0.0,0.0,0.0
2003-12-04,71.40491452731473,71.77136896019266,71.25167364323181,71.69141387939453,36089500,0.0,0.0,0.0
2003-12-05,71.3715938029616,71.82466236459814,71.03845530420797,71.19169616699219,28824400,0.0,0.0,0.0
2003-12-08,71.11839853157066,71.71804878899495,71.07842354217223,71.6714096069336,32482900,0.0,0.0,0.0
2003-12-09,71.89127656724976,71.9112640603787,70.98513960128352,71.11839294433594,43596100,0.0,0.0,0.0
2003-12-10,71.13840198114258,71.27832464199801,70.59871917006582,71.11175537109375,36915400,0.0,0.0,0.0
2003-12-11,71.07844659197299,72.0245589253377,71.07178239714894,71.91129302978516,45304000,0.0,0.0,0.0
2003-12-12,71.93792736908017,72.09116823002157,71.55148549518358,72.05119323730469,34142200,0.0,0.0,0.0
2003-12-15,72.73746870753877,72.77744878958322,71.61146388188719,71.69141387939453,38693400,0.0,0.0,0.0
2003-12-16,71.74472178828188,72.29106883327545,71.63811500716551,72.06453704833984,32894200,0.0,0.0,0.0
2003-12-17,71.99789026827222,72.29105377197266,71.82466190998564,72.29105377197266,23198800,0.0,0.0,0.0
2003-12-18,72.32436949310038,73.11057654675483,72.21776273443331,73.10391235351562,29353100,0.0,0.0,0.0
2003-12-19,73.16815401513543,73.21501356050511,72.68616720144297,72.90038299560547,41465100,0.516,0.0,0.0
2003-12-22,72.8267627093561,73.40916442871094,72.82006702780713,73.40916442871094,27611300,0.0,0.0,0.0
2003-12-23,73.28867549394846,73.60330105790054,73.22172888595398,73.4560317993164,24741200,0.0,0.0,0.0
2003-12-24,73.31544627688737,73.55643975951043,73.25520045988611,73.38239288330078,8055800,0.0,0.0,0.0
2003-12-26,73.44263165558198,73.69032079654947,73.38907641851195,73.4359359741211,8308400,0.0,0.0,0.0
2003-12-29,73.70372812296142,74.48695453661644,73.48951222074868,74.41332244873047,22483700,0.0,0.0,0.0
2003-12-30,74.3664458512464,74.48694259613194,74.20578522716873,74.42669677734375,19559500,0.0,0.0,0.0
2003-12-31,74.45348083169335,74.65430535231351,74.19909595534106,74.49364471435547,31501800,0.0,0.0,0.0
2004-01-02,74.80156244008343,75.10280681233995,74.12544673745619,74.46015930175781,38072300,0.0,0.0,0.0
2004-01-05,74.76809563398697,75.3237146194726,74.70114903403895,75.2701644897461,27959800,0.0,0.0,0.0
2004-01-06,75.0827280033157,75.46430013822209,74.97561752676931,75.34380340576172,20472800,0.0,0.0,0.0
2004-01-07,75.23672285463682,75.68523666212684,74.90201014326027,75.59821319580078,30170400,0.0,0.0,0.0
2004-01-08,75.81239826099865,75.91950873653997,75.49107194168327,75.89942169189453,36438400,0.0,0.0,0.0
2004-01-09,75.5312583631653,75.97977209160813,75.15637671952243,75.23670959472656,54084300,0.0,0.0,0.0
2004-01-12,75.34381418758278,75.81240982125843,75.21662175530966,75.79232788085938,31564100,0.0,0.0,0.0
2004-01-13,75.7052965677592,75.79902079838476,74.81496489625356,75.35050201416016,54239700,0.0,0.0,0.0
2004-01-14,75.48441632337804,76.08690025902965,75.42416537615742,75.97978973388672,30112800,0.0,0.0,0.0
2004-01-15,76.02660427187847,76.35462112300971,75.3638748889335,76.16718292236328,38408700,0.0,0.0,0.0
2004-01-16,76.34126001528912,76.52200259478853,76.0667931972864,76.46845245361328,31922700,0.0,0.0,0.0
2004-01-20,76.6692987783387,76.74963167391175,76.19400730431468,76.4483871459961,29863000,0.0,0.0,0.0
2004-01-21,76.40152169579692,77.18475332233928,76.12705992814175,77.05086517333984,30725000,0.0,0.0,0.0
2004-01-22,77.07761584564052,77.23827646093896,76.70273937417456,76.85001373291016,29888500,0.0,0.0,0.0
2004-01-23,76.98392826675665,77.2316175267686,76.28102948748362,76.60235595703125,44245300,0.0,0.0,0.0
2004-01-26,76.57553283551194,77.60644804927978,76.56883715481058,77.5662841796875,30460600,0.0,0.0,0.0
2004-01-27,77.48598401459564,77.98805302548935,76.74961715341355,76.76969909667969,35322800,0.0,0.0,0.0
2004-01-28,76.97050560756121,77.17133008716723,75.60487769554429,75.89273071289062,52621300,0.0,0.0,0.0
2004-01-29,76.01990449076493,76.21403836162249,75.35047946324553,75.96635437011719,60117100,0.0,0.0,0.0
2004-01-30,75.99312687678724,76.12701494667571,75.70527391066159,75.96635437011719,30984400,0.0,0.0,0.0
2004-02-02,76.11364016050076,76.76967907754386,75.72537744154543,76.29438781738281,38832400,0.0,0.0,0.0
2004-02-03,76.14040530694123,76.4081763538538,75.93958085223775,76.16718292236328,25093500,0.0,0.0,0.0
2004-02-04,75.77223917927604,76.13372939613109,75.50446808079356,75.54463195800781,39332600,0.0,0.0,0.0
2004-02-05,75.75885302362235,76.00654220052593,75.49777758916339,75.76554870605469,37226800,0.0,0.0,0.0
2004-02-06,75.92619274019141,76.78305604113541,75.77891840272139,76.6156997680664,37216000,0.0,0.0,0.0
2004-02-09,76.76300582856959,76.89689396674021,76.50862602701079,76.63581848144531,24851300,0.0,0.0,0.0
2004-02-10,76.50188135747607,77.07758721469726,76.48849510588563,76.88345336914062,27908100,0.0,0.0,0.0
2004-02-11,76.88349561938931,77.91441120681512,76.42828620555595,77.7001953125,42965700,0.0,0.0,0.0
2004-02-12,77.63324510615708,77.83406961171806,77.37216967381136,77.41902923583984,27814700,0.0,0.0,0.0
2004-02-13,77.53281253213824,77.78719222381163,76.81652790110003,77.07090759277344,44739900,0.0,0.0,0.0
2004-02-17,77.55290451235487,77.94117233465288,77.49934927328437,77.76712036132812,23984300,0.0,0.0,0.0
2004-02-18,77.78722831940017,78.05499949701483,77.21821775903803,77.42574310302734,28618000,0.0,0.0,0.0
2004-02-19,77.8742452155455,77.91440909860853,77.02407223710743,77.13787841796875,51146200,0.0,0.0,0.0
2004-02-20,77.30523899388254,77.3587891384764,76.5287031632074,76.90357971191406,46728800,0.0,0.0,0.0
2004-02-23,77.13115265803785,77.1579302720746,76.42825433466945,76.70941162109375,36357000,0.0,0.0,0.0
2004-02-24,76.4952134040679,76.97720035293351,75.66512760730426,76.57554626464844,43953000,0.0,0.0,0.0
2004-02-25,76.622406694498,77.0240607873506,76.52868757640935,76.8968734741211,31213600,0.0,0.0,0.0
2004-02-26,76.7228292836719,77.1780386637348,76.5420816037874,76.94374084472656,29683000,0.0,0.0,0.0
2004-02-27,77.11112066331164,77.47930160331724,76.7362389313227,76.997314453125,39312000,0.0,0.0,0.0
2004-03-01,77.27178467337829,77.88095921472512,77.15128788063886,77.76046752929688,33130800,0.0,0.0,0.0
2004-03-02,77.61317184521445,78.30267909529692,77.13788048940333,77.30523681640625,38556400,0.0,0.0,0.0
2004-03-03,77.15125966781238,77.56630515932048,76.93034811068827,77.44580841064453,31346200,0.0,0.0,0.0
2004-03-04,77.46591721902648,77.72029706232246,77.33202905888825,77.64665985107422,21060000,0.0,0.0,0.0
2004-03-05,77.26505203349146,78.28927172824933,77.17133291810896,77.90769958496094,55905600,0.0,0.0,0.0
2004-03-08,77.88092004821762,78.06836338167749,76.92364697998919,76.95711517333984,39281600,0.0,0.0,0.0
2004-03-09,77.05083160867913,77.12446878172354,76.47512558704561,76.64917755126953,39746100,0.0,0.0,0.0
2004-03-10,76.79647669566477,76.82994489865952,75.35051549330561,75.36390686035156,67671800,0.0,0.0,0.0
2004-03-11,75.24337599582597,75.82577251565164,74.37312139537018,74.38651275634766,89134800,0.0,0.0,0.0
2004-03-12,74.79489633634007,75.45093031691,74.69448151273568,75.36390686035156,54012200,0.0,0.0,0.0
2004-03-15,75.15634807538035,75.20990330510507,74.23923902605648,74.4400634765625,57677200,0.0,0.0,0.0
2004-03-16,74.82836443611515,75.01580271601944,74.19910297588501,74.8350601196289,59832600,0.0,0.0,0.0
2004-03-17,75.09612311259541,75.81910359259251,75.04256786800839,75.67182922363281,41607300,0.0,0.0,0.0
2004-03-18,75.44419020108609,75.8257622202107,74.9287352342117,75.69187927246094,60014300,0.0,0.0,0.0
2004-03-19,75.51386773774134,75.62134855670216,74.59353856030702,74.60697174072266,48636200,0.395,0.0,0.0
2004-03-22,74.25770507809985,74.27785742555126,73.29035139870732,73.65982818603516,62752100,0.0,0.0,0.0
2004-03-23,74.0628660441826,74.1636328733671,73.46498934962536,73.53216552734375,54080200,0.0,0.0,0.0
2004-03-24,73.61278845150197,73.98897919000619,73.12239256005373,73.59263610839844,51584300,0.0,0.0,0.0
2004-03-25,73.94865199018622,74.76821452831044,73.75383752413924,74.56668090820312,49873600,0.0,0.0,0.0
2004-03-26,74.53984443604432,75.09741660510453,74.43236354664859,74.58686828613281,37409500,0.0,0.0,0.0
2004-03-29,74.9899335520616,75.73560115092435,74.95634801508072,75.63483428955078,44113600,0.0,0.0,0.0
2004-03-30,75.4399973050978,75.95725948763837,75.38625431529229,75.89008331298828,39059900,0.0,0.0,0.0
2004-03-31,75.90352165748519,76.17895065505087,75.49374030148654,75.9774169921875,48517600,0.0,0.0,0.0
2004-04-01,75.95723909741083,76.49465860077188,75.94380591617231,76.43419647216797,45103800,0.0,0.0,0.0
2004-04-02,77.12615529133348,77.14630763485583,76.51484532855918,77.01195526123047,50987700,0.0,0.0,0.0
2004-04-05,76.8910013574183,77.50903019738877,76.87756817620686,77.43513488769531,30251800,0.0,0.0,0.0
2004-04-06,77.13956064945471,77.37467976546242,76.9984891798501,77.18658447265625,28420900,0.0,0.0,0.0
2004-04-07,77.22022358312246,77.2403810572381,76.65593731306606,77.00525665283203,45890500,0.0,0.0,0.0
2004-04-08,77.52921760842305,77.52921760842305,76.40735434840718,76.83057403564453,46929700,0.0,0.0,0.0
2004-04-12,76.97163443677506,77.30752042563317,76.96491528193813,77.13285827636719,23085200,0.0,0.0,0.0
2004-04-13,77.42839572616109,77.4552672050736,75.92362365832366,76.05126190185547,56210300,0.0,0.0,0.0
2004-04-14,75.64822188638253,76.34014601191878,75.60791721894144,76.17220306396484,62322300,0.0,0.0,0.0
2004-04-15,76.21252864968396,76.43421463188083,75.48029965572958,75.88336181640625,61602500,0.0,0.0,0.0
2004-04-16,76.16551109513465,76.61560225145384,75.8968063826749,76.46781158447266,47059200,0.0,0.0,0.0
2004-04-19,76.27971623566529,76.57529244441378,76.09161576164405,76.46781158447266,28277600,0.0,0.0,0.0
2004-04-20,76.63577624689265,76.79700014496737,75.09069808759602,75.18474578857422,53299400,0.0,0.0,0.0
2004-04-21,75.37279639183113,75.87662525842148,75.15111558569271,75.68852996826172,50177300,0.0,0.0,0.0
2004-04-22,75.56094252237799,77.03212021775563,75.53407101821016,76.7499771118164,62071500,0.0,0.0,0.0
2004-04-23,76.86414958885443,76.96491641203414,76.4409350817559,76.82384490966797,29395700,0.0,0.0,0.0
2004-04-26,76.91790330336758,77.21348465918707,76.31330740519783,76.71636962890625,35515200,0.0,0.0,0.0
2004-04-27,76.73650736038,77.33438394890717,76.55512607497207,76.78353118896484,43485500,0.0,0.0,0.0
2004-04-28,76.50811008068446,76.5887245630331,75.5743474423033,75.78931427001953,50165800,0.0,0.0,0.0
2004-04-29,75.72213658655052,76.12519873982501,74.67417396299417,75.12425994873047,69687600,0.0,0.0,0.0
2004-04-30,75.35265357305366,75.49372505848858,74.49950550631492,74.53981018066406,48681400,0.0,0.0,0.0
2004-05-03,74.81525204057382,75.43328107163283,74.80181372999517,75.3392333984375,33758000,0.0,0.0,0.0
2004-05-04,75.40639348518049,76.08488451863677,75.01005053631816,75.27875518798828,51185100,0.0,0.0,0.0
2004-05-05,75.51392160597388,75.88339327090529,75.3459785423099,75.7624740600586,34405000,0.0,0.0,0.0
2004-05-06,75.25188080043097,75.63479055205208,74.5666757647136,75.11080932617188,54997000,0.0,0.0,0.0
2004-05-07,74.71449150625446,75.39298274164787,73.86805725097656,73.86805725097656,60950000,0.0,0.0,0.0
2004-05-10,73.51873675475761,73.7269844557486,72.79322169133758,73.10895538330078,75279400,0.0,0.0,0.0
2004-05-11,73.53216760815334,73.92851578077124,73.44483908716958,73.72698211669922,48300600,0.0,0.0,0.0
2004-05-12,73.60605472925847,74.25767436179822,72.59167761699928,74.19721221923828,90830500,0.0,0.0,0.0
2004-05-13,73.73370178026593,74.43905935895008,73.64636813346645,73.8882064819336,57393700,0.0,0.0,0.0
2004-05-14,73.86135180135415,74.39205245769546,73.40454649749171,73.92181396484375,54123100,0.0,0.0,0.0
2004-05-17,73.1492346211422,73.55901585004987,72.82678701082254,73.2903060913086,55020400,0.0,0.0,0.0
2004-05-18,73.55234216600687,73.8546427534248,73.4448612711941,73.65982818603516,30193100,0.0,0.0,0.0
2004-05-19,74.23079215907404,74.68759723890761,73.32390115321385,73.40451049804688,54804100,0.0,0.0,0.0
2004-05-20,73.52543568484906,73.80758379059732,73.25001185867322,73.63964080810547,38082900,0.0,0.0,0.0
2004-05-21,73.8747589165998,74.2643878605366,73.53887295635353,73.76727294921875,47480400,0.0,0.0,0.0
2004-05-24,74.25097138985892,74.40548123210861,73.67996611454528,74.07630920410156,40961500,0.0,0.0,0.0
2004-05-25,73.82775698782237,75.22504422699653,73.6262233018054,75.13771057128906,48668000,0.0,0.0,0.0
2004-05-26,75.01007244131007,75.43328700397217,74.90930560490075,75.39969635009766,35977000,0.0,0.0,0.0
2004-05-27,75.6012281140748,75.93039498783425,75.27877527074936,75.82291412353516,45306900,0.0,0.0,0.0
2004-05-28,75.72884124526067,75.82960292038152,75.48028382113372,75.81616973876953,23367200,0.0,0.0,0.0
2004-06-01,75.54745012948531,75.81615985360115,75.15110725845354,75.71539306640625,41044700,0.0,0.0,0.0
2004-06-02,75.9303900466773,76.23269052860039,75.54748020307908,75.99756622314453,39774200,0.0,0.0,0.0
2004-06-03,75.78258097234459,76.03785755620116,75.28547123700089,75.29890441894531,38688300,0.0,0.0,0.0
2004-06-04,75.89679718017578,76.29985932520792,75.71541588352271,75.89679718017578,32739500,0.0,0.0,0.0
2004-06-07,76.1991431811963,77.12618724378946,76.19242402216702,77.05229187011719,31643800,0.0,0.0,0.0
2004-06-08,76.83052418891943,77.19999551520162,76.69616678600792,77.1596908569336,32846500,0.0,0.0,0.0
2004-06-09,76.92462522223674,77.05225843711332,76.39392464396003,76.44094848632812,36737600,0.0,0.0,0.0
2004-06-10,76.60888335206415,76.81713104248047,76.53498801832664,76.81713104248047,21711000,0.0,0.0,0.0
2004-06-14,76.46108369326298,76.48123603187362,75.82290238626379,76.05802154541016,34633000,0.0,0.0,0.0
2004-06-15,76.51484198441416,76.88431355834312,76.25285127964504,76.59545135498047,37445000,0.0,0.0,0.0
2004-06-16,76.58199310302734,76.71634542680725,76.38045949214485,76.58199310302734,26633400,0.0,0.0,0.0
2004-06-17,76.4812447700101,76.62903543699127,76.13192556868411,76.46781158447266,28402400,0.0,0.0,0.0
2004-06-18,76.36936995022127,77.00988600208065,76.30869224362442,76.61209106445312,31799800,0.414,0.0,0.0
2004-06-21,76.69296875789814,76.95591566784017,76.27494808736252,76.3221435546875,25284000,0.0,0.0,0.0
2004-06-22,76.27497887419229,76.78064700417109,75.9648363717426,76.70648193359375,37334000,0.0,0.0,0.0
2004-06-23,76.5985878226337,77.42788044873357,76.4704836186342,77.36720275878906,35580000,0.0,0.0,0.0
2004-06-24,77.2391133254997,77.48857810101508,77.0368491764175,77.12449645996094,35272100,0.0,0.0,0.0
2004-06-25,77.13802075523635,77.49535888589837,76.64583465003491,76.75370788574219,32837900,0.0,0.0,0.0
2004-06-28,77.21215764555973,77.2728405019556,76.46377347211059,76.49073791503906,40824500,0.0,0.0,0.0
2004-06-29,76.54467016937372,76.97617323214106,76.47050509821787,76.8076171875,28418100,0.0,0.0,0.0
2004-06-30,76.90876004992673,77.39420233332163,76.62558709925398,77.21890258789062,52230600,0.0,0.0,0.0
2004-07-01,77.03011313985179,77.13124779639098,75.90415998539049,76.14688110351562,57734700,0.0,0.0,0.0
2004-07-02,76.29519421608852,76.38284148876532,75.91762525888734,76.10640716552734,34615100,0.0,0.0,0.0
2004-07-06,75.76257182043118,75.81650584464013,75.26364223110124,75.4389419555664,38698200,0.0,0.0,0.0
2004-07-07,75.38498840350704,75.8974001151373,75.34453660708823,75.66142272949219,29839800,0.0,0.0,0.0
2004-07-08,75.3850264404397,75.72888231526223,74.97374915626,75.13556671142578,45291100,0.0,0.0,0.0
2004-07-09,75.32431863547467,75.47264876318116,75.09507976249508,75.33106231689453,27412900,0.0,0.0,0.0
2004-07-12,75.18946927585195,75.54006868801525,74.83887500761028,75.3647689819336,35691300,0.0,0.0,0.0
2004-07-13,75.45915296803032,75.52657434292959,75.24340148199998,75.418701171875,26752000,0.0,0.0,0.0
2004-07-14,75.01415860049363,75.77602981708976,74.91976765839927,75.189453125,54089400,0.0,0.0,0.0
2004-07-15,75.3377923647165,75.45241436025064,74.63659874979773,74.70402526855469,38403500,0.0,0.0,0.0
2004-07-16,75.2231895138079,75.29061090119231,74.46131806291207,74.64335632324219,40871200,0.0,0.0,0.0
2004-07-19,74.67034051018256,74.81192699455636,74.15792860678937,74.32648468017578,39592800,0.0,0.0,0.0
2004-07-20,74.52201916442785,75.4457084077433,74.33323716291491,75.2704086303711,46679800,0.0,0.0,0.0
2004-07-21,75.39171452813692,75.553526820053,73.79380207071556,73.88145446777344,56241100,0.0,0.0,0.0
2004-07-22,73.73315356855773,74.42760362109489,73.33535864460838,74.08374786376953,72477100,0.0,0.0,0.0
2004-07-23,73.90843788683702,73.96911557870325,73.28140935128111,73.46344757080078,49610500,0.0,0.0,0.0
2004-07-26,73.61853679879728,73.78034915497001,72.95779486654872,73.3218765258789,49679100,0.0,0.0,0.0
2004-07-27,73.52416819155002,74.23884436394489,73.47022900844605,74.00960540771484,51295100,0.0,0.0,0.0
2004-07-28,73.86123557892465,74.41409901066223,73.21397606203725,74.2320556640625,65862300,0.0,0.0,0.0
2004-07-29,74.52872429760158,74.75121946026377,74.16464270704193,74.5489501953125,52200500,0.0,0.0,0.0
2004-07-30,74.3804085106408,74.77145975474983,74.23207837363931,74.73100280761719,41581700,0.0,0.0,0.0
2004-08-02,74.2927321910468,75.08157290893034,74.19834125782586,74.88604736328125,38263100,0.0,0.0,0.0
2004-08-03,74.79167843443032,74.87932571423063,74.2725281489766,74.30623626708984,40948800,0.0,0.0,0.0
2004-08-04,74.09049167060068,74.67032485298185,73.92193563255783,74.29949951171875,40763200,0.0,0.0,0.0
2004-08-05,74.36016706827542,74.42084476041005,72.99823168037138,73.08588409423828,50772000,0.0,0.0,0.0
2004-08-06,72.56674946555266,72.7892446881525,71.88578672087675,72.04085540771484,74729000,0.0,0.0,0.0
2004-08-09,72.15544999006997,72.46559755574633,72.05432050552429,72.1419677734375,37476300,0.0,0.0,0.0
2004-08-10,72.35099095804998,73.09264162862989,72.31728283733761,73.0724105834961,55870600,0.0,0.0,0.0
2004-08-11,72.60044247361687,73.03868911415914,72.20939130858399,72.924072265625,52933200,0.0,0.0,0.0
2004-08-12,72.60047209855631,72.7825103943967,71.89253453311707,72.1285171508789,50015900,0.0,0.0,0.0
2004-08-13,72.20939772454747,72.37795374404638,71.86554200447168,72.27008056640625,41634700,0.0,0.0,0.0
2004-08-16,72.23637590092873,73.24771213826926,72.209406317329,73.01847839355469,45731900,0.0,0.0,0.0
2004-08-17,73.32188544742253,73.67922346841452,73.17355529291505,73.42976379394531,40701600,0.0,0.0,0.0
2004-08-18,73.16677310228013,74.27924353166537,73.14654720893276,74.18485260009766,43165400,0.0,0.0,0.0
2004-08-19,74.03656812917752,74.17815461374445,73.61180867547672,73.96914672851562,39881600,0.0,0.0,0.0
2004-08-20,73.90168171994645,74.5893878311732,73.83426035906855,74.4882583618164,44870900,0.0,0.0,0.0
2004-08-23,74.5354820801164,74.68380707269957,74.19837000403069,74.29949951171875,33745100,0.0,0.0,0.0
2004-08-24,74.59611449194024,74.65679730363014,74.06347711785753,74.40058898925781,30453100,0.0,0.0,0.0
2004-08-25,74.38718337016664,75.0209508430902,74.09726665649416,74.90633392333984,38551400,0.0,0.0,0.0
2004-08-26,74.81194291367198,75.04792043784163,74.73777781408664,74.90633392333984,26629500,0.0,0.0,0.0
2004-08-27,74.9737169263233,75.26363349146033,74.87258742772332,75.14227294921875,24902900,0.0,0.0,0.0
2004-08-30,74.9871965066109,75.06810009709476,74.46804112937458,74.52198028564453,26726500,0.0,0.0,0.0
2004-08-31,74.60965657069784,74.94676868935686,74.23208749993229,74.91305541992188,44125300,0.0,0.0,0.0
2004-09-01,74.80516169650193,75.27037797068041,74.48828069099311,75.05462646484375,52778300,0.0,0.0,0.0
2004-09-02,75.0006738525949,75.9850402429442,75.0006738525949,75.90413665771484,42736600,0.0,0.0,0.0
2004-09-03,75.73560348955405,76.06597189796014,75.51985195738159,75.5940170288086,30480500,0.0,0.0,0.0
2004-09-07,75.8771745370447,76.27496425396451,75.72884442432162,76.09292602539062,37338800,0.0,0.0,0.0
2004-09-08,75.9311062340982,76.22776128647368,75.72209330310736,75.90413665771484,32963100,0.0,0.0,0.0
2004-09-09,75.89743920048517,76.10644711484468,75.53335741345884,75.83676147460938,34314800,0.0,0.0,0.0
2004-09-10,75.86372431201602,76.36939259260174,75.56706908527387,76.2278060913086,27900600,0.0,0.0,0.0
2004-09-13,76.39633277055867,76.68624934556048,76.1940686225548,76.47724151611328,44398100,0.0,0.0,0.0
2004-09-14,76.3896259135296,76.65257301572994,76.31546081866038,76.6323471069336,28048900,0.0,0.0,0.0
2004-09-15,76.38961765378284,76.43006946700162,75.97159672280314,76.05250549316406,38295000,0.0,0.0,0.0
2004-09-16,76.08618217405906,76.4367815567859,76.05247405828382,76.28170776367188,23911700,0.0,0.0,0.0
2004-09-17,76.47060122308976,76.74818623762977,76.29457699299124,76.60601043701172,33683000,0.469,0.0,0.0
2004-09-20,76.28103393218792,76.49768351038863,76.01699242017249,76.1456298828125,37149400,0.0,0.0,0.0
2004-09-21,76.33522587931711,76.82268890207327,76.19305002523578,76.47740173339844,40920800,0.0,0.0,0.0
2004-09-22,76.16592773366567,76.17946607029423,75.46858717731288,75.52275085449219,49042100,0.0,0.0,0.0
2004-09-23,75.55662524926626,75.62432728634485,75.1165542602539,75.1165542602539,44068700,0.0,0.0,0.0
2004-09-24,75.26549825464825,75.64463894182423,75.2384164080404,75.46183776855469,34981100,0.0,0.0,0.0
2004-09-27,75.218092163897,75.28579418501306,74.8660385548936,74.98113250732422,39355100,0.0,0.0,0.0
2004-09-28,75.08947540323676,75.49569277927934,74.75096006231225,75.33997344970703,41662900,0.0,0.0,0.0
2004-09-29,75.29257352731723,75.72587270454267,75.15039771904017,75.71910095214844,33325700,0.0,0.0,0.0
2004-09-30,75.5227716919417,75.8138950804385,75.32643218199418,75.66494750976562,43536700,0.0,0.0,0.0
2004-10-01,76.0034771849202,76.94454956054688,75.96962357961883,76.94454956054688,62824300,0.0,0.0,0.0
2004-10-04,77.24921824742684,77.47941142030194,77.04611209348043,77.07318878173828,33082400,0.0,0.0,0.0
2004-10-05,77.07994644669093,77.28982948233948,76.87006857637684,77.11380004882812,36910600,0.0,0.0,0.0
2004-10-06,77.02576827248154,77.6418685913086,76.96483799848774,77.6418685913086,42297800,0.0,0.0,0.0
2004-10-07,77.43877423223617,77.4523177396324,76.74820514973257,76.80913543701172,39388800,0.0,0.0,0.0
2004-10-08,76.60602874965109,77.02578449981823,76.0644020951543,76.1727294921875,51872600,0.0,0.0,0.0
2004-10-11,76.35555435330866,76.51804034488588,76.26077042777723,76.48419189453125,20229100,0.0,0.0,0.0
2004-10-12,75.96278941769242,76.38932176659507,75.7867652776771,76.18621063232422,41754700,0.0,0.0,0.0
2004-10-13,76.50447842172083,76.55187036988195,75.36706650051902,75.5160140991211,54212600,0.0,0.0,0.0
2004-10-14,75.61075129789114,75.78000888898015,74.8660189301659,74.9066390991211,64082200,0.0,0.0,0.0
2004-10-15,75.16394781293782,75.65141075488127,74.85928605689038,75.3264389038086,63482200,0.0,0.0,0.0
2004-10-18,75.07593915715934,75.75974165824691,74.94730166226132,75.61079406738281,43535100,0.0,0.0,0.0
2004-10-19,75.8409712708079,75.98315225304651,74.87281723302793,74.97437286376953,55851900,0.0,0.0,0.0
2004-10-20,74.73063269806242,75.02852780272971,74.30410529710701,74.8254165649414,57118500,0.0,0.0,0.0
2004-10-21,75.0082653612074,75.36709096595605,74.61558614021068,75.31292724609375,53218300,0.0,0.0,0.0
2004-10-22,75.27903837645258,75.31965856187125,74.37858638722379,74.46659851074219,48752400,0.0,0.0,0.0
2004-10-25,74.30411203251208,74.5546152264471,74.03329874602386,74.37858581542969,43990900,0.0,0.0,0.0
2004-10-26,74.56139821644504,75.5566342931635,74.39214052082175,75.5160140991211,54337400,0.0,0.0,0.0
2004-10-27,75.40766427227344,76.57215769835585,75.23164004020678,76.42321014404297,73896000,0.0,0.0,0.0
2004-10-28,76.35549392380645,76.88357685249781,76.15915447192563,76.65338897705078,54413300,0.0,0.0,0.0
2004-10-29,76.58570353805433,76.93775717825697,76.43675597919928,76.63986206054688,48820200,0.0,0.0,0.0
2004-11-01,76.88360276847196,77.07317053340617,76.63987130917533,76.8497543334961,36720900,0.0,0.0,0.0
2004-11-02,76.95807906293695,77.56740773102058,76.65341731156231,76.87683868408203,56210000,0.0,0.0,0.0
2004-11-03,77.87884966044284,78.10227105713162,77.34399472534012,77.84500122070312,76960200,0.0,0.0,0.0
2004-11-04,77.70959628784824,78.98918411774767,77.6418942392684,78.90794372558594,55350300,0.0,0.0,0.0
2004-11-05,79.24644647420645,79.64589211275079,78.86730576512362,79.40216064453125,63287200,0.0,0.0,0.0
2004-11-08,79.19906671132607,79.36832441443468,79.02303725379927,79.28707885742188,33863800,0.0,0.0,0.0
2004-11-09,79.26676454012467,79.55111622653062,79.05011489829135,79.13135528564453,44658100,0.0,0.0,0.0
2004-11-10,79.25318337435645,79.58493201619916,79.05007733714572,79.19225311279297,45265400,0.0,0.0,0.0
2004-11-11,79.33444170269966,79.97085208581898,79.28027801789518,79.7948226928711,37863200,0.0,0.0,0.0
2004-11-12,79.86932681546986,80.56666773495745,79.672987257452,80.42449188232422,55583700,0.0,0.0,0.0
2004-11-15,80.465912357132,80.64925013112104,80.28257458314296,80.6220932006836,35297900,0.351,0.0,0.0
2004-11-16,80.37087740716011,80.40483135378132,79.9430856552152,80.04493713378906,40028700,0.0,0.0,0.0
2004-11-17,80.37763596267246,80.900492331962,80.17392272855601,80.52023315429688,54494000,0.0,0.0,0.0
2004-11-18,80.48629377380466,80.66963675378679,80.28258568350014,80.62889099121094,31854300,0.0,0.0,0.0
2004-11-19,80.60169527637606,80.61527891845337,79.54239914257337,79.73252868652344,54276500,0.0,0.0,0.0
2004-11-22,79.56274670759659,80.20783482539773,79.46768196276527,80.1127700805664,37560200,0.0,0.0,0.0
2004-11-23,80.07884269135542,80.3029261701013,79.69858358607155,80.23502349853516,41968800,0.0,0.0,0.0
2004-11-24,80.30971539556462,80.52700705995487,80.16033158556789,80.42515563964844,29724800,0.0,0.0,0.0
2004-11-26,80.47266969903737,80.79181789167944,80.33007256244764,80.36402130126953,15487700,0.0,0.0,0.0
2004-11-29,80.66280349070753,80.81219245523756,79.7732667045491,79.99734497070312,61460800,0.0,0.0,0.0
2004-11-30,80.12639892187963,80.28936641825926,79.88194508698854,80.05170440673828,53685200,0.0,0.0,0.0
2004-12-01,80.23501659593622,81.14492371405545,80.19427085198846,80.96158599853516,49898300,0.0,0.0,0.0
2004-12-02,80.87328397408443,81.39614522501486,80.81217314718178,81.02946472167969,60163500,0.0,0.0,0.0
2004-12-03,81.01592215150986,81.57952423940122,80.86653314694661,80.97518157958984,49067900,0.0,0.0,0.0
2004-12-06,80.94800567626953,81.23999181343494,80.69676010408112,80.94800567626953,33030500,0.0,0.0,0.0
2004-12-07,81.1381282721272,81.22640639620643,80.15352671146101,80.19426727294922,52047200,0.0,0.0,0.0
2004-12-08,80.26899132587238,80.68320445572866,80.13318595045587,80.66283416748047,43895100,0.0,0.0,0.0
2004-12-09,80.22143624387769,81.1177649378624,79.94303374879897,80.94800567626953,60922800,0.0,0.0,0.0
2004-12-10,80.75105713963937,81.18564028863517,80.70352476961294,81.02946472167969,47828600,0.0,0.0,0.0
2004-12-13,81.32147426278877,81.75605753738067,81.04306660028764,81.73568725585938,38541000,0.0,0.0,0.0
2004-12-14,81.6066914318809,82.13633962240917,81.6066914318809,82.02090454101562,41500700,0.0,0.0,0.0
2004-12-15,81.95977385024963,82.23818154100267,81.69494980231674,82.08200073242188,46699200,0.0,0.0,0.0
2004-12-16,81.9733358816546,82.32643279226087,81.51159057969845,82.0344467163086,51641800,0.0,0.0,0.0
2004-12-17,81.5009854439484,81.84893184441597,81.29631507111513,81.48734283447266,70761900,0.568,0.0,0.0
2004-12-20,81.69880203436044,82.06721479340881,81.3030988629625,81.50777435302734,47187400,0.0,0.0,0.0
2004-12-21,81.59647824592174,82.19685701007576,81.50096438891812,82.13545227050781,33094200,0.0,0.0,0.0
2004-12-22,82.12860699887692,82.60618136476691,82.07403138415494,82.33328247070312,31500700,0.0,0.0,0.0
2004-12-23,82.46293537390916,82.74265305059531,82.31966458266282,82.39470672607422,25646100,0.0,0.0,0.0
2004-12-27,82.68805532604797,82.79721697619652,82.1354387862343,82.22412872314453,29944100,0.0,0.0,0.0
2004-12-28,82.30600281402685,82.77675333766238,82.27871240054364,82.6744155883789,23422900,0.0,0.0,0.0
2004-12-29,82.60620586058552,82.82452399955332,82.51751070077312,82.79723358154297,22650600,0.0,0.0,0.0
2004-12-30,82.8245059161071,82.94048626349233,82.57889741275376,82.64029693603516,21076900,0.0,0.0,0.0
2004-12-31,82.756309549858,83.0019181335254,82.41518709533281,82.46294403076172,28648800,0.0,0.0,0.0
2005-01-03,82.93368330646035,83.07013540118479,81.80115954838118,82.07405853271484,55748000,0.0,0.0,0.0
2005-01-04,82.1832320980468,82.23781294728975,80.80509948791796,81.07117462158203,69167600,0.0,0.0,0.0
2005-01-05,81.00972388501661,81.35767009505614,80.50486432886058,80.51168823242188,65667300,0.0,0.0,0.0
2005-01-06,80.80508590287437,81.28947914695723,80.68228161528185,80.92106628417969,47814700,0.0,0.0,0.0
2005-01-07,81.16666551397874,81.34405062121421,80.59357716949292,80.8050765991211,55847700,0.0,0.0,0.0
2005-01-10,80.73682694700781,81.50094280579809,80.73682694700781,81.1871109008789,56563300,0.0,0.0,0.0
2005-01-11,80.94150985122073,81.00973327940531,80.49804976035,80.62767791748047,63099700,0.0,0.0,0.0
2005-01-12,80.77777270315944,81.07795682864261,80.17739404196524,80.89375305175781,72720500,0.0,0.0,0.0
2005-01-13,80.94152339846443,81.00292813768766,80.1637647357354,80.24563598632812,55537500,0.0,0.0,0.0
2005-01-14,80.4844286814511,80.86648414555256,80.34115788241306,80.66863250732422,42032500,0.0,0.0,0.0
2005-01-18,80.53898813763013,81.61011209805977,80.47075950419922,81.50777435302734,57391700,0.0,0.0,0.0
2005-01-19,81.48046829885273,81.54186781101694,80.6481290998738,80.65495300292969,54378900,0.0,0.0,0.0
2005-01-20,80.42984766708686,80.6413419120945,80.0205017842818,80.16377258300781,72049300,0.0,0.0,0.0
2005-01-21,80.36163047837358,80.50490128825575,79.58387167894715,79.67256164550781,63160400,0.0,0.0,0.0
2005-01-24,79.88404023675777,80.05460143484304,79.39282835856856,79.51563262939453,58441900,0.0,0.0,0.0
2005-01-25,79.76126304248092,80.14331856531912,79.63163483075391,79.74079132080078,68245000,0.0,0.0,0.0
2005-01-26,80.04095275084914,80.23198044537943,79.84992505631885,79.97955322265625,57195100,0.0,0.0,0.0
2005-01-27,79.95224481222381,80.33430011528877,79.80897407357445,80.11598205566406,55878800,0.0,0.0,0.0
2005-01-28,80.15691506524585,80.19785327994076,79.55654170255617,80.11598205566406,60738900,0.0,0.0,0.0
2005-01-31,80.47076059200802,80.67543608483969,80.3070233208111,80.6140365600586,52532700,0.0,0.0,0.0
2005-02-01,80.67541800303508,81.24168222852025,80.57308027955622,81.12570190429688,49841200,0.0,0.0,0.0
2005-02-02,81.2280518702365,81.58964072643232,81.1188954254953,81.37132263183594,52468900,0.0,0.0,0.0
2005-02-03,81.22805925023064,81.29628789014603,80.89376077612586,81.15983581542969,48837100,0.0,0.0,0.0
2005-02-04,81.18711243447862,82.16272248118152,81.17346983188244,82.02627563476562,50024600,0.0,0.0,0.0
2005-02-07,82.03991086119643,82.22411460780758,81.84205930810263,81.91710662841797,45412000,0.0,0.0,0.0
2005-02-08,81.98535149174727,82.3128312665251,81.91712805682693,82.01264190673828,39263500,0.0,0.0,0.0
2005-02-09,82.15588960394014,82.20364651548086,81.35766470885396,81.39859771728516,55279400,0.0,0.0,0.0
2005-02-10,81.63741045908536,81.883013783917,81.36451151413257,81.69198608398438,45858600,0.0,0.0,0.0
2005-02-11,81.66470495822956,82.57891574704452,81.50096765467876,82.39470672607422,53133000,0.0,0.0,0.0
2005-02-14,82.34010637446093,82.45608671277616,82.19683562622797,82.33328247070312,32432100,0.0,0.0,0.0
2005-02-15,82.41516014555614,82.84497242386757,82.33328890940041,82.64029693603516,43852700,0.0,0.0,0.0
2005-02-16,82.50384994557551,82.86543879572103,82.32646487008593,82.69487762451172,55523000,0.0,0.0,0.0
2005-02-17,82.70852027707217,82.77674370028012,82.01945173091077,82.02627563476562,58124000,0.0,0.0,0.0
2005-02-18,82.03311450797112,82.19685701007576,81.80115377099513,82.13545227050781,47723300,0.0,0.0,0.0
2005-02-22,81.80115064798366,82.19002996668455,80.90058774124923,80.91423034667969,80697600,0.0,0.0,0.0
2005-02-23,81.13937561338645,81.57601187619458,80.92788138752731,81.494140625,68292600,0.0,0.0,0.0
2005-02-24,81.35087435253264,82.08770003881799,81.17349443944238,82.03311920166016,68563600,0.0,0.0,0.0
2005-02-25,82.05355682888714,83.00870032244819,81.99215731253548,82.84496307373047,60899900,0.0,0.0,0.0
2005-02-28,82.65395691032202,82.75629466930117,81.8966647810369,82.29918670654297,69381300,0.0,0.0,0.0
2005-03-01,82.42878858092193,82.90635769695974,82.40149817356077,82.70851135253906,47294400,0.0,0.0,0.0
2005-03-02,82.38784685518192,83.18607166686391,82.31279954415756,82.66756439208984,64226500,0.0,0.0,0.0
2005-03-03,83.0018723043042,83.16560953463693,82.34691297274783,82.7016830444336,61230800,0.0,0.0,0.0
2005-03-04,83.26799159770553,83.80014178350415,83.09060646740085,83.73191833496094,56168500,0.0,0.0,0.0
2005-03-07,83.6841676967481,84.086689717019,83.50678255309721,83.77285766601562,43442400,0.0,0.0,0.0
2005-03-08,83.69096799570003,83.91611002792934,83.30891257503073,83.4590072631836,44362000,0.0,0.0,0.0
2005-03-09,83.2133648193264,83.4316828572126,82.52429639767111,82.53112030029297,73263600,0.0,0.0,0.0
2005-03-10,82.68805687699005,82.89273237230061,82.14226423135199,82.71534729003906,65149000,0.0,0.0,0.0
2005-03-11,82.76311624656445,83.04283911715709,81.97853887905107,82.13545227050781,57976500,0.0,0.0,0.0
2005-03-14,82.28553637413496,82.66077305345074,82.0603943665455,82.64712524414062,36336400,0.0,0.0,0.0
2005-03-15,82.83817745540087,82.86546787698548,81.92397175533719,81.96490478515625,62438500,0.0,0.0,0.0
2005-03-16,81.66467986181311,81.97851697108632,81.11888728266658,81.26898193359375,74874200,0.0,0.0,0.0
2005-03-17,81.39864018836721,81.69200571378934,81.17350331941378,81.43275451660156,62584200,0.0,0.0,0.0
2005-03-18,81.58134756482558,81.86901456525996,80.92382075287901,81.1909408569336,60232000,0.467,0.0,0.0
2005-03-21,81.30739179120094,81.35533630014065,80.65671556622509,80.88958740234375,61244300,0.0,0.0,0.0
2005-03-22,81.07451255083433,81.45806858732311,80.06767272949219,80.06767272949219,92472400,0.0,0.0,0.0
2005-03-23,80.10192874325021,80.62932360408087,79.96494591541779,80.13617706298828,70817300,0.0,0.0,0.0
2005-03-24,80.45123129545566,80.81424044505438,80.1772604498244,80.2320556640625,51932500,0.0,0.0,0.0
2005-03-28,80.4238146906051,80.77997827346046,80.34847259521484,80.34847259521484,46765500,0.0,0.0,0.0
2005-03-29,80.23208982002257,80.75263412576925,79.62250717240349,79.81428527832031,71160300,0.0,0.0,0.0
2005-03-30,79.98548632024638,80.95807790531398,79.97863561174323,80.94438171386719,62002100,0.0,0.0,0.0
2005-03-31,80.95119789993555,81.13612514618062,80.73202235133975,80.79366302490234,64575400,0.0,0.0,0.0
2005-04-01,81.25257116604482,81.49914434221984,80.0745057111127,80.4306640625,95255300,0.0,0.0,0.0
2005-04-04,80.38275301259355,80.72521531914838,79.95809787126393,80.56768035888672,71581200,0.0,0.0,0.0
2005-04-05,80.67039613513339,81.08134973582516,80.59505403202473,80.95121765136719,46853900,0.0,0.0,0.0
2005-04-06,81.1293159300266,81.47177822643965,80.94438858920994,81.2320556640625,53268200,0.0,0.0,0.0
2005-04-07,81.10189638840441,81.68408105225414,81.0402504784006,81.67037963867188,46734600,0.0,0.0,0.0
2005-04-08,81.62246651619958,81.64986412833697,80.82110595703125,80.82110595703125,63772900,0.0,0.0,0.0
2005-04-11,81.01968603744675,81.10872430421603,80.70462152554349,80.88269805908203,44945000,0.0,0.0,0.0
2005-04-12,80.74578781605292,81.54714861327015,80.18414966429873,81.30057525634766,86144800,0.0,0.0,0.0
2005-04-13,81.20465308829631,81.36903874292693,80.22521077141732,80.3416519165039,65949000,0.0,0.0,0.0
2005-04-14,80.41013910506295,80.47863051145019,79.29370880126953,79.29370880126953,96119800,0.0,0.0,0.0
2005-04-15,79.27317065725144,79.58823534187759,78.14989474665039,78.18414306640625,128677300,0.0,0.0,0.0
2005-04-18,78.16358920252031,78.73892329914055,78.05399876951105,78.42385864257812,100035200,0.0,0.0,0.0
2005-04-19,78.83481187243565,79.12932962754444,78.64988454972057,79.0471420288086,64930100,0.0,0.0,0.0
2005-04-20,79.02658126303982,79.1978123757635,77.77317348932708,77.94440460205078,107735900,0.0,0.0,0.0
2005-04-21,78.62246037249203,79.59505161629794,78.34163890355161,79.45806884765625,86952200,0.0,0.0,0.0
2005-04-22,79.2731665721293,79.79371069734594,78.26632663968698,79.15673065185547,88845800,0.0,0.0,0.0
2005-04-25,79.35534602967712,79.79369725319503,79.25945702613,79.67726135253906,52284100,0.0,0.0,0.0
2005-04-26,79.42382612898196,79.97861317422662,78.86903908373728,78.90328216552734,72626000,0.0,0.0,0.0
2005-04-27,78.67040363467382,79.49916139078749,78.3827366896871,79.21149444580078,84131900,0.0,0.0,0.0
2005-04-28,78.95126827155892,79.23208990825727,78.21839904785156,78.21839904785156,72481500,0.0,0.0,0.0
2005-04-29,78.81425756590741,79.36219922526233,78.0608417034636,79.2800064086914,103993800,0.0,0.0,0.0
2005-05-02,79.49917815238955,79.73205517521018,79.12246762674971,79.72520446777344,56026400,0.0,0.0,0.0
2005-05-03,79.49917352753913,80.0334137142336,79.23890414123008,79.8621826171875,86000300,0.0,0.0,0.0
2005-05-04,79.89641497969737,80.64983061120866,79.64299112545089,80.47859954833984,81055700,0.0,0.0,0.0
2005-05-05,80.59506643124864,80.82109277534784,79.95808642323412,80.45123291015625,96906700,0.0,0.0,0.0
2005-05-06,80.77316966251303,80.81426347212118,80.17728329539123,80.19783020019531,67415400,0.0,0.0,0.0
2005-05-09,80.27999534389771,80.87588150540554,80.17041014756875,80.69779968261719,43750500,0.0,0.0,0.0
2005-05-10,80.38272661536398,80.47861561166512,79.71834912273579,79.8621826171875,74613500,0.0,0.0,0.0
2005-05-11,80.08823504015047,80.41015044367897,79.34851520551815,80.3005599975586,91647400,0.0,0.0,0.0
2005-05-12,80.35534061601031,80.54026792827774,79.4169921875,79.4169921875,95086800,0.0,0.0,0.0
2005-05-13,79.65675623384551,79.87593196055786,78.62936903508859,79.2594985961914,85267000,0.0,0.0,0.0
2005-05-16,79.24576252467152,80.0265760362809,79.21837014317579,79.99918365478516,49207000,0.0,0.0,0.0
2005-05-17,79.73207151593999,80.61561961068593,79.56084037383951,80.53343200683594,61071800,0.0,0.0,0.0
2005-05-18,80.88273991254545,81.56081899882523,80.82794991840507,81.36219024658203,77944900,0.0,0.0,0.0
2005-05-19,81.51972593467438,81.78685134386363,81.30055026540025,81.70465850830078,61768100,0.0,0.0,0.0
2005-05-20,81.73889006515783,81.77313838153101,81.32793639647673,81.58821105957031,46345500,0.0,0.0,0.0
2005-05-23,81.64983835117755,82.21832686604428,81.63614216221289,82.04024505615234,51047900,0.0,0.0,0.0
2005-05-24,81.80739405110992,82.07451422104054,81.64300838841426,81.8484878540039,50654100,0.0,0.0,0.0
2005-05-25,81.7457356945907,82.10189935072906,81.38957726401144,81.78683471679688,47608800,0.0,0.0,0.0
2005-05-26,82.04711498676302,82.3347820524473,81.93067906382792,82.2251968383789,43256200,0.0,0.0,0.0
2005-05-27,82.23204527185017,82.3621826171875,82.05396863940537,82.3621826171875,24596100,0.0,0.0,0.0
2005-05-31,82.24571613278741,82.30735681521809,81.77996737182069,81.83476257324219,43377200,0.0,0.0,0.0
2005-06-01,81.86217318619873,82.82106852247206,81.81422868066302,82.53340148925781,69611000,0.0,0.0,0.0
2005-06-02,82.34849284732024,82.76629207568864,82.25944929859291,82.71150207519531,39704500,0.0,0.0,0.0
2005-06-03,82.56766443360954,82.80053629445517,82.006026458297,82.29369354248047,60999400,0.0,0.0,0.0
2005-06-06,82.15671496112279,82.3279461346354,81.8827492639512,82.2183609008789,36046400,0.0,0.0,0.0
2005-06-07,82.4580347813266,83.04707008824452,82.19776543256006,82.27995300292969,66501300,0.0,0.0,0.0
2005-06-08,82.48547676016716,82.59506198814006,81.96493255700467,82.12931823730469,46881200,0.0,0.0,0.0
2005-06-09,82.01285882957582,82.58819813151584,81.80738461325096,82.51970672607422,56653300,0.0,0.0,0.0
2005-06-10,82.57449988524574,82.63614581040137,81.91697296175607,82.32792663574219,36465300,0.0,0.0,0.0
2005-06-13,82.14983695875434,82.93065038285319,82.06079343941552,82.58818817138672,49383200,0.0,0.0,0.0
2005-06-14,82.49913912945212,83.01283241226454,82.45119463207863,82.77996063232422,33857100,0.0,0.0,0.0
2005-06-15,82.9854344609216,83.04022443598329,82.34845462400254,82.93748474121094,53195600,0.0,0.0,0.0
2005-06-16,82.91694142052022,83.31419880379481,82.82105242808265,83.14981842041016,46564500,0.0,0.0,0.0
2005-06-17,83.58170809889842,83.82927651837491,83.36164786454707,83.45792388916016,51529400,0.488,0.0,0.0
2005-06-20,83.26534480535946,83.78798441309725,83.16906881200524,83.48540496826172,41019400,0.0,0.0,0.0
2005-06-21,83.55418390037607,83.6573382631631,83.23096934541287,83.53355407714844,39879800,0.0,0.0,0.0
2005-06-22,83.67800217077796,83.85680278932935,83.25851143878292,83.60235595703125,46310100,0.0,0.0,0.0
2005-06-23,83.43040903910396,83.62296107294793,82.4057541466346,82.42638397216797,62185600,0.0,0.0,0.0
2005-06-24,82.44012846881515,82.529531367432,81.72493151312524,81.82121276855469,58572500,0.0,0.0,0.0
2005-06-27,81.81433379251203,82.11691853018846,81.66304142367382,81.93811798095703,48183800,0.0,0.0,0.0
2005-06-28,82.11003454437149,82.68769055308097,82.08940472215309,82.62580108642578,41174200,0.0,0.0,0.0
2005-06-29,82.77709902487061,82.79772884847965,82.35760845599017,82.40574645996094,42316500,0.0,0.0,0.0
2005-06-30,82.67394481456274,82.74271264227096,81.80057713805657,81.95874786376953,62288800,0.0,0.0,0.0
2005-07-01,82.14442364019742,82.3851189133526,81.97937980011453,82.1994400024414,49737500,0.0,0.0,0.0
2005-07-05,82.00689407843353,82.96965950268843,81.96563442700743,82.85962677001953,51549000,0.0,0.0,0.0
2005-07-06,82.79084835677135,82.9696489011872,82.11691631855965,82.16505432128906,52363600,0.0,0.0,0.0
2005-07-07,81.34672040711352,82.48828125,81.32609057962911,82.48828125,103268800,0.0,0.0,0.0
2005-07-08,82.50202583623306,83.43040466308594,82.33010363693997,83.43040466308594,64491200,0.0,0.0,0.0
2005-07-11,83.43727520037788,83.96679321604856,83.42351848760019,83.85676574707031,49688300,0.0,0.0,0.0
2005-07-12,83.8911491023972,84.33126948244998,83.65045908934471,84.07682800292969,51871100,0.0,0.0,0.0
2005-07-13,84.08370049779928,84.25562268395764,83.89114848876574,84.19373321533203,41182300,0.0,0.0,0.0
2005-07-14,84.57194933417237,84.88828547178717,84.23497813064215,84.52381134033203,63638800,0.0,0.0,0.0
2005-07-15,84.44134958720824,84.61327187110271,84.14564304904367,84.4757308959961,56075900,0.0,0.0,0.0
2005-07-18,84.24187965211458,84.3312773090741,83.93242178470528,84.13872528076172,56598400,0.0,0.0,0.0
2005-07-19,84.38631303192412,84.66138966975237,84.18000948854078,84.59949493408203,59165700,0.0,0.0,0.0
2005-07-20,84.30377357384033,85.08774368948575,84.10434842446116,84.88831329345703,69477000,0.0,0.0,0.0
2005-07-21,84.96395620019285,85.00521585065472,84.2212510119832,84.39317321777344,101110900,0.0,0.0,0.0
2005-07-22,84.50319988905154,84.97082849417252,84.33127768491369,84.95707702636719,52607100,0.0,0.0,0.0
2005-07-25,84.86768490606588,85.23903227418026,84.4825755759497,84.71639251708984,57301600,0.0,0.0,0.0
2005-07-26,84.74388573788084,84.95018921188957,84.55132848349785,84.81952667236328,42758800,0.0,0.0,0.0
2005-07-27,84.92957503120262,85.19777326946391,84.62011713987025,85.1290054321289,43181600,0.0,0.0,0.0
2005-07-28,85.24591462857252,85.71354328612775,85.02585439246712,85.6654052734375,47880700,0.0,0.0,0.0
2005-07-29,85.5553982958611,85.70668548156091,84.92959873416419,85.09464263916016,62358100,0.0,0.0,0.0
2005-08-01,85.15651430940932,85.300928342983,84.89518918010005,85.03273010253906,40418200,0.0,0.0,0.0
2005-08-02,85.18402244234238,85.68603238065424,85.0946195311487,85.54161834716797,45147400,0.0,0.0,0.0
2005-08-03,85.4453248854551,85.78229089481498,85.35592723915718,85.76853942871094,36837200,0.0,0.0,0.0
2005-08-04,85.43159439023572,85.48660551480413,84.97771719765935,85.08087158203125,50855600,0.0,0.0,0.0
2005-08-05,84.89521744108352,85.25969707189216,84.35882078163321,84.50323486328125,53595500,0.0,0.0,0.0
2005-08-08,84.6888761357087,84.86767669143272,84.15935282554692,84.34503173828125,47616000,0.0,0.0,0.0
2005-08-09,84.62698903038755,84.99146328499104,84.4963317153304,84.85392761230469,47170000,0.0,0.0,0.0
2005-08-10,85.14965689608623,85.6172856541032,84.46196785468781,84.81269073486328,72863700,0.0,0.0,0.0
2005-08-11,84.7713815528591,85.29402642043324,84.59258627305995,85.14961242675781,58570200,0.0,0.0,0.0
2005-08-12,84.97772172827054,85.06024628949787,84.41381700984269,84.62699890136719,54776900,0.0,0.0,0.0
2005-08-15,84.73700026673538,85.18399895952979,84.46880210038839,85.14961242675781,36208500,0.0,0.0,0.0
2005-08-16,84.88834803808543,84.94335918112861,83.95996351360219,84.04248809814453,71942100,0.0,0.0,0.0
2005-08-17,84.02871801328746,84.49634672881977,83.91868525826783,84.03559112548828,62275100,0.0,0.0,0.0
2005-08-18,83.93243338415957,84.28315094991942,83.78801409631728,84.0287094116211,53388600,0.0,0.0,0.0
2005-08-19,84.33127228736011,84.4619348330697,84.03556590530344,84.22124481201172,39842100,0.0,0.0,0.0
2005-08-22,84.29689099672265,84.74388974820118,83.81550570795771,84.22124481201172,69912000,0.0,0.0,0.0
2005-08-23,84.24187275050974,84.31751893352782,83.31349397769104,84.06307220458984,55168600,0.0,0.0,0.0
2005-08-24,83.85679727155015,84.40007220423311,83.27225743166996,83.31352233886719,79104600,0.0,0.0,0.0
2005-08-25,83.45104500412889,83.6711052370903,83.35476898012388,83.6160888671875,35631100,0.0,0.0,0.0
2005-08-26,83.54044013442628,83.54731324503649,82.99028697994896,83.04530334472656,61956800,0.0,0.0,0.0
2005-08-29,82.80462686491869,83.74675734440783,82.78399178976149,83.68486785888672,56179200,0.0,0.0,0.0
2005-08-30,83.38227902834856,83.41666557196868,82.7908661553021,83.24474334716797,74160200,0.0,0.0,0.0
2005-08-31,83.34100329306303,84.35190661930612,83.03154020014125,84.29689025878906,102945200,0.0,0.0,0.0
2005-09-01,84.25563806638766,84.68888541245923,83.30662931432798,84.2350082397461,74578700,0.0,0.0,0.0
2005-09-02,84.48256282602588,84.5031926492911,83.92553661126985,84.08370208740234,47653400,0.0,0.0,0.0
2005-09-06,84.35191637148527,85.13588123621872,84.34503801396319,85.06710815429688,57251300,0.0,0.0,0.0
2005-09-07,85.01894484841694,85.36278916912069,84.90203903857316,85.21150207519531,41749700,0.0,0.0,0.0
2005-09-08,85.03960579358275,85.27341748442245,84.79891049852482,84.92957305908203,39068700,0.0,0.0,0.0
2005-09-09,85.15645635834017,85.78225007795804,85.13582654567584,85.68597412109375,43093900,0.0,0.0,0.0
2005-09-12,85.58286695006746,85.73415932179904,85.45908275925517,85.51409912109375,33017600,0.0,0.0,0.0
2005-09-13,85.3628211919315,85.5622516023513,84.94333054357435,85.03961181640625,58427500,0.0,0.0,0.0
2005-09-14,85.09463791556804,85.21842214910657,84.59950098141397,84.73016357421875,57694600,0.0,0.0,0.0
2005-09-15,84.99148340947919,85.03274831837558,84.51698155370283,84.68890380859375,73156900,0.0,0.0,0.0
2005-09-16,85.15297080075881,85.45683831456569,84.8560056545732,85.29109191894531,75424100,0.522,0.0,0.0
2005-09-19,85.27037971757856,85.32563027597081,84.69716702947136,85.00794219970703,53355300,0.0,0.0,0.0
2005-09-20,85.08390772790564,85.36706287903502,84.16539225115412,84.28970336914062,84480300,0.0,0.0,0.0
2005-09-21,84.11013590432253,84.16538645717598,83.41261216425029,83.50239562988281,94469100,0.0,0.0,0.0
2005-09-22,83.53000709244868,84.02034911263402,83.17779670924921,83.79934692382812,84597200,0.0,0.0,0.0
2005-09-23,83.7303046930852,84.17920626659038,83.49549771958044,83.8684310913086,59368100,0.0,0.0,0.0
2005-09-26,84.26900892267265,84.42094537030805,83.61983310411895,83.96514129638672,70415400,0.0,0.0,0.0
2005-09-27,83.92367406175808,84.2482645023814,83.57836597921977,83.94439697265625,66150800,0.0,0.0,0.0
2005-09-28,84.20681384271357,84.33803257619273,83.70266181591124,84.02725219726562,58620500,0.0,0.0,0.0
2005-09-29,83.94439889406706,84.8491044049507,83.61980844601416,84.71098327636719,66607700,0.0,0.0,0.0
2005-09-30,84.68337685224331,84.97343444824219,84.07563110559676,84.97343444824219,47824200,0.0,0.0,0.0
2005-10-03,84.91816264510584,85.18059488982529,84.56594692717941,84.66954040527344,50994800,0.0,0.0,0.0
2005-10-04,84.80078204351851,84.96652849180163,83.67507929257772,83.71651458740234,60776300,0.0,0.0,0.0
2005-10-05,83.73722372940094,83.77865902001687,82.57698817129813,82.61842346191406,106052100,0.0,0.0,0.0
2005-10-06,82.722015608549,83.05351373502319,81.61012299729032,82.32145690917969,140941800,0.0,0.0,0.0
2005-10-07,82.66676719434068,82.90848710924122,82.27311612270988,82.6046142578125,75661400,0.0,0.0,0.0
2005-10-10,82.65294067787255,82.6736583192438,81.69989229191387,81.90707397460938,52677000,0.0,0.0,0.0
2005-10-11,82.17641621892746,82.45266373946666,81.71370465168964,81.7896728515625,75629800,0.0,0.0,0.0
2005-10-12,81.76206324594095,82.2731178320657,81.08526222331331,81.14741516113281,100510400,0.0,0.0,0.0
2005-10-13,81.11977770142403,81.54796163952228,80.71921904342729,81.09906005859375,99052900,0.0,0.0,0.0
2005-10-14,81.57558570721612,82.05210729218048,81.18883706052642,81.9554214477539,88651000,0.0,0.0,0.0
2005-10-17,82.04521088500337,82.36979608974207,81.80349098739136,82.2593002319336,68109300,0.0,0.0,0.0
2005-10-18,82.14189261551977,82.1557026211841,81.35459056806613,81.36840057373047,74996900,0.0,0.0,0.0
2005-10-19,81.14739617131525,82.73581539545334,80.88496393585041,82.72200012207031,116563800,0.0,0.0,0.0
2005-10-20,82.52174544858009,82.74274246784536,81.00929923850832,81.26482391357422,131966700,0.0,0.0,0.0
2005-10-21,81.69299013370646,82.03139059309142,81.15431034599638,81.58248901367188,96579500,0.0,0.0,0.0
2005-10-24,81.7965491064565,82.93606112939743,81.77583147243665,82.84628295898438,71308400,0.0,0.0,0.0
2005-10-25,82.68058776855469,83.03970594135814,82.14190787485728,82.68058776855469,76594500,0.0,0.0,0.0
2005-10-26,82.53552860242343,83.24686231666948,82.3145316691724,82.4388427734375,80855800,0.0,0.0,0.0
2005-10-27,82.32145970250573,82.43886847629373,81.44437933211022,81.56178283691406,66623100,0.0,0.0,0.0
2005-10-28,81.7896860166342,82.83942044087118,81.56178138033152,82.73583221435547,72322000,0.0,0.0,0.0
2005-10-31,83.07423862925495,83.77176259502654,82.96373748779297,82.96373748779297,77698900,0.0,0.0,0.0
2005-11-01,83.27449950410909,83.49549646897306,83.02587726001423,83.21234130859375,66365100,0.0,0.0,0.0
2005-11-02,82.99132964650487,84.08250427246094,82.96370437216622,84.08250427246094,74012300,0.0,0.0,0.0
2005-11-03,84.35878743093136,84.71100324150973,84.0825398396735,84.44165802001953,84897600,0.0,0.0,0.0
2005-11-04,84.53144086942685,84.57287616365359,83.94441803561521,84.33116149902344,59156000,0.0,0.0,0.0
2005-11-07,84.51070256585251,84.68335660824243,84.15157920705087,84.41401672363281,46765400,0.0,0.0,0.0
2005-11-08,84.20682976517162,84.54523021294057,84.11014392295192,84.41401672363281,42152800,0.0,0.0,0.0
2005-11-09,84.31044674664442,84.91127960949926,84.15851030395042,84.5245361328125,57666800,0.0,0.0,0.0
2005-11-10,84.48997923184689,85.30490651860696,84.08251822295846,85.18059539794922,79048100,0.0,0.0,0.0
2005-11-11,85.18752500657085,85.52592553992628,84.55215923443855,85.4706802368164,34867000,0.0,0.0,0.0
2005-11-14,85.49134752725182,85.65018624223205,85.20819246379271,85.42228698730469,45092200,0.0,0.0,0.0
2005-11-15,85.3256593055942,85.6985875291619,84.84913229805707,85.11156463623047,69592500,0.0,0.0,0.0
2005-11-16,85.20131675062713,85.32562786901134,84.93197687229184,85.28418731689453,51133000,0.0,0.0,0.0
2005-11-17,85.41540876226759,86.08530729527067,85.0424753953695,86.07839965820312,55717500,0.0,0.0,0.0
2005-11-18,86.36845090525216,86.52038729578736,85.86430408463943,86.41679382324219,72437200,0.0,0.0,0.0
2005-11-21,86.43059909615549,86.95546876573496,86.31319563304683,86.85187530517578,50021200,0.0,0.0,0.0
2005-11-22,86.71378600074695,87.37677705514729,86.6171001346251,87.22484588623047,66438800,0.0,0.0,0.0
2005-11-23,87.19030877096297,87.99142621630763,87.16268348640098,87.72898864746094,50854700,0.0,0.0,0.0
2005-11-25,87.69443883387298,87.86018523037792,87.57703008690665,87.79802703857422,15270000,0.0,0.0,0.0
2005-11-28,87.88087088783774,87.8946808871109,87.04522630381462,87.17644500732422,54498500,0.0,0.0,0.0
2005-11-29,87.46656748973633,87.69447216466666,87.07981872558594,87.07981872558594,51738900,0.0,0.0,0.0
2005-11-30,87.12814588701903,87.37676288172943,86.5273078715944,86.61018371582031,56007200,0.0,0.0,0.0
2005-12-01,87.03143908977762,87.72896282998892,87.00381908232812,87.49415588378906,65468200,0.0,0.0,0.0
2005-12-02,87.54940185148915,87.76349642826547,87.3629378203436,87.60465240478516,46699400,0.0,0.0,0.0
2005-12-05,87.50109111145484,87.52181402829838,87.14197292093752,87.41822052001953,59273400,0.0,0.0,0.0
2005-12-06,87.74282084522349,88.219342606107,87.45275793587689,87.58397674560547,57935200,0.0,0.0,0.0
2005-12-07,87.5494051564208,87.61847098513938,86.79663609803163,87.07288360595703,66816500,0.0,0.0,0.0
2005-12-08,87.16954499276886,87.58391350393723,86.65849067129393,87.01760864257812,62608600,0.0,0.0,0.0
2005-12-09,87.12816380338643,87.55634258080855,86.89335149761983,87.24556732177734,50744500,0.0,0.0,0.0
2005-12-12,87.50797660129443,87.61157008335277,86.99001445998609,87.32841491699219,48389900,0.0,0.0,0.0
2005-12-13,87.30770759304461,88.1916955756497,87.21792937477453,87.92235565185547,88630900,0.0,0.0,0.0
2005-12-14,87.8395137110425,88.46106434153732,87.80498077868802,88.26769256591797,64375000,0.0,0.0,0.0
2005-12-15,88.28838065710096,88.39888178844882,87.83257666275092,88.01213836669922,55900300,0.0,0.0,0.0
2005-12-16,88.36760800872564,88.42315146028459,87.72887420654297,87.72887420654297,46238300,0.672,0.0,0.0
2005-12-19,87.98574592350755,88.08294430116686,87.26369704881384,87.27758026123047,48733000,0.0,0.0,0.0
2005-12-20,87.38171308486137,87.88853238334903,87.11788970324547,87.36088562011719,46603200,0.0,0.0,0.0
2005-12-21,87.63166258328647,88.00657287932913,87.3400674520025,87.49974822998047,51806900,0.0,0.0,0.0
2005-12-22,87.69413336447873,87.95796203613281,87.53445260765888,87.95796203613281,32247900,0.0,0.0,0.0
2005-12-23,88.02044448980293,88.07598792565427,87.77050432538545,88.00656127929688,27977300,0.0,0.0,0.0
2005-12-27,88.14542574822339,88.20791344570755,87.04846658718381,87.11095428466797,44499500,0.0,0.0,0.0
2005-12-28,87.29842226029186,87.4719915774213,87.13179719898383,87.30536651611328,30764300,0.0,0.0,0.0
2005-12-29,87.28453867404255,87.45116373464134,86.82631313625193,86.91657257080078,32788900,0.0,0.0,0.0
2005-12-30,86.64580668408641,86.82631496315182,86.34032298579835,86.44446563720703,44645600,0.0,0.0,0.0
2006-01-03,86.916542659322,88.17318238251725,86.36111891924946,87.96489715576172,73256700,0.0,0.0,0.0
2006-01-04,88.07600133856128,88.51339404444468,87.9649144499414,88.38148498535156,51899600,0.0,0.0,0.0
2006-01-05,88.27734618934888,88.5828245525054,88.08988838088172,88.43702697753906,47307500,0.0,0.0,0.0
2006-01-06,88.88137084825637,89.27016438847184,88.42314534993267,89.17296600341797,62885900,0.0,0.0,0.0
2006-01-09,89.15908307582076,89.60342009157957,89.13131664713652,89.40208435058594,43527400,0.0,0.0,0.0
2006-01-10,89.13827767568097,89.54789881163036,89.04801822090704,89.49235534667969,44960800,0.0,0.0,0.0
2006-01-11,89.57564182467718,89.86723695956042,89.37429551646315,89.7769775390625,49598900,0.0,0.0,0.0
2006-01-12,89.61731702760578,89.75617037174062,89.17297997007563,89.42292022705078,40509200,0.0,0.0,0.0
2006-01-13,89.26321640635301,89.49231853852493,89.00632666238572,89.3395767211914,44856700,0.0,0.0,0.0
2006-01-17,89.00632109336826,89.1590629011449,88.73555345118741,89.0965805053711,52066600,0.0,0.0,0.0
2006-01-18,88.57589051145557,89.49233094871406,88.28429534533561,88.74251556396484,75067600,0.0,0.0,0.0
2006-01-19,88.95773021155411,89.40206714178349,88.73555644952539,89.08269500732422,81530400,0.0,0.0,0.0
2006-01-20,89.06186245690525,89.08268992167791,87.45808410644531,87.45808410644531,114957800,0.0,0.0,0.0
2006-01-23,87.6247331104464,88.04824266647998,87.56918965790408,87.7705307006836,67017400,0.0,0.0,0.0
2006-01-24,87.91630168862673,88.27732872399466,87.77050414250591,87.86076354980469,53008800,0.0,0.0,0.0
2006-01-25,88.20098011830554,88.29817850695453,87.3678442624235,87.9371566772461,87747700,0.0,0.0,0.0
2006-01-26,88.3467705664478,88.63836570884575,88.00657623365018,88.42314147949219,71294000,0.0,0.0,0.0
2006-01-27,88.63142913728157,89.3257063313499,88.48562626524236,89.24238586425781,65771200,0.0,0.0,0.0
2006-01-30,89.17296600341797,89.42984517952546,89.11048359741822,89.17296600341797,33709600,0.0,0.0,0.0
2006-01-31,89.08962929995694,89.242360492908,88.51337282453416,88.52031707763672,72937000,0.0,0.0,0.0
2006-02-01,88.74249926192756,89.16600342240012,88.67307261087865,89.13823699951172,63561000,0.0,0.0,0.0
2006-02-02,88.93691851842968,88.96468494669358,88.03435598931891,88.1037826538086,83626900,0.0,0.0,0.0
2006-02-03,87.8815884306743,89.1382281700003,87.57610484002176,87.6663589477539,86040400,0.0,0.0,0.0
2006-02-06,87.7844338152466,88.0343740963495,87.59697595596141,87.89551544189453,45511900,0.0,0.0,0.0
2006-02-07,87.74273453213321,87.93713656187721,87.06234596722716,87.11788940429688,71208100,0.0,0.0,0.0
2006-02-08,87.37479682523447,88.93692604142196,87.2012275008709,87.90939331054688,59422200,0.0,0.0,0.0
2006-02-09,88.11766552826714,88.58977426065806,87.73581622658834,87.76358795166016,62023300,0.0,0.0,0.0
2006-02-10,87.7774659744865,88.2634578922138,87.09707199275368,87.92326354980469,64508700,0.0,0.0,0.0
2006-02-13,87.89549702460758,88.02741139446995,87.44421576179178,87.76358795166016,52308700,0.0,0.0,0.0
2006-02-14,87.79829050421554,88.88830545199069,87.62472121127736,88.69390869140625,90964400,0.0,0.0,0.0
2006-02-15,88.64530299589148,89.08964522636579,88.33981936772605,89.0063247680664,85471300,0.0,0.0,0.0
2006-02-16,89.10353913620744,89.70756754353759,88.99245223441913,89.6728515625,61017900,0.0,0.0,0.0
2006-02-17,89.59646277795571,89.67283368347954,89.27015169015641,89.4298324584961,40342600,0.0,0.0,0.0
2006-02-21,89.63811288288814,89.839448571795,89.06880060075945,89.2076644897461,46456300,0.0,0.0,0.0
2006-02-22,89.40208318167781,90.01303994921425,89.31876270905424,89.74922180175781,42326700,0.0,0.0,0.0
2006-02-23,89.74918574098052,90.0060648266014,89.06184773561232,89.61727142333984,43423200,0.0,0.0,0.0
2006-02-24,89.63813499704833,89.89501418615774,89.39513372519946,89.84642028808594,36777400,0.0,0.0,0.0
2006-02-27,89.83947612682583,90.28381316391642,89.75616624294341,89.88114166259766,35858600,0.0,0.0,0.0
2006-02-28,89.70061036283599,90.19355182645779,88.95773928218972,89.02716064453125,74394800,0.0,0.0,0.0
2006-03-01,89.28403307224383,89.9019392244075,89.21460112955381,89.81861877441406,48641600,0.0,0.0,0.0
2006-03-02,89.4923039338599,89.85333095171492,89.29096825868355,89.81167602539062,60642300,0.0,0.0,0.0
2006-03-03,89.33266681095704,90.30466147311688,89.31877829745756,89.39514923095703,73402500,0.0,0.0,0.0
2006-03-06,89.65894616977009,89.68671259307412,88.76332805616578,88.9854965209961,57478400,0.0,0.0,0.0
2006-03-07,88.77027825843359,88.90913157191355,88.45091139989819,88.84664916992188,61780800,0.0,0.0,0.0
2006-03-08,88.6591802117384,89.17294906016446,88.29815846397901,89.03409576416016,66692400,0.0,0.0,0.0
2006-03-09,89.06187751090523,89.33958415069942,88.43702697753906,88.43702697753906,56313600,0.0,0.0,0.0
2006-03-10,88.66613002358467,89.45066125932276,88.47867753253718,89.27709197998047,60490800,0.0,0.0,0.0
2006-03-13,89.45066454358785,89.67283831434078,89.23544032431374,89.4437255859375,45479100,0.0,0.0,0.0
2006-03-14,89.36041146955523,90.41570504896492,89.29097952103946,90.38098907470703,69877300,0.0,0.0,0.0
2006-03-15,90.36018185061994,90.85312337031932,90.15190714607263,90.78369140625,53398900,0.0,0.0,0.0
2006-03-16,90.95724186239363,91.27661399952748,90.839216023013,90.97113037109375,65526400,0.0,0.0,0.0
2006-03-17,91.08897025918776,91.24231955343919,90.87986725426454,91.04714965820312,47286800,0.519,0.0,0.0
2006-03-20,91.06104207709204,91.2422681245309,90.7613208483329,90.90072631835938,45538500,0.0,0.0,0.0
2006-03-21,90.87282842541813,91.30499915969983,90.23155482804539,90.32913970947266,87102700,0.0,0.0,0.0
2006-03-22,90.27336872319032,90.97040657781261,90.23154815366554,90.87979888916016,51605700,0.0,0.0,0.0
2006-03-23,90.79616368654729,90.88678202769327,90.37794727901195,90.69161224365234,46704200,0.0,0.0,0.0
2006-03-24,90.60796519518244,91.01224847466972,90.43370571105628,90.76131439208984,43209200,0.0,0.0,0.0
2006-03-27,90.63585754282438,90.8101170567706,90.43372118646771,90.62889099121094,32523000,0.0,0.0,0.0
2006-03-28,90.56613426645553,90.98436128404097,89.95274811287308,90.07124328613281,82079900,0.0,0.0,0.0
2006-03-29,90.20371162773122,90.96348067615106,90.12005981534745,90.63587188720703,61505700,0.0,0.0,0.0
2006-03-30,90.69162790045085,91.2980476458436,90.30128826498164,90.47554779052734,70571700,0.0,0.0,0.0
2006-03-31,90.6288836237343,90.7822328344173,90.1758025427324,90.49644470214844,62925600,0.0,0.0,0.0
2006-04-03,90.66375887099822,91.22138089204316,90.25947546056985,90.4267578125,61624700,0.0,0.0,0.0
2006-04-04,90.42675188672283,91.12379000330951,90.16885118709217,91.00529479980469,54809300,0.0,0.0,0.0
2006-04-05,91.04015870408008,91.50717301651544,90.87984289795062,91.3189697265625,50607200,0.0,0.0,0.0
2006-04-06,91.20744903556718,91.4583832028567,90.74740128954333,91.22138214111328,57906200,0.0,0.0,0.0
2006-04-07,91.35382014097937,91.59081056428809,90.16189083577716,90.29431915283203,80180900,0.0,0.0,0.0
2006-04-10,90.43374633789062,90.67073679013961,90.09916032017009,90.43374633789062,41496500,0.0,0.0,0.0
2006-04-11,90.51038227119255,90.65675428489622,89.39511729423143,89.66696166992188,72799400,0.0,0.0,0.0
2006-04-12,89.75762254372377,90.00855675066126,89.64609386598265,89.83429718017578,43033700,0.0,0.0,0.0
2006-04-13,89.63212273540651,90.09217041355217,89.43695292697323,89.71577453613281,51051800,0.0,0.0,0.0
2006-04-17,89.79943394017984,90.1340093031705,89.2348346913959,89.68093872070312,64167700,0.0,0.0,0.0
2006-04-18,89.86911437853358,91.27016772368633,89.86911437853358,91.10287475585938,92531800,0.0,0.0,0.0
2006-04-19,91.13769417377587,91.36075137949685,90.78220871760517,91.277099609375,87269000,0.0,0.0,0.0
2006-04-20,91.3120000428219,91.91145329296883,91.03318902989892,91.40261840820312,86005500,0.0,0.0,0.0
2006-04-21,91.79296390288651,91.86266134255881,91.04712791027548,91.41655731201172,72342600,0.0,0.0,0.0
2006-04-24,91.23530858047575,91.36078095830474,90.87982300921365,91.24925231933594,52546400,0.0,0.0,0.0
2006-04-25,91.33987040339564,91.3956347292119,90.55919111388313,90.87285614013672,84359800,0.0,0.0,0.0
2006-04-26,90.96346874300103,91.40957268534451,90.82406325526061,90.89376068115234,67262400,0.0,0.0,0.0
2006-04-27,90.54524454784347,91.75112811356837,90.32916443952205,91.33290100097656,124478600,0.0,0.0,0.0
2006-04-28,91.16559602807023,91.83475719293995,91.10984234729065,91.63958740234375,55854400,0.0,0.0,0.0
2006-05-01,91.63959652629683,91.86962036724913,90.83800699482174,90.89376068115234,64990300,0.0,0.0,0.0
2006-05-02,91.31893200470336,91.63260757037196,91.13073942844741,91.57684326171875,49063500,0.0,0.0,0.0
2006-05-03,91.41654713103773,91.53505297360496,90.92862256383515,91.23532104492188,60821300,0.0,0.0,0.0
2006-05-04,91.36773458530077,91.74413039363175,91.29105998635029,91.56290435791016,42921400,0.0,0.0,0.0
2006-05-05,92.04391213534312,92.5666908745034,91.90450659875918,92.37152099609375,62588200,0.0,0.0,0.0
2006-05-08,92.36450781256865,92.54574451186664,92.25995635986328,92.25995635986328,30016700,0.0,0.0,0.0
2006-05-09,92.30180998297327,92.54577764122956,92.22513534488932,92.44121551513672,29864000,0.0,0.0,0.0
2006-05-10,92.29479487596764,92.53178521956941,91.93233217425303,92.39237976074219,64378200,0.0,0.0,0.0
2006-05-11,92.36447689738229,92.3923643660739,90.97737845463453,91.277099609375,80626900,0.0,0.0,0.0
2006-05-12,90.86585354035498,91.11678758900092,90.050320541244,90.08517456054688,91726500,0.0,0.0,0.0
2006-05-15,89.77153198628301,90.43372668833094,89.64607023386802,90.26643371582031,84029300,0.0,0.0,0.0
2006-05-16,90.44765241817939,90.61494537705057,89.92487388715794,90.13398742675781,62137600,0.0,0.0,0.0
2006-05-17,89.68788238314588,89.98761426787726,88.36350905753909,88.41927337646484,144789500,0.0,0.0,0.0
2006-05-18,88.7678211259913,89.04663749289183,87.90349517478155,87.97319793701172,87906300,0.0,0.0,0.0
2006-05-19,88.43321298560603,88.8653731421546,87.68738253823125,88.5935287475586,124309400,0.0,0.0,0.0
2006-05-22,88.02197621908132,88.64233974353422,87.47828731612073,87.91741943359375,110852800,0.0,0.0,0.0
2006-05-23,88.64927760536659,88.96294252351856,87.24822998046875,87.24822998046875,92006500,0.0,0.0,0.0
2006-05-24,87.6037500556505,88.44716553230802,86.96247626946143,87.94529724121094,168405000,0.0,0.0,0.0
2006-05-25,88.46805707120025,89.03266143798828,88.12650995804141,89.03266143798828,78977900,0.0,0.0,0.0
2006-05-26,89.22784458738846,89.48575592041016,88.87933085054206,89.48575592041016,62989700,0.0,0.0,0.0
2006-05-30,89.19996274020507,89.22087303144527,87.86165092104822,87.89649963378906,72419900,0.0,0.0,0.0
2006-05-31,88.25895483319262,88.87931823730469,87.96619482702245,88.87931823730469,86926200,0.0,0.0,0.0
2006-06-01,88.7886979508386,89.87608084002544,88.71202334589665,89.72969818115234,73721700,0.0,0.0,0.0
2006-06-02,90.09217487009921,90.21763662345954,89.44393453915612,89.91791534423828,91702600,0.0,0.0,0.0
2006-06-05,89.81331473274042,89.82028128101774,88.36346967671209,88.60743713378906,86105100,0.0,0.0,0.0
2006-06-06,88.67021951268566,88.78871471798101,87.65951635555427,88.39140319824219,130498600,0.0,0.0,0.0
2006-06-07,88.46110967682091,88.97691639259263,87.68042507399386,87.72921752929688,108599400,0.0,0.0,0.0
2006-06-08,87.53404691216775,88.17532069545616,86.34211238519295,87.65254211425781,204957200,0.0,0.0,0.0
2006-06-09,88.07775894277346,88.49598085409355,87.33192818355892,87.37374877929688,94972200,0.0,0.0,0.0
2006-06-12,87.74312905151149,87.77798307374762,86.30723267739887,86.42572784423828,95815900,0.0,0.0,0.0
2006-06-13,86.25151477885142,87.0182558188167,85.42204284667969,85.42204284667969,185688800,0.0,0.0,0.0
2006-06-14,85.62415033870712,86.17481102883582,85.27563131847211,86.08419799804688,163566400,0.0,0.0,0.0
2006-06-15,86.39784696977664,88.07771088847018,86.335116110395,87.9104232788086,134057000,0.0,0.0,0.0
2006-06-16,87.71791983733637,87.90694963795723,87.13681972121151,87.26984405517578,94253500,0.555,0.0,0.0
2006-06-19,87.79492559299734,87.85093639618142,86.49970648289947,86.5837173461914,95804400,0.0,0.0,0.0
2006-06-20,86.82174875735802,87.38184068841984,86.61871362959745,86.87775421142578,65494700,0.0,0.0,0.0
2006-06-21,86.8147593902856,88.00495960017162,86.78675398821385,87.52188110351562,75008200,0.0,0.0,0.0
2006-06-22,87.47982882076393,87.55684230454752,86.84272358575984,87.13677215576172,74566100,0.0,0.0,0.0
2006-06-23,87.0458044688409,87.72492081524452,86.83576661314416,87.12281799316406,54107000,0.0,0.0,0.0
2006-06-26,87.19279931157467,87.55685875117862,86.98976421086917,87.50785064697266,37899600,0.0,0.0,0.0
2006-06-27,87.52187695663635,87.71790942036613,86.65372555799875,86.75174713134766,69780200,0.0,0.0,0.0
2006-06-28,86.94779401630133,87.35385904074151,86.56972905576606,87.33985900878906,62368100,0.0,0.0,0.0
2006-06-29,87.65491015474042,89.16016730471766,87.63390743614525,89.10415649414062,110634800,0.0,0.0,0.0
2006-06-30,89.2931850992156,89.37720130892271,88.88711476452467,89.11115264892578,54227800,0.0,0.0,0.0
2006-07-03,89.21618135374882,89.62224639145983,89.13216513483357,89.47522735595703,23914000,0.0,0.0,0.0
2006-07-05,89.11815363102293,89.2301699003393,88.5790589766419,88.96412658691406,69653400,0.0,0.0,0.0
2006-07-06,89.05512739787939,89.51020577904882,88.97111654328319,89.22315979003906,50100300,0.0,0.0,0.0
2006-07-07,89.04810659986019,89.30714712194776,88.41799864893518,88.64203643798828,81626500,0.0,0.0,0.0
2006-07-10,88.87311786498886,89.21617471911553,88.50205560663973,88.81010437011719,60964100,0.0,0.0,0.0
2006-07-11,88.64208152680428,89.20217895507812,88.17300300197877,89.20217895507812,73640800,0.0,0.0,0.0
2006-07-12,89.02013750946799,89.19516727046125,88.01896706292717,88.25000762939453,82561300,0.0,0.0,0.0
2006-07-13,87.82994417830994,87.99097393113357,86.81477355957031,86.81477355957031,102405700,0.0,0.0,0.0
2006-07-14,86.90576409158356,86.99678297441969,85.99561265360848,86.47869110107422,103242500,0.0,0.0,0.0
2006-07-17,86.47869802744346,86.88476833643223,86.21965741150703,86.35267639160156,81159000,0.0,0.0,0.0
2006-07-18,86.61171452591596,86.84975774610928,85.68755772704358,86.79374694824219,122771000,0.0,0.0,0.0
2006-07-19,86.94075910318759,88.39700759476032,86.61870507280797,87.99794006347656,133565300,0.0,0.0,0.0
2006-07-20,88.29902836013399,88.42505001970757,87.27685505091945,87.3958740234375,112259800,0.0,0.0,0.0
2006-07-21,87.61986989564224,87.64787528894212,86.6887105989811,86.77972412109375,101560000,0.0,0.0,0.0
2006-07-24,87.12284415293783,88.43906646492796,87.12284415293783,88.36205291748047,92884000,0.0,0.0,0.0
2006-07-25,88.20099709653626,89.12515399563362,88.01896465446858,88.67707824707031,95480700,0.0,0.0,0.0
2006-07-26,88.62807200564284,89.23017484334014,88.34102595966233,88.79610443115234,84525800,0.0,0.0,0.0
2006-07-27,89.1811373694839,89.39817784562895,88.35499691116253,88.7120590209961,87257100,0.0,0.0,0.0
2006-07-28,88.94311327529202,89.71324306261354,88.81709164889514,89.60122680664062,82137000,0.0,0.0,0.0
2006-07-31,89.37721963167745,89.58725218677614,89.23018989917709,89.51023864746094,49593100,0.0,0.0,0.0
2006-08-01,89.15313315918947,89.18113855459592,88.63504669787763,89.06912231445312,65225600,0.0,0.0,0.0
2006-08-02,89.32117466470969,89.9372827436826,89.30017195137808,89.67123413085938,64770900,0.0,0.0,0.0
2006-08-03,89.15316421351342,90.00031303056389,89.02014521585262,89.90929412841797,63693800,0.0,0.0,0.0
2006-08-04,90.37134176660695,90.6163769525017,89.25115268324996,89.75523376464844,96294200,0.0,0.0,0.0
2006-08-07,89.54521942138672,89.67124105258756,89.19515992821592,89.54521942138672,45377300,0.0,0.0,0.0
2006-08-08,89.67825482518046,89.93730616200193,88.88011946185544,89.20217895507812,90901300,0.0,0.0,0.0
2006-08-09,89.74129697149367,90.03535651201544,88.64211510039628,88.90116119384766,78910600,0.0,0.0,0.0
2006-08-10,88.62104639098223,89.26515445884701,88.4110085968388,89.17414093017578,69322300,0.0,0.0,0.0
2006-08-11,89.0341354074056,89.0551381235842,88.48804342082501,88.922119140625,47482200,0.0,0.0,0.0
2006-08-14,89.35617833377032,89.7272458585861,88.85909452765708,88.99211883544922,57839000,0.0,0.0,0.0
2006-08-15,89.79024870235648,90.22431900073084,89.54520815626074,90.0562973022461,68143000,0.0,0.0,0.0
2006-08-16,90.53936678807356,90.93842894207458,90.34332369911432,90.80540466308594,71737600,0.0,0.0,0.0
2006-08-17,90.72140190103818,91.27449109225317,90.65839376842492,91.03645324707031,70992800,0.0,0.0,0.0
2006-08-18,91.14849852826877,91.4985580444336,90.72842283568355,91.4985580444336,58288400,0.0,0.0,0.0
2006-08-21,91.14149612566317,91.21151230640464,90.87545814137799,91.10649871826172,42133600,0.0,0.0,0.0
2006-08-22,91.00847147089628,91.37953368142743,90.79142561002908,91.09947967529297,60839900,0.0,0.0,0.0
2006-08-23,91.14149899537566,91.3235367978475,90.44838792587022,90.84745025634766,66592100,0.0,0.0,0.0
2006-08-24,91.00847246772382,91.08548598488333,90.595394139522,90.77042388916016,57983000,0.0,0.0,0.0
2006-08-25,90.76345781783454,91.19053098141956,90.70044965016751,90.88247680664062,41756000,0.0,0.0,0.0
2006-08-28,90.77045903283155,91.58960797930061,90.76346168600537,91.3165512084961,52681500,0.0,0.0,0.0
2006-08-29,91.35853116123896,91.59656905473506,90.88244469127872,91.42153930664062,61817800,0.0,0.0,0.0
2006-08-30,91.62452748406064,91.74354637673211,91.4004950634329,91.47750854492188,50052200,0.0,0.0,0.0
2006-08-31,91.61059172839364,91.70860797852023,91.42155657351736,91.46356201171875,37510300,0.0,0.0,0.0
2006-09-01,91.81361868998661,92.12167280441362,91.60358082260731,92.00965118408203,48794500,0.0,0.0,0.0
2006-09-05,92.07264026810618,92.31068883274547,91.85560510052498,92.18466186523438,52348300,0.0,0.0,0.0
2006-09-06,91.79258076161366,91.82758883991005,91.24648892568003,91.37250518798828,53795600,0.0,0.0,0.0
2006-09-07,91.05748245698621,91.4145500116382,90.56040391109234,90.95246887207031,86269400,0.0,0.0,0.0
2006-09-08,91.07146517702309,91.33751376992751,90.89643545705256,91.21148681640625,45096300,0.0,0.0,0.0
2006-09-11,90.917437973463,91.49853792447254,90.65138938113022,91.30250549316406,68496600,0.0,0.0,0.0
2006-09-12,91.40751644623926,92.30366773038152,91.27449215386461,92.19865417480469,69875600,0.0,0.0,0.0
2006-09-13,92.16366237444974,92.73075704066434,92.07965151514918,92.56973266601562,62898400,0.0,0.0,0.0
2006-09-14,92.38768154835236,92.58371395771483,92.24065189984798,92.57670593261719,57805400,0.0,0.0,0.0
2006-09-15,93.04012684219951,93.0963839705064,92.59710866300166,92.79401397705078,76703100,0.579,0.0,0.0
2006-09-18,92.67446964332828,93.09639278058305,92.57602234196231,92.92059326171875,64154100,0.0,0.0,0.0
2006-09-19,92.90651199190499,92.91355083874457,92.1681627103123,92.68852233886719,92089100,0.0,0.0,0.0
2006-09-20,92.99794324158599,93.36360923641172,92.86433389367173,93.18077087402344,75204100,0.0,0.0,0.0
2006-09-21,93.25107557911292,93.34952285763677,92.41426834668583,92.73070526123047,88932500,0.0,0.0,0.0
2006-09-22,92.59004688953422,92.5970750042866,92.11890568241617,92.44940948486328,65966800,0.0,0.0,0.0
2006-09-25,92.6323149863451,93.41990442914765,92.15414526210355,93.15971374511719,92299100,0.0,0.0,0.0
2006-09-26,93.17373427044244,93.94725635636568,93.1034101790131,93.93318939208984,73962700,0.0,0.0,0.0
2006-09-27,93.8699538872284,94.2074860990498,93.71524938806952,94.0457534790039,82432200,0.0,0.0,0.0
2006-09-28,94.04570586978814,94.2215053725678,93.72223006349552,94.01054382324219,58597500,0.0,0.0,0.0
2006-09-29,94.08789380927449,94.18634109930564,93.8628653006605,93.93318939208984,47966600,0.0,0.0,0.0
2006-10-02,93.90506911964128,94.10900257647337,93.49018481774348,93.58160400390625,51687400,0.0,0.0,0.0
2006-10-03,93.44799943716166,94.13713060290854,93.27922802250953,93.77850341796875,73108100,0.0,0.0,0.0
2006-10-04,93.68705161613128,94.93171488230703,93.58157622490802,94.87545776367188,80890500,0.0,0.0,0.0
2006-10-05,94.87548382408015,95.22005474663666,94.75594143787512,95.05831146240234,60505900,0.0,0.0,0.0
2006-10-06,94.8965534345558,95.00203955638608,94.50979244774139,94.9387435913086,64983600,0.0,0.0,0.0
2006-10-09,94.82624973179412,95.14268666958561,94.67857343818508,94.99501037597656,41176800,0.0,0.0,0.0
2006-10-10,95.00205491659544,95.24816778076172,94.81921656784043,95.12159729003906,56403700,0.0,0.0,0.0
2006-10-11,94.819258206448,95.23414263705213,94.43953583758,95.00912475585938,104071800,0.0,0.0,0.0
2006-10-12,95.24813928074997,95.90914692549373,95.2129772449759,95.83179473876953,59158600,0.0,0.0,0.0
2006-10-13,95.74746840345401,96.13422955506698,95.66307732404115,96.07797241210938,53944000,0.0,0.0,0.0
2006-10-16,96.00056821742281,96.3732621990718,95.93024414430346,96.2255859375,42273000,0.0,0.0,0.0
2006-10-17,95.9654384570983,96.12717100373213,95.40287787277768,95.92324829101562,90500600,0.0,0.0,0.0
2006-10-18,96.36627223473093,96.598328917797,95.70527496988058,96.04983520507812,86848600,0.0,0.0,0.0
2006-10-19,95.90917929292941,96.25375019188608,95.79666503245983,96.20452117919922,64063200,0.0,0.0,0.0
2006-10-20,96.2255859375,96.30293812595245,95.86695891646428,96.2255859375,48094500,0.0,0.0,0.0
2006-10-23,96.0287348927796,96.90070443655138,95.90919249830274,96.66864776611328,66219900,0.0,0.0,0.0
2006-10-24,96.53506219975347,96.99213680482728,96.49287201835645,96.95698547363281,53234900,0.0,0.0,0.0
2006-10-25,96.8584938702883,97.32963523047297,96.69675060891993,97.28744506835938,78105400,0.0,0.0,0.0
2006-10-26,97.50545577815984,97.74454056839045,97.02727546774665,97.58983612060547,66843700,0.0,0.0,0.0
2006-10-27,97.47028674419673,97.56873404664934,96.78115562702835,96.9780502319336,80238000,0.0,0.0,0.0
2006-10-30,96.8022013300804,97.18192338013515,96.6193630545447,96.90767669677734,49717800,0.0,0.0,0.0
2006-10-31,97.09057448352073,97.22417311991025,96.51394684561426,96.89366912841797,71274100,0.0,0.0,0.0
2006-11-01,97.19600401005037,97.25928923896988,96.14120727493619,96.23965454101562,83005600,0.0,0.0,0.0
2006-11-02,95.99355181606917,96.34515080397793,95.88807641167637,96.18341827392578,60693100,0.0,0.0,0.0
2006-11-03,96.52798302346197,96.61236334162517,95.36769999897354,96.01464080810547,71346400,0.0,0.0,0.0
2006-11-06,96.3099789366084,97.23819448703267,96.30294009118458,97.0975570678711,63303300,0.0,0.0,0.0
2006-11-07,97.18196972856433,97.73046335686979,97.04133226257974,97.47028350830078,63318900,0.0,0.0,0.0
2006-11-08,97.04133867392767,97.77969883156743,96.23969326190633,97.6812515258789,87517800,0.0,0.0,0.0
2006-11-09,97.7515710970991,97.84299029030389,96.97102072037588,97.16791534423828,95916300,0.0,0.0,0.0
2006-11-10,97.1397970441611,97.28043453545642,96.84445509345508,97.21012115478516,48991500,0.0,0.0,0.0
2006-11-13,97.16792539317463,97.77267629470924,97.09058388932867,97.44921112060547,59398200,0.0,0.0,0.0
2006-11-14,97.72343701934496,98.26490253969823,97.12571436558281,98.18051147460938,96704000,0.0,0.0,0.0
2006-11-15,98.14533981226883,98.76414669160374,98.1172058864202,98.46177673339844,76509600,0.0,0.0,0.0
2006-11-16,98.75714072981228,98.92590140296764,98.08910469535273,98.71495056152344,76728800,0.0,0.0,0.0
2006-11-17,98.39846357600773,98.75006247805298,98.25782616117903,98.74303436279297,56353800,0.0,0.0,0.0
2006-11-20,98.65868657446646,98.96809542702853,98.40553485236572,98.79932403564453,69174200,0.0,0.0,0.0
2006-11-21,98.79229070545057,98.9188611948474,98.65164252174307,98.89776611328125,51367900,0.0,0.0,0.0
2006-11-22,98.97517649065821,99.26349041477253,98.79937688765527,99.09471893310547,45505300,0.0,0.0,0.0
2006-11-24,98.61651069069644,99.0384231353318,98.5883767564162,98.69386291503906,30998000,0.0,0.0,0.0
2006-11-27,98.64468054079539,98.69390958408857,97.30860773940452,97.33673095703125,84545100,0.0,0.0,0.0
2006-11-28,97.21009710691004,97.85703799079025,97.11867793170464,97.75859069824219,106652900,0.0,0.0,0.0
2006-11-29,98.07503072530011,98.82041892504147,97.80078392105658,98.77822875976562,90034900,0.0,0.0,0.0
2006-11-30,98.75714168787077,99.18609295288738,98.2789614060721,98.82042694091797,83994300,0.0,0.0,0.0
2006-12-01,98.820452516547,98.9118717256873,97.72346492667978,98.60246276855469,126080000,0.0,0.0,0.0
2006-12-04,98.62357493551814,99.53773499535015,98.60950796322523,99.35489654541016,87813200,0.0,0.0,0.0
2006-12-05,99.54473629118594,99.82602201146348,99.33377468346607,99.78382110595703,73374400,0.0,0.0,0.0
2006-12-06,99.76272526529384,99.90337348934771,99.50254536470959,99.6994400024414,53253200,0.0,0.0,0.0
2006-12-07,99.8752449150079,100.06511144371242,99.2283038234463,99.26346588134766,62857400,0.0,0.0,0.0
2006-12-08,99.24232062132229,99.7837752654511,98.99619707039236,99.44624328613281,79625500,0.0,0.0,0.0
2006-12-11,99.44624439515229,99.91738569423251,99.38998727631383,99.73455810546875,39779400,0.0,0.0,0.0
2006-12-12,99.63619250204366,99.7627630757192,99.07363158247472,99.65728759765625,77451600,0.0,0.0,0.0
2006-12-13,100.0158623153652,100.09321453522045,99.54472087804737,99.76271057128906,55520200,0.0,0.0,0.0
2006-12-14,99.75563725977071,100.7260536274167,99.74157029981954,100.64166259765625,64755200,0.0,0.0,0.0
2006-12-15,100.86302348871247,101.03980248464683,100.58018141111097,100.65088653564453,70857400,0.793,0.0,0.0
2006-12-18,100.79234859856516,101.03277633109143,100.2337314915292,100.37515258789062,48954600,0.0,0.0,0.0
2006-12-19,100.09228119948217,100.80646454111863,99.83771898438904,100.56604766845703,65023600,0.0,0.0,0.0
2006-12-20,100.60847916110812,100.87718673533902,100.41755479048429,100.50948333740234,41469600,0.0,0.0,0.0
2006-12-21,100.60137831246634,100.71450865199462,99.92962039079809,100.1417465209961,48698400,0.0,0.0,0.0
2006-12-22,100.15592899832701,100.16299627537691,99.47002548372892,99.52659606933594,62069100,0.0,0.0,0.0
2006-12-26,99.5690428275163,100.13473801609459,99.54783020204671,100.113525390625,32696900,0.0,0.0,0.0
2006-12-27,100.31853388131763,100.83473628060017,100.29025399150284,100.77108764648438,39727100,0.0,0.0,0.0
2006-12-28,100.7004421083078,100.90550110255727,100.40345453573654,100.55902099609375,37288800,0.0,0.0,0.0
2006-12-29,100.45287923159577,100.79229182964454,100.00739277871605,100.1417465209961,45461200,0.0,0.0,0.0
2007-01-03,100.5872772920457,101.01861859638137,99.39932728060518,99.96501159667969,94807600,0.0,0.0,0.0
2007-01-04,99.86597604071842,100.44581626072117,99.42756763321653,100.17710876464844,69620600,0.0,0.0,0.0
2007-01-05,99.93670230999761,99.98619481771915,99.26494428988964,99.3780746459961,76645300,0.0,0.0,0.0
2007-01-08,99.57610849573936,99.99330446433936,99.17304708253342,99.83773803710938,71655000,0.0,0.0,0.0
2007-01-09,99.92260781469479,100.1276775945957,99.2791293587477,99.7529067993164,75680100,0.0,0.0,0.0
2007-01-10,99.40637210686151,100.10642085603975,99.20838048300521,100.08519744873047,72428000,0.0,0.0,0.0
2007-01-11,100.11349200028106,100.84888794734317,100.0569214213171,100.52362060546875,54476800,0.0,0.0,0.0
2007-01-12,100.51653546673154,101.28730010986328,100.4882555741068,101.28730010986328,55370600,0.0,0.0,0.0
2007-01-16,101.16707761466172,101.42870704655746,100.92665000698553,101.08929443359375,44871300,0.0,0.0,0.0
2007-01-17,101.01152832608088,101.44286953223246,100.92666706619688,101.1317367553711,50241400,0.0,0.0,0.0
2007-01-18,101.23782215619521,101.30146002283351,100.62970181004384,100.7923355102539,68177300,0.0,0.0,0.0
2007-01-19,100.79236156664014,101.1883557930345,100.73580175260894,100.99036407470703,56973000,0.0,0.0,0.0
2007-01-22,101.16707274866931,101.18828536160098,100.36095029833865,100.67916107177734,60253600,0.0,0.0,0.0
2007-01-23,100.59430189263324,101.17414209727114,100.45288087361223,100.97615051269531,54064400,0.0,0.0,0.0
2007-01-24,101.09637413726334,101.81055740415752,101.05394890414361,101.78934478759766,55834700,0.0,0.0,0.0
2007-01-25,101.72571216467189,101.76813739997145,100.41754319768542,100.59432220458984,73583800,0.0,0.0,0.0
2007-01-26,100.81355899311583,100.87011879256524,100.11351009039231,100.50242614746094,67255600,0.0,0.0,0.0
2007-01-29,100.54481183473271,100.97615296655486,100.22661183676972,100.44581604003906,66114600,0.0,0.0,0.0
2007-01-30,100.65800175602173,101.01862715653857,100.45293200279124,100.96912384033203,70407600,0.0,0.0,0.0
2007-01-31,100.85592200315517,101.91659561898398,100.69327761345585,101.64788818359375,91868600,0.0,0.0,0.0
2007-02-01,101.93077198673527,102.2914080695107,101.76107104400273,102.25605010986328,69312400,0.0,0.0,0.0
2007-02-02,102.34095136709458,102.49651783495426,102.09346710621945,102.39752197265625,49607000,0.0,0.0,0.0
2007-02-05,102.31970735095885,102.48941911558282,102.06514509889112,102.42578125,45705300,0.0,0.0,0.0
2007-02-06,102.5106569058081,102.55308215994621,102.0581028787698,102.45408630371094,57081300,0.0,0.0,0.0
2007-02-07,102.61667209853655,102.78638382553858,102.2277669241414,102.6803207397461,55669700,0.0,0.0,0.0
2007-02-08,102.37627060836833,102.61668749873456,102.01564527281899,102.54598236083984,70641000,0.0,0.0,0.0
2007-02-09,102.57425413365762,102.76517849134896,101.39337160596457,101.78228759765625,79084400,0.0,0.0,0.0
2007-02-12,101.78225112826452,101.85295623522484,101.25191427227293,101.43576049804688,65657000,0.0,0.0,0.0
2007-02-13,101.66204915865565,102.46108273514866,101.65497109470076,102.2913818359375,64081800,0.0,0.0,0.0
2007-02-14,102.39038785289212,103.16820889469089,102.37624251330081,102.96315002441406,66039400,0.0,0.0,0.0
2007-02-15,103.00559800724163,103.20358964632521,102.83588626385495,103.09752655029297,38715200,0.0,0.0,0.0
2007-02-16,102.84293004438987,103.06920150373617,102.69443096971614,103.04798889160156,39841800,0.0,0.0,0.0
2007-02-20,102.92780687258282,103.3803606969932,102.53182362494054,103.26721954345703,56911800,0.0,0.0,0.0
2007-02-21,102.96315539850929,103.28843348769088,102.77930913315734,103.22478485107422,63971600,0.0,0.0,0.0
2007-02-22,103.27430493681037,103.53593443190877,102.65203933794383,103.14701843261719,79067400,0.0,0.0,0.0
2007-02-23,103.0551285500799,103.09047573160976,102.5530712534481,102.7439956665039,71966200,0.0,0.0,0.0
2007-02-26,103.11873776989643,103.20358824557057,102.35505111962429,102.65203857421875,69192800,0.0,0.0,0.0
2007-02-27,101.73983295461477,101.96610441818703,98.28910411985117,98.64266204833984,274466500,0.0,0.0,0.0
2007-02-28,99.27203927168863,100.39635139921299,98.85484331841656,99.65387725830078,177536300,0.0,0.0,0.0
2007-03-01,98.52954807271861,99.88014232125383,97.61737311333873,99.35687255859375,212828600,0.0,0.0,0.0
2007-03-02,99.0316406033184,99.46298198065357,98.04874937165148,98.05581665039062,162574000,0.0,0.0,0.0
2007-03-05,97.53251620989347,98.69926422141161,97.10825303367018,97.12239837646484,143750400,0.0,0.0,0.0
2007-03-06,98.13358070346077,99.08111377683868,97.38403929348311,98.78412628173828,143333300,0.0,0.0,0.0
2007-03-07,98.70633224839193,99.32153058268246,98.5719784651591,98.68511962890625,115144900,0.0,0.0,0.0
2007-03-08,99.37808415051764,99.81650343514465,99.04574953614515,99.51951599121094,117891600,0.0,0.0,0.0
2007-03-09,99.9225764638272,100.00035966805069,99.05282666368132,99.54780578613281,107765100,0.0,0.0,0.0
2007-03-12,99.29322776206045,99.94377318949921,99.109381485741,99.6962890625,80366900,0.0,0.0,0.0
2007-03-13,99.12351005631844,99.54071667275828,97.61028233407887,97.75878143310547,190605200,0.0,0.0,0.0
2007-03-14,97.88607621256628,98.54369979400253,96.69812634766069,98.48712921142578,231853800,0.0,0.0,0.0
2007-03-15,98.26788679062994,98.98914795125242,98.14767839548139,98.62144470214844,132435900,0.0,0.0,0.0
2007-03-16,98.89905130708661,99.12623113144375,98.05424393812018,98.3453140258789,121531600,0.551,0.0,0.0
2007-03-19,98.86354141579224,99.62316167707202,98.78544971446937,99.53086853027344,96161200,0.0,0.0,0.0
2007-03-20,99.44570086726289,100.13432486764849,99.36051384289554,100.07752990722656,82147400,0.0,0.0,0.0
2007-03-21,100.16983086158325,101.98012026535116,99.97105390091437,101.72454833984375,152368700,0.0,0.0,0.0
2007-03-22,101.85938638936895,102.00136831740286,101.36953953000416,101.64640808105469,118942200,0.0,0.0,0.0
2007-03-23,101.7174023958779,102.09365937216462,101.6251092698929,101.79549407958984,74416800,0.0,0.0,0.0
2007-03-26,101.87361526752697,101.98009903409789,100.8726245316417,101.66063690185547,113787500,0.0,0.0,0.0
2007-03-27,101.6038412186433,101.6322441112112,101.08560217083983,101.41926574707031,99864600,0.0,0.0,0.0
2007-03-28,100.9081382527516,101.14241340777284,100.28340450602832,100.68096923828125,152907900,0.0,0.0,0.0
2007-03-29,101.19207126409391,101.24177090261662,100.2336850132175,100.78742218017578,139432700,0.0,0.0,0.0
2007-03-30,100.97908536359031,101.40503111996844,99.78641341417423,100.80870056152344,128194100,0.0,0.0,0.0
2007-04-02,100.92234802246094,101.13532643845244,100.4395962240447,100.92234802246094,79416400,0.0,0.0,0.0
2007-04-03,101.49734782367973,102.21436372131608,101.45475432139835,102.00849151611328,82417800,0.0,0.0,0.0
2007-04-04,102.00851853495024,102.1930940379006,101.63226138843476,102.12210845947266,63995200,0.0,0.0,0.0
2007-04-05,101.99428873799283,102.54093061935846,101.95169523626822,102.3989486694336,46822800,0.0,0.0,0.0
2007-04-09,102.69000895926982,102.79650354723383,102.33504866444686,102.54093170166016,50967400,0.0,0.0,0.0
2007-04-10,102.46284418713522,102.83200594193224,102.4202506832219,102.66162109375,56620000,0.0,0.0,0.0
2007-04-11,102.81076735184557,102.83915942634003,101.90205847999661,102.24282836914062,106365700,0.0,0.0,0.0
2007-04-12,102.0439570841505,102.88165791457632,101.75998243885991,102.69708251953125,115534400,0.0,0.0,0.0
2007-04-13,102.86749610169366,103.1656723022461,102.48414372352937,103.1656723022461,84287000,0.0,0.0,0.0
2007-04-16,103.52772773716549,104.25894512627445,103.52063243050989,104.14535522460938,83064600,0.0,0.0,0.0
2007-04-17,104.33708467946394,104.64234549358862,104.10990477194716,104.42227172851562,108424100,0.0,0.0,0.0
2007-04-18,104.07436517502477,104.8552713421256,104.05306842344658,104.55001068115234,88345300,0.0,0.0,0.0
2007-04-19,104.03887323320647,104.64229928508216,103.90398657674913,104.52161407470703,102947700,0.0,0.0,0.0
2007-04-20,105.22448169917286,105.5084457397461,104.38676936417438,105.5084457397461,124114100,0.0,0.0,0.0
2007-04-23,105.33094407287051,105.58651599039459,105.04698009008,105.11087036132812,77270800,0.0,0.0,0.0
2007-04-24,105.23154935711912,105.35223458427699,104.58552970968944,105.15345764160156,114471000,0.0,0.0,0.0
2007-04-25,105.58650933158417,106.24674125710538,105.0824716690384,106.11894989013672,108418800,0.0,0.0,0.0
2007-04-26,106.12604494886288,106.34611862354652,105.84917632062705,106.2396240234375,88741600,0.0,0.0,0.0
2007-04-27,105.84207499102861,106.30352994741204,105.6645948153112,106.1544418334961,108191100,0.0,0.0,0.0
2007-04-30,106.23251361823426,106.30351000821663,105.21733240316125,105.27411651611328,100874100,0.0,0.0,0.0
2007-05-01,105.3664269938965,106.11184588125205,104.83398647900395,105.54390716552734,134342700,0.0,0.0,0.0
2007-05-02,105.70719595049046,106.45261490878767,105.60071217038988,106.16154479980469,87129800,0.0,0.0,0.0
2007-05-03,106.46685222753243,106.77211305502254,106.29646728943479,106.73662567138672,86569700,0.0,0.0,0.0
2007-05-04,107.02057298967829,107.2832402496769,106.64431578872185,107.1412582397461,96409000,0.0,0.0,0.0
2007-05-07,107.11283254906562,107.34000152714208,107.06313290329695,107.16252136230469,63461400,0.0,0.0,0.0
2007-05-08,106.89981501514038,107.14118535107058,106.58035300199444,107.02050018310547,80584000,0.0,0.0,0.0
2007-05-09,106.94249881415647,108.49013222428816,106.75081711139184,107.31166076660156,102070100,0.0,0.0,0.0
2007-05-10,107.00633051597829,107.21221355910173,105.96985249155776,106.18992614746094,153617800,0.0,0.0,0.0
2007-05-11,106.31061286148214,107.14831399359811,106.28931610948116,107.09862518310547,113408900,0.0,0.0,0.0
2007-05-14,107.09870092941232,107.41106795638916,106.3390801290335,106.86442565917969,108027500,0.0,0.0,0.0
2007-05-15,106.98506646003844,107.66659522025759,106.62301073798798,106.89278411865234,180673300,0.0,0.0,0.0
2007-05-16,107.05608449471616,107.64532020000765,106.75791898707487,107.6240234375,114166500,0.0,0.0,0.0
2007-05-17,107.46779043475834,107.87954570772068,107.27610882798483,107.41099548339844,101132800,0.0,0.0,0.0
2007-05-18,107.91506947135086,108.34812164306642,107.7730874613282,108.3481216430664,99182000,0.0,0.0,0.0
2007-05-21,108.31970080657877,108.78114492473554,108.26290585114668,108.29129791259766,174664600,0.0,0.0,0.0
2007-05-22,108.40486208563111,108.7314302936982,108.17769315036807,108.20608520507812,82148800,0.0,0.0,0.0
2007-05-23,108.58237734071218,108.97283592257617,108.16352669495403,108.22032165527344,133786600,0.0,0.0,0.0
2007-05-24,108.28420010759241,108.76695180136451,107.01344686076841,107.24061584472656,187593000,0.0,0.0,0.0
2007-05-25,107.55297955288097,107.9221413276889,107.32579974299007,107.6878662109375,83309200,0.0,0.0,0.0
2007-05-29,107.86534500332625,108.26289883304948,107.51747998605374,108.07832336425781,82020000,0.0,0.0,0.0
2007-05-30,107.52458625265305,109.00121166979335,107.43938840866191,108.9586181640625,129013600,0.0,0.0,0.0
2007-05-31,109.09350509590935,109.24968850566964,108.70304657150864,108.84503936767578,114866700,0.0,0.0,0.0
2007-06-01,109.24259292685258,109.61174386488544,108.97991492062103,109.38457489013672,107771700,0.0,0.0,0.0
2007-06-04,109.00117813536943,109.60461483431988,108.95858464274255,109.39874267578125,78008800,0.0,0.0,0.0
2007-06-05,109.14316307832921,109.25674210636564,108.51842967776483,108.96568298339844,126917900,0.0,0.0,0.0
2007-06-06,108.5184564104274,108.58234666053525,107.73044416151323,107.7943344116211,164096800,0.0,0.0,0.0
2007-06-07,107.59558876348649,108.26291601178048,105.82078686165401,105.84918975830078,232414600,0.0,0.0,0.0
2007-06-08,106.18996205478969,107.33293505671891,105.84209693853904,107.2264404296875,175886000,0.0,0.0,0.0
2007-06-11,107.14831747929269,107.87243956846984,106.9850387644638,107.41099548339844,102015600,0.0,0.0,0.0
2007-06-12,106.96374614056573,107.58137365758495,106.16863845589458,106.2396240234375,233898000,0.0,0.0,0.0
2007-06-13,106.84309019160936,107.9576711493701,106.28935278346476,107.82987976074219,193208200,0.0,0.0,0.0
2007-06-14,107.9505093104515,108.70302330594816,107.92921256209044,108.51844787597656,146396500,0.0,0.0,0.0
2007-06-15,109.18583590134239,109.5565888162386,109.03610520596645,109.13593292236328,154030800,0.656,0.0,0.0
2007-06-18,109.35694796496684,109.36407385314781,108.84360115625273,109.00758361816406,88537500,0.0,0.0,0.0
2007-06-19,108.76517946630231,109.35695459777442,108.62971142811699,109.27852630615234,110851700,0.0,0.0,0.0
2007-06-20,109.49954659884021,109.49954659884021,107.63154116842747,107.75987243652344,177119700,0.0,0.0,0.0
2007-06-21,107.71711693847675,108.45148613103261,107.12534169879383,108.35879516601562,205262000,0.0,0.0,0.0
2007-06-22,108.03084082007143,108.20908599855264,106.84016433332366,107.33924865722656,204964700,0.0,0.0,0.0
2007-06-25,107.11817600669323,107.83828227262363,106.24833907438824,106.82585144042969,232014400,0.0,0.0,0.0
2007-06-26,107.0967914487246,107.27503655001924,105.72073360953686,105.72785949707031,198445700,0.0,0.0,0.0
2007-06-27,105.61381880221023,107.35349319111947,105.56390493863671,107.2322769165039,213638000,0.0,0.0,0.0
2007-06-28,107.21800994873047,107.95237898570377,106.71178901217444,107.21800994873047,157705000,0.0,0.0,0.0
2007-06-29,107.58874854173128,108.12348389408426,106.34103271957434,107.25364685058594,199701800,0.0,0.0,0.0
2007-07-02,107.56737158058606,108.31600333033491,107.4960800534603,108.22331237792969,103357000,0.0,0.0,0.0
2007-07-03,108.5013913698769,108.72955040258404,108.36593418333119,108.61547088623047,54048400,0.0,0.0,0.0
2007-07-05,108.65823752048453,108.77231702585142,108.10925029944467,108.50138092041016,89279000,0.0,0.0,0.0
2007-07-06,108.64401067805797,109.20726068635277,108.32316063566849,109.07179260253906,81109000,0.0,0.0,0.0
2007-07-09,109.20010283663551,109.34269676973074,108.81508725013667,109.1573257446289,72348100,0.0,0.0,0.0
2007-07-10,108.57982264990545,108.80798168885858,107.4960998525434,107.60304260253906,180362600,0.0,0.0,0.0
2007-07-11,107.48181362783795,108.40869048173283,107.3178311540565,108.36591339111328,175607600,0.0,0.0,0.0
2007-07-12,108.63684078530723,110.3337379422803,108.61545223956551,110.07706451416016,133882500,0.0,0.0,0.0
2007-07-13,110.2054108683193,110.83996313435514,110.07706870975767,110.40504455566406,111794300,0.0,0.0,0.0
2007-07-16,110.50481126088009,110.88981580343997,110.2124867516093,110.39073181152344,98378700,0.0,0.0,0.0
2007-07-17,110.46209442629652,110.85423598642144,110.28384925162356,110.3337631225586,126201300,0.0,0.0,0.0
2007-07-18,109.96297500870301,110.36937909924436,109.29990839262224,110.13409423828125,237887400,0.0,0.0,0.0
2007-07-19,110.65458498571626,110.8898698850585,110.3337458972388,110.56190490722656,145212700,0.0,0.0,0.0
2007-07-20,110.43350883332802,110.5048112089462,108.96477128100028,109.44246673583984,245502500,0.0,0.0,0.0
2007-07-23,109.92730767521522,110.31232316545267,109.29989235061834,109.777587890625,121183900,0.0,0.0,0.0
2007-07-24,109.17156594003738,109.99862589515126,107.48893159790369,107.87394714355469,256732400,0.0,0.0,0.0
2007-07-25,108.38731061016699,108.6511099429112,107.12533193980262,108.09498596191406,265214500,0.0,0.0,0.0
2007-07-26,107.08250518812774,107.5174235745777,104.37317806987627,105.53533935546875,467592500,0.0,0.0,0.0
2007-07-27,105.67087689957289,106.14143590478938,103.41785522185565,103.46063232421875,422987600,0.0,0.0,0.0
2007-07-30,104.04527081937678,105.38567804881153,103.5889635956236,105.0791015625,283017500,0.0,0.0,0.0
2007-07-31,105.75640267846225,106.56207415382205,103.41069065663785,103.89552307128906,316976700,0.0,0.0,0.0
2007-08-01,103.51049261071249,104.81524809058087,102.63352973642051,104.40171813964844,467670000,0.0,0.0,0.0
2007-08-02,104.63701189245444,105.34999237629863,103.56754116668816,105.23592376708984,294758400,0.0,0.0,0.0
2007-08-03,105.00775730056884,105.22165360630973,102.09879582845963,102.5265884399414,359398200,0.0,0.0,0.0
2007-08-06,102.81889714242243,104.68690210689239,101.62108454287258,104.24485778808594,324980000,0.0,0.0,0.0
2007-08-07,104.05237633221564,106.23409493037926,103.54615538830845,105.35713195800781,232568700,0.0,0.0,0.0
2007-08-08,105.81342060823575,107.3677126116946,105.05052638104318,106.82585144042969,274930600,0.0,0.0,0.0
2007-08-09,105.11470021376284,106.19843352015143,103.58892251942885,103.66022491455078,357622100,0.0,0.0,0.0
2007-08-10,102.94728650249213,104.45167626821346,102.04179793507686,103.17544555664062,411018400,0.0,0.0,0.0
2007-08-13,104.45166153540008,104.72972354390909,103.39645325685572,103.54617309570312,181917200,0.0,0.0,0.0
2007-08-14,103.88128342706455,104.13795690833531,101.7566040360698,101.96336364746094,264134500,0.0,0.0,0.0
2007-08-15,101.75657445413107,102.99716439948808,100.25931110212152,100.55876159667969,323834000,0.0,0.0,0.0
2007-08-16,99.66752788477655,101.91342272989534,97.67831730462576,101.31452178955078,546743700,0.0,0.0,0.0
2007-08-17,103.73869554283317,103.95971782702546,100.80834432635125,103.17544555664062,388218100,0.0,0.0,0.0
2007-08-20,103.50339000837721,103.71728635928613,102.16298302995361,103.1255111694336,187320400,0.0,0.0,0.0
2007-08-21,103.09699374918218,104.07377363902518,102.76901790338451,103.33226776123047,157066400,0.0,0.0,0.0
2007-08-22,104.10230182342805,104.66556263488361,103.61748019864135,104.55860900878906,173156700,0.0,0.0,0.0
2007-08-23,105.05058861185034,105.27161091949198,103.81713487226159,104.46595001220703,203915300,0.0,0.0,0.0
2007-08-24,104.43739782646905,105.75641632080078,104.2948038787842,105.75641632080078,128901900,0.0,0.0,0.0
2007-08-27,105.41415746032143,105.7563850092852,104.6156120071158,104.77246856689453,113024300,0.0,0.0,0.0
2007-08-28,104.209256159807,104.27342180836821,102.28421054841988,102.4695816040039,219790700,0.0,0.0,0.0
2007-08-29,102.93300462390532,104.62277602544259,102.64069084928434,104.48017120361328,207654200,0.0,0.0,0.0
2007-08-30,103.70297289662972,104.94356242075182,103.60315609900255,104.20205688476562,191817300,0.0,0.0,0.0
2007-08-31,105.27157500538962,105.87761283119555,104.6869366051996,105.22879791259766,185477500,0.0,0.0,0.0
2007-09-04,105.12897596124306,106.93281581445132,105.09332475924215,106.2911376953125,120062000,0.0,0.0,0.0
2007-09-05,105.66370828400028,105.77778777540136,104.80813385693038,105.37138366699219,166261800,0.0,0.0,0.0
2007-09-06,105.48544266733914,105.95601231854386,104.89366765977267,105.61378479003906,127878400,0.0,0.0,0.0
2007-09-07,104.43737904006184,104.72970365172539,103.56754197266524,104.14506530761719,235447600,0.0,0.0,0.0
2007-09-10,104.46592589734735,104.60851984879108,102.9044965628687,103.94544219970703,192305900,0.0,0.0,0.0
2007-09-11,104.26626800249926,105.30721339786614,104.1878397155153,105.1574935913086,162081900,0.0,0.0,0.0
2007-09-12,105.01489863244545,105.83483277849986,104.7938764063884,105.42842864990234,149554600,0.0,0.0,0.0
2007-09-13,105.91324086578258,106.554918875731,105.66369337345955,106.16991424560547,154079000,0.0,0.0,0.0
2007-09-14,105.49255039567372,106.2982105872781,105.33569388844865,106.1627426147461,121911000,0.0,0.0,0.0
2007-09-17,105.74218050767631,105.98459136820495,105.25735878661902,105.59246063232422,109870800,0.0,0.0,0.0
2007-09-18,106.11286662192771,108.7295031966291,105.61378255358981,108.70098876953125,263759500,0.0,0.0,0.0
2007-09-19,109.37832545110902,110.07704319485899,108.87924134843047,109.3426742553711,193779900,0.0,0.0,0.0
2007-09-20,109.32835843190146,109.39252402549378,108.45139601516982,108.57260131835938,175186800,0.0,0.0,0.0
2007-09-21,109.39578172410303,109.68948220152544,108.7009088464469,108.86566925048828,141457500,0.719,0.0,0.0
2007-09-24,109.18800367182575,109.47455531622577,108.42866094311391,108.6650619506836,139450200,0.0,0.0,0.0
2007-09-25,108.03468065578548,108.64359345623228,107.79111990793865,108.4501724243164,142289900,0.0,0.0,0.0
2007-09-26,109.06622678045271,109.43873846457113,108.45015438899175,109.02324676513672,135547000,0.0,0.0,0.0
2007-09-27,109.53906680629936,109.67517752256452,109.02328458194278,109.66800689697266,102713300,0.0,0.0,0.0
2007-09-28,109.49606384860668,109.73962458943356,108.87282074835869,109.30264282226562,133372100,0.0,0.0,0.0
2007-10-01,109.31699046982554,110.85716643897152,109.24534980254059,110.53480529785156,148162300,0.0,0.0,0.0
2007-10-02,110.7568653962041,110.78551510186013,110.18377290561291,110.38435363769531,112978800,0.0,0.0,0.0
2007-10-03,110.18379775605412,110.61361995364553,109.61070513620976,110.16230773925781,119055900,0.0,0.0,0.0
2007-10-04,110.39864512303446,110.50609514498642,110.02613349555723,110.33417510986328,76864400,0.0,0.0,0.0
2007-10-05,111.05769611810847,111.82420936840145,110.77115544240286,111.6451187133789,134579700,0.0,0.0,0.0
2007-10-08,111.31561072538479,111.38725137493002,110.87146930452394,111.0505599975586,71280400,0.0,0.0,0.0
