Date,Open,High,Low,Close,Volume,Dividends,Stock Splits,Capital Gains
2007-10-09,51.50666468294076,51.623511045495405,51.28465035372271,51.47160720825195,901000,0.0,0.0,0.0
2007-10-10,51.40154218842011,51.66444894265028,51.290534935235264,51.50086212158203,855500,0.0,0.0,0.0
2007-10-11,51.132819871665994,51.465837385837254,51.091923140361075,51.44831085205078,1533400,0.0,0.0,0.0
2007-10-12,51.13278511681185,51.51838642765949,51.109419392584456,51.197052001953125,1133900,0.0,0.0,0.0
2007-10-15,51.109412689118436,51.24962930312399,51.062672331981325,51.20873260498047,553300,0.0,0.0,0.0
2007-10-16,51.208665977593924,51.401466356878394,51.1443991844991,51.226192474365234,855500,0.0,0.0,0.0
2007-10-17,51.27885977291994,51.96826472330615,51.27885977291994,51.78715133666992,2377000,0.0,0.0,0.0
2007-10-18,52.061723359059314,52.19609631225076,52.00913934364104,52.07340621948242,1374100,0.0,0.0,0.0
2007-10-19,52.3655160935309,52.93223054282245,52.353833235487855,52.85043716430664,2561800,0.0,0.0,0.0
2007-10-22,52.92057869850768,52.96147541173282,52.62261438363462,52.8563117980957,1866500,0.0,0.0,0.0
2007-10-23,52.73356854613136,52.885467923744464,52.64008789153596,52.78614807128906,1046600,0.0,0.0,0.0
2007-10-24,52.99650282805506,53.39378690324027,52.90886578284848,53.177616119384766,2829300,0.0,0.0,0.0
2007-10-25,53.20101602165379,53.27112658847481,52.990688778598525,52.99653244018555,3062200,0.0,0.0,0.0
2007-10-26,52.79787151775681,53.16594181798439,52.78034053996941,52.87382125854492,1366500,0.0,0.0,0.0
2007-10-29,52.87384739245598,53.16012443413089,52.862164525562555,53.078330993652344,881000,0.0,0.0,0.0
2007-10-30,53.0082098892248,53.171796723927166,52.827092073026954,53.04910659790039,1439600,0.0,0.0,0.0
2007-10-31,52.873833704472815,52.9906801727906,52.43565276217055,52.570030212402344,2498500,0.0,0.0,0.0
2007-11-01,52.78944446487107,53.40559695878857,52.78944446487107,53.25302505493164,2563400,0.394,0.0,0.0
2007-11-02,53.07697836975499,53.71660378652142,52.936145181763045,53.42319869995117,1927700,0.0,0.0,0.0
2007-11-05,53.4936568603421,53.628620792264726,53.282404684540964,53.39976501464844,1021500,0.0,0.0,0.0
2007-11-06,53.165005844346645,53.487753261052895,53.0945914821611,53.14153289794922,575800,0.0,0.0,0.0
2007-11-07,53.12983990114888,53.258938968034464,53.0007408342633,53.23546600341797,1456100,0.0,0.0,0.0
2007-11-08,53.194348146595125,53.36452365022144,53.06524917991263,53.14153289794922,2179600,0.0,0.0,0.0
2007-11-09,53.42318545561621,53.74592828462735,53.35863599441294,53.593360900878906,887200,0.0,0.0,0.0
2007-11-12,53.980696215486304,53.980696215486304,53.60513785661047,53.787052154541016,460600,0.0,0.0,0.0
2007-11-13,53.64621983291613,53.687296392662255,53.49951719425009,53.58753967285156,1116600,0.0,0.0,0.0
2007-11-14,53.37040429670598,53.69902116634915,53.352800700958824,53.64620590209961,684400,0.0,0.0,0.0
2007-11-15,53.75772068421406,54.31518897647699,53.687301798840025,54.150882720947266,1312900,0.0,0.0,0.0
2007-11-16,54.14501143501348,54.39734016903161,54.10980423208382,54.227169036865234,1333800,0.0,0.0,0.0
2007-11-19,54.303437275485834,54.819828837846025,54.22715353194652,54.57923889160156,1343900,0.0,0.0,0.0
2007-11-20,54.62619044581799,54.74355523879061,54.45601933077357,54.52056884765625,1367800,0.0,0.0,0.0
2007-11-21,54.808106464019126,54.913732542482265,54.71421462671446,54.83744430541992,1297800,0.0,0.0,0.0
2007-11-23,54.83159057287245,55.04284277275504,54.75530232029755,55.001766204833984,437400,0.0,0.0,0.0
2007-11-26,55.28927125426297,56.54504503058756,55.23059111534276,56.08733367919922,4427000,0.0,0.0,0.0
2007-11-27,55.7235356013648,55.89371121737803,55.154328587081494,55.55335998535156,3100300,0.0,0.0,0.0
2007-11-28,55.48877359636464,55.5650617911093,55.066269516878535,55.177764892578125,2088100,0.0,0.0,0.0
2007-11-29,55.64132668240686,55.99341180384712,55.54743940595856,55.65306091308594,1594500,0.0,0.0,0.0
2007-11-30,55.08974687127036,55.389021364354356,55.007593791130766,55.38315200805664,1952100,0.0,0.0,0.0
2007-12-03,55.82860478225421,56.02891631399332,55.54580700783168,55.82271194458008,1272700,0.376,0.0,0.0
2007-12-04,55.911066553250606,56.00532944776633,55.46919827884913,55.81679916381836,1721200,0.0,0.0,0.0
2007-12-05,55.51039871505397,55.65768803259766,55.121552759180254,55.1510124206543,1866000,0.0,0.0,0.0
2007-12-06,54.98017955456168,54.991960727192144,54.52063740841592,54.66792678833008,2270200,0.0,0.0,0.0
2007-12-07,54.30855956051767,54.40871529552288,53.83723158003224,54.05522155761719,2171000,0.0,0.0,0.0
2007-12-10,53.990428265159636,54.01988795740047,53.46607810668203,53.731197357177734,2242500,0.0,0.0,0.0
2007-12-11,54.04344251520955,54.927179142334474,53.95506795351367,54.7857780456543,2892400,0.0,0.0,0.0
2007-12-12,53.878467978671175,54.58545989084205,53.77241941659136,54.22018051147461,2225400,0.0,0.0,0.0
2007-12-13,53.97271674843468,54.096439279033504,53.55441547976772,53.631004333496094,1222100,0.0,0.0,0.0
2007-12-14,53.489578129767196,53.56616694101553,53.318722017063365,53.38352966308594,1354900,0.0,0.0,0.0
2007-12-17,53.654574577839504,53.9314793283874,53.57209288553781,53.86077880859375,2046200,0.0,0.0,0.0
2007-12-18,53.96096247035843,54.379268477265,53.93740011313202,54.208412170410156,1417100,0.0,0.0,0.0
2007-12-19,54.438179212730994,55.12159989316574,54.13181465311909,54.927181243896484,2252400,0.0,0.0,0.0
2007-12-20,54.94485350681657,55.304240097070725,54.80345240923277,54.80934524536133,1659400,0.0,0.0,0.0
2007-12-21,54.73273766863728,54.744518841955156,54.002183560212835,54.00807189941406,1767600,0.0,0.0,0.0
2007-12-24,53.74294523825145,53.89023460604104,53.660463551882465,53.75472640991211,550300,0.0,0.0,0.0
2007-12-26,53.62513243083885,53.984518991149024,53.18915698690654,53.283424377441406,674700,0.0,0.0,0.0
2007-12-27,53.75779837492566,53.92342919047406,53.53893698066297,53.86427307128906,468600,0.362,0.0,0.0
2007-12-28,54.21329847768118,54.76341722606541,54.124568773816584,54.70426559448242,1967800,0.0,0.0,0.0
2007-12-31,54.8817131848153,55.177475816346295,54.775238456944955,55.0355110168457,1647600,0.0,0.0,0.0
2008-01-02,55.15971848519571,56.03517766509493,55.13014042344385,55.82814025878906,2959600,0.0,0.0,0.0
2008-01-03,55.60338133146656,55.828159333452824,55.40817688835788,55.75126266479492,1256700,0.0,0.0,0.0
2008-01-04,55.899137207466694,56.0706800748461,55.721677823838455,55.763084411621094,2420200,0.0,0.0,0.0
2008-01-07,55.7098601753282,56.06477449886171,55.62113046619971,56.00562286376953,1315500,0.0,0.0,0.0
2008-01-08,55.863628421375886,56.02333820275416,55.5619493754635,55.94052505493164,1604800,0.0,0.0,0.0
2008-01-09,56.070708225272035,56.37238752370698,55.97014996345434,56.04704666137695,2203500,0.0,0.0,0.0
2008-01-10,56.11802303627853,56.16534164407413,55.195240233055785,55.289886474609375,2681800,0.0,0.0,0.0
2008-01-11,55.3194461028986,55.76900661105123,55.2484659525977,55.721683502197266,1872900,0.0,0.0,0.0
2008-01-14,55.72170770685034,55.92874526977539,55.603404396306324,55.92874526977539,906100,0.0,0.0,0.0
2008-01-15,56.289536764388735,56.56754980052659,56.23629715288738,56.555721282958984,1435300,0.0,0.0,0.0
2008-01-16,56.597166591827886,56.72138641969287,56.0352191067746,56.147605895996094,3505100,0.0,0.0,0.0
2008-01-17,56.171217272455706,56.95794665898908,56.15347224332724,56.8751335144043,2940500,0.0,0.0,0.0
2008-01-18,56.52022815828245,56.65035989639853,56.325023781640425,56.48473358154297,2676800,0.0,0.0,0.0
2008-01-22,57.02898311045331,57.15320294020847,56.372389358188876,57.088134765625,5423500,0.0,0.0,0.0
2008-01-23,57.957656594649215,58.0641313396674,56.71544973177699,56.957977294921875,7636600,0.0,0.0,0.0
2008-01-24,56.520300615328395,56.638603988177834,55.80455031674082,55.816383361816406,5676700,0.0,0.0,0.0
2008-01-25,55.71572122765403,56.786379649815956,55.68022667154923,56.75680160522461,4371100,0.0,0.0,0.0
2008-01-28,56.59711624852425,56.7864040816105,56.407828415438,56.54387664794922,1633500,0.0,0.0,0.0
2008-01-29,56.360524987712495,56.38418653922377,55.94645911871399,56.15940856933594,3100200,0.0,0.0,0.0
2008-01-30,56.01150657195214,56.05882514452033,55.360825428138895,55.792640686035156,3468000,0.0,0.0,0.0
2008-01-31,56.37237895478989,56.449275641023775,55.97605346101832,56.189002990722656,11441000,0.0,0.0,0.0
2008-02-01,56.390234383355796,56.62766785491381,56.129057111775296,56.52676010131836,4163700,0.329,0.0,0.0
2008-02-04,56.0281426823378,56.18841218122649,55.87381026491403,55.94504165649414,1729600,0.0,0.0,0.0
2008-02-05,56.63359084183129,56.75230528373065,56.25369466468887,56.372413635253906,2594600,0.0,0.0,0.0
2008-02-06,56.170598358543955,56.30118697278021,56.010333395677854,56.200279235839844,1339800,0.0,0.0,0.0
2008-02-07,56.11123667567094,56.11123667567094,54.63915766351005,54.9893684387207,5419700,0.0,0.0,0.0
2008-02-08,55.351443449737104,55.636364400589585,55.25646828989799,55.618553161621094,2832800,0.0,0.0,0.0
2008-02-11,55.96283375492652,56.212136767340446,55.636366818288785,55.85005187988281,2960200,0.0,0.0,0.0
2008-02-12,55.39299909188701,55.58888198073948,55.179309491078016,55.51765060424805,2897700,0.0,0.0,0.0
2008-02-13,55.16154639203611,55.45240015083908,54.846948822296525,54.930049896240234,3697500,0.0,0.0,0.0
2008-02-14,54.49075988527419,54.66883154086511,53.81407763096458,54.122737884521484,7505000,0.0,0.0,0.0
2008-02-15,54.37798500593586,54.65103186928641,54.28894690233619,54.53824996948242,3687800,0.0,0.0,0.0
2008-02-19,54.099029976441585,54.4314342436347,53.80223915825673,53.98624801635742,2911600,0.0,0.0,0.0
2008-02-20,53.79034991075721,54.360187530517585,53.754731946063735,54.36018753051758,2550100,0.0,0.0,0.0
2008-02-21,54.65696350145815,55.11401907899325,54.63915678824668,54.93594741821289,4197200,0.0,0.0,0.0
2008-02-22,54.90032560245848,55.11401520330046,54.53230814552586,54.621341705322266,1959700,0.0,0.0,0.0
2008-02-25,54.579797834003045,54.692579728338046,53.80814487377884,54.063385009765625,3460900,0.0,0.0,0.0
2008-02-26,53.99212344950294,54.21768258344666,53.855602365079726,54.08116149902344,2618900,0.0,0.0,0.0
2008-02-27,54.271139429431685,54.35424045065322,53.78440293570581,54.12868118286133,2494400,0.0,0.0,0.0
2008-02-28,54.811260533405154,55.1080509964069,54.72222701743508,55.09024429321289,3410900,0.0,0.0,0.0
2008-02-29,55.588876897916556,56.0696761914418,55.511708448273815,55.93315505981445,3822000,0.0,0.0,0.0
2008-03-03,55.80685129415725,56.12261475781142,55.55662415829381,55.788978576660156,2036900,0.348,0.0,0.0
2008-03-04,55.96770972207471,56.07495056269792,55.12765571295094,55.2468147277832,3401100,0.0,0.0,0.0
2008-03-05,55.44340939433451,55.44340939433451,54.51399196940048,54.585487365722656,3871200,0.0,0.0,0.0
2008-03-06,54.704656598138456,55.07404276078712,54.61528846494661,54.87743377685547,1342600,0.0,0.0,0.0
2008-03-07,55.580459616521146,55.61620505386474,54.656996424557875,54.94893264770508,3601300,0.0,0.0,0.0
2008-03-10,55.23489595311091,56.08090449469052,55.17531871906827,55.75918197631836,3579000,0.0,0.0,0.0
2008-03-11,55.40766052376669,55.42553323537323,54.93699275450858,55.28254699707031,3309200,0.0,0.0,0.0
2008-03-12,55.485120884064145,56.40858388453464,55.389798222430244,56.34900665283203,4752900,0.0,0.0,0.0
2008-03-13,56.61710045635724,56.71242765332028,55.56256947629647,55.908119201660156,5763500,0.0,0.0,0.0
2008-03-14,56.37279843506741,57.08177471628756,56.37279843506741,56.59919357299805,6174800,0.0,0.0,0.0
2008-03-17,56.95072417389582,57.379687376072226,56.78390616092721,57.03413772583008,3329300,0.0,0.0,0.0
2008-03-18,56.77798670676363,57.29035923203868,56.569459516246084,56.8137321472168,4022300,0.0,0.0,0.0
2008-03-19,56.67072120142226,58.0708064043789,56.67072120142226,57.755043029785156,5206400,0.0,0.0,0.0
2008-03-20,57.79080373763394,58.237639849007394,57.71335378135858,57.89804458618164,3905900,0.0,0.0,0.0
2008-03-24,57.48096842409829,57.48096842409829,56.71836471969713,56.77794647216797,5596200,0.0,0.0,0.0
2008-03-25,56.82565026153851,57.08779563341499,56.76607300759925,57.016300201416016,2038200,0.0,0.0,0.0
2008-03-26,57.06391888405006,57.31414588080928,56.7362419727081,56.77794647216797,1652000,0.0,0.0,0.0
2008-03-27,56.384781416566014,56.81374498071252,56.32520415386873,56.378822326660156,2405700,0.0,0.0,0.0
2008-03-28,56.65287734721197,56.932895461997866,56.450313759339124,56.92694091796875,1745500,0.0,0.0,0.0
2008-03-31,57.26059697210835,57.385710621719596,56.99845148980572,57.12952423095703,2546300,0.0,0.0,0.0
2008-04-01,56.72624164241684,56.750174789327,56.10997794501847,56.19972610473633,3821800,0.406,0.0,0.0
2008-04-02,56.23560656327144,56.756142080642825,56.23560656327144,56.31937026977539,3794200,0.0,0.0,0.0
2008-04-03,56.540686372189604,56.64239868069948,56.3133286417367,56.44495391845703,2839100,0.0,0.0,0.0
2008-04-04,56.941623123261266,57.174965549350645,56.8339262677754,56.959571838378906,1745200,0.0,0.0,0.0
2008-04-07,56.61253106080018,56.708259026439045,56.18174380347956,56.66039276123047,2231800,0.0,0.0,0.0
2008-04-08,56.94755810377714,56.98345550284362,56.397110015802795,56.46292495727539,1305200,0.0,0.0,0.0
2008-04-09,56.57665094012926,57.22283207578781,56.57067107825135,57.049320220947266,2883600,0.0,0.0,0.0
2008-04-10,57.02539947387291,57.13908078118321,56.582647665330185,56.857872009277344,1846500,0.0,0.0,0.0
2008-04-11,57.198924703675225,57.390385359968064,57.121145381200115,57.240806579589844,1987700,0.0,0.0,0.0
2008-04-14,57.04332577789231,57.25871945195692,56.83391652943485,56.90571594238281,3195300,0.0,0.0,0.0
2008-04-15,56.49289916601903,56.588631753659676,56.18177738574896,56.19972610473633,2821600,0.0,0.0,0.0
2008-04-16,56.12194226118557,56.277500856347025,55.30224916374594,55.64927291870117,4691100,0.0,0.0,0.0
2008-04-17,55.631338417150324,55.7509996078189,55.1885819691566,55.55355453491211,2020000,0.0,0.0,0.0
2008-04-18,55.04497576349254,55.57149127964832,54.937278889190125,55.50567626953125,2199700,0.0,0.0,0.0
2008-04-21,55.290275880266236,55.810806863250114,55.2244608834876,55.72704315185547,2805800,0.0,0.0,0.0
2008-04-22,55.58940205586035,56.04411778651937,55.58940205586035,55.91847229003906,1799700,0.0,0.0,0.0
2008-04-23,55.697118792836505,56.02020931086809,55.3620639881131,55.7330207824707,1221100,0.0,0.0,0.0
2008-04-24,55.20049966031951,55.320160740071124,54.931255383711985,55.26033020019531,3213600,0.0,0.0,0.0
2008-04-25,55.12875083371341,55.19456585737087,54.74582954958737,54.93729019165039,1742000,0.0,0.0,0.0
2008-04-28,54.763735331182914,55.25435312707391,54.69194049969236,55.104774475097656,1883900,0.0,0.0,0.0
2008-04-29,55.27231568982263,55.55950878210893,55.134705851786194,55.3141975402832,1269100,0.0,0.0,0.0
2008-04-30,55.296263874609444,55.76294878238264,54.955224552407444,55.709102630615234,2827500,0.0,0.0,0.0
2008-05-01,56.10900854611107,56.23510914668351,55.47249486248769,55.71268844604492,3226500,0.336,0.0,0.0
2008-05-02,55.112174413103354,55.490480573971396,54.96806018012494,55.010093688964844,2730800,0.0,0.0,0.0
2008-05-05,55.16021401786578,55.1662201137883,54.72786673762166,55.010093688964844,1309300,0.0,0.0,0.0
2008-05-06,55.25036383337015,55.2923974005636,54.51777487829978,54.61384963989258,4037500,0.0,0.0,0.0
2008-05-07,54.48171371778568,54.902049129737804,54.41566035572001,54.84800338745117,3876200,0.0,0.0,0.0
2008-05-08,54.90807202400928,55.36443501619029,54.896059819243895,55.34041976928711,2829500,0.0,0.0,0.0
2008-05-09,55.68266464271362,55.766731706034776,55.37041162353959,55.544551849365234,2064300,0.0,0.0,0.0
2008-05-12,55.70067711858482,55.94087068614426,55.454477451975805,55.46048355102539,1947400,0.0,0.0,0.0
2008-05-13,55.14221030286103,55.27431694924025,54.82995739663567,54.85397720336914,2123300,0.0,0.0,0.0
2008-05-14,55.244323117674995,55.25032921817264,54.47570718122167,54.878028869628906,2600900,0.0,0.0,0.0
2008-05-15,54.745915267116374,55.44247623531672,54.69787563179667,55.37642288208008,2164300,0.0,0.0,0.0
2008-05-16,55.172247505297385,55.77873520127861,55.11220026183541,55.14822769165039,1902600,0.0,0.0,0.0
2008-05-19,55.40045659816834,55.40045659816834,54.82399457364902,55.22031021118164,1348200,0.0,0.0,0.0
2008-05-20,55.50852966308594,55.5445570989682,55.18426899621022,55.50852966308594,1466000,0.0,0.0,0.0
2008-05-21,55.27432802025208,55.64662364591444,55.16023506074362,55.52052307128906,1762100,0.0,0.0,0.0
2008-05-22,55.20227317077946,55.20227317077946,54.547745850431774,54.866004943847656,2855900,0.0,0.0,0.0
2008-05-23,55.142233187583784,55.42446030719271,55.06416763797441,55.106201171875,1802000,0.0,0.0,0.0
2008-05-27,54.87201401245578,54.980100897602654,54.63182500662862,54.73390579223633,1985800,0.0,0.0,0.0
2008-05-28,54.367646310553845,54.43970580709122,54.127452570077125,54.2475471496582,3250700,0.0,0.0,0.0
2008-05-29,54.0493966785746,54.10343787011804,53.52697558707977,53.857242584228516,3302400,0.0,0.0,0.0
2008-05-30,54.12137556209561,54.307527872276395,54.079342056179016,54.211448669433594,2514600,0.0,0.0,0.0
2008-06-02,54.22775605616483,54.62551225226236,54.01079645903329,54.42060852050781,3076400,0.327,0.0,0.0
2008-06-03,54.27598758007049,55.08958869592397,54.12532138794463,54.81235885620117,2447700,0.0,0.0,0.0
2008-06-04,55.077530606793665,55.077530606793665,54.1795614253307,54.32419967651367,2813000,0.0,0.0,0.0
2008-06-05,54.13134720294127,54.25790624761408,53.90835959206035,53.99876022338867,2632200,0.0,0.0,0.0
2008-06-06,54.50502336298763,54.89675192952137,54.36640839168272,54.6978759765625,3864800,0.0,0.0,0.0
2008-06-09,54.52913051443061,55.077553266359246,54.35435711494573,54.6978759765625,1812000,0.0,0.0,0.0
2008-06-10,54.63156628997665,54.66772470745462,54.05903195809222,54.34228515625,1935300,0.0,0.0,0.0
2008-06-11,54.26994425701737,54.6737283997016,54.065035920244476,54.215702056884766,2265400,0.0,0.0,0.0
2008-06-12,53.974626290259145,54.02284054943092,53.52865588783233,53.67329406738281,4413100,0.0,0.0,0.0
2008-06-13,53.61906909751988,53.96258772855294,53.44429581534996,53.55880355834961,1983600,0.0,0.0,0.0
2008-06-16,53.70344877865906,53.74563512137891,53.40814437962012,53.57086181640625,1756800,0.0,0.0,0.0
2008-06-17,53.72755845633792,53.799875277008915,53.39006310066191,53.679344177246094,1712200,0.0,0.0,0.0
2008-06-18,53.811924697889346,54.221736825131664,53.69138901460268,54.1313362121582,2590000,0.0,0.0,0.0
2008-06-19,53.95055338980387,54.08916832337627,53.655248911458195,53.81194305419922,1700500,0.0,0.0,0.0
2008-06-20,54.203631593602275,54.28197630164293,54.05296551031827,54.125282287597656,4580900,0.0,0.0,0.0
2008-06-23,54.288025212398495,54.49895689091936,54.137359070888486,54.239810943603516,1594100,0.0,0.0,0.0
2008-06-24,54.46882296911724,54.72796892188391,54.32418475765574,54.601409912109375,3118400,0.0,0.0,0.0
2008-06-25,54.63156962294835,54.69786312434749,54.125328757533794,54.62554168701172,3251600,0.0,0.0,0.0
2008-06-26,54.84248644685091,55.10766038014106,54.7159274144988,54.9931526184082,4052300,0.0,0.0,0.0
2008-06-27,55.282438131264726,55.710329541100236,55.113688143274345,55.63800811767578,4144800,0.0,0.0,0.0
2008-06-30,55.69225732650206,55.93934750778037,55.493376835592066,55.65006637573242,3743000,0.0,0.0,0.0
2008-07-01,56.06255236166062,56.11093599528968,55.451663418340075,55.51819610595703,3805100,0.332,0.0,0.0
2008-07-02,55.62101875886672,55.87505014497121,55.56658543951179,55.80851745605469,2413700,0.0,0.0,0.0
2008-07-03,55.469761494411664,55.8266187583172,55.36694001387498,55.687503814697266,1405100,0.0,0.0,0.0
2008-07-07,55.68753135812691,56.34075864207436,55.39116151458911,55.94156265258789,3528400,0.0,0.0,0.0
2008-07-08,55.94757930013805,56.33467569586125,55.89919109703439,56.3044319152832,2176600,0.0,0.0,0.0
2008-07-09,56.21378540094534,56.637171211104004,56.20168602662124,56.552494049072266,1582000,0.0,0.0,0.0
2008-07-10,56.44969486714922,56.709776143734786,56.21380773426476,56.54646682739258,2723600,0.0,0.0,0.0
2008-07-11,56.564550810600906,56.697616151421556,55.560520300460205,55.741973876953125,5466000,0.0,0.0,0.0
2008-07-14,55.87504553645671,56.40730700388854,55.82061222159139,56.231903076171875,4135400,0.0,0.0,0.0
2008-07-15,56.292372535711394,56.51011497191472,56.06858041668133,56.2137451171875,4541400,0.0,0.0,0.0
2008-07-16,55.693561351911164,55.79033316649492,55.167349901220724,55.197593688964844,3435900,0.0,0.0,0.0
2008-07-17,55.19762430167072,55.40931708962239,54.77423411121069,54.91334915161133,5899900,0.0,0.0,0.0
2008-07-18,54.895213578193655,55.16133971977776,54.61698806702633,54.70771026611328,3475200,0.0,0.0,0.0
2008-07-21,54.70771705729509,54.979897532015556,54.58675103379133,54.91941452026367,3657200,0.0,0.0,0.0
2008-07-22,54.82263218660661,54.895214561734036,54.453679855184504,54.6472282409668,2675200,0.0,0.0,0.0
2008-07-23,54.56861967489828,54.659346521557445,54.28434437549381,54.53837585449219,2871900,0.0,0.0,0.0
2008-07-24,54.64720848892077,55.191564569227054,54.64720848892077,55.07059860229492,2613300,0.0,0.0,0.0
2008-07-25,54.768211904707066,54.943611277546246,54.43554837437356,54.520225524902344,3765300,0.0,0.0,0.0
2008-07-28,55.010111004273014,55.32462990158591,54.85890123832993,55.07059860229492,1275900,0.0,0.0,0.0
2008-07-29,54.83476040196935,55.03435396308936,54.62306285012458,54.84685516357422,1349100,0.0,0.0,0.0
2008-07-30,54.48997704603578,55.2157870643348,54.4536881602162,54.901268005371094,1667500,0.0,0.0,0.0
2008-07-31,55.4758576699093,55.675455733218826,55.20367723415341,55.445613861083984,3898700,0.0,0.0,0.0
2008-08-01,55.222214592672614,55.580364575553695,55.13722969397779,55.5682258605957,1804800,0.332,0.0,0.0
2008-08-04,55.29505394569436,55.62892648537954,55.24649445646425,55.44074630737305,2029900,0.0,0.0,0.0
2008-08-05,55.45290159330241,55.604661041905494,55.00976659692665,55.027976989746094,2191200,0.0,0.0,0.0
2008-08-06,54.88229312709011,54.88229312709011,54.524138394570606,54.803375244140625,3139500,0.0,0.0,0.0
2008-08-07,55.015817797880445,55.78675816832833,54.89441212649046,55.695701599121094,2765600,0.0,0.0,0.0
2008-08-08,55.780698621352,55.896037276176244,55.568236334568255,55.84747314453125,1035400,0.0,0.0,0.0
2008-08-11,55.71390915443397,55.71390915443397,54.997604614456165,55.31326675415039,3939400,0.0,0.0,0.0
2008-08-12,55.73212209400621,55.8656711106613,55.66534758567866,55.82925033569336,1315000,0.0,0.0,0.0
2008-08-13,56.029592906170514,56.05994201851687,55.51967872664266,55.63501739501953,1940300,0.0,0.0,0.0
2008-08-14,56.00532648938343,56.21171718381071,55.889987788772686,55.99318313598633,2605300,0.0,0.0,0.0
2008-08-15,56.254192257549505,56.575921553070565,56.19348940333757,56.478797912597656,1964900,0.0,0.0,0.0
2008-08-18,56.50306088003501,56.78229762008036,56.43021470080735,56.70338439941406,1262200,0.0,0.0,0.0
2008-08-19,56.7216076281772,56.776238801469454,56.38773502028992,56.48486328125,1944700,0.0,0.0,0.0
2008-08-20,56.68515448388969,56.88547795062246,56.54553846622367,56.642662048339844,2500000,0.0,0.0,0.0
2008-08-21,56.83690240279207,56.83690240279207,56.30271123036398,56.53945541381836,2267000,0.0,0.0,0.0
2008-08-22,56.52131556482095,56.55773636731442,56.236006928400876,56.50310516357422,1990000,0.0,0.0,0.0
2008-08-25,57.13437474993758,57.261852077171724,56.97047202111591,57.06760025024414,2028300,0.0,0.0,0.0
2008-08-26,57.03727860695124,57.18296640127092,56.88551913706323,57.11619186401367,1270900,0.0,0.0,0.0
2008-08-27,56.75194131666257,57.237573226855446,56.72159221685622,57.21329116821289,1555300,0.0,0.0,0.0
2008-08-28,57.00691333897541,57.310432192749964,56.87336430230178,57.21937561035156,1886500,0.0,0.0,0.0
2008-08-29,57.073683476998866,57.158673017253285,56.76409757934494,56.96441650390625,1739100,0.0,0.0,0.0
2008-09-02,56.64763706231329,57.51885813525332,56.562338433419114,57.49448776245117,2916000,0.34,0.0,0.0
2008-09-03,57.433563175341575,57.8112970056453,57.42747406788206,57.73818588256836,2105000,0.0,0.0,0.0
2008-09-04,57.87828416168662,58.219459928277566,57.76252610594846,58.2011833190918,3049800,0.0,0.0,0.0
2008-09-05,58.49975341705558,58.67643517754484,58.12811792216205,58.1707649230957,4167800,0.0,0.0,0.0
2008-09-08,57.817359684575564,58.4144172668457,57.61021393795144,58.4144172668457,5426200,0.0,0.0,0.0
2008-09-09,58.38394202829257,59.02364640790122,58.20726044301879,58.993186950683594,3890200,0.0,0.0,0.0
2008-09-10,58.47531332376664,58.88959994092311,58.37783193235638,58.62762451171875,2407900,0.0,0.0,0.0
2008-09-11,58.96881536489781,59.011462322648036,58.48751132847684,58.59717559814453,3592000,0.0,0.0,0.0
2008-09-12,58.61547126689992,58.68858235318162,57.72597396724326,57.841732025146484,4138200,0.0,0.0,0.0
2008-09-15,58.658115546109066,59.809588375208364,58.53017463711704,59.71820068359375,5889900,0.0,0.0,0.0
2008-09-16,61.357066193427144,61.44845387723347,59.651182904448696,59.70601272583008,6684400,0.0,0.0,0.0
2008-09-17,60.266530354316934,60.54678257126484,59.5415317717543,60.004554748535156,4371300,0.0,0.0,0.0
2008-09-18,59.67553685222369,60.00452966017462,59.048015340975915,59.127220153808594,4188300,0.0,0.0,0.0
2008-09-19,57.18373798596169,57.890459792569104,57.086256551576874,57.250755310058594,7169200,0.0,0.0,0.0
2008-09-22,56.61716800297085,57.24468994140625,56.41611593099458,57.24468994140625,4726300,0.0,0.0,0.0
2008-09-23,57.031446231802704,57.32997509238451,56.739006476824045,57.025352478027344,2236000,0.0,0.0,0.0
2008-09-24,57.25077992999591,57.725990506553316,57.025357502169065,57.275150299072266,1014900,0.0,0.0,0.0
2008-09-25,57.62850629583567,57.62850629583567,56.751196291577365,57.15938949584961,1881200,0.0,0.0,0.0
2008-09-26,57.311682428596434,57.750339614128556,57.311682428596434,57.57365798950195,1992800,0.0,0.0,0.0
2008-09-29,57.98184611501201,59.66336363333679,57.97575701163378,59.24907684326172,4799800,0.0,0.0,0.0
2008-09-30,59.12114748224916,59.27345876348491,57.63458788997339,57.80517578125,1358100,0.0,0.0,0.0
2008-10-01,58.69125829761459,59.21681553915028,58.025143097911226,58.53236770629883,1767800,0.29,0.0,0.0
2008-10-02,59.015180413237516,59.186291302001216,58.709623922610334,59.002960205078125,931900,0.0,0.0,0.0
2008-10-03,59.51019791635503,59.76075655022995,58.355194415512145,59.522422790527344,1903100,0.0,0.0,0.0
2008-10-06,60.341271016290925,61.02571896780637,60.26794047098513,60.60404968261719,2906200,0.0,0.0,0.0
2008-10-07,60.08460147647503,60.909602702707595,59.87682539298208,60.42071533203125,1972000,0.0,0.0,0.0
2008-10-08,60.91577078511909,61.07466154039364,59.08243097978336,59.55298614501953,3386300,0.0,0.0,0.0
2008-10-09,59.50409941983866,59.70576325089206,58.80131824289896,59.05187225341797,1785400,0.0,0.0,0.0
2008-10-10,59.03964369262584,59.22297950848944,58.36742013849843,58.63630676269531,2200000,0.0,0.0,0.0
2008-10-13,58.1229581797523,58.636290865117125,57.603513058869645,57.88462448120117,1532100,0.0,0.0,0.0
2008-10-14,57.59742682437055,58.21465254462511,57.38353810817075,57.511871337890625,2100000,0.0,0.0,0.0
2008-10-15,57.51793481362724,58.08015743544899,57.09015308295564,58.061824798583984,1449500,0.0,0.0,0.0
2008-10-16,58.0496139500829,58.22072481870286,57.55461398551494,57.76239013671875,1063200,0.0,0.0,0.0
2008-10-17,57.86628576400337,57.99461892187602,56.84572361105513,57.36517333984375,1691800,0.0,0.0,0.0
2008-10-20,57.1023806777097,58.01904986412454,57.0534905354533,57.82349395751953,1146800,0.0,0.0,0.0
2008-10-21,58.11077492396682,58.6607779538937,57.896886151891245,58.129112243652344,1243700,0.0,0.0,0.0
2008-10-22,58.74017841156285,59.57740016881488,58.57517530416538,59.30851364135742,1069800,0.0,0.0,0.0
2008-10-23,59.85851660948927,60.43296432265877,59.167960596525454,59.74851608276367,1802000,0.0,0.0,0.0
2008-10-24,60.390149636097924,60.530707591824694,58.94181103109843,59.1129264831543,1495400,0.0,0.0,0.0
2008-10-27,59.748495245144206,60.01738636390112,58.84405092965008,59.15571975708008,1534100,0.0,0.0,0.0
2008-10-28,58.77685874028875,59.21686092273651,58.14741298689605,58.2940788269043,1505500,0.0,0.0,0.0
2008-10-29,58.52626217477107,58.67293258208723,57.707373381479066,58.000709533691406,1745800,0.0,0.0,0.0
2008-10-30,57.75018440744876,57.933520191171624,57.32240712865894,57.47518539428711,1326000,0.0,0.0,0.0
2008-10-31,57.83575827876231,58.006869244761894,56.61964420261602,56.729644775390625,2282500,0.0,0.0,0.0
2008-11-03,56.88907527320451,57.12836242098401,56.662057220740365,56.882938385009766,1111600,0.37,0.0,0.0
2008-11-04,57.036406305937284,58.110133844861735,56.80938794108996,57.95060729980469,1608800,0.0,0.0,0.0
2008-11-05,58.220597189838976,58.69917232979164,57.9199546728835,58.6378173828125,1931700,0.0,0.0,0.0
2008-11-06,58.04260949883118,58.31871351990683,57.557897919726706,58.21440505981445,919700,0.0,0.0,0.0
2008-11-07,57.99354435332384,57.99354435332384,57.39839657128971,57.834022521972656,1277100,0.0,0.0,0.0
2008-11-10,57.55181428856339,58.34943787800561,57.4781855512424,58.11628723144531,1352100,0.0,0.0,0.0
2008-11-11,58.41685626103763,58.784990122571195,58.26346676197564,58.28800964355469,696000,0.0,0.0,0.0
2008-11-12,58.643943688267136,58.944586150913906,58.38625014885561,58.662349700927734,1199400,0.0,0.0,0.0
2008-11-13,58.23280396425018,58.44141148009682,57.21429522854623,57.25724411010742,1631900,0.0,0.0,0.0
2008-11-14,58.35556392477082,58.57030851733812,58.15922534284057,58.39237594604492,1059300,0.0,0.0,0.0
2008-11-17,58.70528526753424,58.92002983485181,58.46599779522601,58.650062561035156,490300,0.0,0.0,0.0
2008-11-18,59.1347531296948,59.515160998585465,58.877059741613444,59.404720306396484,924800,0.0,0.0,0.0
2008-11-19,59.80357036892473,60.969332896173256,59.644043787870096,60.92638397216797,2090400,0.0,0.0,0.0
2008-11-20,62.47251065649863,64.08003520959703,62.03074789802403,64.07389831542969,5459800,0.0,0.0,0.0
2008-11-21,63.34988668399318,63.797786247583275,62.24548000738592,63.14741134643555,3249300,0.0,0.0,0.0
2008-11-24,62.67501386650016,62.76091169867292,61.96942051844038,62.15962219238281,1587300,0.0,0.0,0.0
2008-11-25,63.77935247515758,64.09840525779872,63.000135871806165,63.98796463012695,2632700,0.0,0.0,0.0
2008-11-26,64.251830797653,64.80403424574624,63.86528604344838,64.07389831542969,2577600,0.0,0.0,0.0
2008-11-28,64.57696822788768,65.01873065974883,64.38676677903227,64.86534118652344,986400,0.0,0.0,0.0
2008-12-01,66.33368840702359,67.97125549828952,65.95199867149438,67.34947204589844,4031600,0.355,0.0,0.0
2008-12-02,66.83233478060018,67.94662066304933,66.60455624250915,67.60802459716797,3289300,0.0,0.0,0.0
2008-12-03,67.88500767189703,68.21744593624253,66.83228884989403,67.79882049560547,2951000,0.0,0.0,0.0
2008-12-04,68.41444981139126,69.25170074093268,67.94657788364981,69.13473510742188,2825400,0.0,0.0,0.0
2008-12-05,68.9193247415813,69.5657338820586,67.97741776883404,68.01435852050781,4557600,0.0,0.0,0.0
2008-12-08,68.0143765770188,68.48840662818888,67.52803137307022,67.86662292480469,2119500,0.0,0.0,0.0
2008-12-09,68.07590701165105,69.27637552967795,67.87274935572266,69.20865631103516,2055500,0.0,0.0,0.0
2008-12-10,68.56219428358403,69.0423812866211,68.408287952003,69.0423812866211,2414900,0.0,0.0,0.0
2008-12-11,69.06088606803573,69.21479248156791,68.2544179641194,69.1778564453125,2416900,0.0,0.0,0.0
2008-12-12,69.28251167927014,69.29482212573828,67.92813242207633,69.1778564453125,2547100,0.0,0.0,0.0
2008-12-15,69.16552812405787,70.1443751699878,68.98084328111739,69.9658432006836,1707700,0.0,0.0,0.0
2008-12-16,71.69580841064453,71.9666853725823,70.16290087855494,71.69580841064453,4015100,0.0,0.0,0.0
2008-12-17,74.34915577312907,74.57078152622532,73.41956382209908,73.64118957519531,6407500,0.0,0.0,0.0
2008-12-18,74.33067406403792,75.81433482162306,74.15214197929615,75.18639373779297,4442000,0.0,0.0,0.0
2008-12-19,74.76160544307018,75.71582270159831,74.6631030516375,75.26641845703125,2668500,0.0,0.0,0.0
2008-12-22,75.3464406651372,75.3464406651372,74.32450428792457,74.6877212524414,2221400,0.0,0.0,0.0
2008-12-23,73.9612999397797,74.79855159261402,73.81355102953047,74.58924102783203,1746400,0.0,0.0,0.0
2008-12-24,74.32449057440532,74.68770747190544,74.25677137371018,74.42914581298828,717200,0.0,0.0,0.0
2008-12-26,74.85389651068253,75.08783718860273,74.61380295996929,74.67536926269531,454400,0.0,0.0,0.0
2008-12-29,75.0058433986645,75.36410351891233,74.49933949894972,74.5858154296875,1416000,0.405,0.0,0.0
2008-12-30,74.42522315522298,75.30851715233199,74.16579533546418,75.2961654663086,2590500,0.0,0.0,0.0
2008-12-31,74.99353323281355,75.35796704088736,73.41224809690435,73.7210922241211,2738000,0.0,0.0,0.0
2009-01-02,74.15341310310897,74.40048442248195,71.86796569824219,71.86796569824219,3464200,0.0,0.0,0.0
2009-01-05,71.40472866291974,71.75063713200231,69.55166474582363,70.01493072509766,5395200,0.0,0.0,0.0
2009-01-06,68.94634965743754,69.95935779732622,68.5633813264703,69.31078338623047,4109300,0.0,0.0,0.0
2009-01-07,69.15637417652762,69.60111045942928,68.81047027319843,69.58258056640625,2565600,0.0,0.0,0.0
2009-01-08,69.5763708182596,69.74932269150695,69.17487270531535,69.5269546508789,2603600,0.0,0.0,0.0
2009-01-09,68.84752946461255,70.01495984085277,68.7301671930307,69.63199615478516,2727900,0.0,0.0,0.0
2009-01-12,68.91542352723145,70.4472912529599,68.91542352723145,70.3546371459961,2462800,0.0,0.0,0.0
2009-01-13,70.10759912341587,70.46585935127868,69.77404698498354,70.42879486083984,1767400,0.0,0.0,0.0
2009-01-14,70.81796982854375,71.67655625268434,70.81796982854375,71.59008026123047,2494800,0.0,0.0,0.0
2009-01-15,71.77533588113391,72.2200719466074,71.39237237898669,71.70738983154297,2827200,0.0,0.0,0.0
2009-01-16,70.0581771084516,71.70740306171413,70.02111733368618,70.60174560546875,2994800,0.0,0.0,0.0
2009-01-20,69.36019564581926,70.80558350300424,69.32313586873843,70.58939361572266,3268300,0.0,0.0,0.0
2009-01-21,69.13787749195411,69.8235121386551,68.19281479314722,68.35958862304688,2838100,0.0,0.0,0.0
2009-01-22,68.3163439069556,68.42134981593793,66.63623051288197,67.04390716552734,4016600,0.0,0.0,0.0
2009-01-23,66.66089496185664,66.90797113081148,65.901141279609,66.51882934570312,2676200,0.0,0.0,0.0
2009-01-26,66.35822998315088,66.59912795502152,65.66024415601106,65.93820190429688,2240900,0.0,0.0,0.0
2009-01-27,66.58680022567323,67.69245812896472,66.48178963373637,67.4886245727539,3420800,0.0,0.0,0.0
2009-01-28,67.51952612265522,67.82837036211494,65.3020267453772,65.80235290527344,4348100,0.0,0.0,0.0
2009-01-29,65.20318527710997,65.66645157200249,64.0295811001197,64.28900909423828,3724400,0.0,0.0,0.0
2009-01-30,64.57926568339118,64.77692560407456,63.89363180264292,64.08511352539062,2630000,0.0,0.0,0.0
2009-02-02,64.42889288558185,65.45708171068547,64.03867920678356,65.27745819091797,2700200,0.285,0.0,0.0
2009-02-03,64.60234577852074,64.93062155417283,63.64228988036578,63.722808837890625,2846400,0.0,0.0,0.0
2009-02-04,63.642301514991516,63.71662999168836,62.94239274698043,63.499839782714844,2305400,0.0,0.0,0.0
2009-02-05,63.945744069649685,64.34215280678657,63.307773905993926,63.5555305480957,2279500,0.0,0.0,0.0
2009-02-06,63.332577063112,63.71040504026247,63.11579168086999,63.35735321044922,1667500,0.0,0.0,0.0
2009-02-09,62.985704773646745,63.59270369283525,62.595486457174104,63.561737060546875,2257300,0.0,0.0,0.0
2009-02-10,64.48463864614291,65.0111187549906,64.07583932420705,64.94298553466797,3782800,0.0,0.0,0.0
2009-02-11,65.4756750682257,65.96499342691128,65.36418474946736,65.78536987304688,2774200,0.0,0.0,0.0
2009-02-12,65.64291010338442,65.76678612979102,64.87486361784762,65.16597747802734,1818400,0.0,0.0,0.0
2009-02-13,64.38554602670473,64.38554602670473,63.32019990077866,63.43169021606445,2466800,0.0,0.0,0.0
2009-02-17,64.75717558387177,65.44469832250964,64.63329484572213,65.40753173828125,2813900,0.0,0.0,0.0
2009-02-18,65.69242162877183,66.00211625040558,64.60229996302773,64.85005187988281,2768600,0.0,0.0,0.0
2009-02-19,63.605094059733176,64.45365444748667,63.32017552492285,63.74755096435547,3219400,0.0,0.0,0.0
2009-02-20,64.58372869767913,65.13498959446103,63.98292496739795,64.366943359375,4272000,0.0,0.0,0.0
2009-02-23,64.16877552416854,64.96159362792969,63.90243774941421,64.96159362792969,2688700,0.0,0.0,0.0
2009-02-24,65.46944961840522,66.07645323482018,64.89341735839844,64.89341735839844,4197100,0.0,0.0,0.0
2009-02-25,65.1845798528342,65.33942729956547,63.81572899079811,64.14400482177734,3908100,0.0,0.0,0.0
2009-02-26,63.716582974543385,63.95814443859595,63.16532684113464,63.46882629394531,2611100,0.0,0.0,0.0
2009-02-27,63.53077761496525,63.803310493372116,62.68840755949549,63.103397369384766,3267700,0.0,0.0,0.0
2009-03-02,63.48967528413642,64.1480484008789,63.408928192602964,64.1480484008789,3302000,0.282,0.0,0.0
2009-03-03,63.49594866988683,64.32823210815954,63.23507939729835,63.71954345703125,3084900,0.0,0.0,0.0
2009-03-04,63.036307060504605,63.508350897675335,62.83134483504513,63.427608489990234,3178400,0.0,0.0,0.0
2009-03-05,64.60773035292472,65.48970838291388,64.24749087785821,65.19157409667969,4562400,0.0,0.0,0.0
2009-03-06,64.7568359375,65.81893192730999,64.65124378935164,64.7568359375,3125900,0.0,0.0,0.0
2009-03-09,64.91208364803416,64.93692856930136,64.04874277340703,64.3779296875,2070500,0.0,0.0,0.0
2009-03-10,63.62015830697965,63.8189128826142,63.04873949436568,63.14190673828125,2602600,0.0,0.0,0.0
2009-03-11,62.912092407736544,63.82512283325196,62.6884929264396,63.82512283325195,3101500,0.0,0.0,0.0
2009-03-12,63.76302656656036,64.5766775128984,63.54563471305547,64.12947845458984,3558900,0.0,0.0,0.0
2009-03-13,63.818923385745904,64.52077455987714,63.55805885079628,63.80650329589844,2504000,0.0,0.0,0.0
2009-03-16,62.62014047019809,63.01143700485675,62.42138599786156,62.800262451171875,3265600,0.0,0.0,0.0
2009-03-17,63.17920989434437,63.558086773370945,62.35313376540539,62.45872116088867,3076200,0.0,0.0,0.0
2009-03-18,62.80652306395405,67.1232272942547,62.66987837084801,64.82512664794922,8578800,0.0,0.0,0.0
2009-03-19,65.60151208073466,65.62635700096727,64.73195882732912,64.90586853027344,3650900,0.0,0.0,0.0
2009-03-20,64.98043349501275,65.21645323890269,64.4586994049847,64.545654296875,3479700,0.0,0.0,0.0
2009-03-23,64.77542876749833,64.85617119491057,63.95556544930292,63.98661804199219,2097000,0.0,0.0,0.0
2009-03-24,63.4710786482364,65.31577163738369,63.309589112634754,64.59528350830078,5477100,0.0,0.0,0.0
2009-03-25,64.15433951952011,64.42141653885623,63.54565070614306,63.725772857666016,2549600,0.0,0.0,0.0
2009-03-26,63.62637091770665,64.63256388680583,63.452461255821994,64.4648666381836,2385300,0.0,0.0,0.0
2009-03-27,64.68847836542889,65.1729424405165,64.32202173255253,64.94313049316406,1853900,0.0,0.0,0.0
2009-03-30,65.48970838291388,65.7567853360482,64.55804525412212,65.19157409667969,2300100,0.0,0.0,0.0
2009-03-31,65.24127549670203,65.71331955911373,65.21643057355567,65.65741729736328,1094600,0.0,0.0,0.0
2009-04-01,66.10085458916409,66.37492198773197,65.73334831853498,66.25657653808594,2383400,0.302,0.0,0.0
2009-04-02,65.95762938760085,66.06974945075007,65.30359489385371,65.44686126708984,1766300,0.0,0.0,0.0
2009-04-03,65.3472094415372,65.50293150606979,63.94571086074398,64.10765838623047,3316800,0.0,0.0,0.0
2009-04-06,64.49379368876257,64.52493522272788,63.671582106432396,63.833534240722656,1418100,0.0,0.0,0.0
2009-04-07,63.870957249136424,64.3505790770296,63.833585477478735,63.99553298950195,1312600,0.0,0.0,0.0
2009-04-08,64.20110154893304,64.69318391190667,64.12635323669596,64.5623779296875,1007800,0.0,0.0,0.0
2009-04-09,63.82734609367284,64.26959608636311,63.522132247050386,63.75259780883789,1088800,0.0,0.0,0.0
2009-04-13,64.13258808570767,64.47517860122744,64.11390219436318,64.33814239501953,946600,0.0,0.0,0.0
2009-04-14,64.31320036231357,64.91117240558066,64.1138763478912,64.67447662353516,1336000,0.0,0.0,0.0
2009-04-15,64.86136167411392,64.96725630451502,64.0827512426229,64.5623779296875,1152500,0.0,0.0,0.0
2009-04-16,64.06403037613998,64.4377622287603,64.02042840587191,64.05157470703125,1055600,0.0,0.0,0.0
2009-04-17,63.82732071752253,63.976812475499045,63.14214501185145,63.347694396972656,2582800,0.0,0.0,0.0
2009-04-20,63.92699138393456,64.40661778760344,63.814871357957514,64.30695343017578,1714400,0.0,0.0,0.0
2009-04-21,64.80528716292778,64.91117701354993,63.67163085937501,63.671630859375,909100,0.0,0.0,0.0
2009-04-22,63.8149002367156,63.88341832538972,62.98023225070038,63.28544616699219,2278100,0.0,0.0,0.0
2009-04-23,63.12969066173517,63.37884678381844,62.87430908198669,63.27918243408203,1688300,0.0,0.0,0.0
2009-04-24,62.78089601403493,62.899246281005716,62.351101677991,62.64385986328125,2830000,0.0,0.0,0.0
2009-04-27,62.95534898954563,63.030097330433996,62.32623018912446,62.911746978759766,2294600,0.0,0.0,0.0
2009-04-28,63.223191201845054,63.27302342904967,61.72202743507966,61.88397979736328,2332500,0.0,0.0,0.0
2009-04-29,62.08325250641225,62.33863889500377,61.13646473542789,61.33578872680664,3752600,0.0,0.0,0.0
2009-04-30,61.03055807766427,61.26725376708564,60.66305174823219,61.09284591674805,2778100,0.0,0.0,0.0
2009-05-01,60.67867345500816,60.78488497776004,60.33504233234486,60.67242431640625,2772200,0.297,0.0,0.0
2009-05-04,60.82861816417554,61.11601656690606,60.47249353832511,60.872352600097656,2246700,0.0,0.0,0.0
2009-05-05,60.8911080140957,61.12227851911603,60.45376356318914,60.79738998413086,1369000,0.0,0.0,0.0
2009-05-06,60.67869739449533,61.22850264097444,60.603722001780824,60.65370559692383,2045900,0.0,0.0,0.0
2009-05-07,59.94139408681496,60.416223449737785,58.93549791619484,59.17291259765625,5755200,0.0,0.0,0.0
2009-05-08,59.36663683381184,59.59780731855055,59.12922197653446,59.31665802001953,2193400,0.0,0.0,0.0
2009-05-11,60.01014166824685,60.26004994135255,59.84769747737234,60.16008758544922,2167400,0.0,0.0,0.0
2009-05-12,60.09137054961726,60.616183723253634,59.85395574726206,60.37876892089844,2304800,0.0,0.0,0.0
2009-05-13,60.82862279808792,61.18474745106786,60.753647430782955,61.0348014831543,1917500,0.0,0.0,0.0
2009-05-14,60.97855404540028,61.384662178546506,60.79112282242949,61.27220153808594,1704600,0.0,0.0,0.0
2009-05-15,61.228445268082865,61.259686177448074,60.89106346705143,61.25343704223633,2306600,0.0,0.0,0.0
2009-05-18,61.23467836750008,61.297155403175836,60.21003972900243,60.30375289916992,2234700,0.0,0.0,0.0
2009-05-19,60.097602368477204,60.272540042609116,59.79770580804098,59.98514175415039,1624300,0.0,0.0,0.0
2009-05-20,59.935206152086074,60.70368842594254,59.872729042294814,60.616214752197266,2825700,0.0,0.0,0.0
2009-05-21,60.94733846517493,61.003566421038094,58.94803804506264,59.091739654541016,4771700,0.0,0.0,0.0
2009-05-22,58.616874838494084,59.03547640467224,58.32322739852916,58.43568801879883,4483400,0.0,0.0,0.0
2009-05-26,58.760601665108695,58.79183782675933,57.55477523803711,57.55477523803711,3633100,0.0,0.0,0.0
2009-05-27,57.62969210091882,57.84211972886254,56.467601197139814,56.53632736206055,7490200,0.0,0.0,0.0
2009-05-28,57.33606140240269,57.46726940372842,56.373904348431935,57.35480880737305,9824300,0.0,0.0,0.0
2009-05-29,57.29234802303949,58.873046087283505,57.25486273272453,58.83555603027344,4746700,0.0,0.0,0.0
2009-06-01,57.87966620738808,57.90473919558964,56.77021397702403,57.096153259277344,6987000,0.305,0.0,0.0
2009-06-02,57.42210097111609,57.52238814810898,56.901847192800446,57.403297424316406,5063600,0.0,0.0,0.0
2009-06-03,57.641466032764434,58.04889362354526,57.246577324139395,57.94233703613281,6727200,0.0,0.0,0.0
2009-06-04,57.309281903545006,57.491057515103236,56.56337590821716,56.74515151977539,5438600,0.0,0.0,0.0
2009-06-05,56.356526278107886,56.97706724521176,56.130874147854854,56.312644958496094,8439600,0.0,0.0,0.0
2009-06-08,56.66994169493251,56.8705208710584,56.08700771710027,56.16849136352539,4084000,0.0,0.0,0.0
2009-06-09,56.532067562710594,56.60728179808492,55.94286388061496,56.16224670410156,6046300,0.0,0.0,0.0
2009-06-10,55.7046508256798,56.05566317518598,54.88352581924986,55.278419494628906,12142000,0.0,0.0,0.0
2009-06-11,55.00884717253291,56.11202933404594,54.96497066363388,55.89264678955078,10692800,0.0,0.0,0.0
2009-06-12,56.04940204147603,56.82038117452055,56.04940204147603,56.39414978027344,6606800,0.0,0.0,0.0
2009-06-15,56.75139185339149,57.13374642947735,56.713784774491884,56.901824951171875,4518700,0.0,0.0,0.0
2009-06-16,57.014627512982656,57.93603882438982,56.91434041645003,57.89216232299805,5376000,0.0,0.0,0.0
2009-06-17,57.94857759416128,58.50017340723038,57.56622314453125,57.56622314453125,7197200,0.0,0.0,0.0
2009-06-18,57.19643839059161,57.40328693194725,56.481875049711185,56.69498825073242,6794000,0.0,0.0,0.0
2009-06-19,56.619747955259946,57.478474587195265,56.544529034329095,57.47220993041992,4750700,0.0,0.0,0.0
2009-06-22,57.94231824064936,58.23691970737623,57.704127378777855,58.03007125854492,3952300,0.0,0.0,0.0
2009-06-23,58.149214108094554,58.80109767064649,58.03012335243134,58.71334457397461,5356900,0.0,0.0,0.0
2009-06-24,58.7007946668474,58.96405388600393,58.080253712497345,58.12413024902344,6550400,0.0,0.0,0.0
2009-06-25,58.431253604963715,59.233569978142754,58.086506046715165,59.189693450927734,7140000,0.0,0.0,0.0
2009-06-26,59.308782535581315,59.484288625514786,59.051788059477104,59.289974212646484,4050400,0.0,0.0,0.0
2009-06-29,59.590863634052106,59.77890866407721,59.28372788171596,59.377750396728516,4334900,0.0,0.0,0.0
2009-06-30,59.03927196510813,59.615936374237464,58.80108095711455,59.27745819091797,3743700,0.0,0.0,0.0
2009-07-01,58.744862193384925,59.16617402035942,58.631673440124665,59.159889221191406,3379900,0.303,0.0,0.0
2009-07-02,59.317051234381374,59.49312143065746,59.10953787553326,59.298187255859375,2645100,0.0,0.0,0.0
2009-07-06,59.140999069590556,59.29191574133257,58.7259722253569,59.18501663208008,1886700,0.0,0.0,0.0
2009-07-07,58.870572216604536,59.662887912300434,58.86428262606831,59.58114242553711,2592400,0.0,0.0,0.0
2009-07-08,59.81383712890159,60.87654814147029,59.669205264588264,60.68161392211914,7912900,0.0,0.0,0.0
2009-07-09,59.95845413208007,60.19741066800769,59.39251075429535,59.95845413208008,5241400,0.0,0.0,0.0
2009-07-10,60.12821543403925,60.57468036483709,60.00873721398369,60.51179885864258,3981900,0.0,0.0,0.0
2009-07-13,60.56842979052526,60.744500040307315,60.09052140000646,60.172271728515625,2604300,0.0,0.0,0.0
2009-07-14,59.58747411728148,59.820136358437146,58.92091617849387,59.172447204589844,3629100,0.0,0.0,0.0
2009-07-15,58.266938910363876,58.48073715196401,57.64439857676465,57.65068817138672,4664200,0.0,0.0,0.0
2009-07-16,58.36124755031737,58.59391453076782,58.16631333274387,58.27321243286133,4225200,0.0,0.0,0.0
2009-07-17,57.789000520427294,58.07825935492797,57.37397384643554,57.37397384643555,3845700,0.0,0.0,0.0
2009-07-20,57.12878158186891,58.160054762928034,57.09734319318144,57.67586135864258,4436500,0.0,0.0,0.0
2009-07-21,57.50602507818809,58.920880854499956,57.40541560659983,58.826560974121094,3895300,0.0,0.0,0.0
2009-07-22,58.73226118515038,58.81400671530415,58.078282551256855,58.298370361328125,1986700,0.0,0.0,0.0
2009-07-23,58.32982952559921,58.35498311044013,56.952700740282175,57.22938537597656,3818800,0.0,0.0,0.0
2009-07-24,57.22308454637513,57.50605392456055,57.07845266132281,57.50605392456055,1765300,0.0,0.0,0.0
2009-07-27,56.7388879383027,57.00928290916723,56.55652809306341,56.845787048339844,2755900,0.0,0.0,0.0
2009-07-28,57.046994105105654,57.738700516309834,56.86463431348356,57.34882736206055,3324800,0.0,0.0,0.0
2009-07-29,57.95882532370129,58.0342860849651,57.18537291036106,57.66327667236328,2910200,0.0,0.0,0.0
2009-07-30,57.56263666605685,58.57504522230449,57.367702466207284,58.48072052001953,4040700,0.0,0.0,0.0
2009-07-31,59.015255270986714,59.650370186948265,58.65682503080178,59.618927001953125,5697000,0.0,0.0,0.0
2009-08-03,59.18861824627779,59.22647800810559,58.43149040154203,58.71541213989258,4029300,0.318,0.0,0.0
2009-08-04,59.075074946531394,59.131862207759916,57.83842968105129,58.24854278564453,3832200,0.0,0.0,0.0
2009-08-05,57.61124134407756,58.51979824262179,57.333630480177554,57.3777961730957,4458300,0.0,0.0,0.0
2009-08-06,57.35256627871821,57.977196830363106,57.049712330638755,57.573394775390625,3228500,0.0,0.0,0.0
2009-08-07,57.049672069870965,57.37145326005103,56.92348582188108,57.09383773803711,3543200,0.0,0.0,0.0
2009-08-10,57.10646366964426,57.81942517197617,57.04337054076751,57.80680847167969,3150100,0.0,0.0,0.0
2009-08-11,58.29263917096034,58.59549297192827,58.04026180577005,58.47561264038086,3677800,0.0,0.0,0.0
2009-08-12,58.64601514417609,58.721729863105146,57.472463476136824,57.85103225708008,4729200,0.0,0.0,0.0
2009-08-13,57.92037954728854,58.77214884369334,57.73109534199978,58.67119598388672,3922300,0.0,0.0,0.0
2009-08-14,58.866786532425195,59.434629478319216,58.80999934961763,58.89833068847656,4410400,0.0,0.0,0.0
2009-08-17,59.27690116260954,59.78165585520372,59.226429544308125,59.769039154052734,3569700,0.0,0.0,0.0
2009-08-18,59.724927416056225,59.794326555606055,59.31481445966953,59.42207336425781,2557900,0.0,0.0,0.0
2009-08-19,60.046654902187484,60.172845992691556,59.56714319936572,59.91415786743164,3518200,0.0,0.0,0.0
2009-08-20,60.17919841340772,60.4883632136376,59.800634476925936,60.40633773803711,3282700,0.0,0.0,0.0
2009-08-21,60.343218609290076,60.40000582288535,59.15074007448444,59.16335678100586,6258300,0.0,0.0,0.0
2009-08-24,58.98668117857361,60.23594665527344,58.96775371605822,60.23594665527344,4460200,0.0,0.0,0.0
2009-08-25,60.17288473691282,60.62715851413236,59.88265226242492,60.57668685913086,3359700,0.0,0.0,0.0
2009-08-26,60.6838923174146,60.91734216935355,60.51354040265147,60.854244232177734,3225800,0.0,0.0,0.0
2009-08-27,60.683894391341134,60.961509920572865,60.399972919133724,60.6144905090332,2514000,0.0,0.0,0.0
2009-08-28,60.21709286995144,60.892200469970696,60.135067347093,60.8922004699707,2072500,0.0,0.0,0.0
2009-08-31,60.797523294407036,61.11299404424779,60.41895935733845,60.94894790649414,2899800,0.0,0.0,0.0
2009-09-01,60.649545296329784,61.130590841450015,60.21913714102163,60.80145263671875,3304200,0.307,0.0,0.0
2009-09-02,61.06729661354131,61.814181212763906,60.915384443869144,61.68758773803711,4345000,0.0,0.0,0.0
2009-09-03,61.29513472050767,61.472365525881315,61.11158269434347,61.307796478271484,2703800,0.0,0.0,0.0
2009-09-04,61.041988750573886,61.14325871927852,60.16851052162467,60.26345443725586,3643000,0.0,0.0,0.0
2009-09-08,59.801372223283586,60.36469973056352,59.72541616209403,59.83934783935547,2468900,0.0,0.0,0.0
2009-09-09,59.427904199626916,59.76969909667969,59.193710058393386,59.76969909667969,3182400,0.0,0.0,0.0
2009-09-10,60.08616553976408,61.21281992688704,60.07350861780406,60.87102508544922,4417300,0.0,0.0,0.0
2009-09-11,61.282491415687346,61.82683122344891,61.14324102360228,61.20653533935547,4826200,0.0,0.0,0.0
2009-09-14,60.77611437545539,61.187534584392566,60.54192497380255,60.5988883972168,2119500,0.0,0.0,0.0
2009-09-15,60.250789324134544,60.61789834353977,60.17483323612959,60.28876495361328,2187900,0.0,0.0,0.0
2009-09-16,60.345724915606205,60.73182655651845,59.87734113922226,60.3963623046875,3732300,0.0,0.0,0.0
2009-09-17,60.567271662019074,61.225543334841575,60.23813341108385,61.15591812133789,2832000,0.0,0.0,0.0
2009-09-18,60.890060598980284,61.098936192827814,60.55459637015983,60.61156463623047,2813300,0.0,0.0,0.0
2009-09-21,60.82675613782217,61.073607315186486,60.358372471675295,60.75080490112305,3050200,0.0,0.0,0.0
2009-09-22,60.54196558843914,60.99769259766087,60.45335253987369,60.8774299621582,2068000,0.0,0.0,0.0
2009-09-23,60.72547188041832,61.13056114402676,60.25708349577205,61.060935974121094,5712000,0.0,0.0,0.0
2009-09-24,61.07992484711245,61.4533645567335,60.8710493337422,61.238162994384766,4658400,0.0,0.0,0.0
2009-09-25,61.624291119350644,62.06735619176959,61.250846419128585,62.0167236328125,3854500,0.0,0.0,0.0
2009-09-28,62.23190950518529,62.61801103996291,62.09899001717026,62.56104278564453,4263300,0.0,0.0,0.0
2009-09-29,62.2319346491047,62.76994369769634,62.124333805195946,62.50410461425781,3123200,0.0,0.0,0.0
2009-09-30,62.383840582385496,62.744623567112974,62.25725192527147,62.447139739990234,2744800,0.0,0.0,0.0
2009-10-01,62.832530013190734,63.53095046366669,62.73094396205339,63.30237579345703,5754400,0.307,0.0,0.0
2009-10-02,63.670595374150615,63.689642443970925,62.78169497763572,62.86423873901367,4827700,0.0,0.0,0.0
2009-10-05,63.15632997558528,63.27696792409595,62.71187718029926,62.870609283447266,2910100,0.0,0.0,0.0
2009-10-06,62.70550874727045,62.73090645589989,62.21026553929043,62.24835968017578,3936200,0.0,0.0,0.0
2009-10-07,62.64839965320786,63.06745482665189,62.603954847914146,62.97856521606445,3591000,0.0,0.0,0.0
2009-10-08,63.3087010271438,63.34044938020013,62.019797336601236,62.318214416503906,5871600,0.0,0.0,0.0
2009-10-09,61.98177290739911,62.03891419423266,60.63572163609538,60.88969421386719,8135900,0.0,0.0,0.0
2009-10-12,60.97216200293339,61.16264242473566,60.69914264854659,60.98486328125,1939700,0.0,0.0,0.0
2009-10-13,61.346774804843086,61.49280560283863,61.118200226649705,61.302330017089844,2886500,0.0,0.0,0.0
2009-10-14,60.64201945105989,61.01662492271913,60.25471269730927,60.3943977355957,5421000,0.0,0.0,0.0
2009-10-15,60.045143948447006,60.58483180822559,59.91816027936373,60.114986419677734,3736900,0.0,0.0,0.0
2009-10-16,60.43885348286931,60.65472687632923,60.146786915418495,60.60393142700195,3716800,0.0,0.0,0.0
2009-10-19,60.69279815005019,61.086455467681695,60.559463778945684,61.08010482788086,3163800,0.0,0.0,0.0
2009-10-20,61.60075776873626,61.74679344763437,61.29599481712596,61.410282135009766,2912400,0.0,0.0,0.0
2009-10-21,61.054727802673476,61.08647132167848,60.64202330264758,61.04202651977539,3355200,0.0,0.0,0.0
2009-10-22,60.55946531734005,60.845185986209735,60.52772180576717,60.743595123291016,2572200,0.0,0.0,0.0
2009-10-23,60.24201988583249,60.5848818887126,60.235674088014314,60.28646469116211,2996200,0.0,0.0,0.0
2009-10-26,59.96267316020781,60.007117979283954,59.3975869559017,59.505523681640625,4127400,0.0,0.0,0.0
2009-10-27,59.66421612154594,60.38803403235629,59.63246776730459,60.31819152832031,4476300,0.0,0.0,0.0
2009-10-28,60.4071051160096,60.82616030677861,60.29281777708357,60.60393142700195,4585400,0.0,0.0,0.0
2009-10-29,60.20390253190322,60.35628397089024,59.6515131549122,59.94358444213867,4645300,0.0,0.0,0.0
2009-10-30,60.381671780329775,60.95945877639728,60.23564100478859,60.81342315673828,5118000,0.0,0.0,0.0
2009-11-02,60.837644464246196,60.882232637747094,60.38539160166666,60.54463577270508,3463800,0.308,0.0,0.0
2009-11-03,60.69111605636368,60.742075339271615,59.87578696881556,59.939483642578125,4470700,0.0,0.0,0.0
2009-11-04,59.62739534120365,59.92040406983953,59.111445716839064,59.3917121887207,5349500,0.0,0.0,0.0
2009-11-05,59.156033895984805,59.3917121887207,59.111445716839064,59.3917121887207,2852000,0.0,0.0,0.0
2009-11-06,59.480896830146584,59.525485015501545,58.894879291267756,59.44905090332031,3381100,0.0,0.0,0.0
2009-11-09,59.417193016241704,59.68472209640107,59.321645527685604,59.51911163330078,1697800,0.0,0.0,0.0
2009-11-10,59.90768134653739,59.939527276729194,59.1815280455883,59.41083526611328,2549900,0.0,0.0,0.0
2009-11-11,59.64017310095668,59.97777509696462,59.54463040937459,59.65928649902344,1771100,0.0,0.0,0.0
2009-11-12,59.39174677441796,59.614687799972295,58.88853425402396,59.55099105834961,3431300,0.0,0.0,0.0
2009-11-13,59.76754547320435,59.91404744310823,59.52549113375726,59.82487106323242,1594200,0.0,0.0,0.0
2009-11-16,60.28990286734337,60.799481795299485,60.20709270748402,60.52558135986328,5175700,0.0,0.0,0.0
2009-11-17,60.50643092773441,61.02238549200767,60.39177489786788,60.850399017333984,3174400,0.0,0.0,0.0
2009-11-18,60.79305504491004,60.85038061263081,60.34716845929219,60.493675231933594,2413600,0.0,0.0,0.0
2009-11-19,60.665671197587784,61.035118920876194,60.45547253962833,60.60197448730469,2969800,0.0,0.0,0.0
2009-11-20,60.512817294213484,60.74850054265849,60.25165438163261,60.589256286621094,4136300,0.0,0.0,0.0
2009-11-23,60.219781960861596,60.57648738238219,60.09238369621361,60.51279067993164,3219300,0.0,0.0,0.0
2009-11-24,60.58289067760602,60.95870482342913,60.506451678231215,60.8950080871582,2895200,0.0,0.0,0.0
2009-11-25,60.82489286721803,61.29625904011366,60.493667180618374,61.17523193359375,2789300,0.0,0.0,0.0
2009-11-27,61.404571533203125,61.50648530582096,61.20710539793154,61.404571533203125,2249100,0.0,0.0,0.0
2009-11-30,61.27719371387475,61.61479565155934,61.14980024060662,61.55109405517578,3115800,0.0,0.0,0.0
2009-12-01,61.191312419446156,61.29994244069311,60.827078620084315,60.86541748046875,3979100,0.307,0.0,0.0
2009-12-02,60.89096593430856,61.31909937212292,60.699261920988555,60.916526794433594,2193900,0.0,0.0,0.0
2009-12-03,60.34142200034389,60.6034122952561,60.220009128788895,60.28390884399414,3947300,0.0,0.0,0.0
2009-12-04,59.6129309800826,59.842973764165194,59.370110208099355,59.64487838745117,6108100,0.0,0.0,0.0
2009-12-07,59.600163835045585,59.90049781987221,59.48514241267018,59.72157669067383,2774200,0.0,0.0,0.0
2009-12-08,60.09858347363983,60.30306542735491,59.66405871259099,59.81102752685547,2378600,0.0,0.0,0.0
2009-12-09,59.86856795898339,60.09861087118832,59.22316951778419,59.53628158569336,3494300,0.0,0.0,0.0
2009-12-10,59.22954034121599,59.299831477441764,58.75667181110899,58.85252380371094,4446300,0.0,0.0,0.0
2009-12-11,58.68635965889062,58.95474611711201,58.347686964848315,58.84611129760742,3053400,0.0,0.0,0.0
2009-12-14,59.01228725339247,59.108139265085725,58.820588105241804,58.91643524169922,2380400,0.0,0.0,0.0
2009-12-15,58.51390140159437,58.78867475032829,58.46277964479758,58.654483795166016,2993900,0.0,0.0,0.0
2009-12-16,58.743930720834406,58.948412825055435,58.37969682033951,58.58417892456055,3301600,0.0,0.0,0.0
2009-12-17,59.10814066772551,59.574617868909755,58.91005008069836,59.54905700683594,4428900,0.0,0.0,0.0
2009-12-18,59.555409036974766,59.747112953764585,59.20395835650426,59.293418884277344,3789500,0.0,0.0,0.0
2009-12-21,58.826971305598555,58.9164318780085,58.23908615112305,58.23908615112305,3524000,0.0,0.0,0.0
2009-12-22,58.02184291303333,58.06657321215828,57.779017110437664,57.9132080078125,3078800,0.0,0.0,0.0
2009-12-23,58.12407020396889,58.39884338094039,57.83012759899129,57.92597961425781,2336000,0.0,0.0,0.0
2009-12-24,57.72151116000544,57.74068059251813,57.299764143777736,57.32532501220703,1698900,0.0,0.0,0.0
2009-12-28,57.16554641723633,57.27417640066068,57.06330786672955,57.16554641723633,3170900,0.0,0.0,0.0
2009-12-29,57.241227654129816,57.64523634045425,57.20274714165096,57.542633056640625,2617000,0.318,0.0,0.0
2009-12-30,57.66447444046917,58.02359816719132,57.6259988204239,57.920989990234375,1919100,0.0,0.0,0.0
2009-12-31,57.56187530337792,57.786324590858484,57.10656249373805,57.645240783691406,3242400,0.0,0.0,0.0
2010-01-04,57.613174731651085,57.77991058556753,57.44644377036218,57.593936920166016,2829100,0.0,0.0,0.0
2010-01-05,57.74786150630352,58.11980402375884,57.7157952185751,57.96589660644531,2841600,0.0,0.0,0.0
2010-01-06,57.824798366808054,57.882516691818175,57.151450525872434,57.18992614746094,4099600,0.0,0.0,0.0
2010-01-07,57.215609945507374,57.484949231356055,57.15148224306199,57.28615188598633,2793200,0.0,0.0,0.0
2010-01-08,57.4015513306779,57.433612717501646,56.920586494675696,57.260467529296875,2910700,0.0,0.0,0.0
2010-01-11,57.06806528012654,57.305342967536916,56.9269815142407,56.946224212646484,2181300,0.0,0.0,0.0
2010-01-12,57.818386705904594,57.96587984449624,57.613170351990696,57.920989990234375,4321200,0.0,0.0,0.0
2010-01-13,57.670920847093306,57.89537024361443,57.2156078162562,57.2476692199707,4755000,0.0,0.0,0.0
2010-01-14,57.51697614311815,58.04924011230469,57.42078220900554,58.04924011230469,4188800,0.0,0.0,0.0
2010-01-15,58.376304692166386,58.56869258399152,58.344243305280415,58.40837097167969,4142800,0.0,0.0,0.0
2010-01-19,58.177533376808995,58.434049049311916,57.98514539927442,58.241661071777344,2496000,0.0,0.0,0.0
2010-01-20,58.56232188966265,58.85089904932528,58.53025558630859,58.831661224365234,2800500,0.0,0.0,0.0
2010-01-21,58.70981634778189,59.24849498335208,58.652097983896134,59.10100173950195,4363100,0.0,0.0,0.0
2010-01-22,59.05608075521583,59.19716459029841,58.85086923853986,58.99836730957031,3666900,0.0,0.0,0.0
2010-01-25,58.70338999596996,58.94707720092615,58.67132370124666,58.729042053222656,2419500,0.0,0.0,0.0
2010-01-26,59.011231417310576,59.06894979522513,58.555918204874686,58.74830627441406,3138100,0.0,0.0,0.0
2010-01-27,58.838028693473646,59.05606372654705,58.59434161663389,58.716182708740234,3325700,0.0,0.0,0.0
2010-01-28,58.440416816942715,58.80594980009891,58.39552697313848,58.68410873413086,3058200,0.0,0.0,0.0
2010-01-29,58.619997287819395,59.22921746393101,58.51738910640456,59.19715118408203,4930600,0.0,0.0,0.0
2010-02-01,59.02014703184993,59.03302082002675,58.595405310335046,58.659759521484375,3598500,0.325,0.0,0.0
2010-02-02,58.679087315715556,58.852844242019756,58.58899040431139,58.82710647583008,3047500,0.0,0.0,0.0
2010-02-03,58.4409421680594,58.54391282124082,58.09342357843858,58.1449089050293,5343700,0.0,0.0,0.0
2010-02-04,58.556805490399384,59.090954923510836,58.498888156885435,59.06521224975586,6095000,0.0,0.0,0.0
2010-02-05,58.80137572583712,59.4771026984195,58.69840500054013,59.19394302368164,6875800,0.0,0.0,0.0
2010-02-08,59.12315727608756,59.30335115189647,58.98157497083346,59.27117156982422,3386000,0.0,0.0,0.0
2010-02-09,59.03948008411362,59.348387314241,58.653349728889786,58.67909240722656,4790000,0.0,0.0,0.0
2010-02-10,58.76918694485885,58.949380776000126,58.0484067103801,58.119197845458984,5068000,0.0,0.0,0.0
2010-02-11,58.0484116154733,58.09989697441093,57.52069896114769,57.803863525390625,5087500,0.0,0.0,0.0
2010-02-12,58.11920387338455,58.18999501580565,57.88752466362718,58.0419807434082,2833800,0.0,0.0,0.0
2010-02-16,57.745919774468184,58.202841078803964,57.745919774468184,58.1513557434082,2440900,0.0,0.0,0.0
2010-02-17,57.86824191207744,57.97764466302784,57.327660147440554,57.488548278808594,4368200,0.0,0.0,0.0
2010-02-18,57.57219046106838,57.597933143283065,56.96081771569211,57.25685119628906,5121800,0.0,0.0,0.0
2010-02-19,57.43058950799097,57.60435132901633,57.21178414511518,57.56573486328125,3502500,0.0,0.0,0.0
2010-02-22,57.35337939843829,57.48208788696562,57.22466599999685,57.32763671875,3382600,0.0,0.0,0.0
2010-02-23,57.4949847482395,58.26725078492143,57.46924696594162,58.22220230102539,5474500,0.0,0.0,0.0
2010-02-24,58.273684013227346,58.4860526182593,58.035567807687045,58.3637809753418,4423200,0.0,0.0,0.0
2010-02-25,58.67915151908451,58.749942728345395,58.49895749911819,58.692020416259766,3707700,0.0,0.0,0.0
2010-02-26,58.85930800139035,59.24543849933667,58.8271333240123,58.99445343017578,4349100,0.0,0.0,0.0
2010-03-01,58.96210687087014,59.09122371308719,58.723235294727594,58.96855926513672,2415200,0.29,0.0,0.0
2010-03-02,58.67162005776285,58.929858815005,58.55541286327862,58.8911247253418,2260600,0.0,0.0,0.0
2010-03-03,58.75557517477174,58.8007666068662,58.55543746792772,58.74266052246094,2156100,0.0,0.0,0.0
2010-03-04,58.723266227722576,59.18809498534349,58.63934072862217,59.052520751953125,2374700,0.0,0.0,0.0
2010-03-05,58.63934538631844,58.66516975551464,58.18097391544914,58.277809143066406,3823200,0.0,0.0,0.0
2010-03-08,58.038950406463066,58.08414182745766,57.90982854255318,57.97439193725586,2850400,0.0,0.0,0.0
2010-03-09,58.09057925506327,58.10348897428473,57.71613336622159,57.987281799316406,2573700,0.0,0.0,0.0
2010-03-10,57.77428198445377,57.9098563124504,57.58060648395766,57.83884048461914,3216200,0.0,0.0,0.0
2010-03-11,57.70969269336565,58.19388857451068,57.696782970419676,58.051856994628906,2621000,0.0,0.0,0.0
2010-03-12,57.95501469494084,58.52314099350584,57.92919525000155,58.41339111328125,3099100,0.0,0.0,0.0
2010-03-15,58.32945728820933,58.40693039500999,58.13578190944982,58.335914611816406,1936800,0.0,0.0,0.0
2010-03-16,58.46506537035241,58.80722983714969,58.45215564116091,58.800777435302734,3932600,0.0,0.0,0.0
2010-03-17,58.949223283373186,59.05252075195312,58.79428200599768,59.052520751953125,3481200,0.0,0.0,0.0
2010-03-18,59.020266320341506,59.05900535169792,58.75557505447213,58.85886764526367,2750300,0.0,0.0,0.0
2010-03-19,58.91695404052735,59.1235440785683,58.66517258558666,58.916954040527344,2976300,0.0,0.0,0.0
2010-03-22,58.9751138670997,59.065496790840854,58.89118827376861,58.981571197509766,2452300,0.0,0.0,0.0
2010-03-23,58.79433951467064,58.95573827307541,58.691046870551176,58.703956604003906,2910000,0.0,0.0,0.0
2010-03-24,58.00024061749975,58.26493687780414,57.49667740818677,57.63225173950195,8049300,0.0,0.0,0.0
2010-03-25,57.54189214408503,57.6129080024008,57.05124339181243,57.264286041259766,8268400,0.0,0.0,0.0
2010-03-26,57.16096785593842,57.53541404611785,57.128686143665185,57.4256591796875,4110700,0.0,0.0,0.0
2010-03-29,57.315942020305094,57.361133488035996,57.01251148318309,57.20619201660156,3245100,0.0,0.0,0.0
2010-03-30,57.14803008755163,57.42563595413259,56.986631442457956,57.38690185546875,3254600,0.0,0.0,0.0
2010-03-31,57.599961653121554,57.793637113644046,57.42564832060481,57.78072738647461,4263900,0.0,0.0,0.0
2010-04-01,57.52283301674692,57.69131403546904,57.30251586781848,57.63947296142578,2912400,0.332,0.0,0.0
2010-04-05,57.0109081586799,57.11458534416321,56.64154922469279,56.68042755126953,5652000,0.0,0.0,0.0
2010-04-06,56.89424321722785,56.926640160517344,56.60264106461931,56.771121978759766,3584600,0.0,0.0,0.0
2010-04-07,56.66746408808425,57.620022627713894,56.570268272886096,57.49690628051758,6389900,0.0,0.0,0.0
2010-04-08,57.60055437288227,57.75607254248913,57.33487770579696,57.52279281616211,3797600,0.0,0.0,0.0
2010-04-09,57.41914761863633,57.71074496680332,57.28954989585905,57.65890884399414,2311300,0.0,0.0,0.0
2010-04-12,57.78202404378982,58.03474305884502,57.73018297817949,57.963462829589844,2939600,0.0,0.0,0.0
2010-04-13,58.248590849596845,58.28746918162745,58.00882959978905,58.151390075683594,3090900,0.0,0.0,0.0
2010-04-14,58.16432577746237,58.23560598227451,57.743125915527344,57.743125915527344,3570100,0.0,0.0,0.0
2010-04-15,57.57469199245438,57.99589219830474,57.46453338373861,57.8079719543457,3698000,0.0,0.0,0.0
2010-04-16,57.931066336152604,58.313383074464234,57.82738420410026,58.22914505004883,8303900,0.0,0.0,0.0
2010-04-19,58.23560870858829,58.33928586527406,58.0088053496585,58.08656692504883,3211500,0.0,0.0,0.0
2010-04-20,58.22266127092617,58.31338066079889,58.086582186117084,58.293941497802734,2285000,0.0,0.0,0.0
2010-04-21,58.494824639553215,58.857707175133,58.48834821386951,58.77346420288086,4162200,0.0,0.0,0.0
2010-04-22,58.90308619846543,59.02620259671985,58.53372711602613,58.59852600097656,2841400,0.0,0.0,0.0
2010-04-23,58.45596557205557,58.55316637154036,58.23564837413886,58.39116668701172,4776000,0.0,0.0,0.0
2010-04-26,58.65035324347938,58.74107264976548,58.280994248218306,58.45595169067383,4753900,0.0,0.0,0.0
2010-04-27,58.8706541721203,59.564012268501706,58.773453422493176,59.27889633178711,13199200,0.0,0.0,0.0
2010-04-28,59.052103766208496,59.19466423263237,58.63090868029338,58.77346420288086,8379500,0.0,0.0,0.0
2010-04-29,58.87714625984408,59.11042612388678,58.656824190987585,59.01970672607422,4067200,0.0,0.0,0.0
2010-04-30,59.14929465056993,59.726012845586844,59.03913610631626,59.70009231567383,6924800,0.0,0.0,0.0
2010-05-03,59.44648672096852,59.83663988262716,59.35545114861706,59.6220588684082,4211800,0.32,0.0,0.0
2010-05-04,60.35031868438424,60.77949045885837,60.187754520307294,60.69495391845703,11054800,0.0,0.0,0.0
2010-05-05,61.16321591886664,61.67691991447223,60.701533711414456,61.05267333984375,12219100,0.0,0.0,0.0
2010-05-06,61.22816609823142,65.02566240114756,60.981065406025884,62.93833923339844,19578200,0.0,0.0,0.0
2010-05-07,62.34662436938098,63.78369139820154,61.94996729795698,62.15155029296875,18740600,0.0,0.0,0.0
2010-05-10,60.57796870095925,61.08516856980437,60.53244593014933,60.864078521728516,10240100,0.0,0.0,0.0
2010-05-11,61.11114983061168,61.137155742654464,60.467391883550334,60.70798873901367,7729100,0.0,0.0,0.0
2010-05-12,60.56494722874243,60.64297986844259,60.22031175193589,60.24632263183594,5530800,0.0,0.0,0.0
2010-05-13,60.64298629760742,60.831561476073844,59.95371030985154,60.64298629760742,6849700,0.0,0.0,0.0
2010-05-14,61.2021510398776,62.0995033334778,61.1826391752016,61.69634246826172,9796500,0.0,0.0,0.0
2010-05-17,61.592365310475955,62.236118575848124,61.42980100379124,61.468814849853516,6302200,0.0,0.0,0.0
2010-05-18,61.70941454632001,62.53523907803035,61.62487792801095,62.41169357299805,9904100,0.0,0.0,0.0
2010-05-19,62.38565425964366,63.04241021653545,62.37915030095226,62.619747161865234,14121200,0.0,0.0,0.0
2010-05-20,63.66664021474332,64.09580708622077,63.41953947683137,63.93974685668945,17666900,0.0,0.0,0.0
2010-05-21,64.77209465288838,64.86313022825323,63.63414499976114,64.00479125976562,18670600,0.0,0.0,0.0
2010-05-24,64.2063593467955,64.2908959115442,63.66014597949314,63.78369140625,7721100,0.0,0.0,0.0
2010-05-25,64.79811929419223,64.95417960496755,63.98529794068021,64.09584045410156,12952700,0.0,0.0,0.0
2010-05-26,63.868273843193286,63.98532035754827,63.33506304692495,63.91379165649414,12644800,0.0,0.0,0.0
2010-05-27,62.9644154984007,63.06845408655987,62.34666808726188,62.463714599609375,7653200,0.0,0.0,0.0
2010-05-28,62.74331293373315,62.93188810832991,62.43769127011318,62.74981689453125,5805500,0.0,0.0,0.0
2010-06-01,63.43882980596855,63.47797590055862,62.79941538631087,63.19089126586914,5536200,0.326,0.0,0.0
2010-06-02,63.28219472378303,63.41268991819918,62.51881650350858,62.5905876159668,5656400,0.0,0.0,0.0
2010-06-03,62.1208286039662,62.57755441856033,62.049057475642606,62.133880615234375,8499500,0.0,0.0,0.0
2010-06-04,63.24958913127166,63.90857134680056,63.09299486214061,63.80418014526367,7479600,0.0,0.0,0.0
2010-06-07,63.62800494980402,64.32613813501887,63.50404072446298,64.29351806640625,5288200,0.0,0.0,0.0
2010-06-08,63.89552260019972,64.27395127362793,63.78460539595191,63.973819732666016,5510800,0.0,0.0,0.0
2010-06-09,63.68020302411863,64.019485587248,63.42574359071321,63.902042388916016,5598000,0.0,0.0,0.0
2010-06-10,63.4192323790179,63.47795648082348,62.69499998335,62.760250091552734,6075100,0.0,0.0,0.0
2010-06-11,63.34744014031071,63.81721288672951,63.03426162795331,63.55623245239258,6266700,0.0,0.0,0.0
2010-06-14,62.84509803435423,63.314871159803836,62.77985287312772,63.23005294799805,5310400,0.0,0.0,0.0
2010-06-15,63.36050801501614,63.45185218548432,62.668900730647344,62.969032287597656,4920100,0.0,0.0,0.0
2010-06-16,63.41268490001734,63.43225793316017,62.8907141194244,63.32786178588867,4011100,0.0,0.0,0.0
2010-06-17,63.38661708810275,64.09127649566105,63.33441898875368,63.84333801269531,5650900,0.0,0.0,0.0
2010-06-18,63.869442919172606,64.01298521660296,63.66065548051532,63.73895263671875,4171700,0.0,0.0,0.0
2010-06-21,62.93639147613561,63.64757659998705,62.90377141078485,63.55623245239258,5740900,0.0,0.0,0.0
2010-06-22,63.732412630392176,64.3326757624483,63.56277131815576,64.31310272216797,5658900,0.0,0.0,0.0
2010-06-23,64.33921056368425,64.96557282769935,64.31311151378135,64.75025939941406,9137800,0.0,0.0,0.0
2010-06-24,64.82200087089896,64.97859012075521,64.169539855635,64.36528015136719,6184600,0.0,0.0,0.0
2010-06-25,64.15002075341191,64.80900832665522,64.04562949170545,64.6263198852539,5148300,0.0,0.0,0.0
2010-06-28,64.98512434114727,65.24610977582721,64.86768114443547,65.23306274414062,5436000,0.0,0.0,0.0
2010-06-29,65.45488340525014,65.98337519071241,65.35049223999386,65.94422912597656,7334200,0.0,0.0,0.0
2010-06-30,66.16604416202343,66.41397744417648,65.76804272364596,66.38787841796875,7205700,0.0,0.0,0.0
2010-07-01,66.47303528860049,67.18639427648826,66.34868716385435,66.49266815185547,12893400,0.31,0.0,0.0
2010-07-02,66.17195748181405,66.38792886942807,65.55022711599997,65.96253204345703,6297600,0.0,0.0,0.0
2010-07-06,65.98866412183578,66.59076120663954,65.92976060642413,66.50568389892578,6620400,0.0,0.0,0.0
2010-07-07,66.40099357102316,66.433718313269,65.66800228533033,65.7269058227539,5727800,0.0,0.0,0.0
2010-07-08,65.32771543694142,65.5502327930839,65.1510147364696,65.3080825805664,6260600,0.0,0.0,0.0
2010-07-09,65.05285310955188,65.20992097211465,64.90887215507878,64.93505096435547,4286000,0.0,0.0,0.0
2010-07-12,65.00705144272955,65.34082007788756,64.81725879109757,64.90888214111328,4062100,0.0,0.0,0.0
2010-07-13,64.69286101742514,64.71903981063431,64.25437746563374,64.35254669189453,5842500,0.0,0.0,0.0
2010-07-14,64.60778583862948,65.1117138936999,64.39181453227313,65.00045776367188,5417300,0.0,0.0,0.0
2010-07-15,65.27534491758432,65.83163070830048,65.24916611656175,65.64838409423828,6996100,0.0,0.0,0.0
2010-07-16,65.64839905258458,66.18505211308708,65.62222024559703,65.96908569335938,7512400,0.0,0.0,0.0
2010-07-19,65.81201516006963,65.9363632493483,65.43243492817703,65.56332397460938,4305800,0.0,0.0,0.0
2010-07-20,65.88398079954104,66.0345076399867,65.56329926149004,65.66146850585938,5076600,0.0,0.0,0.0
2010-07-21,65.74000767578421,66.93766161381491,65.71383386774811,66.7740478515625,7894200,0.0,0.0,0.0
2010-07-22,66.43375100988342,66.44029196707615,65.98217530873157,66.0018081665039,5759700,0.0,0.0,0.0
2010-07-23,65.96908363466675,66.08033981606918,65.24263799099732,65.3015365600586,6259100,0.0,0.0,0.0
2010-07-26,65.20330295807901,65.32110497307927,64.790998402124,65.19021606445312,4856400,0.0,0.0,0.0
2010-07-27,64.64702798855427,64.90881084093853,64.50959311449837,64.56195068359375,5328000,0.0,0.0,0.0
2010-07-28,64.45727509621375,64.9153966172615,64.31329418940147,64.77141571044922,5507200,0.0,0.0,0.0
2010-07-29,64.20202530189438,64.80412261727716,64.08422321905039,64.75177001953125,6305500,0.0,0.0,0.0
2010-07-30,65.57640716851269,65.84473618953007,65.34734885367882,65.75965881347656,7683200,0.0,0.0,0.0
2010-08-02,65.15820570283016,65.21729978929403,64.83648681640625,64.83648681640625,5769200,0.324,0.0,0.0
2010-08-03,65.13196392274234,65.43399155997552,64.95469162277809,65.21075439453125,4363500,0.0,0.0,0.0
2010-08-04,65.32895641708265,65.33552354393571,64.71177673339844,64.71177673339844,3820400,0.0,0.0,0.0
2010-08-05,65.22385097927396,65.3223377673881,64.89556502505758,65.01374816894531,3704200,0.0,0.0,0.0
2010-08-06,65.51931890212192,65.795077933257,65.32234530317017,65.72285461425781,6042400,0.0,0.0,0.0
2010-08-09,65.48649680641942,65.64407770975049,65.40114424071727,65.47993469238281,2578500,0.0,0.0,0.0
2010-08-10,65.69658327432053,66.32032959021613,65.3092082544373,65.6177978515625,11251000,0.0,0.0,0.0
2010-08-11,65.86068345762095,66.56978185718172,65.86068345762095,66.49755859375,6778300,0.0,0.0,0.0
2010-08-12,66.69458983565225,66.93095617366349,66.22842428269874,66.3334732055664,7590100,0.0,0.0,0.0
2010-08-13,66.72087961703717,67.26583082462479,66.62895989482966,67.16078186035156,7843600,0.0,0.0,0.0
2010-08-16,68.4213623456748,68.86783147228795,68.32944267336443,68.84156799316406,7976200,0.0,0.0,0.0
2010-08-17,68.84155101898547,68.8481181394588,68.28346600063699,68.4476089477539,6756800,0.0,0.0,0.0
2010-08-18,68.94002871040531,69.36680131855674,68.60517573979487,68.63143920898438,7721600,0.0,0.0,0.0
2010-08-19,68.80217763827142,69.99713842852694,68.70369084049142,69.7016830444336,13128500,0.0,0.0,0.0
2010-08-20,69.86589663041234,70.14165593542724,69.49164541885425,69.62296295166016,7040300,0.0,0.0,0.0
2010-08-23,69.36684016074287,69.72138967946545,69.104210331032,69.63603210449219,6360100,0.0,0.0,0.0
2010-08-24,70.27944190797878,70.9951027231272,70.03650855304798,70.7521743774414,9812100,0.0,0.0,0.0
2010-08-25,71.43505775275798,71.7896023345504,70.29918563650237,70.52242279052734,13299800,0.0,0.0,0.0
2010-08-26,70.62090959812049,71.23152199091331,70.44363729471232,71.18556213378906,7039900,0.0,0.0,0.0
2010-08-27,70.7587717199855,71.12645549555532,69.07138165418837,69.16986846923828,13514000,0.0,0.0,0.0
2010-08-30,69.73455886123263,70.51588167462663,69.47849600813295,70.49618530273438,5535300,0.0,0.0,0.0
2010-08-31,71.05424892097737,71.33657518576594,70.66030657712669,71.27748107910156,8397000,0.0,0.0,0.0
2010-09-01,70.47538170482544,70.49514168587991,69.20442756107472,69.8036880493164,12480700,0.322,0.0,0.0
2010-09-02,69.27685948663714,69.34271603589603,68.75004226161116,69.06613159179688,8167600,0.0,0.0,0.0
2010-09-03,67.64375058860162,68.44715262627993,67.63057726304697,68.2100830078125,9210700,0.0,0.0,0.0
2010-09-07,69.20443161291008,69.65881574492117,69.02004530547083,69.60613250732422,6018400,0.0,0.0,0.0
2010-09-08,69.20439832370057,69.2834231420829,68.7236778282808,69.05294036865234,6698400,0.0,0.0,0.0
2010-09-09,68.28907477423162,68.38126791858457,67.59103953151661,67.6898193359375,8588900,0.0,0.0,0.0
2010-09-10,67.33419823913991,67.63053255424941,67.07078716784906,67.38029479980469,6910300,0.0,0.0,0.0
2010-09-13,67.03787823612649,67.8610348695556,67.01811825663872,67.7095718383789,7054800,0.0,0.0,0.0
2010-09-14,67.84788500568214,68.36812078075869,67.80837508134631,68.36153411865234,5978100,0.0,0.0,0.0
2010-09-15,67.66348361806237,67.99933297270964,67.26178272944406,67.3473892211914,7919100,0.0,0.0,0.0
2010-09-16,66.86004288771755,67.0510157418765,66.41224568379417,66.68224334716797,17116200,0.0,0.0,0.0
2010-09-17,67.05765989863121,67.27497454220261,66.72181045167099,66.9522933959961,9203600,0.0,0.0,0.0
2010-09-20,67.26838210419562,67.46593674344768,66.96546097135504,67.3408203125,5277800,0.0,0.0,0.0
2010-09-21,67.61082762474936,68.49983625195594,67.3408347194305,68.27593994140625,12664000,0.0,0.0,0.0
2010-09-22,68.84883389400892,69.19126489792002,68.38786309071877,68.88834381103516,8229400,0.0,0.0,0.0
2010-09-23,69.4151390425449,69.44806228582607,68.64466079237158,69.08587646484375,7412200,0.0,0.0,0.0
2010-09-24,68.46030023260546,68.55908004779836,68.15737915039062,68.15737915039062,8942500,0.0,0.0,0.0
2010-09-27,68.83566028206613,69.44150245328201,68.80273702606645,69.34272766113281,7061600,0.0,0.0,0.0
2010-09-28,69.39540813958475,70.01442365271598,69.3690665194355,69.81686401367188,8262900,0.0,0.0,0.0
2010-09-29,69.91568081350266,69.98153238663129,69.37568987520321,69.52715301513672,5507100,0.0,0.0,0.0
2010-09-30,69.40858749013643,69.53370391652423,68.50640576223087,69.48102569580078,10618400,0.0,0.0,0.0
2010-10-01,68.89412296561729,69.49561367421286,68.7288775450408,69.14529418945312,9368400,0.392,0.0,0.0
2010-10-04,69.15181804421113,69.35672049310467,69.0130126714558,69.32366943359375,4422700,0.0,0.0,0.0
2010-10-05,69.22454545195873,69.27742010173645,68.69575861110118,68.90727233886719,8491800,0.0,0.0,0.0
2010-10-06,69.3368572874322,70.13003189120087,69.3104174615891,69.77310180664062,6476100,0.0,0.0,0.0
2010-10-07,69.51538477635799,69.65419020959904,69.1848942087691,69.1915054321289,5780700,0.0,0.0,0.0
2010-10-08,69.31711292715244,69.70708948583527,68.8874740600586,68.8874740600586,6128700,0.0,0.0,0.0
2010-10-11,68.81474717947367,69.02626094345158,68.7023815954917,68.90067291259766,1474200,0.0,0.0,0.0
2010-10-12,69.01305973359449,69.24440217927962,68.20005051831578,68.21987915039062,6122400,0.0,0.0,0.0
2010-10-13,67.6514457333638,68.16040423878108,67.44654311171908,68.1141357421875,8168400,0.0,0.0,0.0
2010-10-14,68.27272916849087,68.51068273566263,67.06974393129362,67.09618377685547,10945000,0.0,0.0,0.0
2010-10-15,66.49472877411591,66.7921734340655,66.02543257860926,66.27660369873047,12694700,0.0,0.0,0.0
2010-10-18,66.89132627188113,67.05657164808923,66.61371525014482,66.81201171875,5592200,0.0,0.0,0.0
2010-10-19,66.4814823661612,67.47956022807887,66.46165373939122,67.21517181396484,8017500,0.0,0.0,0.0
2010-10-20,67.00368802117146,67.60517848802048,66.89792857392133,67.3606185913086,5515800,0.0,0.0,0.0
2010-10-21,67.21518901196386,67.36060570266503,66.55420772178547,66.5608139038086,6836100,0.0,0.0,0.0
2010-10-22,66.38893517740836,67.06974482027393,66.36910655369537,67.01025390625,4770700,0.0,0.0,0.0
2010-10-25,67.49939460657266,67.6117601880397,67.12263556532936,67.20195007324219,5632300,0.0,0.0,0.0
2010-10-26,66.66653913457478,66.79873330764734,66.13114617788112,66.16419219970703,8432000,0.0,0.0,0.0
2010-10-27,65.88657777624768,66.21045701242953,65.58252716064453,65.58252716064453,9245200,0.0,0.0,0.0
2010-10-28,65.82047722961462,65.98572244958682,65.54286647035349,65.760986328125,8052600,0.0,0.0,0.0
2010-10-29,65.97915986894111,66.40218754049728,65.84696561266267,66.37574768066406,6753800,0.0,0.0,0.0
2010-11-01,66.83924290838159,66.84587014300394,65.97059457187085,66.08995056152344,5921000,0.319,0.0,0.0
2010-11-02,66.61377167356335,67.03151499007353,66.58724756568006,66.95858001708984,6537400,0.0,0.0,0.0
2010-11-03,67.45587681279054,67.8139395217959,65.26768658379615,65.59259796142578,25541800,0.0,0.0,0.0
2010-11-04,65.75837926418284,66.22254350087547,65.69870382374049,66.10318756103516,13246500,0.0,0.0,0.0
2010-11-05,65.21463839265219,65.51303072880803,64.96929931640625,64.96929931640625,12435000,0.0,0.0,0.0
2010-11-08,65.37383976725961,65.59266000894351,64.8632642622902,65.26111602783203,6795200,0.0,0.0,0.0
2010-11-09,65.3074926103698,65.32738442781061,63.78239425208129,63.82217788696289,15061700,0.0,0.0,0.0
2010-11-10,63.888482969764866,64.14708670363483,62.993315809526045,63.90837478637695,18540400,0.0,0.0,0.0
2010-11-11,63.95479233560765,64.07414829726767,63.749236813454054,63.87522506713867,3368100,0.0,0.0,0.0
2010-11-12,63.795669758002056,64.14710544470735,63.530433654785156,63.530433654785156,11739500,0.0,0.0,0.0
2010-11-15,63.21216577127274,63.47076962730583,62.204269409179695,62.20426940917969,14978700,0.0,0.0,0.0
2010-11-16,62.93363467005369,63.82216945810665,62.323590348348894,63.749229431152344,19901300,0.0,0.0,0.0
2010-11-17,63.52384220959438,64.1604061805835,63.21881723071973,63.39785385131836,9915600,0.0,0.0,0.0
2010-11-18,63.44424139549392,63.656429290771484,62.860725948220235,63.656429290771484,12424800,0.0,0.0,0.0
2010-11-19,63.71606373282762,64.047607421875,63.51714055477232,64.047607421875,8359500,0.0,0.0,0.0
2010-11-22,64.56488633500209,64.73065835028855,63.81559358817254,64.31954193115234,10413500,0.0,0.0,0.0
2010-11-23,64.7637395025928,64.94940314898767,64.4786117430707,64.63775634765625,9566900,0.0,0.0,0.0
2010-11-24,64.19352007115839,64.31287606221832,63.37792501471363,63.48401641845703,11467600,0.0,0.0,0.0
2010-11-26,64.1338337419619,64.39906979483074,64.02111006365364,64.36591339111328,4848900,0.0,0.0,0.0
2010-11-29,64.69083782259321,64.94944163458598,64.37918577763836,64.91629028320312,8950000,0.0,0.0,0.0
2010-11-30,65.78493032213738,65.82471396539927,65.055534861576,65.25446319580078,11947600,0.0,0.0,0.0
2010-12-01,64.3095583099115,64.61563526261054,63.803863525390625,63.803863525390625,15441200,0.34,0.0,0.0
2010-12-02,63.850500575993024,64.2364260407821,63.5643841212697,63.637577056884766,9318700,0.0,0.0,0.0
2010-12-03,64.06341377962697,64.09668513645725,63.111910846338944,63.138526916503906,10194800,0.0,0.0,0.0
2010-12-06,63.55767700022283,64.04341107894604,63.41794653068429,64.03010559082031,7001800,0.0,0.0,0.0
2010-12-07,63.02538447024902,63.158459685550916,61.98738357671091,62.659420013427734,18533100,0.0,0.0,0.0
2010-12-08,62.360036135206464,62.41326828427253,61.288763248613186,62.053958892822266,19275900,0.0,0.0,0.0
2010-12-09,62.28013338317597,62.72594081916578,61.7012507675301,62.359981536865234,17477100,0.0,0.0,0.0
2010-12-10,62.073908558222236,62.45317866849666,61.97409956572976,61.98075485229492,7078500,0.0,0.0,0.0
2010-12-13,61.91422400126398,62.5663000142157,61.588180918291336,62.213645935058594,12399900,0.0,0.0,0.0
2010-12-14,61.481675663269186,61.8942117896572,60.84290562675515,61.30867385864258,23516400,0.0,0.0,0.0
2010-12-15,61.268755534746525,61.37521467484213,60.19748346866415,60.510215759277344,26084000,0.0,0.0,0.0
2010-12-16,60.57013023763016,60.93609483087194,60.26405306714429,60.929439544677734,17939000,0.0,0.0,0.0
2010-12-17,61.13569685653849,62.39327666932294,61.122391363012134,62.04062271118164,16849700,0.0,0.0,0.0
2010-12-20,62.379945979889,62.69933353696295,61.64136701336768,61.97406005859375,13703500,0.0,0.0,0.0
2010-12-21,61.9674472097088,62.4066047668457,61.5416002263317,62.4066047668457,8985100,0.0,0.0,0.0
2010-12-22,62.193695945756076,62.246928100359035,61.83438651693263,61.960811614990234,6440900,0.0,0.0,0.0
2010-12-23,62.000708639915686,62.033979992491226,61.568206438911936,61.8343620300293,7091800,0.0,0.0,0.0
2010-12-27,61.72125592624842,62.46648559067378,61.4151787317171,62.38664245605469,5285900,0.0,0.0,0.0
2010-12-28,62.046097095149584,62.139569770226124,60.96447816284835,61.16477966308594,13972100,0.32,0.0,0.0
2010-12-29,61.26496324164368,62.44005038480564,61.07133971269641,62.1996955871582,13115400,0.0,0.0,0.0
2010-12-30,62.01271456514888,62.27978154602177,61.698916338543135,62.152923583984375,7029900,0.0,0.0,0.0
2010-12-31,62.43338385324334,63.227902099253626,62.38664748583097,62.840660095214844,8516000,0.0,0.0,0.0
2011-01-03,62.22642013674481,62.96752922036567,62.05950376825152,62.366634368896484,13799400,0.0,0.0,0.0
2011-01-04,62.36660973102086,62.60696452032659,62.03277712591456,62.44004821777344,10466900,0.0,0.0,0.0
2011-01-05,61.752345750374445,61.885881831195555,60.88438414750011,61.06465148925781,17568000,0.0,0.0,0.0
2011-01-06,61.118069611190464,61.50531662812823,60.86435868313517,61.331722259521484,9317500,0.0,0.0,0.0
2011-01-07,61.098042020531864,61.84582376171073,60.777560492968725,61.658878326416016,12694600,0.0,0.0,0.0
2011-01-10,61.812450365857806,62.08619047086053,61.545383245792536,61.99271774291992,8295200,0.0,0.0,0.0
2011-01-11,61.75235448657237,61.82579806794399,61.218225369365804,61.645530700683594,9495400,0.0,0.0,0.0
2011-01-12,61.251574263120226,61.53867036339211,61.05795083792489,61.16477966308594,9522900,0.0,0.0,0.0
2011-01-13,61.17150346751828,61.93931457336375,61.057996482461654,61.712310791015625,14502400,0.0,0.0,0.0
2011-01-14,61.94593921298496,62.026060822631074,61.264923359566566,61.31833267211914,8960700,0.0,0.0,0.0
2011-01-18,60.95113218914541,61.23155023775812,60.5772414576618,61.031253814697266,10663600,0.0,0.0,0.0
2011-01-19,61.03128646006886,61.47194290161133,60.99790115809481,61.47194290161133,8886900,0.0,0.0,0.0
2011-01-20,61.09132954210695,61.164773078028475,60.35022120244654,60.623966217041016,14203400,0.0,0.0,0.0
2011-01-21,60.55054766612844,61.104705810546875,60.4303677481104,61.104705810546875,9085600,0.0,0.0,0.0
2011-01-24,61.33838831513592,61.358417451072356,61.011228781907704,61.13140869140625,7700200,0.0,0.0,0.0
2011-01-25,61.38515618367992,62.02611433216485,60.97120181754312,61.712310791015625,13438100,0.0,0.0,0.0
2011-01-26,61.5720959844066,61.59880320819441,60.68409989551963,60.77757263183594,13322900,0.0,0.0,0.0
2011-01-27,60.80425072346988,61.191497642034705,60.537183707429314,61.05128860473633,10868700,0.0,0.0,0.0
2011-01-28,60.630679196322944,61.612147920327104,60.60397197528891,61.371788024902344,11993200,0.0,0.0,0.0
2011-01-31,61.19817792414513,61.41183052590277,60.7909018561259,60.90440368652344,8647600,0.0,0.0,0.0
2011-02-01,60.669937651200165,60.864237750548455,60.39522869726759,60.60293197631836,11508400,0.32,0.0,0.0
2011-02-02,60.90441318962332,60.971413720800086,60.23439765422991,60.61630630493164,13624600,0.0,0.0,0.0
2011-02-03,60.274663558870714,60.68337389606315,60.107159489917045,60.113861083984375,12785800,0.0,0.0,0.0
2011-02-04,59.96639795407484,60.06690131937733,59.47728430256992,59.504085540771484,17172200,0.0,0.0,0.0
2011-02-07,59.430339811476145,59.832352977741536,59.34323968508385,59.81224822998047,8554800,0.0,0.0,0.0
2011-02-08,59.83904217592365,59.9931478858373,59.20252992637883,59.2628288269043,10454200,0.0,0.0,0.0
2011-02-09,59.4237048409645,60.07362100566997,59.05519409443612,59.778812408447266,13078600,0.0,0.0,0.0
2011-02-10,59.56438306218528,59.7251853619188,59.081971051171784,59.08867263793945,10486800,0.0,0.0,0.0
2011-02-11,59.65147976693813,59.98648752041913,59.45717465650163,59.9395866394043,11333400,0.0,0.0,0.0
2011-02-14,59.839098499174256,60.254510059320594,59.839098499174256,59.979801177978516,8033500,0.0,0.0,0.0
2011-02-15,60.00659670458877,60.28130555977276,59.87929721406688,60.247802734375,7298000,0.0,0.0,0.0
2011-02-16,60.21429326670416,60.515798189175165,59.85918076697309,60.05348587036133,8446300,0.0,0.0,0.0
2011-02-17,60.31479315137458,60.421998085205615,60.07359227387997,60.14728927612305,6732500,0.0,0.0,0.0
2011-02-18,59.91282351542168,59.99992885829332,59.68502055182236,59.95972442626953,6080700,0.0,0.0,0.0
2011-02-22,60.24108524641601,60.93120026966205,60.10707910338029,60.85749816894531,11905700,0.0,0.0,0.0
2011-02-23,61.03838600351658,61.339895921993055,60.79718011345959,61.078590393066406,14522600,0.0,0.0,0.0
2011-02-24,61.39353343322306,61.66824230904938,61.266233933135545,61.46723556518555,12110900,0.0,0.0,0.0
2011-02-25,61.467246649024396,61.82905578613281,61.40024609292612,61.82905578613281,6841700,0.0,0.0,0.0
2011-02-28,61.84242712122316,61.98982622401635,61.69502290661784,61.909427642822266,9682500,0.0,0.0,0.0
2011-03-01,61.51756291201489,62.109081243822,61.48395717935145,62.08891677856445,8048700,0.297,0.0,0.0
2011-03-02,61.732677959971824,61.83350544537936,61.12772330412448,61.13444137573242,8526400,0.0,0.0,0.0
2011-03-03,60.85208300683329,61.02012698072968,60.482389341238296,60.53615951538086,10607600,0.0,0.0,0.0
2011-03-04,60.563042781903874,61.06717466709446,60.49582622287074,61.040287017822266,9316200,0.0,0.0,0.0
2011-03-07,60.509320613035975,61.07395148693187,60.39505184951749,60.650482177734375,7522300,0.0,0.0,0.0
2011-03-08,60.56979002341481,60.724387657739136,60.260589626469404,60.28075408935547,8498700,0.0,0.0,0.0
2011-03-09,60.556322688373285,61.04701333820156,60.39500191277419,60.86552810668945,8904800,0.0,0.0,0.0
2011-03-10,61.08066237052986,61.907436349623126,60.92605956471584,61.887271881103516,13385800,0.0,0.0,0.0
2011-03-11,61.86707305138979,61.89396070391517,61.38982875772877,61.5377082824707,8407600,0.0,0.0,0.0
2011-03-14,61.49068453240329,61.7864385899949,61.38313387269892,61.51084899902344,6765200,0.0,0.0,0.0
2011-03-15,62.377939103390354,62.545983114845285,62.082180002174866,62.43170928955078,14893800,0.0,0.0,0.0
2011-03-16,62.76111791865704,63.81643475576322,62.56618612985406,63.137535095214844,24294200,0.0,0.0,0.0
2011-03-17,62.67372892550621,62.92243605090594,62.35108711080842,62.653564453125,10528500,0.0,0.0,0.0
2011-03-18,62.34432319694327,62.835013927072886,62.303994278517436,62.82156753540039,7260900,0.0,0.0,0.0
2011-03-21,62.59977495564226,62.63338582087848,62.22335788082707,62.451900482177734,10542900,0.0,0.0,0.0
2011-03-22,62.38466837167639,62.70731518804645,62.33761624515338,62.66026306152344,6904700,0.0,0.0,0.0
2011-03-23,63.083702659060044,63.103867114084736,62.46530210626057,62.57957077026367,8358000,0.0,0.0,0.0
2011-03-24,62.351026812493686,62.43168462401614,62.10231992761295,62.10904312133789,9477600,0.0,0.0,0.0
2011-03-25,62.41825169125195,62.48546825258521,61.85362129380384,61.95444869995117,6447200,0.0,0.0,0.0
2011-03-28,61.92087057216741,62.29056438836419,61.840207585651314,62.04186248779297,3996800,0.0,0.0,0.0
2011-03-29,61.82675527547162,62.17628456468218,61.551160633656764,61.56460189819336,6487200,0.0,0.0,0.0
2011-03-30,61.65202732308768,62.05533218383789,61.54447662512787,62.05533218383789,5048300,0.0,0.0,0.0
2011-03-31,62.290534471472576,62.324145315119296,61.57802971515558,61.92755889892578,9654300,0.0,0.0,0.0
2011-04-01,61.76292859171593,62.28267993249813,61.70892698102044,62.22868347167969,7860400,0.386,0.0,0.0
2011-04-04,62.235420005772745,62.491925041226885,62.18816989132744,62.296173095703125,4469100,0.0,0.0,0.0
2011-04-05,62.20837614096537,62.35687270707775,61.87762044631883,62.04637145996094,9951600,0.0,0.0,0.0
2011-04-06,61.94513187286576,61.95863484051251,61.114879608154304,61.1148796081543,9090900,0.0,0.0,0.0
2011-04-07,61.10809658437383,61.26334973294056,60.83809401940202,60.99334716796875,9265100,0.0,0.0,0.0
2011-04-08,60.70315154456418,60.96640287306167,60.64914995157102,60.66939926147461,7605700,0.0,0.0,0.0
2011-04-11,60.635624726532896,60.89887593606504,60.514123772143215,60.72337341308594,5734000,0.0,0.0,0.0
2011-04-12,61.1621535369499,61.58740448587225,61.12840125454921,61.37815475463867,7686500,0.0,0.0,0.0
2011-04-13,61.11487129099236,61.762874603271484,61.04737191156438,61.762874603271484,7959300,0.0,0.0,0.0
2011-04-14,61.789914819631925,61.945162976409115,61.57391357768587,61.71566390991211,7609600,0.0,0.0,0.0
2011-04-15,62.27589755458768,62.57964742668531,62.14764509087469,62.55264663696289,10222900,0.0,0.0,0.0
2011-04-18,62.09357933454124,62.84283373785501,61.72907677483167,62.694332122802734,12036700,0.0,0.0,0.0
2011-04-19,62.68090067074157,62.96440124511719,62.61340126968179,62.96440124511719,5295100,0.0,0.0,0.0
2011-04-20,62.82265374655081,62.95090621916931,62.512152367993664,62.55940246582031,6754100,0.0,0.0,0.0
2011-04-21,62.701168796860664,62.93067300920244,62.4784160716137,62.50541687011719,3365600,0.0,0.0,0.0
2011-04-25,62.525667458607906,62.755171675637285,62.43791872408612,62.741668701171875,3626900,0.0,0.0,0.0
2011-04-26,62.957636513638846,63.36264313453175,62.896888610428775,63.34914016723633,7506300,0.0,0.0,0.0
2011-04-27,63.07240724888326,63.160155959227694,62.60665260579676,62.70115280151367,8869300,0.0,0.0,0.0
2011-04-28,62.923904869996235,63.18040466308594,62.75515378641434,63.18040466308594,8110200,0.0,0.0,0.0
2011-04-29,63.092647676620906,63.39639752727042,63.011645313173304,63.37614822387695,5900000,0.0,0.0,0.0
2011-05-02,63.26092267773874,63.5049643713721,63.15923777674003,63.477848052978516,5285100,0.4,0.0,0.0
2011-05-03,63.69474806142302,63.83710479736328,63.43715089713686,63.83710479736328,6486600,0.0,0.0,0.0
2011-05-04,63.93200195360745,64.20994019563399,63.90488564912391,64.12181091308594,7406300,0.0,0.0,0.0
2011-05-05,64.345542777569,64.82684574157302,64.27097420281684,64.73194122314453,9600000,0.0,0.0,0.0
2011-05-06,64.06763974324983,64.73197168487219,63.95917443005633,64.44725799560547,9451500,0.0,0.0,0.0
2011-05-09,64.33191943384176,64.53528382827471,64.29124241743284,64.3793716430664,3731200,0.0,0.0,0.0
2011-05-10,64.1963901476527,64.32519132242138,63.91845703125,63.91845703125,5458300,0.0,0.0,0.0
2011-05-11,63.938811692951475,64.46078657128609,63.84390716961791,64.28453826904297,6078700,0.0,0.0,0.0
2011-05-12,64.36587814739879,64.47434340858341,63.66087463733205,63.87779998779297,8015800,0.0,0.0,0.0
2011-05-13,64.16255404816161,64.73198151315144,64.08120505091524,64.45404815673828,8380000,0.0,0.0,0.0
2011-05-16,64.42014495210088,64.93534487221852,64.2371161916427,64.81332397460938,6053600,0.0,0.0,0.0
2011-05-17,65.09796697943472,65.48436520690147,65.0640754830742,65.47758483886719,9826900,0.0,0.0,0.0
2011-05-18,65.26069270690674,65.34204164885914,64.58958074450064,64.60991668701172,7707600,0.0,0.0,0.0
2011-05-19,64.03371067112357,64.61669850506368,64.03371067112357,64.58280181884766,8052400,0.0,0.0,0.0
2011-05-20,64.41334465378866,64.67772749342797,64.20998000194771,64.61671447753906,5602300,0.0,0.0,0.0
2011-05-23,64.89462869258948,65.2064585133248,64.79971901749761,64.92852020263672,6300000,0.0,0.0,0.0
2011-05-24,64.83369900143242,65.17264556884766,64.71167803028636,65.17264556884766,5549100,0.0,0.0,0.0
2011-05-25,65.17939139642172,65.26751559534551,64.7658763896283,64.86756134033203,5664500,0.0,0.0,0.0
2011-05-26,65.05729282018233,65.45047140181423,65.00306022163201,65.42335510253906,8307900,0.0,0.0,0.0
2011-05-27,65.16576187395,65.42336416680159,64.9962888589291,65.39624786376953,5390600,0.0,0.0,0.0
2011-05-31,65.19964567872927,65.59282423724238,65.1386327159714,65.54537200927734,7003900,0.0,0.0,0.0
2011-06-01,65.941354554821,66.48565176775475,65.9209443177265,66.43122100830078,12746400,0.352,0.0,0.0
2011-06-02,65.64881001226935,65.93456896625123,65.1657485961914,65.1657485961914,15738700,0.0,0.0,0.0
2011-06-03,65.71007800702102,65.72368311108875,65.02290345845292,65.53998565673828,10644100,0.0,0.0,0.0
2011-06-06,64.95485830250348,65.30864805673292,64.77796082998584,65.04330444335938,8776900,0.0,0.0,0.0
2011-06-07,64.79153134202403,65.35623357278003,64.71669034924865,65.3426284790039,7399200,0.0,0.0,0.0
2011-06-08,65.49232576866545,65.88693587001686,65.43108985535673,65.85292053222656,7401800,0.0,0.0,0.0
2011-06-09,66.06384945071775,66.22033665344073,65.26781871842665,65.58759307861328,9963000,0.0,0.0,0.0
2011-06-10,65.93456721946689,66.26114145707426,65.8597262085977,66.09104919433594,7710800,0.0,0.0,0.0
2011-06-13,65.81890589888759,66.19311098372464,65.7508700264093,65.75767517089844,5540000,0.0,0.0,0.0
2011-06-14,65.13852784556516,65.2473893792215,64.72350233240674,64.76432800292969,8672400,0.0,0.0,0.0
2011-06-15,64.89360663504688,65.95498602205788,64.88680668103346,65.94137573242188,12979100,0.0,0.0,0.0
2011-06-16,66.06391658067695,66.3564758467656,65.85980872414721,66.24081420898438,10961200,0.0,0.0,0.0
2011-06-17,65.90054950648063,66.09785716258436,65.75086747834648,65.92776489257812,9622900,0.0,0.0,0.0
2011-06-20,66.22033264556535,66.24074289016237,65.71685572174971,66.00941467285156,6613800,0.0,0.0,0.0
2011-06-21,65.79163783204189,66.01616070316753,65.49907914291457,65.716796875,7894900,0.0,0.0,0.0
2011-06-22,65.96858793282242,66.03662380530069,65.59438803878969,65.75767517089844,5503700,0.0,0.0,0.0
2011-06-23,66.15908252412562,66.49926703655647,66.09785180347386,66.26113891601562,8586800,0.0,0.0,0.0
2011-06-24,66.24077732014884,66.46530050902618,65.98223876953125,65.98223876953125,7960900,0.0,0.0,0.0
2011-06-27,65.89372636329803,65.90733664803118,65.00924991534397,65.07728576660156,9331300,0.0,0.0,0.0
2011-06-28,64.9616389724651,65.09771070571311,64.44455704267565,64.55341339111328,12634300,0.0,0.0,0.0
2011-06-29,64.60104266099079,64.7711349325477,63.968299203166936,64.12478637695312,11084900,0.0,0.0,0.0
2011-06-30,64.11120982659656,64.1656354327182,63.36960449316856,64.02275848388672,11555600,0.0,0.0,0.0
2011-07-01,64.2616984169982,64.3299716800546,63.73602866768736,63.920352935791016,6637200,0.32,0.0,0.0
2011-07-05,64.20022379945503,64.28897170121489,63.96128313432014,64.06368255615234,4615600,0.0,0.0,0.0
2011-07-06,64.30265525945313,64.48015113703126,64.06370928610453,64.39140319824219,5652700,0.0,0.0,0.0
2011-07-07,64.05683858939025,64.26847093710883,63.86568611938454,64.20020294189453,6823700,0.0,0.0,0.0
2011-07-08,64.74640005209854,65.27207494235223,64.73957689348498,65.10823059082031,12129300,0.0,0.0,0.0
2011-07-11,65.56561861147671,66.08446502685547,65.36763767391749,66.08446502685547,9760800,0.0,0.0,0.0
2011-07-12,66.42579188050263,66.4326150357977,65.92059712883139,66.30973052978516,9083900,0.0,0.0,0.0
2011-07-13,66.02299858313476,66.5145365835934,65.61338531892432,66.49405670166016,13112200,0.0,0.0,0.0
2011-07-14,65.96155420769647,66.83539716429235,65.54511260986328,65.54511260986328,11471500,0.0,0.0,0.0
2011-07-15,65.05362981708393,65.67487595496281,65.01949318168123,65.6543960571289,7086200,0.0,0.0,0.0
2011-07-18,65.5793380221387,65.6544344971775,64.99222296739295,65.01953125,8206500,0.0,0.0,0.0
2011-07-19,65.07407951655539,66.40532434317326,64.97167486638858,66.3711929321289,15249400,0.0,0.0,0.0
2011-07-20,66.02987077311165,66.11179035521769,65.44958449627956,65.58612060546875,9673300,0.0,0.0,0.0
2011-07-21,65.01941149841372,65.4426812864688,64.7872993365373,65.08085632324219,11099200,0.0,0.0,0.0
2011-07-22,65.3266720425776,65.5997441444481,65.21743903501621,65.57244110107422,4974500,0.0,0.0,0.0
2011-07-25,64.83511094078422,65.57241785489023,64.73953469730914,64.8555908203125,10869400,0.0,0.0,0.0
2011-07-26,65.06039869067433,65.44953201922927,65.01943372394808,65.2993392944336,7682800,0.0,0.0,0.0
2011-07-27,65.08773968891445,65.42908509582134,64.92389535198407,65.30620574951172,11224200,0.0,0.0,0.0
2011-07-28,65.61338577270865,65.749921792218,65.34030852517466,65.55194091796875,7081600,0.0,0.0,0.0
2011-07-29,66.14591979412421,67.26553243498968,66.07082337968046,66.84909057617188,19582400,0.0,0.0,0.0
2011-08-01,66.7086339605798,67.77033009843278,66.68123477741187,67.52374267578125,14348200,0.325,0.0,0.0
2011-08-02,67.96213779391188,69.5718023590074,67.7360983901782,69.55125427246094,20850600,0.0,0.0,0.0
2011-08-03,69.57180503518079,70.83898760428238,69.42796319796119,69.68824768066406,21179700,0.0,0.0,0.0
2011-08-04,70.12661348294088,72.29795336692821,70.05126702375006,72.16780853271484,34076600,0.0,0.0,0.0
2011-08-05,70.85267174935285,72.26369579593666,70.05811106915527,70.08551025390625,41677700,0.0,0.0,0.0
2011-08-08,70.67459167611167,72.46234828461544,70.5170476434761,72.29795837402344,38259500,0.0,0.0,0.0
2011-08-09,71.92806620218651,74.91450945676426,70.5512871927569,72.51713562011719,39881400,0.0,0.0,0.0
2011-08-10,73.72270474130777,74.7090549923869,73.25008293421803,74.6748046875,46221000,0.0,0.0,0.0
2011-08-11,73.52408042941525,73.8460145521268,70.68832806788109,70.90751647949219,37790100,0.0,0.0,0.0
2011-08-12,71.5376758480584,72.37333316154668,71.28423716623983,72.31168365478516,15590800,0.0,0.0,0.0
2011-08-15,71.8801901263528,72.25007165459255,71.55825591329976,71.57880401611328,10051700,0.0,0.0,0.0
2011-08-16,71.68834708354646,73.04457311042503,71.66779377028703,72.76374053955078,15993200,0.0,0.0,0.0
2011-08-17,72.82538887527723,74.04462423712725,72.44865649903737,74.03777313232422,15906600,0.0,0.0,0.0
2011-08-18,75.40770243327066,76.81188106217887,74.85288313177259,75.55839538574219,27274600,0.0,0.0,0.0
2011-08-19,75.79128736387005,76.31186160254936,75.50360366322963,76.16801452636719,15708400,0.0,0.0,0.0
2011-08-22,75.66112111264084,76.20909439067104,75.61317384275274,75.97620391845703,13157700,0.0,0.0,0.0
2011-08-23,75.18167656555377,76.14747342804571,74.90083871829188,74.92823791503906,16017800,0.0,0.0,0.0
2011-08-24,74.8597559789502,74.94195358395231,72.70896829376373,72.79801177978516,14621600,0.0,0.0,0.0
2011-08-25,73.07885927360141,73.90766563588382,72.85281974956146,73.58573150634766,10565900,0.0,0.0,0.0
2011-08-26,74.44874062876356,74.84601578669596,73.51718914821586,74.3117446899414,11504800,0.0,0.0,0.0
2011-08-29,73.08564634010366,73.56512420759066,73.01715099499405,73.28428649902344,6764300,0.0,0.0,0.0
2011-08-30,74.27067422404359,74.76384932275474,74.1473804493658,74.46246337890625,9508700,0.0,0.0,0.0
2011-08-31,74.53091853194147,74.63366415969435,73.31168365478516,73.31168365478516,12186000,0.0,0.0,0.0
2011-09-01,73.83522193917005,74.87264021023006,72.88024927457282,74.86576843261719,10686600,0.322,0.0,0.0
2011-09-02,76.52841279954622,77.34598168874102,76.02688290740936,77.29788970947266,16557100,0.0,0.0,0.0
2011-09-06,78.61009372354074,78.96048103668409,77.90245256053262,78.10169219970703,14016200,0.0,0.0,0.0
2011-09-07,77.13985148729851,77.20168701228184,76.4734304780267,76.61083984375,11524300,0.0,0.0,0.0
2011-09-08,77.15361377166757,77.3803301072855,76.49405913936911,77.29788970947266,11480900,0.0,0.0,0.0
2011-09-09,77.31845148012154,78.44518164010385,77.09173004458589,78.12227630615234,11492700,0.0,0.0,0.0
2011-09-12,78.0261509582426,78.49333249038902,77.70324538198405,78.20478057861328,7602200,0.0,0.0,0.0
2011-09-13,77.90928885885675,78.0398211383235,77.02301855370978,77.09172058105469,9282400,0.0,0.0,0.0
2011-09-14,76.92689971979135,77.87500107881539,76.82384397081125,77.74446868896484,11948500,0.0,0.0,0.0
2011-09-15,76.93375456413752,77.28413669524811,76.5558853149414,76.5558853149414,8884000,0.0,0.0,0.0
2011-09-16,76.47344175113084,77.35284085486859,76.43222155615317,77.11238098144531,10053500,0.0,0.0,0.0
2011-09-19,78.45893766561457,79.13910212579384,78.4039791695604,78.58260345458984,13033500,0.0,0.0,0.0
2011-09-20,78.57574029825832,78.91925581111691,78.35589057969408,78.91238403320312,6360600,0.0,0.0,0.0
2011-09-21,78.75433296433887,81.61238339955219,78.45890953225316,81.5230712890625,18687100,0.0,0.0,0.0
2011-09-22,83.41247263837197,85.10256900716101,83.28880679472239,84.58729553222656,25041400,0.0,0.0,0.0
2011-09-23,84.5872635020345,84.75214948391987,83.01396179199219,83.01396179199219,15173800,0.0,0.0,0.0
2011-09-26,82.52614920636685,82.83531099827417,81.46812104763566,81.68109893798828,15110100,0.0,0.0,0.0
2011-09-27,80.21082971930385,80.58869867972905,79.87418616287009,80.43067932128906,13589600,0.0,0.0,0.0
2011-09-28,80.31393948876669,80.45821539589146,79.53072442629993,80.40325164794922,12642600,0.0,0.0,0.0
2011-09-29,80.80171785798777,81.63302475471929,80.4444587959158,80.95973205566406,12341800,0.0,0.0,0.0
2011-09-30,82.45747374351016,83.06893627023,81.74983251975392,82.99336242675781,13546400,0.0,0.0,0.0
2011-10-03,83.94799101234764,85.27732849121094,83.41763596862972,85.27732849121094,15882000,0.306,0.0,0.0
2011-10-04,85.6630259175689,86.1176150950826,84.15460562525787,84.19593048095703,17301400,0.0,0.0,0.0
2011-10-05,83.7964556774749,83.87910539978498,83.10767996520215,83.5898208618164,14275000,0.0,0.0,0.0
2011-10-06,83.09385698589134,83.34870575466141,82.04692077636719,82.04692077636719,9681600,0.0,0.0,0.0
2011-10-07,81.10332783948951,81.99873823183815,80.48342874132054,81.44082641601562,11564600,0.0,0.0,0.0
2011-10-10,80.46277466938756,80.5247672131124,79.76022578846833,80.29058074951172,3567600,0.0,0.0,0.0
2011-10-11,80.78652191695187,80.83473601735221,79.82912388404318,80.02198028564453,7520200,0.0,0.0,0.0
2011-10-12,79.00256767593137,79.29185745265735,78.16226576812006,78.85792541503906,14033400,0.0,0.0,0.0
2011-10-13,79.22984791798959,80.27678966031576,79.18163384136537,79.64311218261719,11263300,0.0,0.0,0.0
2011-10-14,78.4377783406768,78.94058693639256,78.25181120551396,78.48599243164062,8411000,0.0,0.0,0.0
2011-10-17,78.72707446789087,79.87732876970628,78.67197114380646,79.84288787841797,9664000,0.0,0.0,0.0
2011-10-18,79.99444360931834,80.46281149594287,78.7270983013601,79.34699249267578,12495600,0.0,0.0,0.0
2011-10-19,78.89236940514373,79.71889814417862,78.63063653060237,79.31941223144531,6629300,0.0,0.0,0.0
2011-10-20,78.83727076447457,79.67068878133945,78.56864864560663,78.7546157836914,7832100,0.0,0.0,0.0
2011-10-21,78.4239968973724,78.6581780988911,77.92118835449219,77.92118835449219,9906300,0.0,0.0,0.0
2011-10-24,78.47223193131089,78.57554935865478,77.86611108180541,78.05207824707031,6344500,0.0,0.0,0.0
2011-10-25,78.09338133114277,80.13904585311236,78.07271890242649,80.03572845458984,11791200,0.0,0.0,0.0
2011-10-26,79.47785786879446,80.04265394767839,78.56867380876314,78.6375503540039,12747000,0.0,0.0,0.0
2011-10-27,77.50103961822987,77.72833686090387,75.6413473262135,75.97196197509766,19471400,0.0,0.0,0.0
2011-10-28,76.38529827806099,77.11539952759348,76.28887000944147,76.77101135253906,10127900,0.0,0.0,0.0
2011-10-31,78.25180441474029,79.81532287597656,78.14848701308613,79.81532287597656,15242100,0.0,0.0,0.0
2011-11-01,81.9760724087714,82.51470636465994,80.91261332752745,82.4870834350586,24400600,0.299,0.0,0.0
2011-11-02,80.53974030986066,81.73440741424092,80.39472382930646,81.45818328857422,13181100,0.0,0.0,0.0
2011-11-03,80.33944702148438,81.03691148486297,80.09775298027445,80.33944702148438,8386700,0.0,0.0,0.0
2011-11-04,79.91133193843962,80.82977487552047,79.7801242992747,80.4361572265625,7583700,0.0,0.0,0.0
2011-11-07,80.5466797101991,81.7275331848432,80.32570137462604,80.94720458984375,9279700,0.0,0.0,0.0
2011-11-08,80.62261240236788,81.16815362386747,79.75941526743888,79.91133880615234,7539400,0.0,0.0,0.0
2011-11-09,81.66535746891873,82.26613931365002,80.84359209591985,81.56867980957031,13004500,0.0,0.0,0.0
2011-11-10,80.64334265589939,81.21650692004077,79.55916707204237,80.35330963134766,11644600,0.0,0.0,0.0
2011-11-11,79.98730720026303,80.22209431151153,79.7594218733188,79.86300659179688,2483900,0.0,0.0,0.0
2011-11-14,80.37406441350115,81.20963916103682,80.24976373304307,81.14749145507812,9252600,0.0,0.0,0.0
2011-11-15,81.2786203548367,81.80344556045422,80.60187691598144,81.03692626953125,7587500,0.0,0.0,0.0
2011-11-16,81.45818485264928,81.7827478113993,80.91955069495228,81.77584075927734,7470000,0.0,0.0,0.0
2011-11-17,81.51341146875093,82.97739532893989,81.51341146875093,82.43185424804688,9907900,0.0,0.0,0.0
2011-11-18,82.30063110939383,82.55613924396285,81.70675132415167,82.41111755371094,6792600,0.0,0.0,0.0
2011-11-21,83.12934644056325,83.37104588647877,82.80478869867788,82.9014663696289,7345600,0.0,0.0,0.0
2011-11-22,83.10860172817155,83.84059632821516,82.76332294636066,83.8267822265625,7866300,0.0,0.0,0.0
2011-11-23,83.6679689535872,84.97312251479379,83.57819308555979,84.6485595703125,10129300,0.0,0.0,0.0
2011-11-25,84.10989179824533,84.15823060456763,83.37789738582,83.4193344116211,4311900,0.0,0.0,0.0
2011-11-28,81.92083762361675,83.66104554399706,81.88631290834935,83.37791442871094,7661900,0.0,0.0,0.0
2011-11-29,82.88765313446187,83.50224916419862,82.23162532203573,82.69429779052734,8952800,0.0,0.0,0.0
2011-11-30,81.72061772639367,81.87254130432828,80.97481921336522,81.40296173095703,11806800,0.0,0.0,0.0
2011-12-01,80.50299475967145,81.16064029018958,80.1637885067801,80.99449920654297,9647200,0.29,0.0,0.0
2011-12-02,80.73143477161703,82.15748994752617,80.68989554330332,82.12979888916016,7764900,0.0,0.0,0.0
2011-12-05,80.99452539399476,82.2613641100325,80.911452184547,81.96369171142578,7862800,0.0,0.0,0.0
2011-12-06,81.55527148576566,81.88755910905779,80.83531936990984,81.18144989013672,8506300,0.0,0.0,0.0
2011-12-07,81.22291565019056,81.85286988059816,80.89062832756557,81.47212982177734,6588300,0.0,0.0,0.0
2011-12-08,81.49294979417853,82.60749020827514,81.27835061632568,82.48980712890625,8800500,0.0,0.0,0.0
2011-12-09,82.42751378342527,82.46904775168456,80.73839532045322,80.79377746582031,9855100,0.0,0.0,0.0
2011-12-12,81.62445480170307,82.02596195994491,81.41677449657178,81.69367980957031,5734600,0.0,0.0,0.0
2011-12-13,81.18838395622213,82.81519654489313,81.10531600134071,82.4552230834961,8901800,0.0,0.0,0.0
2011-12-14,82.92593741668139,84.03355384808384,82.7182570251233,84.01278686523438,11247700,0.0,0.0,0.0
2011-12-15,83.52813730313672,83.98502639286781,83.3273811656014,83.70120239257812,5438700,0.0,0.0,0.0
2011-12-16,84.02661082897241,84.88501799125261,83.96430989446029,84.67733764648438,9321900,0.0,0.0,0.0
2011-12-19,84.67735208647865,85.85419349010346,84.63581812305445,85.75035858154297,7845100,0.0,0.0,0.0
2011-12-20,84.91276739540062,84.91968620519073,83.49362972136886,83.61131286621094,13945400,0.0,0.0,0.0
2011-12-21,83.50740786216036,83.64586317360268,82.42748284056071,82.44824981689453,11600100,0.0,0.0,0.0
2011-12-22,83.07130083921427,83.36204912458406,82.62133023669564,82.79439544677734,5247400,0.0,0.0,0.0
2011-12-23,82.0744287265984,82.17826889021299,81.50677515123947,81.87367248535156,5409700,0.0,0.0,0.0
2011-12-27,81.90843932174201,82.26262664794922,81.68620195491215,82.26262664794922,4270300,0.38,0.0,0.0
2011-12-28,82.46399506572267,84.0682755091383,82.26259170967293,83.78353118896484,8302300,0.0,0.0,0.0
2011-12-29,83.67238953140327,84.0960247313696,83.38069889573798,83.93629455566406,4305000,0.0,0.0,0.0
2011-12-30,84.1099248661362,84.56134571684237,83.95713578141535,84.2071533203125,5948800,0.0,0.0,0.0
2012-01-03,82.93625275249633,83.4779557913365,82.59595307655528,82.94319915771484,9076900,0.0,0.0,0.0
2012-01-04,82.82515426575796,82.83904178057522,81.72785514574119,81.95703887939453,8417100,0.0,0.0,0.0
2012-01-05,82.06816178780358,82.71403990145772,81.65146742705554,81.81120300292969,6465800,0.0,0.0,0.0
2012-01-06,81.77641924373188,82.61675378654604,81.7486389325786,82.45702362060547,7348500,0.0,0.0,0.0
2012-01-09,82.27651208107432,83.01961870647179,82.15844964959909,82.31123352050781,5582400,0.0,0.0,0.0
2012-01-10,81.76256205578242,82.55428267229419,81.72783532932569,82.17230987548828,8932500,0.0,0.0,0.0
2012-01-11,82.67232283993592,83.38070230165211,82.63065501823293,83.24180603027344,8634500,0.0,0.0,0.0
2012-01-12,83.30430523751029,83.47098711637558,82.81121660094465,83.12374114990234,7205400,0.0,0.0,0.0
2012-01-13,84.10296912146168,84.4779953881537,83.90156583202231,83.95018005371094,9819000,0.0,0.0,0.0
2012-01-17,83.99877603407492,84.47103064158853,83.91544041416475,84.33908081054688,5449900,0.0,0.0,0.0
2012-01-18,84.40157397765942,84.45713458434035,83.27650083440156,83.31816864013672,5804000,0.0,0.0,0.0
2012-01-19,82.8737484211889,83.03347864635899,81.89451195949803,82.17230987548828,8625700,0.0,0.0,0.0
2012-01-20,81.74867555338683,81.92229860195792,81.23475281321177,81.24169921875,6548200,0.0,0.0,0.0
2012-01-23,80.65135813779295,81.005550559329,80.24855678429029,80.72775268554688,7274800,0.0,0.0,0.0
2012-01-24,81.0541503131079,81.0541503131079,80.40827262380729,80.87358093261719,5776500,0.0,0.0,0.0
2012-01-25,80.60275125826715,82.31814758937114,80.48468887317239,80.67914581298828,12867600,0.0,0.0,0.0
2012-01-26,81.01251248257587,81.74867248535156,80.97083934946544,81.74867248535156,7638500,0.0,0.0,0.0
2012-01-27,81.83203030354088,82.17927645915442,81.2625468202769,82.00565338134766,5165300,0.0,0.0,0.0
2012-01-30,83.22786760972825,83.60984009450354,82.88062182304171,82.97090911865234,8388400,0.0,0.0,0.0
2012-01-31,82.82508955307102,83.97100202746051,82.77647534136003,83.92932891845703,7998300,0.0,0.0,0.0
2012-02-01,83.36478865111242,83.46921324820836,82.7103994664831,82.96797943115234,7925200,0.289,0.0,0.0
2012-02-02,82.81483634701905,83.17684096247828,82.59206631875817,82.93318176269531,5596900,0.0,0.0,0.0
2012-02-03,81.07441567862381,81.31111173901158,80.73330035317997,81.15099334716797,12467400,0.0,0.0,0.0
2012-02-06,81.23453060345773,82.00726499942056,80.99087149871383,81.95853424072266,6180600,0.0,0.0,0.0
2012-02-07,81.1857977703932,81.36679469164403,80.59406031542524,80.942138671875,8794800,0.0,0.0,0.0
2012-02-08,80.89341887998951,81.30415415812993,80.74026884384479,81.00480651855469,7613400,0.0,0.0,0.0
2012-02-09,80.65673461458361,80.78204306243985,79.79350159116022,80.39915466308594,11477700,0.0,0.0,0.0
2012-02-10,81.31115416831533,81.68011659405542,81.11622571223357,81.44342041015625,7193100,0.0,0.0,0.0
2012-02-13,81.17188807718789,81.70793182882677,81.05354268676305,81.54781341552734,6422900,0.0,0.0,0.0
2012-02-14,81.75672965344887,82.34149934077135,81.61053723161827,81.97949981689453,8271200,0.0,0.0,0.0
2012-02-15,81.9098067332569,82.3344574694775,81.79145604778914,81.8332290649414,6846100,0.0,0.0,0.0
2012-02-16,81.63833202968435,81.86806512276225,80.84471344564852,81.17887115478516,9036200,0.0,0.0,0.0
2012-02-17,80.65673283341346,81.1788504694085,80.58711821086517,81.15796661376953,6338000,0.0,0.0,0.0
2012-02-21,80.59404751954324,80.69847207214957,80.02319931804912,80.25989532470703,8338300,0.0,0.0,0.0
2012-02-22,80.6776234656791,81.28328188635834,80.62192963846029,81.26935577392578,7736800,0.0,0.0,0.0
2012-02-23,80.8516626922961,81.60351342598294,80.7054703792885,81.26935577392578,5163900,0.0,0.0,0.0
2012-02-24,81.61047899230394,81.8541328548107,81.41555059104267,81.7984390258789,5676900,0.0,0.0,0.0
2012-02-27,82.49459113647663,82.7382449847552,82.23005343138212,82.5224380493164,8180700,0.0,0.0,0.0
2012-02-28,82.75219525866527,82.9401553361446,82.10476895205876,82.25096130371094,6615700,0.0,0.0,0.0
2012-02-29,82.4041454522599,82.43895013216846,81.42256106293254,81.749755859375,14235000,0.0,0.0,0.0
2012-03-01,81.0568394706451,81.41269005115385,80.61726309944655,80.98008728027344,12265600,0.267,0.0,0.0
2012-03-02,81.35688533484971,81.97090297877767,81.32200135631021,81.74064636230469,6669600,0.0,0.0,0.0
2012-03-05,81.60805676848422,81.94297589902737,81.09172821044922,81.09172821044922,6921900,0.0,0.0,0.0
2012-03-06,81.94996748733577,82.4104807274955,81.94299388553468,82.0755615234375,6299700,0.0,0.0,0.0
2012-03-07,81.95693681752248,82.06159938924742,81.50340255562078,81.57318115234375,5567500,0.0,0.0,0.0
2012-03-08,81.16146712783146,81.3359028812289,80.68700166565613,80.75677490234375,7982100,0.0,0.0,0.0
2012-03-09,80.58239340775798,80.93126514945985,80.17072730776272,80.91731262207031,6975600,0.0,0.0,0.0
2012-03-12,81.16152547651085,81.301072050209,80.84754302400972,80.90335845947266,5280000,0.0,0.0,0.0
2012-03-13,80.42888375878834,80.52657273760293,79.46599973072433,79.4799575805664,14413600,0.0,0.0,0.0
2012-03-14,78.63567585029581,78.67056514821974,77.41462494999085,77.47742462158203,24515300,0.0,0.0,0.0
2012-03-15,77.37972486288767,77.96582661777937,77.36576701728072,77.59602355957031,14154000,0.0,0.0,0.0
2012-03-16,77.10061800628851,77.75649827017848,76.89129293213196,77.74951934814453,13427200,0.0,0.0,0.0
2012-03-19,77.7006526330884,77.78438370058194,76.53542322475583,76.82149505615234,14011400,0.0,0.0,0.0
2012-03-20,77.05178785515122,77.35879659079635,76.6470954896842,77.1285400390625,9443800,0.0,0.0,0.0
2012-03-21,77.35183843701485,78.07051333082552,77.31694913555685,78.00074005126953,10242000,0.0,0.0,0.0
2012-03-22,78.34962917335076,78.40544993873698,78.0565781401149,78.25194549560547,8009800,0.0,0.0,0.0
2012-03-23,78.62869954420331,79.11711775817764,78.60776809551288,78.99152374267578,8465300,0.0,0.0,0.0
2012-03-26,78.72641257236234,78.85200663474335,78.00773750782257,78.58686065673828,8118600,0.0,0.0,0.0
2012-03-27,78.69148730117975,79.33340984961268,78.6356665604398,79.1520004272461,6972300,0.0,0.0,0.0
2012-03-28,78.78915627505027,79.50085727865732,78.7403144668308,79.04034423828125,7886000,0.0,0.0,0.0
2012-03-29,79.55669354622488,79.67531396016808,79.24969009549925,79.6334457397461,7692900,0.0,0.0,0.0
2012-03-30,79.68928539944517,79.73114830644433,78.27984585574829,78.28681945800781,9467500,0.0,0.0,0.0
2012-04-02,79.04929471660525,79.2591622356697,78.48965155720182,78.72050476074219,8944000,0.29,0.0,0.0
2012-04-03,79.05630974925882,79.35711708202281,77.3494025273279,77.35639953613281,14774300,0.0,0.0,0.0
2012-04-04,78.18891587223082,78.4337633143395,77.93708209082227,78.41976928710938,10095600,0.0,0.0,0.0
2012-04-05,79.04931571272773,79.09828410189547,78.58061751110023,78.98635864257812,6364100,0.0,0.0,0.0
2012-04-09,80.82616339250737,80.98705721374978,80.61629585323536,80.83316040039062,14374600,0.0,0.0,0.0
2012-04-10,81.1129708813951,82.05037239618662,80.99404844163249,81.74956512451172,14421300,0.0,0.0,0.0
2012-04-11,80.94510577558742,81.18994774026797,80.69326680130042,80.77021789550781,8713000,0.0,0.0,0.0
2012-04-12,80.91713523447996,80.97310064543296,80.3225174202815,80.4344482421875,9008500,0.0,0.0,0.0
2012-04-13,81.25290120711584,81.77756478959336,81.23191551776138,81.73558807373047,8607700,0.0,0.0,0.0
2012-04-16,81.63764675996511,82.26724409136622,81.54670699876692,81.61666107177734,7735000,0.0,0.0,0.0
2012-04-17,81.51875773035087,81.72862537259576,81.32288411073876,81.5677261352539,5398600,0.0,0.0,0.0
2012-04-18,81.88251598246727,81.93148438042346,81.65865968650252,81.8055648803711,4074400,0.0,0.0,0.0
2012-04-19,82.0224307778306,82.17633299442899,81.86153155034442,81.88252258300781,5374300,0.0,0.0,0.0
2012-04-20,81.53962809931703,81.93837178588348,81.37873442669542,81.89640045166016,5043300,0.0,0.0,0.0
2012-04-23,82.62405117357525,82.83391881706498,82.4001948445256,82.49113464355469,5170100,0.0,0.0,0.0
2012-04-24,82.27426941705664,82.37920323126534,81.90350789905402,81.9104995727539,4336600,0.0,0.0,0.0
2012-04-25,81.43481598223414,82.07140525409598,80.93113790414446,81.49077606201172,8859500,0.0,0.0,0.0
2012-04-26,82.14133972560306,82.16932242738218,81.56071067228422,81.9804458618164,5133000,0.0,0.0,0.0
2012-04-27,81.86150265427544,82.0993529061027,81.70060882073825,82.05038452148438,3112900,0.0,0.0,0.0
2012-04-30,82.24626848778108,82.37218796950089,81.98044084288563,82.07138061523438,4198400,0.0,0.0,0.0
2012-05-01,82.34697981449683,82.48021771934674,81.39328874307317,81.64573669433594,7214300,0.283,0.0,0.0
2012-05-02,82.19972009298954,82.26984333558363,81.90519926405804,82.22075653076172,3565700,0.0,0.0,0.0
2012-05-03,81.79296202381536,82.30487163598418,81.73686131425146,82.1996841430664,3522900,0.0,0.0,0.0
2012-05-04,82.38203102902887,82.87991292327683,82.32593030430976,82.8448486328125,6367300,0.0,0.0,0.0
2012-05-07,82.97109811143073,83.0692717348589,82.76072300404967,82.85890197753906,3228200,0.0,0.0,0.0
2012-05-08,83.23052070159383,83.80553965998554,83.20948427080832,83.30064392089844,6051600,0.0,0.0,0.0
2012-05-09,83.76347499544443,83.84762608225495,83.05522341084584,83.35675811767578,5828900,0.0,0.0,0.0
2012-05-10,82.76072177672773,83.18147198525024,82.35400477858308,83.11134338378906,6300000,0.0,0.0,0.0
2012-05-11,83.79154716628344,83.86868434508816,83.41988913207578,83.7985610961914,5234300,0.0,0.0,0.0
2012-05-14,84.75925004436239,85.06078477222998,84.5699114233437,84.96961975097656,8789400,0.0,0.0,0.0
2012-05-15,84.91348837089059,85.36228868646042,84.72415516827637,85.31320190429688,6766400,0.0,0.0,0.0
2012-05-16,84.83638295956918,85.67787244400103,84.65405827625374,85.55866241455078,6462300,0.0,0.0,0.0
2012-05-17,85.5726517973206,87.15044798243895,85.56563787181506,87.07331085205078,14863400,0.0,0.0,0.0
2012-05-18,86.44221185542075,87.2626701327501,86.33001577095091,87.09436798095703,10137700,0.0,0.0,0.0
2012-05-21,86.88399798131971,87.26967837339272,86.68765082171035,86.91204833984375,9583500,0.0,0.0,0.0
2012-05-22,86.07755853020608,86.16871817330059,85.59369925903596,85.94432067871094,12475500,0.0,0.0,0.0
2012-05-23,86.63858650810549,87.31878781605441,86.5053486080657,86.54041290283203,11744900,0.0,0.0,0.0
2012-05-24,86.41416889264656,86.8068632226761,86.07756993115052,86.21080780029297,10256200,0.0,0.0,0.0
2012-05-25,86.55436924546176,86.63150635493315,86.3510082614059,86.53333282470703,4723600,0.0,0.0,0.0
2012-05-29,86.52636090762188,86.82088164128314,86.25287660492802,86.26689910888672,5874100,0.0,0.0,0.0
2012-05-30,87.87980708299872,88.58105035858922,87.86578457151403,88.45482635498047,17170800,0.0,0.0,0.0
2012-05-31,89.07888368464276,90.51643375278034,88.82643581560339,89.47859191894531,31174500,0.0,0.0,0.0
2012-06-01,90.55583781556406,91.61690869797941,90.31692531150203,91.60285186767578,23526000,0.263,0.0,0.0
2012-06-04,90.86497912630654,91.47631691654514,90.60498686557786,90.87903594970703,11681200,0.0,0.0,0.0
2012-06-05,90.31689410776097,90.39419056439574,89.6563627005577,89.66339111328125,12482800,0.0,0.0,0.0
2012-06-06,89.63531842798595,89.6634267289371,87.87156677246094,87.87156677246094,20806700,0.0,0.0,0.0
2012-06-07,87.59045780151041,88.35638862436714,87.40775659121745,88.00504302978516,18898200,0.0,0.0,0.0
2012-06-08,89.06616987147751,89.20670606213564,87.53430180441117,87.98402404785156,11239600,0.0,0.0,0.0
2012-06-11,87.68885094548821,88.6866713386766,87.67479411679015,88.38451385498047,10693800,0.0,0.0,0.0
2012-06-12,87.8153491491648,88.27912270668891,87.48508331821799,87.57643127441406,10921700,0.0,0.0,0.0
2012-06-13,87.7309848169751,88.73583332794765,87.4007191344648,88.44070434570312,11100000,0.0,0.0,0.0
2012-06-14,88.50395037972103,88.73583975160315,87.96990895255443,88.32827758789062,7688200,0.0,0.0,0.0
2012-06-15,88.94665217022411,89.13637643275027,88.63746633088398,88.8201675415039,6421400,0.0,0.0,0.0
2012-06-18,89.34721522358396,89.48072294797609,88.72182028798427,89.29802703857422,6698400,0.0,0.0,0.0
2012-06-19,88.73586867969568,88.7991136931489,88.06831399755903,88.13155364990234,8227900,0.0,0.0,0.0
2012-06-20,87.53426540397753,88.8974884031462,87.19697118110237,88.56722259521484,13720300,0.0,0.0,0.0
2012-06-21,88.50391727864982,89.41741759895588,88.46175753993316,89.0379638671875,9776600,0.0,0.0,0.0
2012-06-22,88.4688663739827,88.69372745339501,87.84347132933253,87.85049438476562,7830400,0.0,0.0,0.0
2012-06-25,88.79211318657948,89.25588686619682,88.72886815324756,89.12940216064453,6113800,0.0,0.0,0.0
2012-06-26,88.61646006604529,89.20671858299116,88.49700375110807,88.778076171875,5359700,0.0,0.0,0.0
2012-06-27,88.9326076802488,89.09422903535228,88.56018215544267,88.9185562133789,5860700,0.0,0.0,0.0
2012-06-28,89.45262030187398,89.57910497247185,89.09424617499496,89.13640594482422,5257800,0.0,0.0,0.0
2012-06-29,87.85747250363045,88.27908611601931,87.57639497500189,87.9769287109375,8881900,0.0,0.0,0.0
2012-07-02,88.34247162738787,89.5818733218194,88.28613933832904,88.88471221923828,7818500,0.269,0.0,0.0
2012-07-03,88.6945323689391,88.72974473416448,88.17342267404943,88.20159149169922,5773100,0.0,0.0,0.0
2012-07-05,88.27205731176076,88.95513672451449,88.20163791689711,88.65232849121094,5974700,0.0,0.0,0.0
2012-07-06,89.20159507283194,89.58186620018748,89.15934451623289,89.47623443603516,5818300,0.0,0.0,0.0
2012-07-09,89.70154000239964,90.32123783982722,89.51140720917661,90.26490020751953,5647000,0.0,0.0,0.0
2012-07-10,90.03958106616697,90.65928441832075,89.94099287335226,90.4480209350586,4288000,0.0,0.0,0.0
2012-07-11,90.5536123971653,91.17331551043411,90.32122372968949,90.56066131591797,5960900,0.0,0.0,0.0
2012-07-12,90.87755675628799,91.2366970402428,90.77191967608692,91.20148468017578,6421000,0.0,0.0,0.0
2012-07-13,91.00431718844922,91.01136610832879,90.5606757935293,90.96206665039062,4175300,0.0,0.0,0.0
2012-07-16,91.7577945667464,91.97609611418642,91.2718920280952,91.38456726074219,5283500,0.0,0.0,0.0
2012-07-17,91.02543821466037,91.41980162386972,90.58883501466599,90.66629791259766,5590900,0.0,0.0,0.0
2012-07-18,91.02545522316527,91.08179286357924,90.69447830154948,90.71561431884766,4011000,0.0,0.0,0.0
2012-07-19,90.4621282004987,90.91281871745916,90.21565229085849,90.4832534790039,5246300,0.0,0.0,0.0
2012-07-20,91.26490861333606,91.75784962029797,91.13814621422696,91.58883666992188,6365900,0.0,0.0,0.0
2012-07-23,92.46912527473816,92.56067533199678,91.90575931792931,92.10293579101562,6141100,0.0,0.0,0.0
2012-07-24,91.79303536576488,92.98313161400345,91.74373590671635,92.82821655273438,6748800,0.0,0.0,0.0
2012-07-25,92.69440719636651,93.10284694344611,92.5887701135868,93.06763458251953,5328000,0.0,0.0,0.0
2012-07-26,92.6240084038997,92.80005951251279,92.18035617169646,92.21556854248047,6606200,0.0,0.0,0.0
2012-07-27,91.46908099058071,91.55358205412735,89.40576251744267,90.47615051269531,14685100,0.0,0.0,0.0
2012-07-30,90.41280489095944,91.18038512850177,90.31421670214948,91.1522216796875,6025300,0.0,0.0,0.0
2012-07-31,91.41275953457898,91.46205899390283,90.54659124411788,91.33529663085938,7448600,0.0,0.0,0.0
2012-08-01,90.70229309632833,91.55618234126766,90.43412757398922,90.87871551513672,7972000,0.273,0.0,0.0
2012-08-02,91.45030869158093,92.22657152491597,91.12569751979957,91.39385223388672,7972000,0.0,0.0,0.0
2012-08-03,90.21538716087488,90.3494699542416,89.46029924241587,89.91899871826172,9084800,0.0,0.0,0.0
2012-08-06,90.09544340631462,90.42711857658227,89.88373963107121,89.95430755615234,3673600,0.0,0.0,0.0
2012-08-07,88.8887043068131,89.00867030460535,88.5146894995861,88.79696655273438,6613600,0.0,0.0,0.0
2012-08-08,89.02980922098358,89.19211482616797,88.23943487126307,88.3241195678711,7250700,0.0,0.0,0.0
2012-08-09,88.04894147505371,88.42296170840976,87.32914002321088,88.26065063476562,7553500,0.0,0.0,0.0
2012-08-10,89.05807571235954,89.14276045046756,88.63466278979433,88.70523071289062,4670500,0.0,0.0,0.0
2012-08-13,88.9945900967773,89.18512407870504,88.55706024169922,88.55706024169922,3543700,0.0,0.0,0.0
2012-08-14,87.47726572197462,87.79482921265524,87.329071579917,87.3572998046875,7994000,0.0,0.0,0.0
2012-08-15,86.81397794577049,86.94100235603041,86.02360862325298,86.12946319580078,11191000,0.0,0.0,0.0
2012-08-16,86.24234096139563,86.44699162847188,85.0497235989112,85.39551544189453,13240000,0.0,0.0,0.0
2012-08-17,85.67073859017287,86.1788360826619,85.6142821167884,85.81187438964844,6341100,0.0,0.0,0.0
2012-08-20,85.77657758914714,86.22821852641484,85.74129095367934,85.98828125,4427100,0.0,0.0,0.0
2012-08-21,85.72015893433975,86.41173206906781,85.14855179873985,86.36939239501953,9532700,0.0,0.0,0.0
2012-08-22,87.16679203441569,87.86542873519967,86.94802994361673,87.79486083984375,11384400,0.0,0.0,0.0
2012-08-23,88.02777477345131,88.31005186846586,87.96426525366662,88.16185760498047,7139100,0.0,0.0,0.0
2012-08-24,88.542890983239,88.60640047440991,87.97833704756596,88.07713317871094,5001400,0.0,0.0,0.0
2012-08-27,88.45113636930078,88.77575833968423,88.40173831015281,88.59227752685547,3906100,0.0,0.0,0.0
2012-08-28,88.74049898145397,89.17097022234135,88.6275860207029,88.80400848388672,3412600,0.0,0.0,0.0
2012-08-29,88.64166822767734,88.65577965026907,88.17591052238735,88.41584777832031,3762700,0.0,0.0,0.0
2012-08-30,89.1074233416819,89.22739466540047,88.72635569593609,88.87454986572266,3886400,0.0,0.0,0.0
2012-08-31,88.76166678130393,90.13070678710938,88.72638551986755,90.13070678710938,9192600,0.0,0.0,0.0
2012-09-04,89.75731218026093,90.2594206768895,89.64416362949532,90.04019165039062,6009300,0.272,0.0,0.0
2012-09-05,89.68658612746853,89.94825055956585,89.4956456035703,89.6158676147461,3466700,0.0,0.0,0.0
2012-09-06,88.77422986587561,88.77422986587561,88.08118145649031,88.12361145019531,6505100,0.0,0.0,0.0
2012-09-07,89.20565362455741,89.23394209635433,87.63567851041142,87.71347045898438,7335300,0.0,0.0,0.0
2012-09-10,87.47306945861403,87.92567443847656,87.3457739708104,87.92567443847656,4912100,0.0,0.0,0.0
2012-09-11,87.70643914802562,87.76301611881303,87.19018912715205,87.37406158447266,3523300,0.0,0.0,0.0
2012-09-12,86.4334989209105,86.56786789203005,86.05161242047396,86.28498840332031,7040900,0.0,0.0,0.0
2012-09-13,86.55370741082457,87.04874239202213,85.0544501320201,85.94551849365234,12280200,0.0,0.0,0.0
2012-09-14,84.69379086902477,84.75743591648909,83.48448640790923,83.66128540039062,16871600,0.0,0.0,0.0
2012-09-17,84.06436621982836,84.79277702649235,84.0148627299233,84.66548156738281,5573300,0.0,0.0,0.0
2012-09-18,85.36562686485473,85.49999582881395,84.83522987509221,85.0898208618164,5366200,0.0,0.0,0.0
2012-09-19,85.81112764408076,85.83941612085505,85.2948777805069,85.64847564697266,5903300,0.0,0.0,0.0
2012-09-20,86.37689904812282,86.50419451452608,85.5565546833387,85.86064910888672,4604200,0.0,0.0,0.0
2012-09-21,85.39391967399546,86.02332370206621,85.33734269730927,85.95967864990234,4144300,0.0,0.0,0.0
2012-09-24,86.45467080875319,86.77290670262003,86.40516732758557,86.6314697265625,3627400,0.0,0.0,0.0
2012-09-25,86.84366760526034,87.50842815067017,86.36984220299144,87.48721313476562,5893500,0.0,0.0,0.0
2012-09-26,88.08831612925093,88.46312907830271,88.01052415165795,88.42777252197266,7193400,0.0,0.0,0.0
2012-09-27,88.08124214096141,88.2580410971693,87.52962486539299,87.7983627319336,5147700,0.0,0.0,0.0
2012-09-28,88.22269047444736,88.56921496237105,87.55792458720562,87.8478775024414,7173400,0.0,0.0,0.0
2012-10-01,87.8549703910454,88.20931002775573,87.43684680819446,88.17387390136719,4842600,0.26,0.0,0.0
2012-10-02,87.81240412786836,88.24469327786329,87.74153191321558,88.05335235595703,3540100,0.0,0.0,0.0
2012-10-03,87.77704706564444,88.0888677891871,87.60696549225558,88.08177947998047,3800900,0.0,0.0,0.0
2012-10-04,87.49348784372206,87.73444145784065,86.86276411655075,86.98323822021484,6214800,0.0,0.0,0.0
2012-10-05,86.1540967931002,86.23205190748136,85.69345440997269,85.85645294189453,8340700,0.0,0.0,0.0
2012-10-08,86.44466222988747,86.65017437104828,86.23914468193527,86.57930755615234,1568400,0.0,0.0,0.0
2012-10-09,86.08326078877417,86.58642235734452,86.01947685109432,86.42342376708984,4752700,0.0,0.0,0.0
2012-10-10,86.07619712328462,87.13921619670919,85.93446340954584,87.03291320800781,5429800,0.0,0.0,0.0
2012-10-11,86.43049627733987,87.63525390625,86.38088896011836,87.63525390625,5194100,0.0,0.0,0.0
2012-10-12,87.92580150957035,88.42896294043092,87.72028395497237,87.85493469238281,4934900,0.0,0.0,0.0
2012-10-15,87.720333725399,87.97545873745925,87.4722970211167,87.65655517578125,3036100,0.0,0.0,0.0
2012-10-16,87.09663198886136,87.12497979175515,86.41630093978198,86.44464874267578,5398700,0.0,0.0,0.0
2012-10-17,85.87065988584685,85.93444382725076,85.44545343472977,85.64388275146484,6932500,0.0,0.0,0.0
2012-10-18,85.83519780737612,86.12575337020871,84.9493491050465,85.11943054199219,8558600,0.0,0.0,0.0
2012-10-19,85.2824452885601,86.32420449159955,85.23992627024592,86.27459716796875,7616700,0.0,0.0,0.0
2012-10-22,86.05488937528418,86.34544494763789,85.7076381864936,85.72180938720703,6910600,0.0,0.0,0.0
2012-10-23,86.52974473276575,86.97621616905914,86.47304908898339,86.94786834716797,5760600,0.0,0.0,0.0
2012-10-24,86.35961281308828,86.6643449620994,86.09031677246094,86.09031677246094,6824500,0.0,0.0,0.0
2012-10-25,85.43835692105841,86.13286486970726,85.27536374373814,85.65096282958984,5292500,0.0,0.0,0.0
2012-10-26,86.06199413934907,86.91949522649493,85.94151457967976,86.91240692138672,5889400,0.0,0.0,0.0
2012-10-31,86.94076637421726,87.66361679504156,86.90533025072476,87.42266845703125,5025600,0.0,0.0,0.0
2012-11-01,87.00457614762215,87.08253132186103,86.51559098997265,86.7069320678711,3659700,0.0,0.0,0.0
2012-11-02,85.94861182258475,86.67855052765205,85.92026400599659,86.64311981201172,3527800,0.0,0.0,0.0
2012-11-05,87.03997661940905,87.344708882899,87.01871710910861,87.1321029663086,2935700,0.0,0.0,0.0
2012-11-06,86.84864873607704,87.06833758475034,86.30296265758714,86.31005096435547,4484600,0.0,0.0,0.0
2012-11-07,87.84076170149285,88.25179682761213,87.70611636533032,87.8761978149414,10071000,0.0,0.0,0.0
2012-11-08,87.7274093786035,89.19437528294456,87.4722844033447,89.1801986694336,8579500,0.0,0.0,0.0
2012-11-09,89.03135404486089,89.2793960571289,88.71245061021988,89.2793960571289,5036900,0.0,0.0,0.0
2012-11-12,89.18017302289053,89.562860375725,89.14474231289003,89.42821502685547,2072200,0.0,0.0,0.0
2012-11-13,89.86049607215669,89.87466727264942,89.28646242655861,89.72584533691406,2863800,0.0,0.0,0.0
2012-11-14,89.09516075155817,89.85344737173665,89.01011729074412,89.81092834472656,4694600,0.0,0.0,0.0
2012-11-15,89.36444934920324,90.01643293972602,89.29358250793658,89.63375091552734,5549600,0.0,0.0,0.0
2012-11-16,89.54871308499177,90.13691817734792,89.49201744570097,89.55580139160156,4591100,0.0,0.0,0.0
2012-11-19,88.91088848465904,89.15892511409842,88.79750262839804,89.05262756347656,3621600,0.0,0.0,0.0
2012-11-20,88.9250502758239,89.0596956197695,88.14549898922893,88.15967559814453,4659300,0.0,0.0,0.0
2012-11-21,88.01085463854184,88.17384779536602,87.89037508856795,88.11006927490234,2422800,0.0,0.0,0.0
2012-11-23,88.08880070536162,88.19509822853168,87.95414996695739,88.02501678466797,987200,0.0,0.0,0.0
2012-11-26,88.69830124276749,88.9534208092099,88.40774014282862,88.44317626953125,2799000,0.0,0.0,0.0
2012-11-27,88.54234584503216,88.86124919577568,88.37225901163062,88.7903823852539,2544400,0.0,0.0,0.0
2012-11-28,89.27234465886043,89.43533789264599,88.64870332807821,88.66287994384766,3569700,0.0,0.0,0.0
2012-11-29,88.48567622661963,88.89671141789526,88.34394256394172,88.67701721191406,2761000,0.0,0.0,0.0
2012-11-30,88.92506365533359,88.96758267489352,88.37937767261414,88.43607330322266,3702300,0.0,0.0,0.0
2012-12-03,87.85025257682307,88.61003064439474,87.77924634402193,88.5177230834961,5427800,0.245,0.0,0.0
2012-12-04,88.77331922343154,89.05025266232553,88.64550587372152,89.02894592285156,2586300,0.0,0.0,0.0
2012-12-05,89.04321159505308,89.334338892102,88.87989231810089,88.98640441894531,1978200,0.0,0.0,0.0
2012-12-06,89.3698539883802,89.52607103014212,89.12132933895488,89.17813110351562,2301200,0.0,0.0,0.0
2012-12-07,88.40414370608063,88.73077683996326,88.29052935476643,88.35443878173828,4020900,0.0,0.0,0.0
2012-12-10,88.73076772783314,88.81597848256813,88.43253821240549,88.7449722290039,2134300,0.0,0.0,0.0
2012-12-11,88.23368510276292,88.26918550737861,87.92835345244333,88.07036590576172,3777900,0.0,0.0,0.0
2012-12-12,87.92840768709281,88.29054129164875,87.03371351053748,87.04791259765625,7119700,0.0,0.0,0.0
2012-12-13,86.83485775659447,87.46682251107151,86.7212434370607,87.11178588867188,6381500,0.0,0.0,0.0
2012-12-14,87.47394839164055,87.84318419501714,87.39583988021717,87.76507568359375,3832800,0.0,0.0,0.0
2012-12-17,87.69405965002166,87.70825873350235,86.42302769002288,86.45143127441406,6870000,0.0,0.0,0.0
2012-12-18,86.20287988044832,86.47270572212516,85.13777017537876,85.57091522216797,12024200,0.0,0.0,0.0
2012-12-19,85.89757550751756,86.38042561059729,85.72005716693573,85.85497283935547,4880500,0.0,0.0,0.0
2012-12-20,86.12479033198052,86.3733149009694,85.64904252599763,85.8691635131836,4567900,0.0,0.0,0.0
2012-12-21,86.84905254914366,86.93426328458621,86.59342576024467,86.80644989013672,6087700,0.0,0.0,0.0
2012-12-24,86.62894433386626,86.68575149918628,86.5366367532933,86.6502456665039,1071100,0.0,0.0,0.0
2012-12-26,86.78399745478131,86.96902431245675,86.68436886126787,86.96190643310547,2247800,0.268,0.0,0.0
2012-12-27,86.7342262806263,87.73763602333925,86.69864772488317,87.25372314453125,4262700,0.0,0.0,0.0
2012-12-28,87.63088471650225,87.77320979041757,87.37469523997186,87.75186157226562,3928200,0.0,0.0,0.0
2012-12-31,87.43874329020235,87.50990582550497,86.04393696672807,86.23607635498047,6423000,0.0,0.0,0.0
2013-01-02,85.22555957381216,85.32518821534482,84.97648796998054,85.0832290649414,7472700,0.0,0.0,0.0
2013-01-03,84.95511884654917,85.0333992548304,83.9019004195244,83.93036651611328,10004300,0.0,0.0,0.0
2013-01-04,83.73110413663979,84.28617941271501,83.51761113998664,84.2577133178711,9574600,0.0,0.0,0.0
2013-01-07,84.2363776745289,84.49256713700241,83.97307032994411,84.29330444335938,4193100,0.0,0.0,0.0
2013-01-08,84.71319128751762,84.89110037403475,84.55663042268584,84.84840393066406,4380900,0.0,0.0,0.0
2013-01-09,84.8626523917402,85.0690276276956,84.59223247705151,84.7701416015625,3870300,0.0,0.0,0.0
2013-01-10,84.42141390407848,84.89821436036569,84.22927448837632,84.5352783203125,5602800,0.0,0.0,0.0
2013-01-11,84.34308893993625,85.29668391963381,84.22211213358213,85.28956604003906,4770700,0.0,0.0,0.0
2013-01-14,85.42482535385835,85.59561655213764,84.94803031776172,85.05477142333984,3064600,0.0,0.0,0.0
2013-01-15,85.83048188555374,85.89452656684051,85.37503494299506,85.44619750976562,5357800,0.0,0.0,0.0
2013-01-16,85.84466705418168,85.88025103351997,85.40345611476363,85.62406158447266,4286100,0.0,0.0,0.0
2013-01-17,84.91958461462906,85.07614551289562,84.50683414271822,84.7701416015625,7019200,0.0,0.0,0.0
2013-01-18,85.09035002503877,85.54579681118905,85.01206959966726,85.42481994628906,4660000,0.0,0.0,0.0
2013-01-22,85.07611220046564,85.60983936501222,84.95512991685978,85.58848571777344,3874100,0.0,0.0,0.0
2013-01-23,85.63835074955917,85.80914745249153,85.36081289398994,85.46044158935547,2848800,0.0,0.0,0.0
2013-01-24,85.30379894623752,85.37496145175102,84.86970060444871,85.16146850585938,4178900,0.0,0.0,0.0
2013-01-25,84.27197591568473,84.40007067684955,83.80941119873653,83.99443817138672,8750700,0.0,0.0,0.0
2013-01-28,83.27565763903196,83.77380618821401,83.2614273053309,83.68840789794922,6059900,0.0,0.0,0.0
2013-01-29,83.7026533554859,84.03000536205244,83.16892619555826,83.2258529663086,5553900,0.0,0.0,0.0
2013-01-30,83.02659441210426,83.23296956227578,82.66366385809711,83.08352661132812,9586800,0.0,0.0,0.0
2013-01-31,83.2827758706504,83.50338133473744,82.94119356686097,83.48915100097656,6789200,0.0,0.0,0.0
2013-02-01,83.96702170786796,84.05260424691855,82.38367943847955,82.40507507324219,10928600,0.26,0.0,0.0
2013-02-04,83.15390325683087,83.64602434836424,83.03265776632284,83.46058654785156,9291900,0.0,0.0,0.0
2013-02-05,82.92577660160299,83.0398939863334,82.63336032571,82.71894836425781,6676500,0.0,0.0,0.0
2013-02-06,83.10397909270453,83.42492976288094,82.76877192903235,83.39640045166016,5892000,0.0,0.0,0.0
2013-02-07,83.2823038513937,83.86714127286892,83.17532570955946,83.21098327636719,5951700,0.0,0.0,0.0
2013-02-08,83.3037379676163,83.5604964926963,82.89720454314184,83.53196716308594,5603400,0.0,0.0,0.0
2013-02-11,83.48201793068107,83.71737530908142,83.38929627604574,83.4677505493164,3679900,0.0,0.0,0.0
2013-02-12,83.22531347561348,83.46067100671037,83.0612711319615,83.26097106933594,4513700,0.0,0.0,0.0
2013-02-13,82.59053060520218,82.92573802371902,82.41222635557213,82.5833969116211,6586400,0.0,0.0,0.0
2013-02-14,82.9400168814316,83.47492970429983,82.72604957571846,83.33228302001953,7096000,0.0,0.0,0.0
2013-02-15,83.2038847700185,83.26093798558739,82.78308397654321,83.08976745605469,5861800,0.0,0.0,0.0
2013-02-19,83.34650423757103,83.37503355862266,82.61902015428346,82.67607879638672,7383600,0.0,0.0,0.0
2013-02-20,82.5120585800133,82.9970462525091,82.4264705996625,82.92572021484375,9603900,0.0,0.0,0.0
2013-02-21,83.37503273771244,83.66744875314222,83.26091545462953,83.41069030761719,8297400,0.0,0.0,0.0
2013-02-22,83.43209297872806,83.68884598776376,83.36076695472808,83.4677505493164,5316900,0.0,0.0,0.0
2013-02-25,82.98278834887095,85.1224391293734,82.93999707451317,85.1081771850586,15948700,0.0,0.0,0.0
2013-02-26,84.68022016379098,85.35064015354435,84.58036482089679,84.61602783203125,9822100,0.0,0.0,0.0
2013-02-27,85.22229804516822,85.25796107183368,84.1596062357868,84.36643981933594,7459600,0.0,0.0,0.0
2013-02-28,84.4662415373775,84.6302837483975,84.1452962462911,84.52330017089844,6023400,0.0,0.0,0.0
2013-03-01,84.94073868630163,85.20519768646248,84.72631733353083,84.98362731933594,7786800,0.254,0.0,0.0
2013-03-04,84.904989905034,85.03364487578968,84.52617400589212,84.53331756591797,4511400,0.0,0.0,0.0
2013-03-05,84.39039337854126,84.48330876248662,84.11164177360445,84.29032897949219,6539300,0.0,0.0,0.0
2013-03-06,83.70423805434667,83.98298966891457,83.51840182693442,83.52555084228516,6514900,0.0,0.0,0.0
2013-03-07,83.20390338825034,83.2753771715851,82.84652901847643,82.88226318359375,8526700,0.0,0.0,0.0
2013-03-08,82.10315153275744,82.45337672556562,81.92446443088218,82.01737976074219,15423600,0.0,0.0,0.0
2013-03-11,82.28185972000989,82.3604825012305,82.01025176557535,82.09602355957031,5815800,0.0,0.0,0.0
2013-03-12,82.37479408087198,82.7607590632585,82.36050150512443,82.68928527832031,9264200,0.0,0.0,0.0
2013-03-13,82.36766243596338,82.72503688911694,82.21756582001106,82.60353088378906,7371500,0.0,0.0,0.0
2013-03-14,82.26044219699979,82.65355624415353,82.18182484066999,82.35336303710938,9352100,0.0,0.0,0.0
2013-03-15,82.43201466479836,82.8251233962821,82.41057306438508,82.7393569946289,9673400,0.0,0.0,0.0
2013-03-18,83.50409012787404,83.53982429024306,83.01806080423769,83.3682861328125,9152200,0.0,0.0,0.0
2013-03-19,83.46834230277587,84.26171370087131,83.41116110488991,83.93292999267578,11986200,0.0,0.0,0.0
2013-03-20,83.41828861688774,83.61841730480639,82.96799906907076,82.99658966064453,8543900,0.0,0.0,0.0
2013-03-21,83.52551665258353,83.8042681530494,83.28964832046665,83.797119140625,6119400,0.0,0.0,0.0
2013-03-22,83.84003912069635,83.98298670405869,83.46121766389467,83.86148071289062,6323800,0.0,0.0,0.0
2013-03-25,83.46121955275045,84.18311740719972,83.38974575945171,83.7828598022461,5839800,0.0,0.0,0.0
2013-03-26,83.53267113499223,84.27601033594367,83.46834092515748,83.88289642333984,5093200,0.0,0.0,0.0
2013-03-27,84.55481120078895,84.8907386593985,84.46903935531925,84.59769439697266,7742900,0.0,0.0,0.0
