Date,Open,High,Low,Close,Volume,Dividends,Stock Splits,Capital Gains
2002-07-30,37.28960274315678,37.35802472861111,37.184688568115234,37.184688568115234,6100,0.0,0.0,0.0
2002-07-31,37.38080369861121,37.76852685274637,37.35799870606958,37.64536666870117,29400,0.0,0.0,0.0
2002-08-01,37.6499089696648,37.86885487767574,37.6499089696648,37.85973358154297,25000,0.0,0.0,0.0
2002-08-02,37.93273931471092,38.36151007698865,37.80501673607209,38.247474670410156,52800,0.0,0.0,0.0
2002-08-05,38.33416172232194,38.51661915943727,38.247493656672766,38.41626739501953,61100,0.0,0.0,0.0
2002-08-06,38.25661092441777,38.27029462049724,37.96011808238266,38.08783721923828,64900,0.0,0.0,0.0
2002-08-07,38.13342555125269,38.37974235849814,38.02395257472688,38.179039001464844,40300,0.0,0.0,0.0
2002-08-08,38.12430425324353,38.21096876462167,38.02395257472688,38.179039001464844,40900,0.0,0.0,0.0
2002-08-09,38.31590080744129,38.71730422973633,38.31590080744129,38.71730422973633,35900,0.0,0.0,0.0
2002-08-12,38.90890387238283,39.547499722223314,38.83591950092313,38.95451736450195,32100,0.0,0.0,0.0
2002-08-13,39.1278346860306,39.44257357440207,38.94081839763837,39.433448791503906,75400,0.0,0.0,0.0
2002-08-14,39.89418015744788,40.09488375738988,39.570319744869806,39.58400344848633,130000,0.0,0.0,0.0
2002-08-15,39.40151979678678,39.456258055011645,39.15976524644252,39.237308502197266,87100,0.0,0.0,0.0
2002-08-16,39.42887403872917,39.46536271540668,38.68992352469285,38.79939651489258,85000,0.0,0.0,0.0
2002-08-19,38.79488820435135,38.92716635499043,38.639798075879085,38.91804504394531,47300,0.0,0.0,0.0
2002-08-20,39.05484436737443,39.36045839885295,39.045719586685536,39.35133361816406,40800,0.0,0.0,0.0
2002-08-21,39.082209045030254,39.273787665230834,39.05940057497041,39.14150619506836,40000,0.0,0.0,0.0
2002-08-22,39.0229083649917,39.0229083649917,38.79939651489258,38.79939651489258,34400,0.0,0.0,0.0
2002-08-23,38.8632360912974,39.205342055059106,38.8632360912974,39.18253707885742,20100,0.0,0.0,0.0
2002-08-26,39.09135922408823,39.32399256623967,39.07767552397694,39.21908187866211,23900,0.0,0.0,0.0
2002-08-27,38.95453222048911,39.08225143916515,38.86330172137215,38.9727783203125,301800,0.0,0.0,0.0
2002-08-28,39.24647338870219,39.310333015176,39.15524286510486,39.16893005371094,18100,0.0,0.0,0.0
2002-08-29,39.57485775404365,39.620471231354884,39.38783797295677,39.48362731933594,135700,0.0,0.0,0.0
2002-08-30,39.5702937794327,39.74362637831601,39.43344987288766,39.720821380615234,78100,0.0,0.0,0.0
2002-09-03,39.891717547023106,40.33149719238281,39.855068369478644,40.33149719238281,102100,0.373,0.0,0.0
2002-09-04,40.32688578959178,40.45057579992034,40.23984493010541,40.322303771972656,66300,0.0,0.0,0.0
2002-09-05,40.57427676989122,40.61092593378978,40.02913181583422,40.54220962524414,648400,0.0,0.0,0.0
2002-09-06,40.29941468869784,40.40019814103509,39.94667260551745,40.06578063964844,140000,0.0,0.0,0.0
2002-09-09,40.08407567698753,40.235250744068,39.97413176231721,40.00619888305664,83800,0.0,0.0,0.0
2002-09-10,39.93294146131429,40.31316877837874,39.85506458771534,40.19864273071289,336000,0.0,0.0,0.0
2002-09-11,39.85503779080566,39.992470353623645,39.74051182014242,39.98788833618164,177700,0.0,0.0,0.0
2002-09-12,40.074922812048285,40.37726950903443,40.070340795335774,40.29939270019531,43400,0.0,0.0,0.0
2002-09-13,40.46434477317871,40.743788614426734,40.395628444254854,40.67049026489258,155100,0.0,0.0,0.0
2002-09-16,40.86287951727825,40.87204355543261,40.72545040047146,40.739192962646484,73000,0.0,0.0,0.0
2002-09-17,40.60636533451664,40.917876401864135,40.47809668826623,40.81709289550781,75400,0.0,0.0,0.0
2002-09-18,40.844584205852954,41.02782314389403,40.78044638346813,40.82625961303711,196600,0.0,0.0,0.0
2002-09-19,41.091883488430994,41.123950594359684,40.890320320473116,41.10104751586914,109900,0.0,0.0,0.0
2002-09-20,40.977404214921954,41.009471357321,40.79874392226209,40.90869140625,113500,0.0,0.0,0.0
2002-09-23,41.22935586147086,41.339299831819154,41.12399041422255,41.27516555786133,163200,0.0,0.0,0.0
2002-09-24,41.36676201584084,41.65994807948578,41.325530868893566,41.54084014892578,251900,0.0,0.0,0.0
2002-09-25,41.27513479555859,41.39424271344749,40.890329438606564,41.036922454833984,127200,0.0,0.0,0.0
2002-09-26,40.79413039471375,41.01401818390061,40.59256367541464,40.94072341918945,429000,0.0,0.0,0.0
2002-09-27,41.014046667623965,41.2476806640625,40.99114356683168,41.2476806640625,298200,0.0,0.0,0.0
2002-09-30,41.53170948718137,41.641653466367266,41.26600833368071,41.412601470947266,297800,0.0,0.0,0.0
2002-10-01,41.000161844683355,41.064540460631996,40.83461582985213,40.89899444580078,257500,0.343,0.0,0.0
2002-10-02,41.036897007232774,41.14726322126136,40.852956825552276,41.13346481323242,91000,0.0,0.0,0.0
2002-10-03,41.0645073972913,41.16107524346207,40.83458295163652,41.032318115234375,29900,0.0,0.0,0.0
2002-10-04,40.650612898561185,41.25761284985428,40.650612898561185,41.16104507446289,131000,0.0,0.0,0.0
2002-10-07,41.34038509941736,41.36797488957522,41.1380506159504,41.23002243041992,433800,0.0,0.0,0.0
2002-10-08,41.15647067740243,41.6255149447925,41.09209212125807,41.24384307861328,530900,0.0,0.0,0.0
2002-10-09,41.52436516559466,41.56115041840315,41.36341521253387,41.455387115478516,402900,0.0,0.0,0.0
2002-10-10,41.46455183740728,41.46455183740728,41.05528682047565,41.12886428833008,97100,0.0,0.0,0.0
2002-10-11,40.972525397149646,41.02770851349378,40.49428224727036,40.64143371582031,421800,0.0,0.0,0.0
2002-10-14,40.696627262969194,40.71962111109799,40.49889209751494,40.5816650390625,18300,0.0,0.0,0.0
2002-10-15,40.00684241369381,40.1447984460536,39.61597166649791,39.62057113647461,297100,0.0,0.0,0.0
2002-10-16,39.822894333254546,39.822894333254546,39.496402196812866,39.638954162597656,125200,0.0,0.0,0.0
2002-10-17,39.15152083062201,39.34465645639328,39.11933155966013,39.15612030029297,233400,0.0,0.0,0.0
2002-10-18,39.09633621479575,39.2664815023979,38.756049147958706,39.257286071777344,459100,0.0,0.0,0.0
2002-10-21,39.31710327216552,39.36308748659918,38.857254111087556,38.875648498535156,134900,0.0,0.0,0.0
2002-10-22,39.018173547174925,39.018173547174925,38.72847003968926,38.7652587890625,205000,0.0,0.0,0.0
2002-10-23,38.97219223495386,39.17912282577436,38.71007851600927,38.779056549072266,127800,0.0,0.0,0.0
2002-10-24,38.70086706560474,39.20210044891189,38.66407832874723,39.119327545166016,339600,0.0,0.0,0.0
2002-10-25,39.24806500146306,39.34463275617872,39.15609671364776,39.26185989379883,146100,0.0,0.0,0.0
2002-10-28,39.34467866691659,39.38146742831711,39.17913274898367,39.20672607421875,97800,0.0,0.0,0.0
2002-10-29,39.46419543380403,39.95623315485753,39.44120160702852,39.71711349487305,125000,0.0,0.0,0.0
2002-10-30,39.71713703230872,39.85968901937389,39.57918100663004,39.703338623046875,31900,0.0,0.0,0.0
2002-10-31,39.570027149145275,39.94250389810039,39.556228725386326,39.88272476196289,512700,0.0,0.0,0.0
2002-11-01,39.863753033400776,40.15476177075752,39.37873494696471,39.715938568115234,125100,0.389,0.0,0.0
2002-11-04,39.48499229063796,39.60970935838841,39.378748953966316,39.54042053222656,342500,0.0,0.0,0.0
2002-11-05,39.54038547478554,39.54038547478554,39.304805084376845,39.3879508972168,73800,0.0,0.0,0.0
2002-11-06,39.28633529134589,39.785206694011336,39.22166671092309,39.54500961303711,118500,0.0,0.0,0.0
2002-11-07,40.210174517259034,40.5242805480957,40.117788317499326,40.5242805480957,147900,0.0,0.0,0.0
2002-11-08,40.83376809008837,40.949248201472,40.62590177509383,40.85224533081055,294700,0.0,0.0,0.0
2002-11-11,40.903089053671835,41.073997497558594,40.83380022747467,41.073997497558594,70000,0.0,0.0,0.0
2002-11-12,41.1802143572133,41.1802143572133,40.8199169216548,40.83839416503906,494300,0.0,0.0,0.0
2002-11-13,40.85686250311307,40.96772594881713,40.630522468770664,40.926151275634766,104700,0.0,0.0,0.0
2002-11-14,40.487303430777445,40.487303430777445,40.076194763183594,40.076194763183594,118000,0.0,0.0,0.0
2002-11-15,39.97461657441058,40.29334297536759,39.84527934624691,40.237911224365234,110700,0.0,0.0,0.0
2002-11-18,40.19634061506451,40.478112543988644,40.16862649883443,40.41806411743164,32200,0.0,0.0,0.0
2002-11-19,40.62591296875051,40.755253689443016,40.42267031315373,40.56586456298828,51800,0.0,0.0,0.0
2002-11-20,40.74140944577559,40.75064983447395,40.099339874092074,40.16862869262695,307400,0.0,0.0,0.0
2002-11-21,39.956126221117245,39.956126221117245,39.66049736106833,39.78059768676758,323200,0.0,0.0,0.0
2002-11-22,39.877594442217834,39.90530854228014,39.669728119230186,39.74363708496094,184800,0.0,0.0,0.0
2002-11-25,39.72518578882194,39.900714410813464,39.63280304549498,39.66975402832031,288200,0.0,0.0,0.0
2002-11-26,39.81756792977908,40.19634281037062,39.7944740063846,40.16862869262695,377800,0.0,0.0,0.0
2002-11-27,39.8406452852137,39.877599773019114,39.24476738500354,39.26324462890625,325600,0.0,0.0,0.0
2002-11-29,39.33716233338262,39.554262068022275,39.32792194729387,39.517311096191406,31700,0.0,0.0,0.0
2002-12-02,39.14559822539737,39.62819018484175,39.04815228266395,39.5539436340332,284900,0.389,0.0,0.0
2002-12-03,39.76744133170214,39.76744133170214,39.49830613673617,39.60967254638672,113800,0.0,0.0,0.0
2002-12-04,39.86019931416897,39.90660163126764,39.69778943418872,39.81379699707031,129000,0.0,0.0,0.0
2002-12-05,39.57252339470776,40.03655392896141,39.563244341742376,39.9159049987793,206400,0.0,0.0,0.0
2002-12-06,40.37065413581899,40.41241518214626,39.79525729803285,39.98550796508789,440500,0.0,0.0,0.0
2002-12-09,39.99941329091646,40.301033715438834,39.98549294736889,40.208229064941406,400300,0.0,0.0,0.0
2002-12-10,40.18970044748042,40.338190134440815,40.138656785687154,40.31498718261719,151600,0.0,0.0,0.0
2002-12-11,40.44025052318576,40.672265725796954,40.352083613306775,40.58409881591797,163800,0.0,0.0,0.0
2002-12-12,40.39849220047321,40.6490690829214,40.39849220047321,40.54698181152344,135800,0.0,0.0,0.0
2002-12-13,40.43560472786138,40.44488731748457,40.15254592895508,40.15254592895508,425800,0.0,0.0,0.0
2002-12-16,40.3242692682587,40.3242692682587,39.83239430996585,39.850955963134766,115700,0.0,0.0,0.0
2002-12-17,40.04585155127169,40.069050962527825,39.758151237563546,39.850955963134766,290600,0.0,0.0,0.0
2002-12-18,40.1293794099282,40.22682543917682,40.022650783451965,40.161861419677734,191000,0.0,0.0,0.0
2002-12-19,40.27783268643815,40.598011195834594,40.20822743125794,40.519126892089844,134400,0.0,0.0,0.0
2002-12-20,40.477380072180814,40.63050743900617,40.44025678435036,40.54698181152344,41900,0.0,0.0,0.0
2002-12-23,40.53770513966299,40.55626678466797,40.022630996658165,40.55626678466797,74200,0.0,0.0,0.0
2002-12-24,40.834700733112854,40.87182403799034,40.760454123357874,40.78365707397461,46600,0.0,0.0,0.0
2002-12-26,40.78827147532558,40.86251449584961,40.70938715968415,40.86251449584961,13500,0.0,0.0,0.0
2002-12-27,41.08989327588796,41.312625885009766,40.96460308551982,41.312625885009766,140200,0.0,0.0,0.0
2002-12-30,41.252292287891855,41.41006088256836,41.1270021306887,41.41006088256836,274900,0.0,0.0,0.0
2002-12-31,41.48284578421882,41.6600653962682,41.189039378320615,41.30562973022461,109400,0.446,0.0,0.0
2003-01-02,40.89987237520208,40.99314674218554,40.204995241928486,40.237640380859375,192100,0.0,0.0,0.0
2003-01-03,40.17702491173528,40.35890552596557,40.02778944472443,40.33092498779297,311200,0.0,0.0,0.0
2003-01-06,40.18636500450405,40.24232965900286,40.018474599063076,40.22367477416992,35600,0.0,0.0,0.0
2003-01-07,40.19568892111023,40.456850158193596,40.186359700897256,40.36824035644531,69800,0.0,0.0,0.0
2003-01-08,40.51750942976423,40.63876448661867,40.47087396422266,40.568809509277344,160100,0.0,0.0,0.0
2003-01-09,40.186353918457996,40.186353918457996,39.65003769114268,39.789947509765625,237500,0.0,0.0,0.0
2003-01-10,40.06977129082118,40.06977129082118,39.69668429953926,39.892555236816406,145200,0.0,0.0,0.0
2003-01-13,39.89255727944605,40.04645740578193,39.82726696367725,39.957847595214844,53300,0.0,0.0,0.0
2003-01-14,40.10706201682389,40.23764257968313,40.08840714240778,40.09773635864258,98900,0.0,0.0,0.0
2003-01-15,40.23762594554162,40.433496708857966,40.200316212133174,40.2935905456543,129600,0.0,0.0,0.0
2003-01-16,40.284292367382186,40.38689243427019,39.929860301111525,40.34958267211914,57900,0.0,0.0,0.0
2003-01-17,40.620083869816305,40.68537419184694,40.54080327278707,40.55012893676758,97700,0.0,0.0,0.0
2003-01-21,40.5174650865123,40.78329086303711,40.480158889742576,40.78329086303711,107500,0.0,0.0,0.0
2003-01-22,40.89057008016278,40.99317016343801,40.815950543942506,40.98384094238281,107100,0.0,0.0,0.0
2003-01-23,40.722665179989015,40.89988117832087,40.71333952031009,40.78329086303711,110700,0.0,0.0,0.0
2003-01-24,40.9185189281122,41.244973809092095,40.9185189281122,41.02578353881836,285300,0.0,0.0,0.0
2003-01-27,40.99316963998188,41.05845995431325,40.80662435986857,40.87657928466797,150500,0.0,0.0,0.0
2003-01-28,40.87657928466797,40.937204988531306,40.62007907975526,40.87657928466797,454700,0.0,0.0,0.0
2003-01-29,40.960525473063086,40.98384140985638,40.56411896702347,40.65272521972656,221400,0.0,0.0,0.0
2003-01-30,40.66673371281492,40.99318899667692,40.62009826027948,40.95587921142578,108600,0.0,0.0,0.0
2003-01-31,40.99316738260961,41.13773827666008,40.82527699555838,41.06778335571289,182300,0.0,0.0,0.0
2003-02-03,41.02940253577159,41.14172467784405,40.86092289320591,41.127681732177734,55200,0.308,0.0,0.0
2003-02-04,41.35700241420361,41.37104178898288,41.235321881878434,41.31019973754883,56900,0.0,0.0,0.0
2003-02-05,41.29146889729177,41.51142497820606,40.91706903474434,40.95450973510742,223300,0.0,0.0,0.0
2003-02-06,41.10894739456797,41.305509291075225,41.08554963416739,41.28678894042969,120900,0.0,0.0,0.0
2003-02-07,41.07620205527914,41.42720071905649,41.01068259035081,41.380401611328125,247200,0.0,0.0,0.0
2003-02-10,41.239980606086704,41.371019460694306,41.038741344927594,41.0902214050293,76600,0.0,0.0,0.0
2003-02-11,40.99662416964297,41.14170597790749,40.91706536641037,41.08086395263672,259100,0.0,0.0,0.0
2003-02-12,41.090232035315324,41.244668685033105,41.029390000978026,41.225948333740234,121300,0.0,0.0,0.0
2003-02-13,41.310187379441324,41.7360673299043,41.2633882873296,41.45058822631836,440200,0.0,0.0,0.0
2003-02-14,41.32423129464285,41.35699101694745,41.001311481539034,41.09490966796875,829700,0.0,0.0,0.0
2003-02-18,40.97789802133481,41.174459867527446,40.87493790441031,41.14637756347656,213200,0.0,0.0,0.0
2003-02-19,41.36634659859956,41.51142484887739,41.30082715843914,41.42718505859375,62100,0.0,0.0,0.0
2003-02-20,41.34297471807828,41.60505623594973,41.34297471807828,41.5676155090332,486700,0.0,0.0,0.0
2003-02-21,41.445918596889825,41.52080002121012,41.28211994436772,41.324241638183594,250400,0.0,0.0,0.0
2003-02-24,41.59568322229005,41.60504518680502,41.47400624794173,41.52080535888672,168200,0.0,0.0,0.0
2003-02-25,41.839030859077205,41.9560303840911,41.65183090494654,41.712669372558594,358500,0.0,0.0,0.0
2003-02-26,41.829681315640585,42.00284194946289,41.72204372017679,42.00284194946289,334000,0.0,0.0,0.0
2003-02-27,41.86713104059711,42.115169589348106,41.79693057553415,42.07305145263672,695700,0.0,0.0,0.0
2003-02-28,41.970075183612444,42.37255388735442,41.92327608166299,42.33979415893555,213100,0.0,0.0,0.0
2003-03-03,42.278725782864754,42.49011797817428,42.236448777407645,42.3914680480957,204100,0.34,0.0,0.0
2003-03-04,42.339777079654574,42.49010123539953,42.288102815116254,42.419639587402344,83100,0.0,0.0,0.0
2003-03-05,42.56996703965131,42.5746620938743,42.29750336626142,42.560569763183594,126000,0.0,0.0,0.0
2003-03-06,42.537079141333365,42.598147095727974,42.30689248490119,42.396148681640625,166000,0.0,0.0,0.0
2003-03-07,42.616957725494025,42.64984103672617,42.30221694884173,42.54179382324219,263800,0.0,0.0,0.0
2003-03-10,42.65922469291972,42.7625732421875,42.59815672472116,42.7625732421875,147200,0.0,0.0,0.0
2003-03-11,42.74380450888372,42.823667073783376,42.62166850894428,42.687435150146484,82800,0.0,0.0,0.0
2003-03-12,42.71088930114732,42.91758635290282,42.692098334259505,42.84242248535156,454800,0.0,0.0,0.0
2003-03-13,42.34917208330493,42.461914298062226,42.053218841552734,42.053218841552734,830200,0.0,0.0,0.0
2003-03-14,42.231737365806865,42.33508590435185,42.100204165480854,42.25992202758789,590900,0.0,0.0,0.0
2003-03-17,42.52299447640262,42.52299447640262,41.74318885612269,41.75258255004883,724400,0.0,0.0,0.0
2003-03-18,41.790168088198165,41.90291034506592,41.34389411608831,41.35798645019531,415200,0.0,0.0,0.0
2003-03-19,41.357962993229485,41.37205531934376,41.02443146715623,41.052616119384766,398400,0.0,0.0,0.0
2003-03-20,41.25461953416411,41.31568748279632,40.75667150252109,40.986854553222656,206700,0.0,0.0,0.0
2003-03-21,40.831837191691804,40.89290873242984,40.42314529418945,40.42314529418945,843400,0.0,0.0,0.0
2003-03-24,40.916386459985254,41.15126813149379,40.79894562423098,41.062015533447266,373800,0.0,0.0,0.0
2003-03-25,41.17478191893845,41.25464087399934,40.822459204715955,41.01506042480469,606400,0.0,0.0,0.0
2003-03-26,40.98687093791849,41.17477708022415,40.98687093791849,41.099613189697266,309500,0.0,0.0,0.0
2003-03-27,41.221735969975306,41.27810886496421,41.024436213529306,41.127784729003906,191600,0.0,0.0,0.0
2003-03-28,41.301637865965155,41.37680180417374,41.20768652721826,41.221778869628906,253400,0.0,0.0,0.0
2003-03-31,41.48012453976196,41.77607429772706,41.48012453976196,41.76198196411133,643800,0.0,0.0,0.0
2003-04-01,41.704440730321735,41.8884306188931,41.468555888633624,41.64310836791992,289800,0.378,0.0,0.0
2003-04-02,41.350600599033136,41.374186916271405,41.17604457475353,41.209068298339844,312200,0.0,0.0,0.0
2003-04-03,41.161892108567066,41.317576919633,41.10999717154509,41.185482025146484,245600,0.0,0.0,0.0
2003-04-04,41.07225431890215,41.18548159813028,40.987335659138985,41.06753921508789,184900,0.0,0.0,0.0
2003-04-07,40.67595023699493,40.97788230561564,40.53441800512902,40.97316360473633,485400,0.0,0.0,0.0
2003-04-08,41.06754385715434,41.322296265923846,41.039235234489496,41.303428649902344,194700,0.0,0.0,0.0
2003-04-09,41.23269314117529,41.449706879895494,41.124184472155704,41.426116943359375,102400,0.0,0.0,0.0
2003-04-10,41.3977884947685,41.44496474185072,41.20907990712269,41.232669830322266,53300,0.0,0.0,0.0
2003-04-11,40.95901199284977,41.19489665155066,40.85050346614909,41.16659164428711,450000,0.0,0.0,0.0
2003-04-14,41.09111766332248,41.09583636554901,40.90712786895493,41.053375244140625,207100,0.0,0.0,0.0
2003-04-15,41.199642327629846,41.29399481316095,41.062828704088126,41.275123596191406,128500,0.0,0.0,0.0
2003-04-16,41.29396500281693,41.46852093428483,41.26565999745446,41.44493103027344,97700,0.0,0.0,0.0
2003-04-17,41.62892102088792,41.70440583473943,41.42134498142434,41.51097869873047,106200,0.0,0.0,0.0
2003-04-21,41.27041293665524,41.43553160377783,41.1666230318019,41.42137908935547,148000,0.0,0.0,0.0
2003-04-22,41.586482263075325,41.63837719616809,41.336445003255086,41.39777374267578,299900,0.0,0.0,0.0
2003-04-23,41.41192276470322,41.5204313245735,41.327004117639845,41.482688903808594,42700,0.0,0.0,0.0
2003-04-24,41.704433955266566,41.98277629556851,41.704433955266566,41.85540008544922,199000,0.0,0.0,0.0
2003-04-25,41.869552837848246,42.034671481289145,41.83652910916007,41.94975280761719,529700,0.0,0.0,0.0
2003-04-28,42.02996404962011,42.02996404962011,41.88371658325195,41.88371658325195,80500,0.0,0.0,0.0
2003-04-29,41.765751018487755,41.878974684605225,41.66667986072054,41.81292724609375,177500,0.0,0.0,0.0
2003-04-30,41.88840973167671,42.232799413197505,41.86010471656959,42.19977569580078,293400,0.0,0.0,0.0
2003-05-01,42.30553531465631,42.49524696553008,42.11582728223131,42.22016525268555,231200,0.473,0.0,0.0
2003-05-02,42.23912480822107,42.24386859322184,41.86444539901028,41.888160705566406,231500,0.0,0.0,0.0
2003-05-05,41.883436865145555,42.149034674948446,41.83126606063692,42.11109161376953,77700,0.0,0.0,0.0
2003-05-06,42.13481450401479,42.40041238435946,41.98304583743945,42.319786071777344,260600,0.0,0.0,0.0
2003-05-07,42.68496549446245,42.84147790303666,42.599595418735554,42.813018798828125,306900,0.0,0.0,0.0
2003-05-08,42.969544476194734,43.111829185826195,42.81777580786473,42.91737365722656,437400,0.0,0.0,0.0
2003-05-09,42.82722495932271,42.97899349148207,42.77979435303453,42.96002197265625,110000,0.0,0.0,0.0
2003-05-12,43.22565248242986,43.24936780559004,43.031200582627456,43.23039627075195,364700,0.0,0.0,0.0
2003-05-13,43.11181010792037,43.33472103242322,43.078610839491155,43.325233459472656,227800,0.0,0.0,0.0
2003-05-14,43.5528778633394,44.098297388555174,43.45328008162229,43.98921203613281,1426500,0.0,0.0,0.0
2003-05-15,43.918094397573,44.378144137082515,43.918094397573,44.12677764892578,810300,0.0,0.0,0.0
2003-05-16,44.335446609191656,44.46824368326488,44.084076583611484,44.44927215576172,703900,0.0,0.0,0.0
2003-05-19,44.63424474703539,44.69589950410551,44.1694513201668,44.297508239746094,817800,0.0,0.0,0.0
2003-05-20,44.17897024668174,44.95204162597656,44.16474249406464,44.95204162597656,606600,0.0,0.0,0.0
2003-05-21,44.70062401115532,45.369356568760665,44.638969280677664,44.94724655151367,1799600,0.0,0.0,0.0
2003-05-22,45.103805243755396,45.38837111922881,45.0089511580814,45.34568786621094,576200,0.0,0.0,0.0
2003-05-23,45.42153723171086,45.63022040989728,45.35988248290523,45.45948028564453,690600,0.0,0.0,0.0
2003-05-27,45.35041619432485,45.393099432790365,44.638999938964844,44.638999938964844,846400,0.0,0.0,0.0
2003-05-28,44.534666298239365,44.64849190634993,44.254840639339456,44.5631217956543,730500,0.0,0.0,0.0
2003-05-29,44.72439034719917,44.96152920668919,44.61530487971495,44.95204162597656,508300,0.0,0.0,0.0
2003-05-30,44.795499663519756,44.93304054582433,44.56784853439109,44.866641998291016,722200,0.0,0.0,0.0
2003-06-02,44.713289176781394,44.713289176781394,44.33702649655842,44.53706741333008,478600,0.398,0.0,0.0
2003-06-03,44.65611984109499,45.04667022300013,44.63230433106041,44.89426040649414,389400,0.0,0.0,0.0
2003-06-04,44.98949217694034,45.10856239876171,44.79421890269538,45.02759552001953,394100,0.0,0.0,0.0
2003-06-05,45.3419886666829,45.427719465621024,44.67519760131836,44.67519760131836,820900,0.0,0.0,0.0
2003-06-06,44.62752854905534,44.84185718074976,44.47511877337151,44.837093353271484,276800,0.0,0.0,0.0
2003-06-09,45.10381409725217,45.189544831821614,44.89901309987716,45.13715362548828,282200,0.0,0.0,0.0
2003-06-10,45.28482637575447,45.689664749533904,45.28006254536048,45.675376892089844,534800,0.0,0.0,0.0
2003-06-11,45.842077903622695,46.00877564197915,45.58012171924959,45.61822509765625,633600,0.0,0.0,0.0
2003-06-12,45.77539227742404,46.07068796733808,45.72776487807988,45.97542953491211,315400,0.0,0.0,0.0
2003-06-13,46.165975224832934,46.3326730566098,46.08500822564706,46.2850456237793,478400,0.0,0.0,0.0
2003-06-16,46.437423847730415,46.51363059516182,45.84683609008789,45.84683609008789,789300,0.0,0.0,0.0
2003-06-17,45.70867773466037,45.737253425352726,45.43719777187847,45.484825134277344,691600,0.0,0.0,0.0
2003-06-18,45.275319033055766,45.275319033055766,44.86571664506612,44.9038200378418,657600,0.0,0.0,0.0
2003-06-19,44.75139036692294,44.99905867701356,44.53230140568151,44.81806945800781,817700,0.0,0.0,0.0
2003-06-20,44.72282538495089,44.79426832361271,44.308459247703354,44.65138244628906,561700,0.0,0.0,0.0
2003-06-23,44.684691218088346,44.97522297043399,44.546569267486625,44.918067932128906,819900,0.0,0.0,0.0
2003-06-24,44.841874199195225,45.33244323730469,44.7751951241359,45.33244323730469,292900,0.0,0.0,0.0
2003-06-25,45.446742117837275,45.48008164980175,44.508467760604496,44.608489990234375,1002800,0.0,0.0,0.0
2003-06-26,44.41321530836336,44.41321530836336,43.87501894038576,44.00837707519531,1423800,0.0,0.0,0.0
2003-06-27,44.079824296500384,44.079824296500384,43.603543120454944,43.8512077331543,735900,0.0,0.0,0.0
2003-06-30,43.77977860293451,44.065546671715815,43.66547210216962,44.05602264404297,541900,0.0,0.0,0.0
2003-07-01,44.05747182578493,44.22002612670135,43.751484255399085,43.83754348754883,449000,0.353,0.0,0.0
2003-07-02,43.603303084757485,44.01925697415637,43.560275258782994,43.947540283203125,338800,0.0,0.0,0.0
2003-07-03,43.842279690362304,43.847061767447485,43.31636428833008,43.31636428833008,559100,0.0,0.0,0.0
2003-07-07,43.163397751552914,43.31160940534683,43.03908920288086,43.03908920288086,465400,0.0,0.0,0.0
2003-07-08,43.23512264595653,43.2590294033172,42.852636414140065,43.07734680175781,389600,0.0,0.0,0.0
2003-07-09,43.282918866798354,43.3594175481068,43.08211529985055,43.21598434448242,270400,0.0,0.0,0.0
2003-07-10,43.35940538888225,43.38809056249982,43.08688529654472,43.201629638671875,718000,0.0,0.0,0.0
2003-07-11,43.17296712124226,43.4072380065918,43.12993569057712,43.4072380065918,389500,0.0,0.0,0.0
2003-07-14,43.35464614029996,43.44548743479972,42.85263345170277,42.91000747680664,465900,0.0,0.0,0.0
2003-07-15,42.80959503877125,42.962588753400304,41.78644888825362,41.905975341796875,3171100,0.0,0.0,0.0
2003-07-16,41.79123745398382,42.417555000508095,41.66692890166121,42.14503479003906,1205400,0.0,0.0,0.0
2003-07-17,41.75300453985717,42.09245941648285,41.681287898843884,42.015960693359375,1030600,0.0,0.0,0.0
2003-07-18,41.90597132034593,42.054182941266106,41.80556954672346,41.929874420166016,550800,0.0,0.0,0.0
2003-07-21,41.83432330005102,41.88213322571837,40.94982690838264,41.04066467285156,1267600,0.0,0.0,0.0
2003-07-22,41.102754373535255,41.28921533539329,40.84935889447986,41.24140548706055,1576900,0.0,0.0,0.0
2003-07-23,41.49960004097478,41.61912653458627,41.30835692166456,41.38007354736328,1374700,0.0,0.0,0.0
2003-07-24,41.06930031839464,41.15535953212399,40.901963971603905,41.01670837402344,701100,0.0,0.0,0.0
2003-07-25,41.10752252427699,41.41350982711855,40.830220391184206,40.906715393066406,1273500,0.0,0.0,0.0
2003-07-28,40.75373573138467,40.77764247948617,40.35212862641458,40.356910705566406,1268500,0.0,0.0,0.0
2003-07-29,40.24694337216146,40.80632624078066,39.80708694458008,39.80708694458008,2139300,0.0,0.0,0.0
2003-07-30,40.03657205022678,40.505117261717785,39.95529495310459,40.256500244140625,1963400,0.0,0.0,0.0
2003-07-31,40.01267542879037,40.022235939787386,39.31464140095967,39.65887451171875,4706400,0.0,0.0,0.0
2003-08-01,39.4321782927947,39.763582675226836,39.37454529714132,39.62910079956055,3061200,0.378,0.0,0.0
2003-08-04,39.614683574198395,39.97010040283203,39.552242957247515,39.97010040283203,1858700,0.0,0.0,0.0
2003-08-05,39.96530339071144,40.00372782870076,39.288090076841044,39.398555755615234,2413000,0.0,0.0,0.0
2003-08-06,39.624326431186375,40.234299298475754,39.56188941779739,40.176666259765625,2549700,0.0,0.0,0.0
2003-08-07,40.24866915547422,40.36874274643404,39.9316731164498,40.3447265625,1796400,0.0,0.0,0.0
2003-08-08,40.50801979583545,40.72415443101014,40.17661921820183,40.18142318725586,2399100,0.0,0.0,0.0
2003-08-11,40.128622543384985,40.13822682480254,39.82123423701605,39.97972869873047,1355000,0.0,0.0,0.0
2003-08-12,40.066137363160685,40.17660663066445,39.76835733349184,39.7923698425293,1534200,0.0,0.0,0.0
2003-08-13,39.480215641002964,39.552260565675006,38.99512072121581,39.0239372253418,2258100,0.0,0.0,0.0
2003-08-14,39.11514717809122,39.43213933406729,38.86059192717112,39.40812683105469,1612300,0.0,0.0,0.0
2003-08-15,39.48018977898826,39.62427953394448,39.33610368838673,39.384132385253906,515100,0.0,0.0,0.0
2003-08-18,39.528244868441675,39.6723310418909,39.388959002391005,39.56666564941406,655300,0.0,0.0,0.0
2003-08-19,39.64834264022161,40.176666259765625,39.624326431186375,40.176666259765625,1086500,0.0,0.0,0.0
2003-08-20,40.26308667391579,40.28229889261715,39.7395637912829,39.96049880981445,503600,0.0,0.0,0.0
2003-08-21,39.89324977859877,40.08056429246895,39.5858616704859,39.86443328857422,783600,0.0,0.0,0.0
2003-08-22,39.84040695942664,40.27267252150368,39.816394445305576,40.04213333129883,413200,0.0,0.0,0.0
2003-08-25,40.01816425728329,40.123829703984526,39.50424894643892,39.72998809814453,648200,0.0,0.0,0.0
2003-08-26,39.600259832089876,40.04213333129883,39.53782289814989,40.04213333129883,837200,0.0,0.0,0.0
2003-08-27,39.99412391094573,39.99412391094573,39.67713142653054,39.859642028808594,409100,0.0,0.0,0.0
2003-08-28,39.97490581223226,40.33512662383789,39.97490581223226,40.27268600463867,557200,0.0,0.0,0.0
2003-08-29,40.31595221058015,40.33996475525636,40.04698459394978,40.176666259765625,651100,0.0,0.0,0.0
2003-09-02,40.346438660907985,40.35608951799645,39.57936115493389,39.58900833129883,868700,0.372,0.0,0.0
2003-09-03,39.79166436891595,39.79166436891595,39.50219734031904,39.651756286621094,639900,0.0,0.0,0.0
2003-09-04,39.796461270911905,39.9025986243608,39.63725892146243,39.873653411865234,562900,0.0,0.0,0.0
2003-09-05,40.23548202189421,40.56836299726545,40.12451924295463,40.5587158203125,838000,0.0,0.0,0.0
2003-09-08,40.346426245665434,40.742026607918724,40.13897705078125,40.13897705078125,621100,0.0,0.0,0.0
2003-09-09,40.293399537125765,40.496027196616,40.003936184502,40.42848587036133,599900,0.0,0.0,0.0
2003-09-10,40.476705410083966,40.862655093653714,40.43810933750977,40.83853530883789,1285900,0.0,0.0,0.0
2003-09-11,40.650365633113985,40.70825603501516,40.428443837473885,40.57317352294922,859500,0.0,0.0,0.0
2003-09-12,41.01702456900016,41.190703167714254,40.74203406782334,40.852996826171875,1375300,0.0,0.0,0.0
2003-09-15,40.76619024235215,40.95434159516646,40.57803888953784,40.790313720703125,367100,0.0,0.0,0.0
2003-09-16,40.703461234317956,40.766177104802864,40.476713861505445,40.72758102416992,655200,0.0,0.0,0.0
2003-09-17,40.8722972231986,41.27754485650805,40.756512710927794,41.234127044677734,1223900,0.0,0.0,0.0
2003-09-18,41.32095942493053,41.32095942493053,40.92535903363282,41.263065338134766,615000,0.0,0.0,0.0
2003-09-19,41.320979747513256,41.504305591446254,41.24378759382075,41.31132888793945,869300,0.0,0.0,0.0
2003-09-22,41.00739220549772,41.0942315362207,40.63591509562548,40.98326873779297,1126400,0.0,0.0,0.0
2003-09-23,40.94947880925572,41.267890765548415,40.83369431638686,41.263065338134766,632100,0.0,0.0,0.0
2003-09-24,41.26789627281105,41.7262125587585,41.17140611527469,41.62007522583008,1005300,0.0,0.0,0.0
2003-09-25,41.63456831977992,41.83719221133006,41.56220159259069,41.82754135131836,846800,0.0,0.0,0.0
2003-09-26,41.943309022580635,42.20864865121401,41.88541493306941,42.203826904296875,1869700,0.0,0.0,0.0
2003-09-29,41.981903889928134,42.189353122069285,41.8082289725459,41.866119384765625,743000,0.0,0.0,0.0
2003-09-30,41.97227097374319,42.57532084405559,41.95297293620628,42.560848236083984,1623900,0.0,0.0,0.0
2003-10-01,42.38984102318275,42.598156961197844,42.3171719850657,42.39952850341797,931900,0.367,0.0,0.0
2003-10-02,42.07009511269882,42.365613131797325,41.856937300964205,42.205745697021484,1194100,0.0,0.0,0.0
2003-10-03,41.68737032669832,41.760035647880564,41.2271356813122,41.319183349609375,1451200,0.0,0.0,0.0
2003-10-06,41.236837292742486,41.56142146318111,41.21745863682217,41.498443603515625,507200,0.0,0.0,0.0
2003-10-07,41.396692338641756,41.45482828899243,40.99943925149444,41.01881790161133,594200,0.0,0.0,0.0
2003-10-08,40.91224674140535,41.1690111434242,40.86380195283403,41.00914001464844,811800,0.0,0.0,0.0
2003-10-09,40.65550901335659,40.75724423568568,40.52470764067706,40.71849060058594,1385600,0.0,0.0,0.0
2003-10-10,40.93647674302558,41.04790309890641,40.8395871522517,40.96070098876953,256600,0.0,0.0,0.0
2003-10-13,40.86378578349391,40.93645478564681,40.80080795288086,40.80080795288086,116300,0.0,0.0,0.0
2003-10-14,40.57311533931559,40.74267388808096,40.47622579604943,40.51982498168945,337100,0.0,0.0,0.0
2003-10-15,40.28728580236695,40.35510921716429,40.13710221580236,40.321197509765625,465600,0.0,0.0,0.0
2003-10-16,40.44231219895841,40.58280092130836,40.08865835995262,40.16132736206055,564900,0.0,0.0,0.0
2003-10-17,40.24851804931965,40.54403586389261,40.21460635073412,40.47136688232422,354500,0.0,0.0,0.0
2003-10-20,40.42778682770606,40.76690770101978,40.41325376241119,40.60703659057617,281600,0.0,0.0,0.0
2003-10-21,40.70876881300074,40.87832738940058,40.621566731409416,40.7572135925293,429700,0.0,0.0,0.0
2003-10-22,40.98492134934617,41.178704226100955,40.888031759019256,41.15447998046875,798000,0.0,0.0,0.0
2003-10-23,41.178675612047876,41.178675612047876,40.70390807870803,40.85409164428711,1055600,0.0,0.0,0.0
2003-10-24,41.17869273849285,41.469365124485755,41.01397974166684,41.30949401855469,1412200,0.0,0.0,0.0
2003-10-27,41.25138184344209,41.338583971306825,41.08182317706669,41.22715759277344,346900,0.0,0.0,0.0
2003-10-28,41.10602378899272,41.51296808696585,40.97037692170166,41.44514465332031,2200300,0.0,0.0,0.0
2003-10-29,41.31435599634238,41.34826772656047,40.98977176481183,41.07212829589844,926600,0.0,0.0,0.0
2003-10-30,40.69425572591021,40.96070768827049,40.59736611928915,40.888038635253906,936300,0.0,0.0,0.0
2003-10-31,41.047895350137836,41.28527738999299,40.568281986873,41.27074432373047,887400,0.0,0.0,0.0
2003-11-03,41.13359658321025,41.1433275162413,40.88064799335609,41.075225830078125,957700,0.348,0.0,0.0
2003-11-04,41.177366508209765,41.33302799053429,41.148177428780954,41.3087043762207,246500,0.0,0.0,0.0
2003-11-05,41.26003660544018,41.26003660544018,40.98763009931348,41.02654266357422,275100,0.0,0.0,0.0
2003-11-06,40.74926805960336,40.82223514367086,40.6179302772899,40.64225387573242,861600,0.0,0.0,0.0
2003-11-07,40.433092225807606,40.66171702844213,40.39904140743558,40.61793899536133,725700,0.0,0.0,0.0
2003-11-10,40.66659479110885,40.78333995922831,40.47201703673511,40.583900451660156,553900,0.0,0.0,0.0
2003-11-11,40.593618313353176,40.617941918767066,40.549840277121525,40.5887565612793,99900,0.0,0.0,0.0
2003-11-12,40.79307277424017,40.93414155990201,40.75902194399505,40.885498046875,321400,0.0,0.0,0.0
2003-11-13,41.15302859225627,41.52759133944636,41.12384323423254,41.517860412597656,920400,0.0,0.0,0.0
2003-11-14,41.49353218491493,41.81458219248354,41.444884982963536,41.79512405395508,484800,0.0,0.0,0.0
2003-11-17,41.90214977102333,42.12104737556654,41.80972452359964,41.85837173461914,695000,0.0,0.0,0.0
2003-11-18,41.81945407123883,42.13077691293932,41.72702882686303,42.11618423461914,632200,0.0,0.0,0.0
2003-11-19,42.0383675416757,42.13565828598089,41.62002661931942,41.64921569824219,553900,0.0,0.0,0.0
2003-11-20,41.95567241090817,42.072417590637244,41.736774735008375,42.05295944213867,373300,0.0,0.0,0.0
2003-11-21,42.11618297497912,42.286437069057456,42.077266693115234,42.077266693115234,516900,0.0,0.0,0.0
2003-11-24,41.921623020875266,41.98485922222406,41.71245255639852,41.731910705566406,573800,0.0,0.0,0.0
2003-11-25,41.809687824199955,42.0869596118283,41.809687824199955,41.960487365722656,298700,0.0,0.0,0.0
2003-11-26,41.88266271381146,42.02859682359734,41.508103941873614,41.79024124145508,613800,0.0,0.0,0.0
2003-11-28,41.51784935067099,41.54217295005084,41.410831451416016,41.410831451416016,311300,0.0,0.0,0.0
2003-12-01,41.258342846923966,41.34144524752694,40.96503784330582,41.18012619018555,1106600,0.418,0.0,0.0
2003-12-02,41.258327305830676,41.35609436035156,41.06278946721484,41.35609436035156,589100,0.0,0.0,0.0
2003-12-03,41.31207189650763,41.444057702308406,41.03831761886254,41.18986129760742,1446100,0.0,0.0,0.0
2003-12-04,41.189890664238426,41.39031424995105,41.15567182133266,41.28276824951172,561500,0.0,0.0,0.0
2003-12-05,41.69828190817031,42.152905747707266,41.61029007698336,41.94270324707031,1163800,0.0,0.0,0.0
2003-12-08,41.932932320829266,41.932932320829266,41.59562961520509,41.6494026184082,436200,0.0,0.0,0.0
2003-12-09,41.77160993642642,41.89382061936456,41.238773149011685,41.35609436035156,939200,0.0,0.0,0.0
2003-12-10,41.58586433623665,41.60052902614575,41.33166767546983,41.42454528808594,555700,0.0,0.0,0.0
2003-12-11,41.31212526486071,41.737416311512554,41.24368753943222,41.72275161743164,510500,0.0,0.0,0.0
2003-12-12,41.7569246302901,41.98179172830076,41.7569246302901,41.80092239379883,553100,0.0,0.0,0.0
2003-12-15,41.796062492294496,41.981821427391075,41.63963293390399,41.77650833129883,690000,0.0,0.0,0.0
2003-12-16,41.74715211376424,41.97201922627656,41.683600198994526,41.91335678100586,462800,0.0,0.0,0.0
2003-12-17,42.15285963501545,42.35817243999393,42.138191237885934,42.19685363769531,533100,0.0,0.0,0.0
2003-12-18,42.18715202329091,42.578224182128906,42.18715202329091,42.578224182128906,708100,0.0,0.0,0.0
2003-12-19,42.514661689772645,42.56354522705078,42.33867797191149,42.56354522705078,477600,0.0,0.0,0.0
2003-12-22,42.58800056450707,42.69554288424381,42.35824377362578,42.44623565673828,483700,0.0,0.0,0.0
2003-12-23,42.29954949959775,42.38265184633977,41.96713638305664,41.96713638305664,446600,0.0,0.0,0.0
2003-12-24,42.22135236389043,42.36311721801758,42.12358156988493,42.36311721801758,138900,0.0,0.0,0.0
2003-12-26,42.48045724735992,42.54889496867395,42.48045724735992,42.51956558227539,80500,0.0,0.0,0.0
2003-12-29,42.38266601011701,42.416884854303554,42.12357994276549,42.13824462890625,187800,0.0,0.0,0.0
2003-12-30,41.942696490847666,42.10890118433169,41.8449257332926,41.96713638305664,393900,0.0,0.0,0.0
2003-12-31,41.927829700851134,42.026054343193955,41.893450701328156,41.96711730957031,171400,0.4,0.0,0.0
2004-01-02,41.79035889133979,41.79035889133979,41.29431899551763,41.471126556396484,867100,0.0,0.0,0.0
2004-01-05,41.25989247931659,41.44160844604485,41.2058678008217,41.36302947998047,626400,0.0,0.0,0.0
2004-01-06,41.520218724691134,41.93767936082746,41.500573033374636,41.81980895996094,690500,0.0,0.0,0.0
2004-01-07,41.79524131141376,42.08991911942802,41.692104265960346,41.98678207397461,252000,0.0,0.0,0.0
2004-01-08,41.89347451868987,42.060457255012,41.83453745155921,41.97205352783203,513300,0.0,0.0,0.0
2004-01-09,42.66946314038147,42.76277923645037,42.24218153634477,42.70384216308594,1623000,0.0,0.0,0.0
2004-01-12,42.53194421497786,42.915025798734696,42.53194421497786,42.66946029663086,863200,0.0,0.0,0.0
2004-01-13,42.57120433993378,42.959197998046875,42.512267313767296,42.959197998046875,465700,0.0,0.0,0.0
2004-01-14,42.96902948568155,43.18021586404586,42.80204682452531,43.17039489746094,1180300,0.0,0.0,0.0
2004-01-15,43.194942570456035,43.371749918142655,43.02304757882454,43.332462310791016,1537200,0.0,0.0,0.0
2004-01-16,43.55352935920234,43.61246647161167,43.028018951416016,43.028018951416016,751800,0.0,0.0,0.0
2004-01-20,42.97396178299454,43.18514825935225,42.97396178299454,43.01816177368164,629600,0.0,0.0,0.0
2004-01-21,43.09677600958697,43.12624269156802,42.94452648997177,43.121334075927734,570500,0.0,0.0,0.0
2004-01-22,43.19495112716941,43.45525359123868,43.07708078770538,43.43560791015625,443600,0.0,0.0,0.0
2004-01-23,43.494558511616,43.66154499374052,42.8560904840463,42.91502380371094,1021300,0.0,0.0,0.0
2004-01-26,42.87571996861482,42.90518661731059,42.566305169186755,42.65470886230469,639500,0.0,0.0,0.0
2004-01-27,42.59577369776597,42.92483041721357,42.59577369776597,42.919918060302734,576100,0.0,0.0,0.0
2004-01-28,42.851205187988114,43.14588321351296,42.16853299249237,42.54179382324219,1823800,0.0,0.0,0.0
2004-01-29,42.345285465256566,42.52209279994891,42.2470570865222,42.45333480834961,814500,0.0,0.0,0.0
2004-01-30,42.67927359378456,42.83643532319216,42.53193283313878,42.74803161621094,526200,0.0,0.0,0.0
2004-02-02,42.63364282391314,42.84570158703853,42.5991218049164,42.658302307128906,335600,0.358,0.0,0.0
2004-02-03,42.86540173666005,42.89992273416688,42.70759092484218,42.875267028808594,350900,0.0,0.0,0.0
2004-02-04,42.80131579803268,42.83583681442089,42.64843754867186,42.79145050048828,645700,0.0,0.0,0.0
2004-02-05,42.825980417850566,42.944341437932,42.53008539266574,42.62378692626953,971400,0.0,0.0,0.0
2004-02-06,42.97392790393225,43.12680617828056,42.91968004609719,43.09228515625,798200,0.0,0.0,0.0
2004-02-09,43.18102822453314,43.220481872558594,43.097192044359254,43.220481872558594,272400,0.0,0.0,0.0
2004-02-10,43.141602515178725,43.17612353591953,42.924611091945636,42.978858947753906,203200,0.0,0.0,0.0
2004-02-11,42.914732805949036,43.49666109554972,42.86048872906562,43.299400329589844,1335100,0.0,0.0,0.0
2004-02-12,43.324038821219496,43.39801346030084,43.03307667334102,43.116912841796875,256700,0.0,0.0,0.0
2004-02-13,43.299400329589844,43.44734590405975,43.18597200290577,43.299400329589844,513600,0.0,0.0,0.0
2004-02-17,43.32895583303765,43.34375000301454,43.16621243828168,43.269775390625,644100,0.0,0.0,0.0
2004-02-18,43.44734432936985,43.48679798613505,43.245150922836814,43.32898712158203,990900,0.0,0.0,0.0
2004-02-19,43.16622608063405,43.37335205078125,43.13663773132909,43.37335205078125,668900,0.0,0.0,0.0
2004-02-20,43.274745108853836,43.31419877092943,43.003505885219525,43.072547912597656,1009800,0.0,0.0,0.0
2004-02-23,43.09718967344689,43.338836669921875,43.06266867395046,43.338836669921875,504000,0.0,0.0,0.0
2004-02-24,43.42264962327368,43.590321870198444,43.32894821322488,43.41771697998047,940900,0.0,0.0,0.0
2004-02-25,43.50652797727761,43.57557000038191,43.41282647627545,43.48680114746094,572300,0.0,0.0,0.0
2004-02-26,43.324034382986504,43.3782821952551,43.171156237051036,43.34869384765625,399100,0.0,0.0,0.0
2004-02-27,43.50651182786384,43.78267981776879,43.37828936290511,43.72350311279297,836000,0.0,0.0,0.0
2004-03-01,43.80079778691316,43.88992459055531,43.59283650430812,43.70671844482422,771900,0.356,0.0,0.0
2004-03-02,43.632409921830074,43.672018860656856,43.275903028653026,43.42939758300781,676000,0.0,0.0,0.0
2004-03-03,43.270925674448726,43.394712509260096,43.132285023887896,43.35015106201172,718000,0.0,0.0,0.0
2004-03-04,43.275901395384146,43.5482303112945,43.246189970289684,43.54328155517578,421600,0.0,0.0,0.0
2004-03-05,44.449411945567164,44.5632975904765,44.32562500781584,44.38504409790039,2789800,0.0,0.0,0.0
2004-03-08,44.592994395928486,44.721733837613584,44.5632867469537,44.6474609375,1309400,0.0,0.0,0.0
2004-03-09,44.687059278893166,44.98414700609865,44.657351639475245,44.94453430175781,829000,0.0,0.0,0.0
2004-03-10,44.820746213623956,45.023758484586835,44.800943639668105,44.914825439453125,878900,0.0,0.0,0.0
2004-03-11,45.08319422887882,45.08319422887882,44.63756059639645,44.979209899902344,1337100,0.0,0.0,0.0
2004-03-12,44.86531532277488,44.964343311805195,44.672208099792826,44.7019157409668,442100,0.0,0.0,0.0
2004-03-15,44.77126587825717,44.88019900527667,44.67719035938608,44.77621841430664,756200,0.0,0.0,0.0
2004-03-16,44.706867707881194,45.14754867553711,44.58803336701374,45.14754867553711,1374200,0.0,0.0,0.0
2004-03-17,45.29116562841034,45.29611816369629,45.00893155995179,45.073299407958984,1936500,0.0,0.0,0.0
2004-03-18,44.91483871769943,45.08813962361115,44.76134416927426,44.83561706542969,1842100,0.0,0.0,0.0
2004-03-19,44.796024780826386,44.86039263875693,44.66728528728714,44.77621841430664,366700,0.0,0.0,0.0
2004-03-22,44.85542713468964,45.04853820800781,44.85542713468964,45.04853820800781,947200,0.0,0.0,0.0
2004-03-23,45.00396350102152,45.127750396728516,44.934643141639704,45.127750396728516,562200,0.0,0.0,0.0
2004-03-24,45.13763406422408,45.17229422748268,45.01879598075935,45.102970123291016,327400,0.0,0.0,0.0
2004-03-25,44.91977858349271,45.028711630109854,44.88511841208501,44.92967987060547,514000,0.0,0.0,0.0
2004-03-26,44.8009512490276,44.86036653633734,44.365218994484444,44.454345703125,1378600,0.0,0.0,0.0
2004-03-29,44.092881642571484,44.18200833409029,44.01860877002662,44.157249450683594,2454000,0.0,0.0,0.0
2004-03-30,44.21669021183686,44.28105805154948,44.10280458100076,44.1275634765625,1021000,0.0,0.0,0.0
2004-03-31,44.191915964543725,44.380070661348256,44.17210961051023,44.34046173095703,1647300,0.0,0.0,0.0
2004-04-01,44.230119344624015,44.26988280779353,44.01637508637919,44.1953239440918,1309200,0.348,0.0,0.0
2004-04-02,43.31051416790924,43.31051416790924,42.9526202895647,43.101741790771484,2603700,0.0,0.0,0.0
2004-04-05,42.90788636675605,42.94268176714812,42.7040858194351,42.76373291015625,1422700,0.0,0.0,0.0
2004-04-06,42.94766067764843,42.99736785888672,42.84824252275702,42.99736785888672,1695400,0.0,0.0,0.0
2004-04-07,42.897926330566406,43.146465871780784,42.873070859479995,42.897926330566406,659600,0.0,0.0,0.0
2004-04-08,42.83335929848133,42.9576292306174,42.73891672890172,42.773712158203125,893700,0.0,0.0,0.0
2004-04-12,42.65434799078307,42.684175309772996,42.54996185534791,42.61955261230469,311700,0.0,0.0,0.0
2004-04-13,42.21695757003033,42.30643202215435,42.137423038179996,42.15730667114258,1449500,0.0,0.0,0.0
2004-04-14,41.744723812930964,42.13244508364562,41.744723812930964,42.122501373291016,2529200,0.0,0.0,0.0
2004-04-15,42.087706669539074,42.15232941067227,41.844138855614204,41.87396240234375,1184800,0.0,0.0,0.0
2004-04-16,42.09265943425912,42.187105679287086,41.9584497424307,42.03300857543945,986900,0.0,0.0,0.0
2004-04-19,42.17717798843565,42.207005325377594,41.903786647964196,41.94355010986328,682100,0.0,0.0,0.0
2004-04-20,41.888872840527945,41.96840735249081,41.5608024597168,41.5608024597168,1618700,0.0,0.0,0.0
2004-04-21,41.61546593676192,41.913712660338426,41.61546593676192,41.76458740234375,763600,0.0,0.0,0.0
2004-04-22,41.87890146688927,42.04790648924683,41.82422247908854,42.01311111450195,1024300,0.0,0.0,0.0
2004-04-23,41.80933152487418,41.923657616328306,41.630382710724575,41.7745361328125,963200,0.0,0.0,0.0
2004-04-26,41.79938855449608,41.8988066710069,41.7844767851228,41.8441276550293,515800,0.0,0.0,0.0
2004-04-27,41.95348573950038,42.02804837887349,41.79442054529732,42.00319290161133,1033400,0.0,0.0,0.0
2004-04-28,41.903779042505974,41.968397974726116,41.56079317303068,41.61050033569336,1215700,0.0,0.0,0.0
2004-04-29,41.6303996053231,41.844143898276876,41.262561912477594,41.406715393066406,2504900,0.0,0.0,0.0
2004-04-30,41.471316493633516,41.655237157074595,41.39178200379526,41.57570266723633,831500,0.0,0.0,0.0
2004-05-03,41.46844226219824,41.70298159844095,41.46844226219824,41.62812805175781,668800,0.325,0.0,0.0
2004-05-04,41.73286894304947,41.8676059188565,41.263794668444866,41.34363555908203,3950900,0.0,0.0,0.0
2004-05-05,41.54826468716946,41.54826468716946,41.16900971348771,41.2288932800293,2236600,0.0,0.0,0.0
2004-05-06,41.19893577002576,41.24384938166434,41.10412491382202,41.11909484863281,3163200,0.0,0.0,0.0
2004-05-07,40.645040688815754,40.66999312772809,40.470385038052314,40.580169677734375,1756400,0.0,0.0,0.0
2004-05-10,40.66003399266032,40.72490503494259,40.47539575464381,40.485374450683594,958700,0.0,0.0,0.0
2004-05-11,40.475377507927035,40.67997304578933,40.475377507927035,40.66999435424805,766000,0.0,0.0,0.0
2004-05-12,40.62008575530991,40.640046941901474,40.39053782031751,40.400516510009766,1945700,0.0,0.0,0.0
2004-05-13,40.36560535156208,40.38057529710866,40.17597969595712,40.24584197998047,1187000,0.0,0.0,0.0
2004-05-14,40.44047339113928,40.6151291638408,40.28577882206226,40.5752067565918,4086400,0.0,0.0,0.0
2004-05-17,40.85461495193975,40.95441705329413,40.75980029060881,40.93445587158203,1735600,0.0,0.0,0.0
2004-05-18,40.769777582287,40.87457473448979,40.704906599347844,40.7747688293457,674200,0.0,0.0,0.0
2004-05-19,40.62006872900192,40.64501734637862,40.495314220502046,40.64002990722656,319200,0.0,0.0,0.0
2004-05-20,40.7897488828297,40.96939574945158,40.7298691320937,40.95442581176758,1745900,0.0,0.0,0.0
2004-05-21,41.10413691182291,41.1091243534115,40.714899457095726,40.78975296020508,1461900,0.0,0.0,0.0
2004-05-24,40.88455969385097,40.95941318239145,40.7598051486857,40.919490814208984,314800,0.0,0.0,0.0
2004-05-25,40.934482705766676,41.07919851264179,40.92450401197226,41.039276123046875,645300,0.0,0.0,0.0
2004-05-26,41.11910651667908,41.28378346073927,41.07918414105104,41.25883102416992,505500,0.0,0.0,0.0
2004-05-27,41.43348772381545,41.618125860436834,41.33368558938667,41.583194732666016,1122800,0.0,0.0,0.0
2004-05-28,41.42851861153518,41.66804919224358,41.29378527734319,41.468441009521484,612700,0.0,0.0,0.0
2004-06-01,41.26403440454586,41.2790625776638,40.92838864283575,41.08869552612305,662000,0.322,0.0,0.0
2004-06-02,41.088687188031905,41.14379302629348,40.9584404994289,40.98348617553711,906600,0.0,0.0,0.0
2004-06-03,40.97846123061194,41.10370102187663,40.873256442576306,41.068634033203125,1173600,0.0,0.0,0.0
2004-06-04,41.09873141604797,41.14381595137365,40.79815638115332,40.82821273803711,568200,0.0,0.0,0.0
2004-06-07,40.788134931053726,40.873297156660584,40.68794452704789,40.83823013305664,377200,0.0,0.0,0.0
2004-06-08,40.67789764585113,40.91835981527037,40.617784970008714,40.91334915161133,1294200,0.0,0.0,0.0
2004-06-09,40.803152843998326,40.83821985877993,40.57772258069056,40.73802947998047,589400,0.0,0.0,0.0
2004-06-10,40.758044525348105,40.878273674120535,40.652843542420264,40.81816101074219,336200,0.0,0.0,0.0
2004-06-14,40.67788710261277,40.70794725475926,40.457467644959884,40.49253463745117,892200,0.0,0.0,0.0
2004-06-15,40.98347636798887,41.38925597281149,40.98347636798887,41.349178314208984,1567400,0.0,0.0,0.0
2004-06-16,41.103737776967805,41.24901270136684,41.0736776012141,41.188899993896484,494700,0.0,0.0,0.0
2004-06-17,41.12377718393274,41.46442990999636,41.063664470051414,41.45942306518555,552800,0.0,0.0,0.0
2004-06-18,41.459416500388876,41.50450102866107,41.26404256717273,41.36924362182617,394500,0.0,0.0,0.0
2004-06-21,41.39425844170383,41.4543749232583,41.32412445756469,41.399269104003906,731900,0.0,0.0,0.0
2004-06-22,41.29409050430327,41.37424203445971,41.25902349323153,41.274051666259766,362700,0.0,0.0,0.0
2004-06-23,41.22394794650568,41.41932179945459,41.16884210880042,41.35419845581055,302900,0.0,0.0,0.0
2004-06-24,41.70989541890146,41.74996928029657,41.52954966555959,41.60469436645508,1087900,0.0,0.0,0.0
2004-06-25,41.53955909984132,41.65478146175019,41.514513419090704,41.64476013183594,253200,0.0,0.0,0.0
2004-06-28,41.4694434737674,41.51453183434708,41.16886841730661,41.218963623046875,573100,0.0,0.0,0.0
2004-06-29,41.279042873683714,41.499462344228576,41.163820564750004,41.479427337646484,401500,0.0,0.0,0.0
2004-06-30,41.59468088018637,41.9553724549038,41.53456816574611,41.905277252197266,1730800,0.0,0.0,0.0
2004-07-01,41.9233599227149,42.02898520601375,41.7121093561172,41.98371887207031,1099300,0.336,0.0,0.0
2004-07-02,42.58228366050049,42.59737244474607,42.38109091655034,42.42635726928711,1293300,0.0,0.0,0.0
2004-07-06,42.537007202195866,42.54706511106668,42.32072570587078,42.355934143066406,351600,0.0,0.0,0.0
2004-07-07,42.35087492616289,42.46153103684337,42.315666512530846,42.370994567871094,303500,0.0,0.0,0.0
2004-07-08,42.4012100730519,42.52192418302088,42.36600163108459,42.39617919921875,715200,0.0,0.0,0.0
2004-07-09,42.37603172690781,42.46153733878606,42.295553148130736,42.4414176940918,2152900,0.0,0.0,0.0
2004-07-12,42.55712481212221,42.582275339238315,42.47161915981812,42.50179672241211,1297800,0.0,0.0,0.0
2004-07-13,42.35087945408019,42.38608787147652,42.22513455803194,42.37602996826172,307100,0.0,0.0,0.0
2004-07-14,42.41126345457995,42.43641398362774,42.32575779570863,42.391143798828125,241400,0.0,0.0,0.0
2004-07-15,42.3961849341275,42.44145129245188,42.33582595226209,42.436424255371094,562700,0.0,0.0,0.0
2004-07-16,42.67784899082079,43.00478673347407,42.67784899082079,42.999755859375,2970600,0.0,0.0,0.0
2004-07-19,42.959509430338386,43.03998420825107,42.9343589036854,43.02992630004883,978300,0.0,0.0,0.0
2004-07-20,42.909214078703954,42.94442251823759,42.552098809882196,42.642635345458984,1091500,0.0,0.0,0.0
2004-07-21,42.456549192758985,42.53199313267628,42.34589296430248,42.5269660949707,662800,0.0,0.0,0.0
2004-07-22,42.54201776368071,42.67782057447289,42.54201776368071,42.587284088134766,154700,0.0,0.0,0.0
2004-07-23,42.64258662919643,42.73815392907947,42.64258662919643,42.728092193603516,209200,0.0,0.0,0.0
2004-07-26,42.6728269370997,42.6728269370997,42.48169589358696,42.5269660949707,712000,0.0,0.0,0.0
2004-07-27,42.45149737638019,42.4867058101178,41.953548431396484,41.953548431396484,961200,0.0,0.0,0.0
2004-07-28,41.857989383176275,42.01391192975273,41.767452844453636,41.95858383178711,495200,0.0,0.0,0.0
2004-07-29,41.883111671594236,42.07424638498698,41.883111671594236,42.05412673950195,519600,0.0,0.0,0.0
2004-07-30,42.28548755865846,42.56715485832247,42.250279146200455,42.547035217285156,578400,0.0,0.0,0.0
2004-08-02,42.668276545422565,42.72382135563139,42.57738538803202,42.60263442993164,714800,0.33,0.0,0.0
2004-08-03,42.6632024330481,42.834887347843754,42.6177588056515,42.7742919921875,509500,0.0,0.0,0.0
2004-08-04,42.75914829776548,42.98132743777097,42.66825718162334,42.79449462890625,481300,0.0,0.0,0.0
2004-08-05,42.860116099868684,42.966155042288676,42.85001880402553,42.9156608581543,623100,0.0,0.0,0.0
2004-08-06,43.63269818117398,43.85992396746,43.48626233019372,43.63774490356445,1240900,0.0,0.0,0.0
2004-08-09,43.501372987306084,43.59731071262919,43.460976127982384,43.48622512817383,322100,0.0,0.0,0.0
2004-08-10,43.556941482455095,43.6478325393204,43.3297119140625,43.3297119140625,860100,0.0,0.0,0.0
2004-08-11,43.334781223202945,43.56200703737829,43.289337601352,43.516563415527344,898400,0.0,0.0,0.0
2004-08-12,43.425677806678074,43.60746002197266,43.37013302686802,43.607460021972656,697500,0.0,0.0,0.0
2004-08-13,43.76400347023635,43.880143633195466,43.68826022069446,43.74885559082031,637500,0.0,0.0,0.0
2004-08-16,43.663023737595864,43.69331950246338,43.43579394370204,43.59737777709961,729400,0.0,0.0,0.0
2004-08-17,43.62764766423101,43.85487345081864,43.607449217262804,43.84477615356445,182000,0.0,0.0,0.0
2004-08-18,43.945760512580236,43.9609083833046,43.62764366999014,43.632694244384766,365300,0.0,0.0,0.0
2004-08-19,43.67815890789915,43.80439636139019,43.59736508848344,43.73875427246094,372900,0.0,0.0,0.0
2004-08-20,43.718524551248365,43.80436503364066,43.6276334956393,43.698326110839844,875400,0.0,0.0,0.0
2004-08-23,43.481177590087334,43.5114733104647,43.41048500756892,43.445831298828125,1007200,0.0,0.0,0.0
2004-08-24,43.4003958074543,43.49633741832346,43.30950476885664,43.47108840942383,1044200,0.0,0.0,0.0
2004-08-25,43.587265668351,43.7488494468659,43.55191933719028,43.62261199951172,588200,0.0,0.0,0.0
2004-08-26,43.708434294304624,43.870018005371094,43.64784281044192,43.870018005371094,478000,0.0,0.0,0.0
2004-08-27,43.844787514642285,43.94577592319163,43.74884582979781,43.83973693847656,304400,0.0,0.0,0.0
2004-08-30,43.93065087925204,44.046791076660156,43.89025395385245,44.046791076660156,259100,0.0,0.0,0.0
2004-08-31,44.0821119878832,44.435575250024144,44.051812385084965,44.319435119628906,1721100,0.0,0.0,0.0
2004-09-01,44.46138081435972,44.46138081435972,44.18254892415703,44.36505889892578,1388900,0.35,0.0,0.0
2004-09-02,44.29412029159836,44.29412029159836,43.929100036621094,43.929100036621094,867000,0.0,0.0,0.0
2004-09-03,43.83780965070489,43.93413543701172,43.59953251692535,43.93413543701172,958100,0.0,0.0,0.0
2004-09-07,43.72121397629077,43.89358626959653,43.69586772613857,43.88851547241211,475500,0.0,0.0,0.0
2004-09-08,43.731325068686495,44.2687131588661,43.69076645527008,44.258575439453125,584800,0.0,0.0,0.0
2004-09-09,44.21802467939394,44.40053460430029,44.03551475448759,44.09128189086914,284800,0.0,0.0,0.0
2004-09-10,44.29913972517292,44.37518617473537,44.13690910445182,44.157188415527344,711700,0.0,0.0,0.0
2004-09-13,44.20789829463317,44.375199761317475,44.16734352794835,44.349853515625,152900,0.0,0.0,0.0
2004-09-14,44.28901758991795,44.45124826773183,44.19776259190486,44.39548110961914,695700,0.0,0.0,0.0
2004-09-15,44.3599798755842,44.3599798755842,44.19774924675454,44.29407501220703,642500,0.0,0.0,0.0
2004-09-16,44.39041891258168,44.85683558605156,44.36000186331296,44.795997619628906,1103400,0.0,0.0,0.0
2004-09-17,44.6793585094181,44.81117206915817,44.557686536979254,44.57289505004883,765400,0.0,0.0,0.0
2004-09-20,44.74529420175934,44.90245408874524,44.709806360572706,44.866966247558594,727200,0.0,0.0,0.0
2004-09-21,44.79600137046334,45.07990416843687,44.66418769945325,44.9987907409668,1018500,0.0,0.0,0.0
2004-09-22,45.019046159459265,45.53108430992583,44.94299970241583,45.465179443359375,2541200,0.0,0.0,0.0
2004-09-23,45.46013502774052,45.56659858222663,45.28269577026367,45.28269577026367,2391000,0.0,0.0,0.0
2004-09-24,45.29788893487924,45.36886461379974,45.17114609853773,45.33844757080078,1984300,0.0,0.0,0.0
2004-09-27,45.42461760592534,45.571639714379984,45.40940908916852,45.53615188598633,1420800,0.0,0.0,0.0
2004-09-28,45.46515284452032,45.602033292811456,45.23194668246947,45.35361862182617,1161100,0.0,0.0,0.0
2004-09-29,44.96836482363782,45.05455290734589,44.89738913203243,44.91259765625,1970700,0.0,0.0,0.0
2004-09-30,44.684459581307635,44.8010647069899,44.59320457317344,44.74022674560547,1945700,0.0,0.0,0.0
2004-10-01,44.542208394410665,44.608383991581455,44.43530756031676,44.516754150390625,1999300,0.361,0.0,0.0
2004-10-04,44.28769075881548,44.593122332121645,44.28769075881548,44.582942962646484,1106200,0.0,0.0,0.0
2004-10-05,44.55748871329881,44.64402694704381,44.50149247175248,44.582942962646484,501700,0.0,0.0,0.0
2004-10-06,44.51672663999265,44.526909884816575,44.29783348151772,44.3792839050293,531300,0.0,0.0,0.0
2004-10-07,44.287630624810475,44.37926036076425,44.1552756987066,44.185821533203125,2128600,0.0,0.0,0.0
2004-10-08,44.78145781629145,44.903629625581665,44.66946537287051,44.77127456665039,1534500,0.0,0.0,0.0
2004-10-11,44.77127222736326,44.84763106059434,44.65928367356549,44.81708908081055,60800,0.0,0.0,0.0
2004-10-12,44.969796493758096,44.99525072915352,44.87817056738506,44.91889190673828,757900,0.0,0.0,0.0
2004-10-13,44.7967183264678,45.08178710937501,44.77126409209214,45.081787109375,648000,0.0,0.0,0.0
2004-10-14,45.05123063638219,45.3108489851321,45.00541768977496,45.29557800292969,717100,0.0,0.0,0.0
2004-10-15,45.209069349442736,45.300699194092196,44.88836683505588,45.13780212402344,746400,0.0,0.0,0.0
2004-10-18,45.12760393032328,45.19887112601191,44.985069538946036,45.158145904541016,613600,0.0,0.0,0.0
2004-10-19,44.964665713553835,45.30063877330828,44.93411988356356,45.27518844604492,505400,0.0,0.0,0.0
2004-10-20,45.438120770202396,45.61628873520232,45.40757491636644,45.58574676513672,1127100,0.0,0.0,0.0
2004-10-21,45.529779522948864,45.76394383785392,45.529779522948864,45.61631774902344,1649200,0.0,0.0,0.0
2004-10-22,45.5603085292503,45.72320556640624,45.49413294295222,45.72320556640625,491500,0.0,0.0,0.0
2004-10-25,45.85044172231037,45.86062108192694,45.71299900675491,45.758811950683594,246800,0.0,0.0,0.0
2004-10-26,45.78936839830704,45.819914254358444,45.621383666992195,45.62138366699219,503700,0.0,0.0,0.0
2004-10-27,45.74867238064008,45.840302231961246,45.1632596574089,45.173439025878906,2351800,0.0,0.0,0.0
2004-10-28,45.173411295763906,45.38721674011538,45.06141889247752,45.32103729248047,839200,0.0,0.0,0.0
2004-10-29,45.36175461886974,45.55519353759182,45.26503321762384,45.52974319458008,1169300,0.0,0.0,0.0
2004-11-01,45.364177767657345,45.49196418390427,45.18527756485805,45.246612548828125,923500,0.366,0.0,0.0
2004-11-02,45.22615171003345,45.35393807416701,45.139254018627554,45.313045501708984,709300,0.0,0.0,0.0
2004-11-03,44.9961268295959,45.3641521243076,44.9807930922712,45.3334846496582,1066600,0.0,0.0,0.0
2004-11-04,45.42037483206898,45.54304862068516,45.36414853317626,45.37948226928711,2285100,0.0,0.0,0.0
2004-11-05,44.847856484367064,44.944975272050385,44.7354039722551,44.883636474609375,1838000,0.0,0.0,0.0
2004-11-08,44.7252082824707,44.77632202627636,44.674094538665045,44.7252082824707,454100,0.0,0.0,0.0
2004-11-09,44.674121576167124,44.84280054256886,44.674121576167124,44.699676513671875,373000,0.0,0.0,0.0
2004-11-10,44.62807881790378,44.709863908310844,44.42362389134161,44.53096389770508,1303400,0.0,0.0,0.0
2004-11-11,44.699669967160126,44.699669967160126,44.433876037597656,44.433876037597656,309700,0.0,0.0,0.0
2004-11-12,44.643453425843354,45.037037709294914,44.63834477781092,44.914363861083984,1125900,0.0,0.0,0.0
2004-11-15,44.9552116394043,44.980770455235884,44.847871632421636,44.9552116394043,763200,0.0,0.0,0.0
2004-11-16,44.883651634749185,44.9552116394043,44.82742535970192,44.9552116394043,520900,0.0,0.0,0.0
2004-11-17,44.92455846988515,45.36925626860181,44.92455846988515,45.338584899902344,1249400,0.0,0.0,0.0
2004-11-18,45.26192434093606,45.52260567337158,45.19036430069145,45.47660446166992,891500,0.0,0.0,0.0
2004-11-19,45.44082597510019,45.50727347193277,45.026795557163815,45.11369323730469,1244500,0.0,0.0,0.0
2004-11-22,45.15968693643675,45.425484679000654,45.13413201101316,45.348812103271484,511500,0.0,0.0,0.0
2004-11-23,45.236384648761856,45.594185001345394,45.22616345285863,45.40506362915039,746300,0.0,0.0,0.0
2004-11-24,45.445956212226044,45.445956212226044,45.35394985017151,45.40506362915039,309700,0.0,0.0,0.0
2004-11-26,45.12905072549123,45.154605668615915,45.09838323384885,45.108604431152344,697100,0.0,0.0,0.0
2004-11-29,44.709894123950214,44.7763416300164,44.55654892566778,44.628108978271484,1546400,0.0,0.0,0.0
2004-11-30,44.43894958496094,44.551402114071976,44.28049197588309,44.43894958496094,1754500,0.0,0.0,0.0
2004-12-01,44.49798873462967,44.52365234837979,44.23110516392981,44.36967849731445,2489800,0.355,0.0,0.0
2004-12-02,44.22602074383474,44.292744647353835,44.14390413698621,44.190093994140625,2881500,0.0,0.0,0.0
2004-12-03,44.72894820288305,44.990702175750606,44.61603457083361,44.87778854370117,2233700,0.0,0.0,0.0
2004-12-06,44.903458535848785,45.08822562779651,44.88292842388587,45.031768798828125,1314100,0.0,0.0,0.0
2004-12-07,45.031765678605574,45.1087526142025,44.90858893108142,45.08822250366211,784300,0.0,0.0,0.0
2004-12-08,45.375661484818096,45.79138565063476,45.34999785563828,45.791385650634766,2639700,0.0,0.0,0.0
2004-12-09,45.67332301187505,45.817029889015714,45.457762696164046,45.488555908203125,1428900,0.0,0.0,0.0
2004-12-10,45.65278281714485,45.70411004683373,45.509075971738845,45.60145950317383,1445000,0.0,0.0,0.0
2004-12-13,45.58604575289258,45.827269545107214,45.57578266024609,45.69895935058594,677400,0.0,0.0,0.0
2004-12-14,45.54500887327758,45.90427995134029,45.524478761755276,45.87861633300781,1568200,0.0,0.0,0.0
2004-12-15,46.16602797190426,46.32000184348846,46.1095711467046,46.29433822631836,2511500,0.0,0.0,0.0
2004-12-16,46.13523661905468,46.13523661905468,45.601465469341974,45.611732482910156,1998200,0.0,0.0,0.0
2004-12-17,45.41155181644537,45.616845022450185,45.38588820783631,45.55012512207031,1319800,0.0,0.0,0.0
2004-12-20,45.6117635757588,45.72980690223265,45.586099940062205,45.632293701171875,230500,0.0,0.0,0.0
2004-12-21,45.70925316144041,45.80163672020935,45.627136617934134,45.770843505859375,245200,0.0,0.0,0.0
2004-12-22,45.786241395232906,45.786241395232906,45.524487318770895,45.61687088012695,511600,0.0,0.0,0.0
2004-12-23,45.54501979465404,45.57068341914047,45.45776973655109,45.46803283691406,738600,0.0,0.0,0.0
2004-12-27,45.33458925539409,45.355119370164616,45.01124484240716,45.113895416259766,1322600,0.0,0.0,0.0
2004-12-28,45.09337283652753,45.119036463208786,44.85728235079467,45.07797622680664,1253500,0.0,0.0,0.0
2004-12-29,45.0984926416372,45.16521256872781,44.9445187597746,45.031768798828125,567500,0.0,0.0,0.0
2004-12-30,45.06256615010839,45.39616970294912,45.031769024150684,45.3345832824707,626400,0.0,0.0,0.0
2004-12-31,45.52780151042132,45.67205553838084,45.491738003431436,45.62053680419922,1056400,0.335,0.0,0.0
2005-01-03,45.429913875597265,45.769940671023704,45.41961170085057,45.718421936035156,1168000,0.0,0.0,0.0
2005-01-04,45.708102422281456,45.72355764385245,45.23927307128906,45.23927307128906,1935400,0.0,0.0,0.0
2005-01-05,45.332003968374565,45.62051582222754,45.30624657844393,45.48141098022461,1094100,0.0,0.0,0.0
2005-01-06,45.48657933236149,45.61537811722015,45.45051582982614,45.51233673095703,1057400,0.0,0.0,0.0
2005-01-07,45.72870377521471,45.785375532817184,45.517471964037234,45.615360260009766,738700,0.0,0.0,0.0
2005-01-10,45.66687647315161,45.70809300927026,45.57929428186841,45.68748474121094,379400,0.0,0.0,0.0
2005-01-11,45.80082718985241,45.99659983594566,45.718394119523595,45.95538330078125,844100,0.0,0.0,0.0
2005-01-12,45.785398536031295,46.07905964086283,45.74933502949505,46.017234802246094,722000,0.0,0.0,0.0
2005-01-13,46.23876636590992,46.46030044555664,46.22846419201744,46.46030044555664,1876700,0.0,0.0,0.0
2005-01-14,46.316057235185184,46.57365487950698,46.26968761528064,46.45515823364258,1043800,0.0,0.0,0.0
2005-01-18,46.26449298587099,46.61997471254982,46.22842950836373,46.60967254638672,1251600,0.0,0.0,0.0
2005-01-19,46.77971584290099,46.80032018759303,46.50665914289881,46.74365234375,655800,0.0,0.0,0.0
2005-01-20,46.58392782709463,46.8930440202027,46.54786433674244,46.83637619018555,1064200,0.0,0.0,0.0
2005-01-21,46.676680847321116,46.908521028380086,46.63546429104923,46.88791275024414,606300,0.0,0.0,0.0
2005-01-24,46.92911209812135,47.140343941280044,46.88274643340419,47.08882522583008,561400,0.0,0.0,0.0
2005-01-25,47.06819626433188,47.088804527578546,46.630281479557006,46.64573669433594,1942200,0.0,0.0,0.0
2005-01-26,46.805479669343796,46.84154317344928,46.69213610483307,46.73335266113281,709800,0.0,0.0,0.0
2005-01-27,46.63543059740044,46.7281658166983,46.542695378102586,46.64573669433594,463900,0.0,0.0,0.0
2005-01-28,46.99607038517807,47.191842994571026,46.97030907287335,47.11456298828125,1128000,0.0,0.0,0.0
2005-01-31,47.05276626114237,47.269147245236155,47.03215798685347,47.248538970947266,1313900,0.0,0.0,0.0
2005-02-01,47.287336471143355,47.31836364376934,47.085651958135344,47.17356491088867,948200,0.345,0.0,0.0
2005-02-02,47.163191011746,47.297648586579676,47.106305266449716,47.282135009765625,760300,0.0,0.0,0.0
2005-02-03,47.09083226761246,47.28734826450652,47.09083226761246,47.256317138671875,505800,0.0,0.0,0.0
2005-02-04,47.82001187691218,48.063068691657364,47.81483936402129,47.9130973815918,3483900,0.0,0.0,0.0
2005-02-07,47.959557064705564,48.31121238270548,47.93887099359208,48.269840240478516,1064600,0.0,0.0,0.0
2005-02-08,48.285401808738634,48.673257118701976,48.26471571875106,48.54397201538086,1383800,0.0,0.0,0.0
2005-02-09,48.321592715941925,48.73530260425552,48.29056161385445,48.673248291015625,2125800,0.0,0.0,0.0
2005-02-10,48.3474874020802,48.44574540670267,47.96480435347968,48.016517639160156,1240000,0.0,0.0,0.0
2005-02-11,47.814793492193616,48.08370866793423,47.78376633555721,47.985450744628906,1275200,0.0,0.0,0.0
2005-02-14,48.042340145178585,48.202652393935516,47.954427231051746,48.13542556762695,295000,0.0,0.0,0.0
2005-02-15,47.88723013696657,48.021687829611686,47.87171654655956,47.89240264892578,900200,0.0,0.0,0.0
2005-02-16,47.84066894508097,47.87169611265113,47.47349966211471,47.71138381958008,1189700,0.0,0.0,0.0
2005-02-17,47.452794900288886,47.649306793372155,47.37005055869548,47.41142272949219,1146400,0.0,0.0,0.0
2005-02-18,46.82704209483908,47.03389499817522,46.780497429762086,46.98735427856445,2655800,0.0,0.0,0.0
2005-02-22,46.868441960051825,46.93050024024244,46.74950185485594,46.7805290222168,914600,0.0,0.0,0.0
2005-02-23,47.13216174510611,47.14767532122466,46.76499264358817,46.93564987182617,1115000,0.0,0.0,0.0
2005-02-24,47.14251314583368,47.23042605272624,46.83222579956054,46.83222579956055,798500,0.0,0.0,0.0
2005-02-25,47.002924837402944,47.13221003146455,46.86329856382364,47.059810638427734,588800,0.0,0.0,0.0
2005-02-28,47.111518135101896,47.111518135101896,46.48577834622821,46.55300521850586,2797300,0.0,0.0,0.0
2005-03-01,46.450262964048655,46.616267764372736,46.403572011340856,46.5384521484375,1648500,0.282,0.0,0.0
2005-03-02,46.40356563157517,46.54363451257464,46.388003302101026,46.476192474365234,1139300,0.0,0.0,0.0
2005-03-03,46.49175471318674,46.58513263976631,46.40356159073633,46.450252532958984,1600600,0.0,0.0,0.0
2005-03-04,46.683742170979464,47.036503140827136,46.621492796098515,46.9535026550293,1567000,0.0,0.0,0.0
2005-03-07,47.12980497749874,47.20243176937458,47.077929262996484,47.14018249511719,889800,0.0,0.0,0.0
2005-03-08,46.75636787302957,46.82899478042863,46.657805046056325,46.69411849975586,680400,0.0,0.0,0.0
2005-03-09,46.263532150027025,46.3776612542232,45.879646583259806,45.931522369384766,2549600,0.0,0.0,0.0
2005-03-10,46.03524944648719,46.34132315014094,45.8536823127265,46.211631774902344,1357700,0.0,0.0,0.0
2005-03-11,45.98858359423001,46.10271269016899,45.85889215936634,45.874454498291016,1017900,0.0,0.0,0.0
2005-03-14,45.84332513380233,46.17014609141466,45.807011694067626,46.14939498901367,805000,0.0,0.0,0.0
2005-03-15,46.32059556166603,46.32578432751141,45.85889434814453,45.85889434814453,963900,0.0,0.0,0.0
2005-03-16,45.93152714728627,46.356914970350765,45.93152714728627,46.139034271240234,2097800,0.0,0.0,0.0
2005-03-17,46.35171239134076,46.47103023836587,46.23239850218367,46.28946304321289,1025300,0.0,0.0,0.0
2005-03-18,46.11830704960524,46.15980928746558,45.99898910522461,45.99898910522461,722700,0.0,0.0,0.0
2005-03-21,45.998950296105235,45.998950296105235,45.84850777919269,45.869258880615234,893100,0.0,0.0,0.0
2005-03-22,46.139005616151266,46.19607013874485,45.412733112305744,45.48017120361328,2544900,0.0,0.0,0.0
2005-03-23,45.40754024579941,45.73436501982334,45.40754024579941,45.69804763793945,1951700,0.0,0.0,0.0
2005-03-24,45.817390370846496,45.890017258407255,45.74476348328573,45.79145050048828,746800,0.0,0.0,0.0
2005-03-28,45.64619061787414,45.651379382825226,45.50612562713876,45.511314392089844,382200,0.0,0.0,0.0
2005-03-29,45.692862457833215,45.79661396621243,45.64617150855612,45.78105163574219,1135000,0.0,0.0,0.0
2005-03-30,45.75515167743964,46.040474511078756,45.73440452396571,46.00934982299805,1095600,0.0,0.0,0.0
2005-03-31,46.27387037592126,46.37243706477264,46.097492046256434,46.341312408447266,2410900,0.0,0.0,0.0
2005-04-01,46.61728049390256,46.684972599010116,46.08097151749763,46.49752426147461,2805300,0.33,0.0,0.0
2005-04-04,46.487125396728516,46.68498981070933,46.42984927400174,46.487125396728516,754800,0.0,0.0,0.0
2005-04-05,46.466298843085355,46.52878297148239,46.304886477071705,46.36737060546875,733300,0.0,0.0,0.0
2005-04-06,46.55481412006713,46.570434157387254,46.445465913741124,46.528778076171875,402800,0.0,0.0,0.0
2005-04-07,46.49753393949185,46.643326238466656,46.138257222345224,46.15387725830078,973000,0.0,0.0,0.0
2005-04-08,46.112220135796164,46.341324584731915,45.99766791132829,46.31528854370117,438600,0.0,0.0,0.0
2005-04-11,46.32569201802504,46.6641405971637,46.31007198664866,46.565208435058594,1460200,0.0,0.0,0.0
2005-04-12,46.461081707031084,47.070286890034374,46.40380559862477,46.99739074707031,1931500,0.0,0.0,0.0
2005-04-13,47.04424004218998,47.09110410763792,46.757863538496125,46.88282775878906,1001700,0.0,0.0,0.0
2005-04-14,46.90366069158507,46.92448872590023,46.68497229008787,46.8099365234375,1461800,0.0,0.0,0.0
2005-04-15,47.14323432498603,47.44523523015327,46.97661382085,47.42961120605469,2807300,0.0,0.0,0.0
2005-04-18,47.57533736824382,47.58574939638784,47.35144102401447,47.39309310913086,3510800,0.0,0.0,0.0
2005-04-19,47.55976774192,47.92425270431836,47.549355701871974,47.851356506347656,1733600,0.0,0.0,0.0
2005-04-20,47.49725508802893,47.78363167785195,47.47642704962582,47.731563568115234,1617900,0.0,0.0,0.0
2005-04-21,47.53891332665255,47.60139347216102,47.226496708940914,47.23170471191406,1288500,0.0,0.0,0.0
2005-04-22,47.52328976442802,47.684706077774216,47.429565572742035,47.6274299621582,876300,0.0,0.0,0.0
2005-04-25,47.726395197378594,47.80970344069386,47.64829098814577,47.76804733276367,818300,0.0,0.0,0.0
2005-04-26,47.89819020058943,47.92943424857323,47.55974148398735,47.69512176513672,549300,0.0,0.0,0.0
2005-04-27,47.929420776031236,48.00752094268081,47.79924853489323,47.86172866821289,684900,0.0,0.0,0.0
2005-04-28,47.92939812449621,48.24181056107234,47.87732607461714,48.21577453613281,1062000,0.0,0.0,0.0
2005-04-29,48.20021458535669,48.392871081426904,48.017974101260336,48.13252639770508,1445100,0.0,0.0,0.0
2005-05-02,48.153395774497326,48.21087708581567,47.92347052922394,48.122039794921875,1358200,0.33,0.0,0.0
2005-05-03,48.11162419644241,48.35722561033717,48.0332401727007,48.25271224975586,1884900,0.0,0.0,0.0
2005-05-04,47.78760904943346,47.92870100180764,47.57859043177103,47.82941436767578,2211500,0.0,0.0,0.0
2005-05-05,47.70926085150606,47.99143697072883,47.66222884045077,47.93918228149414,1757900,0.0,0.0,0.0
2005-05-06,47.51590872688087,47.6569967704908,47.45320071484491,47.583839416503906,850600,0.0,0.0,0.0
2005-05-09,47.55770965719309,47.677895018977,47.55248299331401,47.63086700439453,327800,0.0,0.0,0.0
2005-05-10,47.740575708244656,47.97050094604492,47.73012238646784,47.97050094604492,495500,0.0,0.0,0.0
2005-05-11,48.1481618330312,48.3467310687038,48.0697778761063,48.1168098449707,1058700,0.0,0.0,0.0
2005-05-12,48.07502540380328,48.3206267149459,47.928710746980116,48.30495071411133,657000,0.0,0.0,0.0
2005-05-13,48.446021463741516,48.60801206373771,48.37286416137072,48.4930534362793,1698100,0.0,0.0,0.0
2005-05-16,48.61842854826217,48.63410453163952,48.430308774192106,48.4355354309082,824800,0.0,0.0,0.0
2005-05-17,48.576626345767956,48.69681553722742,48.54527437702688,48.5713996887207,856300,0.0,0.0,0.0
2005-05-18,48.96336217819805,49.015620825219884,48.77524221188948,48.89543151855469,1092300,0.0,0.0,0.0
2005-05-19,48.96332770443809,48.96332770443809,48.74385589386063,48.76998519897461,948800,0.0,0.0,0.0
2005-05-20,48.728174678020615,48.86403987384792,48.70727203352627,48.82746124267578,806800,0.0,0.0,0.0
2005-05-23,48.91112071637112,49.24033273963483,48.89544471274449,49.20897674560547,905600,0.0,0.0,0.0
2005-05-24,49.39707276419508,49.45978073501242,49.21417949944552,49.344818115234375,1695400,0.0,0.0,0.0
2005-05-25,49.42845662965429,49.459812628669646,48.97906316938608,48.999961853027344,1923300,0.0,0.0,0.0
2005-05-26,48.90589943373222,49.1567274796838,48.90589943373222,48.984283447265625,978300,0.0,0.0,0.0
2005-05-27,48.984286301965376,49.10970232563841,48.879776935681285,49.03654098510742,650600,0.0,0.0,0.0
2005-05-31,49.235089219973034,49.66881044344229,49.235089219973034,49.64268112182617,1979000,0.0,0.0,0.0
2005-06-01,49.93061163042593,50.266279298415654,49.925369699173196,50.250545501708984,3823200,0.349,0.0,0.0
2005-06-02,50.2086125872559,50.44987358185407,50.2086125872559,50.37120056152344,1703400,0.0,0.0,0.0
2005-06-03,50.82223152231671,50.87467884454202,49.93061103858971,49.95683670043945,5558100,0.0,0.0,0.0
2005-06-06,50.0879501462294,50.28725154397708,50.00927717293012,50.21907043457031,1088700,0.0,0.0,0.0
2005-06-07,50.59670749488824,50.65440075326692,50.37642632733753,50.6176872253418,1503100,0.0,0.0,0.0
2005-06-08,50.51281954369897,50.58624664456913,50.37645721435547,50.37645721435547,1272400,0.0,0.0,0.0
2005-06-09,50.17711144939655,50.35543712396777,50.05123709182925,50.33445739746094,612700,0.0,0.0,0.0
2005-06-10,50.114180141769594,50.114180141769594,49.75228683415596,49.76802062988281,1464800,0.0,0.0,0.0
2005-06-13,49.553023744258525,49.57924542359222,49.390431725890444,49.4691047668457,1616700,0.0,0.0,0.0
2005-06-14,49.32746584421392,49.385159104967705,49.07571306988153,49.14389419555664,1984500,0.0,0.0,0.0
2005-06-15,48.981298565366316,49.23305130004883,48.94983097408374,49.23305130004883,1996800,0.0,0.0,0.0
2005-06-16,49.19633311032973,49.52150886000539,49.07570068606472,49.479549407958984,1370300,0.0,0.0,0.0
2005-06-17,49.358910102872976,49.547723593979974,49.311704729359874,49.47429656982422,555900,0.0,0.0,0.0
2005-06-20,49.20683609030052,49.40613754654146,49.091449562459786,49.390403747558594,453000,0.0,0.0,0.0
2005-06-21,49.50055504923953,49.75230789184571,49.46908744446714,49.7523078918457,503100,0.0,0.0,0.0
2005-06-22,50.08270198926691,50.397389867009785,49.962073570177644,50.35543441772461,952200,0.0,0.0,0.0
2005-06-23,50.2453157636286,50.33972256825281,50.10894948995468,50.303009033203125,996300,0.0,0.0,0.0
2005-06-24,50.47607173678323,50.586212313339615,50.36068522758869,50.554744720458984,928000,0.0,0.0,0.0
2005-06-27,50.607201216178865,50.77503507775641,50.53377415183087,50.69112014770508,1203600,0.0,0.0,0.0
2005-06-28,50.518054360983236,50.54428003472617,50.30301904189998,50.344974517822266,982400,0.0,0.0,0.0
2005-06-29,50.596718396012626,50.601964330124865,50.14041816365478,50.266292572021484,1682400,0.0,0.0,0.0
2005-06-30,50.276768641040405,50.727822797544654,50.25054298019577,50.71733093261719,2159400,0.0,0.0,0.0
2005-07-01,50.544718600537884,50.66050264558381,49.99211439109514,50.10263442993164,2222700,0.332,0.0,0.0
2005-07-05,49.6552907300193,49.86054280623248,49.61318671047293,49.62897872924805,1076100,0.0,0.0,0.0
2005-07-06,49.80262622959264,49.90788622656352,49.69737024788009,49.90262222290039,854100,0.0,0.0,0.0
2005-07-07,50.2236841466135,50.28684017744016,49.97632804495124,50.007904052734375,1678000,0.0,0.0,0.0
2005-07-08,50.12897745591653,50.12897745591653,49.63952901148448,49.802677154541016,1259300,0.0,0.0,0.0
2005-07-11,49.5290089130982,49.81320517263253,49.44480082941584,49.802677154541016,982000,0.0,0.0,0.0
2005-07-12,49.655299489840345,49.75003154290145,49.502675403505165,49.52372741699219,743700,0.0,0.0,0.0
2005-07-13,49.49742220936758,49.523734218394196,49.39742613538638,49.45005416870117,886600,0.0,0.0,0.0
2005-07-14,49.523699387308646,49.54475138888055,49.260555390547964,49.32371139526367,874300,0.0,0.0,0.0
2005-07-15,49.20796986742375,49.48690210230516,49.20796986742375,49.455326080322266,1064700,0.0,0.0,0.0
2005-07-18,49.39215076276521,49.45530679736824,48.99743458083273,49.0869026184082,1204500,0.0,0.0,0.0
2005-07-19,49.06586547654572,49.32374564818386,49.00797343583449,49.260589599609375,1226900,0.0,0.0,0.0
2005-07-20,49.21320815455191,49.597396272085845,49.039532093894586,49.52898025512695,1884500,0.0,0.0,0.0
2005-07-21,49.19740032486258,49.22897631761667,48.77636835026839,48.85531234741211,3824200,0.0,0.0,0.0
2005-07-22,48.997424673954406,49.27109675330596,48.96058466503322,49.234256744384766,1614900,0.0,0.0,0.0
2005-07-25,49.15532060122879,49.31846866471197,49.018484539616175,49.05532455444336,305100,0.0,0.0,0.0
2005-07-26,49.086913118547386,49.160597182309594,49.03428508608423,49.134281158447266,340500,0.0,0.0,0.0
2005-07-27,48.98164452478899,49.086900562792245,48.950068516440105,49.05532455444336,593300,0.0,0.0,0.0
2005-07-28,49.14477444023329,49.56054246275536,49.14477444023329,49.49212646484375,578900,0.0,0.0,0.0
2005-07-29,49.36582177953047,49.36582177953047,48.86584571190205,49.002681732177734,1699500,0.0,0.0,0.0
2005-08-01,48.86275243580106,48.91557622698957,48.60919259582053,48.820491790771484,1760300,0.345,0.0,0.0
2005-08-02,48.74120181791389,48.84156973467347,48.57744703178413,48.66196823120117,1071400,0.0,0.0,0.0
2005-08-03,48.73063510568198,48.94721764064399,48.73063510568198,48.89967346191406,591100,0.0,0.0,0.0
2005-08-04,48.910258944476176,49.01591048426665,48.70424347962744,48.7993278503418,1046800,0.0,0.0,0.0
2005-08-05,48.44010591610232,48.529910705109906,48.360872323144044,48.41897964477539,1041600,0.0,0.0,0.0
2005-08-08,48.429553432586964,48.519354211153434,48.302775625775844,48.329185485839844,836600,0.0,0.0,0.0
2005-08-09,48.440141227830985,48.5193789087446,48.21827894542955,48.50881576538086,1474800,0.0,0.0,0.0
2005-08-10,48.60386740861912,48.65140756699908,48.355591389897576,48.45595932006836,909300,0.0,0.0,0.0
2005-08-11,48.61444270673038,48.83630489505975,48.4401206886741,48.79404830932617,881600,0.0,0.0,0.0
2005-08-12,48.92612442811183,49.3592857961778,48.89971052766332,49.290611267089844,1765100,0.0,0.0,0.0
2005-08-15,49.26418631411621,49.285316621966686,49.15325522054683,49.163818359375,954300,0.0,0.0,0.0
2005-08-16,49.48601463458895,49.60222923313588,49.39093032943158,49.507144927978516,1311000,0.0,0.0,0.0
2005-08-17,49.39624724256436,49.51246191953213,49.116277719066055,49.179664611816406,1278200,0.0,0.0,0.0
2005-08-18,49.36456472529924,49.55473352156672,49.269480327165496,49.54417037963867,833900,0.0,0.0,0.0
2005-08-19,49.316998187356454,49.57055376008808,49.306431020879955,49.53886032104492,439200,0.0,0.0,0.0
2005-08-22,49.41206511602879,49.54941002045453,49.232459620981025,49.486019134521484,599300,0.0,0.0,0.0
2005-08-23,49.5124639153237,49.77658672628091,49.47020329832392,49.71319580078125,491800,0.0,0.0,0.0
2005-08-24,49.79770013678499,49.829397606441276,49.57583800015707,49.76072311401367,998200,0.0,0.0,0.0
2005-08-25,49.803028103695915,49.97735023648212,49.68681334850511,49.91924285888672,812400,0.0,0.0,0.0
2005-08-26,49.99841606726614,50.11991022356626,49.76070327548448,49.9033317565918,874600,0.0,0.0,0.0
2005-08-29,50.09351765125435,50.11992750598681,49.91919568320952,49.96673583984375,550100,0.0,0.0,0.0
2005-08-30,50.09352650043047,50.36821241329156,50.03541916748402,50.283695220947266,1392700,0.0,0.0,0.0
2005-08-31,50.347049960414246,50.7115404470385,50.341770410021965,50.70625686645508,1310800,0.0,0.0,0.0
2005-09-01,50.52288509999583,50.75082400008869,50.32145232206561,50.40096664428711,1899000,0.334,0.0,0.0
2005-09-02,50.29493460178741,50.51227342945629,50.25253047807866,50.443363189697266,621400,0.0,0.0,0.0
2005-09-06,50.36384099043849,50.44865326882574,50.08289399911687,50.088191986083984,965300,0.0,0.0,0.0
2005-09-07,49.923885416327124,49.923885416327124,49.489211699262185,49.616432189941406,1090200,0.0,0.0,0.0
2005-09-08,49.77011759050588,49.81782776267027,49.61639110460773,49.66939926147461,373100,0.0,0.0,0.0
2005-09-09,49.80725660775243,49.99808933394911,49.76484843653854,49.828460693359375,426300,0.0,0.0,0.0
2005-09-12,49.648217322449895,49.674719388407254,49.399074445715996,49.48388671875,917300,0.0,0.0,0.0
2005-09-13,49.70127489010632,49.89210774940694,49.63766258891658,49.74367904663086,450400,0.0,0.0,0.0
2005-09-14,49.733077597737015,49.76488172528896,49.49983654430672,49.55284881591797,346400,0.0,0.0,0.0
2005-09-15,49.483891459996954,49.483891459996954,48.9803076716461,49.14463424682617,2225800,0.0,0.0,0.0
2005-09-16,48.9272941990266,49.02271053267841,48.70465339099599,48.82127380371094,2145500,0.0,0.0,0.0
2005-09-19,48.86369106516859,49.00151558262345,48.821282899141664,48.927303314208984,886100,0.0,0.0,0.0
2005-09-20,48.922035222718456,49.19238241336553,48.704696254247565,49.05455780029297,1848800,0.0,0.0,0.0
2005-09-21,49.44680566799743,49.51571997181866,49.367291341270366,49.51041793823242,993000,0.0,0.0,0.0
2005-09-22,49.49452712810146,49.53693127362671,49.36730255872297,49.46271896362305,761700,0.0,0.0,0.0
2005-09-23,49.324850728944035,49.3513527887433,49.091609954833984,49.091609954833984,656800,0.0,0.0,0.0
2005-09-26,48.826583686860275,48.96970618822276,48.82128165517568,48.86899185180664,680900,0.0,0.0,0.0
2005-09-27,48.91138299199771,49.06510951593223,48.73645643548145,48.937889099121094,827800,0.0,0.0,0.0
2005-09-28,48.975023688856815,49.308978993693806,48.906113432252305,49.26657485961914,712800,0.0,0.0,0.0
2005-09-29,49.08631150271613,49.09161353276787,48.95909109132195,49.04390335083008,657100,0.0,0.0,0.0
2005-09-30,49.07572723025577,49.13403744673887,48.768274096847634,48.874290466308594,1391800,0.0,0.0,0.0
2005-10-03,48.84873518876941,49.06692657596599,48.48153019690023,48.4921760559082,1370900,0.362,0.0,0.0
2005-10-04,48.62523748845734,48.71570701991281,48.54008682811786,48.6518440246582,783200,0.0,0.0,0.0
2005-10-05,48.79021458894362,48.94987005604526,48.73167452168683,48.86471939086914,1215800,0.0,0.0,0.0
2005-10-06,48.80086965075871,48.82215732283642,48.66250587256606,48.678470611572266,340000,0.0,0.0,0.0
2005-10-07,48.476239129509686,48.93391392273597,48.40705724130878,48.87537384033203,1337800,0.0,0.0,0.0
2005-10-10,48.88068959995908,48.94455260599355,48.75829058031923,48.84343719482422,159700,0.0,0.0,0.0
2005-10-11,48.875362071277635,48.917937404629974,48.66781239644408,48.74231719970703,679100,0.0,0.0,0.0
2005-10-12,48.66247710937386,48.66247710937386,48.24205496980898,48.26866149902344,1105700,0.0,0.0,0.0
2005-10-13,48.029211781078175,48.162256689059,47.93874221810122,48.093074798583984,1376600,0.0,0.0,0.0
2005-10-14,48.21549296314851,48.26871013540584,47.80039333524736,48.01858901977539,1042600,0.0,0.0,0.0
2005-10-17,48.11967271225784,48.220788123451676,47.96002128744444,48.00791549682617,1058200,0.0,0.0,0.0
2005-10-18,48.140927694412966,48.151573551630165,48.01852875784939,48.061100006103516,878200,0.0,0.0,0.0
2005-10-19,48.24737197200632,48.35912912547054,48.08239364624023,48.082393646240234,904800,0.0,0.0,0.0
2005-10-20,48.04518108475821,48.21547842074381,47.9653533203443,48.21015548706055,810300,0.0,0.0,0.0
2005-10-21,48.33783594287728,48.67843029360634,48.29526063398491,48.657142639160156,1252800,0.0,0.0,0.0
2005-10-24,48.59861125753039,48.64650950361388,48.15690148458619,48.27930450439453,939100,0.0,0.0,0.0
2005-10-25,48.33255151456546,48.45495461008264,47.85891199141353,47.864234924316406,632900,0.0,0.0,0.0
2005-10-26,47.603450948308414,47.73649581296015,47.449122478294605,47.51298141479492,2895800,0.0,0.0,0.0
2005-10-27,47.68330001831055,47.78441545996318,47.52364854540567,47.68330001831055,1197400,0.0,0.0,0.0
2005-10-28,47.74715779132042,47.83230442212829,47.427850820426166,47.68861770629883,750400,0.0,0.0,0.0
2005-10-31,47.773710733620526,47.91740134843339,47.672599476748964,47.77903366088867,547700,0.0,0.0,0.0
2005-11-01,47.80422714343107,47.921827370317295,47.622480225995055,47.72404479980469,647100,0.397,0.0,0.0
2005-11-02,47.617096585238876,47.78280362818149,47.483460820739374,47.49949645996094,781100,0.0,0.0,0.0
2005-11-03,47.51554416060431,47.55830859487711,47.168090269059384,47.17878341674805,962900,0.0,0.0,0.0
2005-11-04,47.26431484888189,47.38191502053743,46.96497192338886,47.10395431518555,1888700,0.0,0.0,0.0
2005-11-07,47.30711918215512,47.34453707939539,47.22693680857028,47.26435470581055,1121600,0.0,0.0,0.0
2005-11-08,47.51557315332216,47.74542702998795,47.51557315332216,47.72404479980469,1396800,0.0,0.0,0.0
2005-11-09,47.45673444240262,47.5369167208152,47.23222732543945,47.23222732543945,1140300,0.0,0.0,0.0
2005-11-10,47.424660513237576,47.83091437712565,47.376549517581424,47.809532165527344,1695200,0.0,0.0,0.0
2005-11-11,47.89506181759887,47.94851531292542,47.80953704072444,47.83626174926758,193700,0.0,0.0,0.0
2005-11-14,47.777484765723294,47.814902638355214,47.37123474236028,47.47814178466797,1230100,0.0,0.0,0.0
2005-11-15,47.44067425797099,47.92176360130505,47.44067425797099,47.78812789916992,839800,0.0,0.0,0.0
2005-11-16,48.00195406049006,48.34406119029649,47.97522528418946,48.29060363769531,1822300,0.0,0.0,0.0
2005-11-17,48.19978110031604,48.58999960670626,48.13563849746594,48.40825271606445,1003100,0.0,0.0,0.0
2005-11-18,48.30667017943893,48.349430535734385,48.14095901517064,48.18372344970703,734200,0.0,0.0,0.0
2005-11-21,48.29064964047297,48.46170744656845,48.28530714271441,48.32807159423828,503300,0.0,0.0,0.0
2005-11-22,48.30664901373093,48.467009455618566,48.295955870661594,48.392173767089844,1026900,0.0,0.0,0.0
2005-11-23,48.42431523066954,48.47777286702454,48.03410058604649,48.20515441894531,768300,0.0,0.0,0.0
2005-11-25,48.32805436730554,48.397543517579926,48.29063242687959,48.381507873535156,421500,0.0,0.0,0.0
2005-11-28,48.38688128501652,48.718299760577715,48.38688128501652,48.6220817565918,883400,0.0,0.0,0.0
2005-11-29,48.6862000643175,48.702235709257884,48.12492802195578,48.16234588623047,889200,0.0,0.0,0.0
2005-11-30,48.26923599612331,48.26923599612331,48.012653553911434,48.10887145996094,1642800,0.0,0.0,0.0
2005-12-01,48.31823528448679,48.323605124172694,47.87800263795652,48.033695220947266,1214800,0.39,0.0,0.0
2005-12-02,47.92634576962228,48.0766726931721,47.86192404123364,48.049827575683594,746200,0.0,0.0,0.0
2005-12-05,47.969296589333844,47.969296589333844,47.700861796896625,47.835079193115234,431100,0.0,0.0,0.0
2005-12-06,48.001502784321175,48.38267962845794,47.95318240059135,48.32362365722656,968800,0.0,0.0,0.0
2005-12-07,48.21090515543935,48.269961155578265,48.06057818490956,48.141109466552734,386600,0.0,0.0,0.0
2005-12-08,48.30754254278024,48.51155157590741,48.21090582266922,48.45249557495117,976200,0.0,0.0,0.0
2005-12-09,48.307501421148295,48.323606844791904,48.03369693124389,48.0712776184082,817400,0.0,0.0,0.0
2005-12-12,48.18404283200179,48.18404283200179,47.85655207393241,47.98003387451172,440500,0.0,0.0,0.0
2005-12-13,48.16795099165579,48.22163714340758,47.985413160510724,48.15721130371094,598700,0.0,0.0,0.0
2005-12-14,48.42565369432861,48.7585144405739,48.39344281746314,48.65114212036133,635000,0.0,0.0,0.0
2005-12-15,48.554506747462575,48.554506747462575,48.312912876261535,48.53303146362305,724300,0.0,0.0,0.0
2005-12-16,48.763872215340584,48.81755836215846,48.61891511334282,48.69407653808594,684500,0.0,0.0,0.0
2005-12-19,48.64039076142605,48.9088255935487,48.618915483337375,48.74239730834961,469800,0.0,0.0,0.0
2005-12-20,48.629659642514156,48.74777163486855,48.53302293022337,48.683345794677734,236000,0.0,0.0,0.0
2005-12-21,48.60280484050295,48.62964995923469,48.47395728176868,48.597434997558594,193100,0.0,0.0,0.0
2005-12-22,48.812180173444574,49.02155897743091,48.806814426873466,48.983978271484375,692700,0.0,0.0,0.0
2005-12-23,48.95713525603602,49.41347355136296,48.90881486693645,49.28462600708008,2295800,0.0,0.0,0.0
2005-12-27,49.375923750240055,49.708780455964224,49.28465685325066,49.68730926513672,519500,0.0,0.0,0.0
2005-12-28,49.613426009917475,49.732028796293925,49.4624785047151,49.548736572265625,1295700,0.383,0.0,0.0
2005-12-29,49.613429953275286,49.66733919327364,49.43013771467861,49.656558990478516,740600,0.0,0.0,0.0
2005-12-30,49.888389669385205,49.91534224219554,49.43554284823588,49.543365478515625,1099500,0.0,0.0,0.0
2006-01-03,49.37623013641162,49.7320385654344,49.31693284458634,49.478660583496094,1392700,0.0,0.0,0.0
2006-01-04,49.349285104309786,49.63500785505122,49.2845915310615,49.59727096557617,387600,0.0,0.0,0.0
2006-01-05,49.53257170844911,49.672739044563244,49.43553341621809,49.5379638671875,453400,0.0,0.0,0.0
2006-01-06,49.47323016420982,49.543315831913056,49.32228274609308,49.4462776184082,1193700,0.0,0.0,0.0
2006-01-09,49.43553154124875,49.478660583496094,49.34927756976592,49.478660583496094,413600,0.0,0.0,0.0
2006-01-10,49.39776005003946,49.42471671081148,49.07430068581997,49.07969284057617,698900,0.0,0.0,0.0
2006-01-11,49.192909166471225,49.214473675009444,48.923358979257685,48.99883270263672,394600,0.0,0.0,0.0
2006-01-12,49.12823667866242,49.33848558568149,49.058155080659795,49.32770538330078,626600,0.0,0.0,0.0
2006-01-13,49.37620544895814,49.758970366261046,49.37081740613006,49.61341094970703,491000,0.0,0.0,0.0
2006-01-17,49.59727461263739,49.86682501814086,49.55953772038742,49.83448028564453,454300,0.0,0.0,0.0
2006-01-18,50.00695978994002,50.01234783316938,49.66193582479681,49.818275451660156,622100,0.0,0.0,0.0
2006-01-19,49.6349621199062,49.834430702199384,49.575660760657115,49.672698974609375,490600,0.0,0.0,0.0
2006-01-20,49.76976404687904,49.85602211161197,49.62420870390586,49.80210876464844,842600,0.0,0.0,0.0
2006-01-23,49.48945816050582,49.86682709875064,49.45172126668133,49.78596115112305,720400,0.0,0.0,0.0
2006-01-24,49.59727473714909,49.69970520766165,49.4678916938262,49.543365478515625,300500,0.0,0.0,0.0
2006-01-25,49.333128178123054,49.365472918363295,48.94497484318516,49.004276275634766,1204500,0.0,0.0,0.0
2006-01-26,48.81556705320531,48.84251961875446,48.54601671964374,48.794002532958984,764100,0.0,0.0,0.0
2006-01-27,48.9503422199861,48.9503422199861,48.60531812206822,48.794002532958984,1091400,0.0,0.0,0.0
2006-01-30,48.68079775760555,48.78861625882903,48.64844891682876,48.745487213134766,308500,0.0,0.0,0.0
2006-01-31,48.70774080210286,48.912601672586064,48.62687488549167,48.880252838134766,676100,0.0,0.0,0.0
2006-02-01,48.77258581163232,48.94029942529842,48.610279385254614,48.71307373046875,622300,0.321,0.0,0.0
2006-02-02,48.71307817246407,48.91325556623361,48.615695133282166,48.805049896240234,658500,0.0,0.0,0.0
2006-02-03,48.691435788251674,49.23245174145447,48.5940527515702,49.15129852294922,1524600,0.0,0.0,0.0
2006-02-06,49.22160129363672,49.346032570647715,49.172907743086114,49.24864959716797,755100,0.0,0.0,0.0
2006-02-07,49.29739057067296,49.29739057067296,48.9619590887606,49.01605987548828,280500,0.0,0.0,0.0
2006-02-08,49.167512806826345,49.167512806826345,48.84831547654554,48.90241622924805,261700,0.0,0.0,0.0
2006-02-09,48.767183580540234,49.178356910361785,48.723901308427514,49.1242561340332,1119200,0.0,0.0,0.0
2006-02-10,49.34062091090371,49.43800388369663,48.821246431881946,48.85371017456055,938000,0.0,0.0,0.0
2006-02-13,48.8212751690986,48.88619856504962,48.777997032755124,48.85914611816406,218700,0.0,0.0,0.0
2006-02-14,48.637322825743524,48.79962509444291,48.539939813474646,48.686012268066406,836100,0.0,0.0,0.0
2006-02-15,48.767178943648624,48.94571520341949,48.626513636469376,48.805049896240234,720300,0.0,0.0,0.0
2006-02-16,48.79967256713494,48.85377750362488,48.69147094940933,48.8159065246582,427800,0.0,0.0,0.0
2006-02-17,49.12424566149226,49.27031813920146,49.12424566149226,49.20539474487305,731400,0.0,0.0,0.0
2006-02-21,49.178356910361785,49.23245768669036,49.1134335021927,49.1242561340332,433300,0.0,0.0,0.0
2006-02-22,49.29739154529958,49.475923732268036,49.28115759409742,49.459693908691406,559000,0.0,0.0,0.0
2006-02-23,49.40019687148074,49.40019687148074,49.19461216409507,49.33527755737305,288300,0.0,0.0,0.0
2006-02-24,49.4704944637696,49.4704944637696,49.20539370491602,49.259498596191406,485700,0.0,0.0,0.0
2006-02-27,49.42181172428332,49.42181172428332,49.086384439516635,49.1783561706543,446200,0.0,0.0,0.0
2006-02-28,49.23244777790018,49.47049609898459,49.189165514498676,49.42180252075195,744200,0.0,0.0,0.0
2006-03-01,49.280645791019744,49.334940883523416,49.06890818508422,49.12320327758789,713600,0.32,0.0,0.0
2006-03-02,48.89517832362261,48.91689553382512,48.53685471061695,48.781166076660156,1640000,0.0,0.0,0.0
2006-03-03,48.58030556518767,48.618309660364844,48.44457606210696,48.49886703491211,1253300,0.0,0.0,0.0
2006-03-06,48.30882559826454,48.31425179369568,48.04822324288287,48.07537078857422,872700,0.0,0.0,0.0
2006-03-07,47.993951280843916,48.183971749456916,47.94508650769454,48.10796356201172,1692900,0.0,0.0,0.0
2006-03-08,48.08623302238686,48.25453622765131,48.021081390283975,48.0916633605957,1184700,0.0,0.0,0.0
2006-03-09,48.08081600558034,48.14053731602093,47.92336929097655,48.10796356201172,282100,0.0,0.0,0.0
2006-03-10,47.950512075396546,48.031950594450414,47.782208840250995,47.928794860839844,1086900,0.0,0.0,0.0
2006-03-13,47.85274682672106,47.92332460864818,47.78216904479394,47.890750885009766,1740100,0.0,0.0,0.0
2006-03-14,48.02108079095149,48.31425691855385,48.02108079095149,48.21110534667969,904400,0.0,0.0,0.0
2006-03-15,48.015640656566454,48.06993159581405,47.858194033255224,47.95048904418945,971000,0.0,0.0,0.0
2006-03-16,48.05362759059723,48.498819761068965,48.010193197836166,48.38480758666992,1048000,0.0,0.0,0.0
2006-03-17,48.238250732421875,48.319689239342054,48.183959775186594,48.238250732421875,703500,0.0,0.0,0.0
2006-03-20,48.44453889257469,48.449965086196904,48.308809493633646,48.31423568725586,576000,0.0,0.0,0.0
2006-03-21,48.401120859840624,48.401120859840624,47.97221531707712,48.064510345458984,817200,0.0,0.0,0.0
2006-03-22,48.18393899606044,48.30881187177174,48.11878739019376,48.16765213012695,205500,0.0,0.0,0.0
2006-03-23,48.22195897633731,48.249106523273156,47.96135660900917,48.01565170288086,613400,0.0,0.0,0.0
2006-03-24,48.064509094474445,48.47712775585877,48.04822222425848,48.3685417175293,954800,0.0,0.0,0.0
2006-03-27,48.346869389063876,48.346869389063876,48.10255370356257,48.189422607421875,467100,0.0,0.0,0.0
2006-03-28,47.993953103801,48.01023998142423,47.689916200336384,47.7387809753418,1094900,0.0,0.0,0.0
2006-03-29,47.68445659048753,47.78760812386923,47.43471497693966,47.51072311401367,1071700,0.0,0.0,0.0
2006-03-30,47.30984543721709,47.391283916151956,47.01123906183363,47.17954635620117,1152000,0.0,0.0,0.0
2006-03-31,47.22297123250507,47.30983588827201,47.125245905934584,47.16324996948242,1167700,0.0,0.0,0.0
2006-04-03,46.96598392681606,47.24392256742899,46.91148721398656,47.178524017333984,1549700,0.328,0.0,0.0
2006-04-04,47.24937338467181,47.35837097752112,47.064083713577524,47.12948226928711,749100,0.0,0.0,0.0
2006-04-05,47.24937816222749,47.29297720377567,47.14038471619048,47.194881439208984,638600,0.0,0.0,0.0
2006-04-06,47.02592272794452,47.02592272794452,46.737086462135245,46.835182189941406,2022100,0.0,0.0,0.0
2006-04-07,46.557261447619524,46.66625489459103,46.26842507109491,46.377418518066406,1956500,0.0,0.0,0.0
2006-04-10,46.40465198811403,46.486399122363714,46.30110534087564,46.464599609375,1527100,0.0,0.0,0.0
2006-04-11,46.63901081818448,46.704405226327694,46.50276692410787,46.628108978271484,1237300,0.0,0.0,0.0
2006-04-12,46.649919254473694,46.72076875674003,46.32293466487678,46.34473419189453,1902000,0.0,0.0,0.0
2006-04-13,46.05046226774801,46.126758558996684,45.92511598479031,46.017765045166016,3219400,0.0,0.0,0.0
2006-04-17,46.07223166338275,46.30657130687506,45.96868498249468,46.186676025390625,1465400,0.0,0.0,0.0
2006-04-18,46.29567890445733,46.47007094275408,46.18123451912205,46.2684326171875,2680300,0.0,0.0,0.0
2006-04-19,46.023160157252974,46.099456362872225,45.81062013333774,45.98501205444336,1830300,0.0,0.0,0.0
2006-04-20,46.006839433658925,46.05588940003056,45.84334924736587,45.94689178466797,1378200,0.0,0.0,0.0
2006-04-21,46.06680150878185,46.246644512073765,45.914208957322714,46.21394729614258,1303000,0.0,0.0,0.0
2006-04-24,46.290214645296466,46.535451927202935,46.24116469421561,46.399208068847656,991500,0.0,0.0,0.0
2006-04-25,46.34473050424433,46.37742771325191,45.81065252939274,45.84880065917969,2067400,0.0,0.0,0.0
2006-04-26,45.69620283375833,45.82154905012263,45.63080842333681,45.772499084472656,1544900,0.0,0.0,0.0
2006-04-27,45.64171402153013,45.94145231405907,45.58721728411611,45.832454681396484,1864200,0.0,0.0,0.0
2006-04-28,45.76159994664351,45.89239292116073,45.64715557421173,45.86514663696289,809400,0.0,0.0,0.0
2006-05-01,45.777590373032815,45.783062749096324,45.47667647673809,45.520442962646484,1795500,0.33,0.0,0.0
2006-05-02,45.55327857821341,45.706471733000996,45.55327857821341,45.64081573486328,1097900,0.0,0.0,0.0
2006-05-03,45.64083271579009,45.646305094554364,45.3782169739324,45.54235076904297,1114000,0.0,0.0,0.0
2006-05-04,45.618937196157255,45.62988195124374,45.46574401855469,45.46574401855469,977800,0.0,0.0,0.0
2006-05-05,45.95814893728282,46.00191960474552,45.679116149958865,45.73929977416992,1685900,0.0,0.0,0.0
2006-05-08,45.815924386210256,45.83233735300039,45.70102944447614,45.766685485839844,666400,0.0,0.0,0.0
2006-05-09,45.711946237656186,45.783070441632624,45.591578989234065,45.73929977416992,341300,0.0,0.0,0.0
2006-05-10,45.84870398027002,45.969066995522354,45.60249722706633,45.821346282958984,1320200,0.0,0.0,0.0
2006-05-11,45.66268661700843,45.66268661700843,45.46025048413108,45.59703063964844,1189800,0.0,0.0,0.0
2006-05-12,45.307099741315064,45.41652647256566,45.170319457904064,45.21956253051758,1804700,0.0,0.0,0.0
2006-05-15,45.21956118157438,45.53689243143032,45.21956118157438,45.40011215209961,1433500,0.0,0.0,0.0
2006-05-16,45.454798784063584,45.76118510790128,45.454798784063584,45.73929977416992,1677600,0.0,0.0,0.0
2006-05-17,45.361778691940735,45.45478820800781,45.25782442445422,45.45478820800781,1440800,0.0,0.0,0.0
2006-05-18,45.711938682463476,46.083980946004694,45.70099393030643,46.073036193847656,2177700,0.0,0.0,0.0
2006-05-19,46.02376864885573,46.4286365681469,46.00188333238089,46.19337463378906,2619500,0.0,0.0,0.0
2006-05-22,46.41774375693386,46.587354105831686,46.220784036688144,46.291908264160156,2652000,0.0,0.0,0.0
2006-05-23,45.985516766155996,46.26454544067383,45.97457200978186,46.26454544067383,1394900,0.0,0.0,0.0
2006-05-24,46.40132907872904,46.50528340089917,46.24813587186896,46.286434173583984,1226300,0.0,0.0,0.0
2006-05-25,46.35204548420621,46.35751785751609,46.06207231174904,46.105838775634766,678000,0.0,0.0,0.0
2006-05-26,46.08944914788331,46.23170170652551,46.073036193847656,46.073036193847656,398400,0.0,0.0,0.0
2006-05-30,46.06211510590913,46.122298745638325,45.96363316582514,46.051170349121094,482200,0.0,0.0,0.0
2006-05-31,46.14415006671608,46.193393092010595,45.72834141013493,45.77758026123047,880700,0.0,0.0,0.0
2006-06-01,45.81164041794467,46.053329671480085,45.78417372987491,45.9819221496582,1561100,0.332,0.0,0.0
2006-06-02,46.5367215713752,46.63010161554261,46.41587483618037,46.575172424316406,2041900,0.0,0.0,0.0
2006-06-05,46.586181890807964,46.591676070163494,46.421394227620375,46.514774322509766,1102900,0.0,0.0,0.0
2006-06-06,46.50379181909392,46.78942629334106,46.46533675305973,46.7344970703125,2188000,0.0,0.0,0.0
2006-06-07,46.54223724853451,46.745475769042976,46.498292198921106,46.74547576904297,1324100,0.0,0.0,0.0
2006-06-08,46.822362144129684,47.11898484542763,46.750954605065616,46.83884048461914,3496700,0.0,0.0,0.0
2006-06-09,46.88276741310465,47.140939156608326,46.88276741310465,47.08600997924805,657200,0.0,0.0,0.0
2006-06-12,47.064092110951854,47.124515533447266,46.98169615383697,47.124515533447266,528700,0.0,0.0,0.0
2006-06-13,47.15742111206054,47.206860309060666,46.99263356732529,47.15742111206055,1448300,0.0,0.0,0.0
2006-06-14,46.96520692141131,46.99816362029008,46.6411215402194,46.685062408447266,1439100,0.0,0.0,0.0
2006-06-15,46.52025052386242,46.602642228200025,46.36644708799314,46.4158821105957,1734600,0.0,0.0,0.0
2006-06-16,46.52573879846265,46.55869966981429,46.24010445533311,46.3115119934082,1184600,0.0,0.0,0.0
2006-06-19,46.25658581800155,46.30053085545566,46.13024907385775,46.245601654052734,1233700,0.0,0.0,0.0
2006-06-20,46.21263438302213,46.24559525196444,46.07530930311092,46.16869354248047,611400,0.0,0.0,0.0
2006-06-21,46.27855027754679,46.27855027754679,46.1796760559082,46.1796760559082,476000,0.0,0.0,0.0
2006-06-22,46.05331010777783,46.08627095762523,45.899506777911384,45.915985107421875,745500,0.0,0.0,0.0
2006-06-23,45.93250588631778,45.992929272068956,45.78419241553581,45.8226432800293,675500,0.0,0.0,0.0
2006-06-26,45.82265382825026,45.8501205338526,45.65786616712886,45.73476791381836,526100,0.0,0.0,0.0
2006-06-27,45.80064812144912,45.9983965241998,45.80064812144912,45.95994567871094,429100,0.0,0.0,0.0
2006-06-28,45.937959301259376,45.937959301259376,45.69627014149878,45.71824264526367,381300,0.0,0.0,0.0
2006-06-29,45.910532620461666,46.04236355503983,45.78968585091925,45.8720817565918,1609300,0.0,0.0,0.0
2006-06-30,45.866552596722165,46.360923462876116,45.866552596722165,46.316978454589844,1219000,0.0,0.0,0.0
2006-07-03,46.265728481603155,46.29881347212727,46.17198487035462,46.271244049072266,716800,0.327,0.0,0.0
2006-07-05,45.9900114303764,46.00103835875011,45.7418613669401,45.90177917480469,1289200,0.0,0.0,0.0
2006-07-06,45.95139157960067,46.20505289716208,45.95139157960067,46.1829948425293,451400,0.0,0.0,0.0
2006-07-07,46.43115749179872,46.574532795516866,46.36498751096364,46.48078918457031,1356900,0.0,0.0,0.0
2006-07-10,46.42015805343265,46.541475366333145,46.34847246269497,46.524932861328125,480400,0.0,0.0,0.0
2006-07-11,46.64621253665135,46.79510338928489,46.6407011770314,46.67378616333008,423800,0.0,0.0,0.0
2006-07-12,46.50285382458838,46.77305776788823,46.46976462234543,46.68482971191406,641000,0.0,0.0,0.0
2006-07-13,46.70686918449726,46.89987614883835,46.69584225857656,46.86678695678711,1347400,0.0,0.0,0.0
2006-07-14,46.77306900414284,46.96056050474092,46.77306900414284,46.894386291503906,1343900,0.0,0.0,0.0
2006-07-17,46.85576690506787,46.977084143716844,46.78959271840156,46.9660530090332,514100,0.0,0.0,0.0
2006-07-18,46.70686670105512,46.734440325107606,46.5414375781732,46.56349563598633,621000,0.0,0.0,0.0
2006-07-19,46.50286932827784,47.03776603212229,46.45323761193953,47.004676818847656,1267400,0.0,0.0,0.0
2006-07-20,46.855763089204444,47.21971056836685,46.855763089204444,47.14250946044922,1320200,0.0,0.0,0.0
2006-07-21,47.203146835857595,47.24174737244817,46.98257053799309,47.05426025390625,652100,0.0,0.0,0.0
2006-07-24,47.09842318563298,47.15356626314303,46.988132823465754,47.0267333984375,393900,0.0,0.0,0.0
2006-07-25,46.9991452988372,47.08185777868171,46.81716942888835,46.88885498046875,948200,0.0,0.0,0.0
2006-07-26,46.82267309211472,47.07633444915158,46.8006150340492,47.05978775024414,717100,0.0,0.0,0.0
2006-07-27,47.13700045213795,47.13700045213795,46.93848210554812,46.98810958862305,295500,0.0,0.0,0.0
2006-07-28,47.23076567935594,47.36310990195143,47.20319203803952,47.25833511352539,769800,0.0,0.0,0.0
2006-07-31,47.21421442349788,47.31898498535156,47.175613857099954,47.31898498535156,375100,0.0,0.0,0.0
2006-08-01,47.23703845286466,47.33669482144798,47.08201837373069,47.31454849243164,577800,0.342,0.0,0.0
2006-08-02,47.26471440618037,47.49170684814453,47.17059146782484,47.49170684814453,477400,0.0,0.0,0.0
2006-08-03,47.40865417120683,47.635650813146995,47.34775283917308,47.502777099609375,500500,0.0,0.0,0.0
2006-08-04,47.83497640412959,47.87926906192129,47.774075055661086,47.79068374633789,1246000,0.0,0.0,0.0
2006-08-07,47.79624355341036,47.82946095017086,47.71319583752682,47.818389892578125,1127600,0.0,0.0,0.0
2006-08-08,47.823904154802555,47.92909816772123,47.66334642813007,47.71317672729492,844400,0.0,0.0,0.0
2006-08-09,47.47511880405913,47.624601284598775,47.4529724691678,47.55816650390625,372400,0.0,0.0,0.0
2006-08-10,47.53045673876658,47.53045673876658,47.30899773400074,47.48616409301758,539000,0.0,0.0,0.0
2006-08-11,47.32007749195645,47.35329486742663,47.25917615427473,47.28132247924805,450800,0.0,0.0,0.0
2006-08-14,47.25364786056055,47.26472313722693,47.165066767131634,47.19828414916992,662300,0.0,0.0,0.0
2006-08-15,47.49172217578343,47.66335097197617,47.49172217578343,47.59691619873047,1093800,0.0,0.0,0.0
2006-08-16,47.92908939219593,47.96784440712585,47.86818805102322,47.91801834106445,838900,0.0,0.0,0.0
2006-08-17,48.03982435667353,48.03982435667353,47.84604925154075,47.90141296386719,922300,0.0,0.0,0.0
2006-08-18,48.012145694656276,48.11733970723384,47.97339067275621,48.039825439453125,1050700,0.0,0.0,0.0
2006-08-21,48.10626229092835,48.21145629882812,48.095191238298035,48.211456298828125,676400,0.0,0.0,0.0
2006-08-22,48.16715652091204,48.29449683923107,48.15054783243125,48.228057861328125,749300,0.0,0.0,0.0
2006-08-23,48.200368080849394,48.30002442368697,48.08964068835398,48.25019836425781,801700,0.0,0.0,0.0
2006-08-24,48.394132093441506,48.41074077468063,48.30000919312322,48.33876419067383,1206700,0.0,0.0,0.0
2006-08-25,48.30002354301503,48.493798588338464,48.2778772201239,48.4107551574707,569000,0.0,0.0,0.0
2006-08-28,48.39415811418886,48.455055236816406,48.30003516326221,48.455055236816406,582300,0.0,0.0,0.0
2006-08-29,48.30561236903845,48.52153396606445,48.156129811091084,48.52153396606445,1345600,0.0,0.0,0.0
2006-08-30,48.626687900444026,48.648834228515625,48.53256917412484,48.648834228515625,1180500,0.0,0.0,0.0
2006-08-31,48.576849297960116,48.8315256912548,48.576849297960116,48.76509094238281,1272400,0.0,0.0,0.0
2006-09-01,48.70396477972535,48.859603335509036,48.62058577031763,48.78178405761719,893400,0.35,0.0,0.0
2006-09-05,48.642847589375066,48.715107176058694,48.448299286123024,48.47608947753906,2271300,0.0,0.0,0.0
2006-09-06,48.298201209389205,48.40937042236328,48.20370695427788,48.40937042236328,1853400,0.0,0.0,0.0
2006-09-07,48.32040848605779,48.53719129695126,48.21479482506771,48.503841400146484,1716100,0.0,0.0,0.0
2006-09-08,48.63167431947714,48.692818610118124,48.54273986816406,48.54273986816406,540300,0.0,0.0,0.0
2006-09-11,48.631675743429525,48.631675743429525,48.331514009902314,48.49827194213867,557600,0.0,0.0,0.0
2006-09-12,48.44272363144006,48.75400081434616,48.35934460292348,48.74288558959961,820800,0.0,0.0,0.0
2006-09-13,48.931867624712226,48.931867624712226,48.72620418784908,48.765113830566406,797000,0.0,0.0,0.0
2006-09-14,48.72064235273583,48.84293100766389,48.592793965992996,48.65393829345703,672800,0.0,0.0,0.0
2006-09-15,48.78177875263374,48.887388194954816,48.60946102104187,48.615020751953125,1047200,0.0,0.0,0.0
2006-09-18,48.342633759350015,48.57053174456474,48.342633759350015,48.53718185424805,871400,0.0,0.0,0.0
2006-09-19,48.83736243170095,49.081939697265625,48.826242970085076,49.081939697265625,1229600,0.0,0.0,0.0
2006-09-20,49.12639565545468,49.181984471498446,48.992991826778386,49.15419006347656,827400,0.0,0.0,0.0
2006-09-21,49.10973632499911,49.62668109645521,49.10973632499911,49.60444641113281,1698600,0.0,0.0,0.0
2006-09-22,49.648906392998676,49.86012950236954,49.648906392998676,49.84901428222656,1428600,0.0,0.0,0.0
2006-09-25,49.93788676363064,50.199138641357415,49.92121183370366,50.19913864135742,2607600,0.0,0.0,0.0
2006-09-26,50.02689333991103,50.08247792878892,49.926839383597915,49.98798370361328,2200000,0.0,0.0,0.0
2006-09-27,50.165868151858895,50.1825431081683,49.82123683840932,49.84347152709961,1165400,0.0,0.0,0.0
2006-09-28,49.71008406229516,49.79901860561114,49.62114527814454,49.760108947753906,1796800,0.0,0.0,0.0
2006-09-29,49.85457881909682,49.876813502358175,49.521062811008846,49.69894027709961,1398000,0.0,0.0,0.0
2006-10-02,49.72346772911322,49.91878914472754,49.65092099122434,49.8350830078125,1211900,0.354,0.0,0.0
2006-10-03,49.89092127322338,49.913244343619006,49.75140527651844,49.76814651489258,854900,0.0,0.0,0.0
2006-10-04,49.85185030703678,50.14204166804598,49.85185030703678,50.130882263183594,1155500,0.0,0.0,0.0
2006-10-05,49.969010176133985,49.969010176133985,49.6397504716021,49.779266357421875,1241600,0.0,0.0,0.0
2006-10-06,49.71791192055612,49.723493751834205,49.23239904160626,49.26029968261719,2472400,0.0,0.0,0.0
2006-10-09,49.16543307015774,49.44446504474171,49.11520935842385,49.39424133300781,834900,0.0,0.0,0.0
2006-10-10,49.08173733930193,49.17102964162686,48.9031569923434,49.00360870361328,1398700,0.0,0.0,0.0
2006-10-11,49.08168145894377,49.12632755927586,48.78590849519498,48.85845947265625,1521600,0.0,0.0,0.0
2006-10-12,48.90311665570056,48.981245226946605,48.81941051342823,48.886375427246094,586400,0.0,0.0,0.0
2006-10-13,48.7133509944907,48.75241525921421,48.612899419818035,48.640804290771484,1414100,0.0,0.0,0.0
2006-10-16,48.77474909895519,48.86403704193291,48.75800787575228,48.85845947265625,897600,0.0,0.0,0.0
2006-10-17,49.04266514515956,49.137539265565756,48.836184180154014,48.8975715637207,730800,0.0,0.0,0.0
2006-10-18,48.936625172583675,49.042654419262796,48.8584965665297,48.99801254272461,499600,0.0,0.0,0.0
2006-10-19,48.88083989969683,48.97571404695233,48.752487521508776,48.90874481201172,797300,0.0,0.0,0.0
2006-10-20,48.891941919062084,48.94216558867083,48.85845947265625,48.85845947265625,280700,0.0,0.0,0.0
2006-10-23,48.6352463456887,48.66872880112481,48.484566780850976,48.66314697265625,1200600,0.0,0.0,0.0
2006-10-24,48.64640574493819,48.691051857311415,48.6352463456887,48.66314697265625,243400,0.0,0.0,0.0
2006-10-25,48.70224326455904,49.09289061803384,48.67992445139172,49.04824447631836,558400,0.0,0.0,0.0
2006-10-26,49.19333075670345,49.39981166269444,49.19333075670345,49.366329193115234,1558300,0.0,0.0,0.0
2006-10-27,49.678844725655495,49.69559021851517,49.500264454357904,49.59513854980469,1601500,0.0,0.0,0.0
2006-10-30,49.606274080702036,49.73463058471679,49.57836919705481,49.7346305847168,901200,0.0,0.0,0.0
2006-10-31,49.807164318949305,50.15316520048668,49.745776997100954,50.11967849731445,964600,0.0,0.0,0.0
2006-11-01,50.2009703347294,50.48668177248378,50.111333697743675,50.39704513549805,1440100,0.345,0.0,0.0
2006-11-02,50.2121140280468,50.29054385658968,50.128085121825926,50.18970489501953,853300,0.0,0.0,0.0
2006-11-03,49.67435810032445,49.76959380682012,49.46708088902323,49.59592819213867,1534100,0.0,0.0,0.0
2006-11-06,49.495073159069065,49.74156951904297,49.495073159069065,49.74156951904297,528000,0.0,0.0,0.0
2006-11-07,50.01604782677743,50.14489929472098,49.92641555377369,49.971229553222656,525900,0.0,0.0,0.0
2006-11-08,49.99369860036942,50.15055847167969,49.90966530527866,50.15055847167969,706300,0.0,0.0,0.0
2006-11-09,50.12250900268555,50.18973216418604,50.07208735745275,50.12250900268555,729600,0.0,0.0,0.0
2006-11-10,50.223396644306725,50.441880678929934,50.223396644306725,50.341041564941406,738100,0.0,0.0,0.0
2006-11-13,50.329803466796875,50.329803466796875,50.12252628190381,50.329803466796875,462400,0.0,0.0,0.0
2006-11-14,50.609869670725224,50.6378821572781,50.486625842566546,50.525840759277344,916400,0.0,0.0,0.0
2006-11-15,50.44743772993003,50.44743772993003,50.27376791441647,50.335391998291016,1803200,0.0,0.0,0.0
2006-11-16,50.41946698307954,50.447479507714604,50.01611056335711,50.10574722290039,1494400,0.0,0.0,0.0
2006-11-17,50.17295738707256,50.54270210030416,50.144949143837174,50.391441345214844,1752000,0.0,0.0,0.0
2006-11-20,50.41941600958514,50.48664343627639,50.34098614883211,50.46983337402344,857200,0.0,0.0,0.0
2006-11-21,50.49782012475303,50.63787398670854,50.39698117318087,50.593055725097656,605100,0.0,0.0,0.0
2006-11-22,50.62111853656734,50.705151792110634,50.57069687359779,50.67713928222656,770300,0.0,0.0,0.0
2006-11-24,50.83957302080487,50.923606227726665,50.766746520996094,50.766746520996094,533400,0.0,0.0,0.0
2006-11-27,50.548281603077086,50.95163345336914,50.48665751328773,50.95163345336914,784500,0.0,0.0,0.0
2006-11-28,51.1140956843392,51.119699039888324,50.84519445549285,51.058074951171875,1466300,0.0,0.0,0.0
2006-11-29,51.14769960928131,51.181311186517554,50.92921580903178,50.9404182434082,1206400,0.0,0.0,0.0
2006-11-30,51.1308853838971,51.33256337910953,51.058058881111855,51.27654266357422,1428600,0.0,0.0,0.0
2006-12-01,51.32827748554778,51.62068462782963,51.2551778450457,51.40700149536133,1156000,0.342,0.0,0.0
2006-12-04,51.339542135433675,51.51948339793769,51.294555747273144,51.49699020385742,460700,0.0,0.0,0.0
2006-12-05,51.373274026370424,51.46324250247462,51.17083959246395,51.25518798828125,1833700,0.0,0.0,0.0
2006-12-06,51.18767973152191,51.27202808007616,51.108955750240675,51.1539421081543,936100,0.0,0.0,0.0
2006-12-07,51.1652534128026,51.22148428860677,51.03029845284442,51.114646911621094,739200,0.0,0.0,0.0
2006-12-08,51.08649820770123,51.15397779164342,50.71537122136473,50.74348449707031,2090300,0.0,0.0,0.0
2006-12-11,50.9627685546875,51.02462374409621,50.89529328634098,50.9627685546875,727700,0.0,0.0,0.0
2006-12-12,51.019053685891436,51.15400864503529,50.86160122839267,51.06966018676758,802800,0.0,0.0,0.0
2006-12-13,50.78287413495136,50.80536734183236,50.50733985840508,50.61418151855469,1217900,0.0,0.0,0.0
2006-12-14,50.50731672484048,50.55230311799763,50.38360628872761,50.428592681884766,687600,0.0,0.0,0.0
2006-12-15,50.93465249436503,50.97963886421832,50.38358018900314,50.45668411254883,1162100,0.0,0.0,0.0
2006-12-18,50.45104808003916,50.51852332908318,50.37794417339432,50.473541259765625,441400,0.0,0.0,0.0
2006-12-19,50.33295965218818,50.50165205671601,50.33295965218818,50.40605926513672,930700,0.0,0.0,0.0
2006-12-20,50.41173473821823,50.4286035667586,50.35550387970381,50.40048599243164,336800,0.0,0.0,0.0
2006-12-21,50.44546743097057,50.71538153147289,50.38361220565002,50.653526306152344,770700,0.0,0.0,0.0
2006-12-22,50.512942884155706,50.52418733777364,50.16430476005749,50.26552200317383,1433200,0.0,0.0,0.0
2006-12-26,50.29929085461873,50.434250122581034,50.24868434673891,50.417381286621094,496200,0.0,0.0,0.0
2006-12-27,50.373896934233635,50.40210984429283,50.04664611816406,50.04664611816406,840700,0.303,0.0,0.0
2006-12-28,50.159459439445,50.19331146481165,49.68550956089807,49.93376922607422,1080200,0.0,0.0,0.0
2006-12-29,49.84913294870408,49.96198020340871,49.770142022752154,49.89427185058594,775500,0.0,0.0,0.0
2007-01-03,50.3400642801749,50.475476830320204,50.0241002282734,50.249786376953125,1870400,0.0,0.0,0.0
2007-01-04,50.34007028824345,50.58268680124897,50.34007028824345,50.554473876953125,1697000,0.0,0.0,0.0
2007-01-05,50.103055489478464,50.44158877562002,50.074842588681555,50.33438491821289,1298400,0.0,0.0,0.0
2007-01-08,50.28361145091071,50.42466735839844,50.24411596900154,50.42466735839844,414200,0.0,0.0,0.0
2007-01-09,50.486732302067814,50.486732302067814,50.34003295296887,50.42466735839844,481500,0.0,0.0,0.0
2007-01-10,50.25536555681649,50.2892175748919,50.14816176000191,50.198944091796875,519600,0.0,0.0,0.0
2007-01-11,50.09742071628415,50.10306415835682,49.798382856707896,49.905582427978516,1293500,0.0,0.0,0.0
2007-01-12,49.736308864461066,50.12562020298686,49.59525297108748,49.67424392700195,846300,0.0,0.0,0.0
2007-01-16,49.78146743774414,49.78710657633282,49.668620095681334,49.78146743774414,702800,0.0,0.0,0.0
2007-01-17,49.7701719831305,49.804024027578656,49.55012508484712,49.62911605834961,724200,0.0,0.0,0.0
2007-01-18,49.61784202026753,49.80967604474538,49.527564146617294,49.78146743774414,918300,0.0,0.0,0.0
2007-01-19,49.736315906209136,49.736315906209136,49.57833397201287,49.64603805541992,882500,0.0,0.0,0.0
2007-01-22,49.73634064148417,49.83790112178848,49.719414612214614,49.764549255371094,432000,0.0,0.0,0.0
2007-01-23,49.66297243253023,49.67990276091554,49.4090734676632,49.437286376953125,1096800,0.0,0.0,0.0
2007-01-24,49.459838265474026,49.48240341926364,49.369560431579366,49.43162536621094,463700,0.0,0.0,0.0
2007-01-25,49.341387875623994,49.35267476643142,49.01978036261339,49.07620620727539,1397000,0.0,0.0,0.0
2007-01-26,48.96334172243024,49.13261058792479,48.889994176548505,49.03669357299805,1576800,0.0,0.0,0.0
2007-01-29,49.121292526270324,49.143861980991645,48.86175025400009,48.92945861816406,1015300,0.0,0.0,0.0
2007-01-30,49.02539254747595,49.03667943108641,48.95204502274724,48.985897064208984,1295100,0.0,0.0,0.0
2007-01-31,48.918153835681345,49.43159905714628,48.918153835681345,49.39774703979492,2078000,0.0,0.0,0.0
2007-02-01,49.65556493068473,49.7178825844741,49.28732542798724,49.33831024169922,986200,0.355,0.0,0.0
2007-02-02,49.3326435762114,49.508263681241615,49.3326435762114,49.4006233215332,814700,0.0,0.0,0.0
2007-02-05,49.51390484188852,49.54789469720994,49.377941098393364,49.46858215332031,395500,0.0,0.0,0.0
2007-02-06,49.40062732249299,49.757538303185385,49.37797028702518,49.740543365478516,770500,0.0,0.0,0.0
2007-02-07,49.79717249983216,49.92180775065524,49.76317831729215,49.887813568115234,836200,0.0,0.0,0.0
2007-02-08,49.84820049823474,50.02948711414838,49.80288208591672,49.927513122558594,980200,0.0,0.0,0.0
2007-02-09,49.79151506985799,49.808510003090554,49.598900063607665,49.64421844482422,878300,0.0,0.0,0.0
2007-02-12,49.56492325851314,49.655568697159524,49.47428214207917,49.53093338012695,467600,0.0,0.0,0.0
2007-02-13,49.56490137288737,49.56490137288737,49.40060982954385,49.42327117919922,1310600,0.0,0.0,0.0
2007-02-14,49.58192439430728,49.961496813311314,49.58192439430728,49.89351272583008,2262500,0.0,0.0,0.0
2007-02-15,50.154093005407304,50.18242077839946,50.040790557861335,50.04079055786133,893800,0.0,0.0,0.0
2007-02-16,50.18807619196174,50.26172666304919,50.125762879657294,50.21640396118164,1476700,0.0,0.0,0.0
2007-02-20,50.137096893314535,50.335378332970144,50.137096893314535,50.3297119140625,847400,0.0,0.0,0.0
2007-02-21,50.15407888339905,50.25038636891673,50.12575544059332,50.24472427368164,379800,0.0,0.0,0.0
2007-02-22,50.08611561295783,50.10877264575975,49.904824772850304,49.972808837890625,485200,0.0,0.0,0.0
2007-02-23,50.15409182782627,50.38636745871657,50.13143047440688,50.3297119140625,735700,0.0,0.0,0.0
2007-02-26,50.50531154109822,50.66960303111755,50.48265019879806,50.663936614990234,763400,0.0,0.0,0.0
2007-02-27,50.83958737618597,51.70070161578361,50.760274791250886,51.304134368896484,3243200,0.0,0.0,0.0
2007-02-28,51.07750098060616,51.253120989034706,50.924537993347684,51.071834564208984,1701900,0.0,0.0,0.0
2007-03-01,51.340842282919674,51.426145836159336,50.98257256577584,51.0394401550293,2423900,0.343,0.0,0.0
2007-03-02,51.15885081391431,51.45456914726431,50.993931808530256,51.29533386230469,1619800,0.0,0.0,0.0
2007-03-05,51.4545660561163,51.46593783499988,51.21571531238483,51.38063430786133,1505200,0.0,0.0,0.0
2007-03-06,51.215724252727405,51.3863313367861,51.17591651160949,51.22710037231445,837400,0.0,0.0,0.0
2007-03-07,51.22708972323773,51.46593612029386,51.17022215327924,51.42612838745117,915400,0.0,0.0,0.0
2007-03-08,51.346514632492955,51.4204420420303,51.24415126767022,51.38063430786133,574700,0.0,0.0,0.0
2007-03-09,50.82905127178729,51.12476982894416,50.72100409861793,50.84042739868164,1534700,0.0,0.0,0.0
2007-03-12,51.02806837266618,51.1702395151593,50.999632408679986,51.0394401550293,594400,0.0,0.0,0.0
2007-03-13,51.31240741595662,51.37495872308044,51.170236282445266,51.346527099609375,553800,0.0,0.0,0.0
2007-03-14,51.26694303891824,51.48872979605523,51.090647774965284,51.11339569091797,1698100,0.0,0.0,0.0
2007-03-15,51.045167538099854,51.15890280422247,50.99398363123907,51.107723236083984,394900,0.0,0.0,0.0
2007-03-16,50.9939729112657,51.13614413339283,50.98260112253294,51.096336364746094,623800,0.0,0.0,0.0
2007-03-19,50.94279304729453,51.01103245672318,50.908669003858854,50.98828887939453,693900,0.0,0.0,0.0
2007-03-20,51.13037146315421,51.153115001055596,51.00526031112744,51.016632080078125,768400,0.0,0.0,0.0
2007-03-21,50.82902530220066,51.23279082623485,50.43663589924854,51.0394401550293,1513400,0.0,0.0,0.0
2007-03-22,50.88590378374777,50.88590378374777,50.51625789791533,50.63568115234375,1484300,0.0,0.0,0.0
2007-03-23,50.7209706028939,50.726654323866434,50.487807881471284,50.49349594116211,1679700,0.0,0.0,0.0
2007-03-26,50.39685261650812,50.7664942954463,50.328608873045766,50.55608367919922,763600,0.0,0.0,0.0
2007-03-27,50.40819325985676,50.50486858265711,50.362697458991285,50.47074890136719,619800,0.0,0.0,0.0
2007-03-28,50.56173263979561,50.675467785552954,50.277390436684534,50.368377685546875,816900,0.0,0.0,0.0
2007-03-29,50.351350970103645,50.42527842960574,50.22623962423815,50.300167083740234,823000,0.0,0.0,0.0
2007-03-30,50.41387166332309,50.567414538436346,50.16933720390751,50.20345687866211,2015100,0.0,0.0,0.0
2007-04-02,50.29251715708358,50.3553046675259,50.23543878980882,50.286808013916016,579600,0.326,0.0,0.0
2007-04-03,50.241148802801405,50.32676854001737,50.21832093735783,50.22402572631836,617000,0.0,0.0,0.0
2007-04-04,50.32680566871411,50.423839410238685,50.17269351186942,50.27543640136719,576900,0.0,0.0,0.0
2007-04-05,50.28677814473641,50.29819642428934,50.06416959622895,50.08700180053711,436400,0.0,0.0,0.0
2007-04-09,49.81874223245412,49.83586530158773,49.733122531987206,49.75595474243164,1283900,0.0,0.0,0.0
2007-04-10,49.881563831071986,49.972892735299666,49.835899378958146,49.904396057128906,674400,0.0,0.0,0.0
2007-04-11,49.92717262342579,49.9899600863852,49.81872075926008,49.870094299316406,476200,0.0,0.0,0.0
2007-04-12,49.94432589204726,49.984281178568914,49.81875089017932,49.88153839111328,495100,0.0,0.0,0.0
2007-04-13,49.892966386280236,49.92721253716416,49.66464855251966,49.72743606567383,557800,0.0,0.0,0.0
2007-04-16,49.887266122281304,50.04708732792009,49.887266122281304,50.00142288208008,833600,0.0,0.0,0.0
2007-04-17,50.1669406808715,50.3210570583228,50.13839932066195,50.281097412109375,1254200,0.0,0.0,0.0
2007-04-18,50.44091731742513,50.54936489358857,50.43520817505874,50.53224182128906,450800,0.0,0.0,0.0
2007-04-19,50.60648853474945,50.63502556006089,50.34392003114385,50.44666290283203,1305900,0.0,0.0,0.0
2007-04-20,50.48657702601648,50.48657702601648,50.26396837813707,50.31534194946289,664500,0.0,0.0,0.0
2007-04-23,50.309657575854864,50.56651249454122,50.25257918890253,50.49802017211914,419000,0.0,0.0,0.0
2007-04-24,50.48657861106673,50.6977733357263,50.48657861106673,50.68635940551758,881300,0.0,0.0,0.0
2007-04-25,50.55509056120177,50.680665605511855,50.292526538917556,50.50942611694336,569000,0.0,0.0,0.0
2007-04-26,50.47516843165476,50.47516843165476,50.14410781860351,50.144107818603516,2048400,0.0,0.0,0.0
2007-04-27,50.23544468885887,50.25827690940997,50.10416050939021,50.1327018737793,428700,0.0,0.0,0.0
2007-04-30,50.41808991062022,50.65782165527344,50.37242547693387,50.65782165527344,485700,0.0,0.0,0.0
2007-05-01,50.74603888677867,50.780410509928075,50.47678285009306,50.69447708129883,487200,0.324,0.0,0.0
2007-05-02,50.66582870483399,50.688744574103524,50.57989528776201,50.665828704833984,443900,0.0,0.0,0.0
2007-05-03,50.625743408468026,50.625743408468026,50.41950488905987,50.551265716552734,427000,0.0,0.0,0.0
2007-05-04,50.711687001818554,50.780434651556554,50.70023124557446,50.75751876831055,262000,0.0,0.0,0.0
2007-05-07,50.814827535828066,50.90076104123839,50.79764170889793,50.8950309753418,210200,0.0,0.0,0.0
2007-05-08,50.9923984619609,50.9923984619609,50.78042984008788,50.78042984008789,488400,0.0,0.0,0.0
2007-05-09,50.78614496186308,50.79187502313534,50.562720650562405,50.57990646362305,634900,0.0,0.0,0.0
2007-05-10,50.64292688230033,50.75177182807682,50.591365069453474,50.70021438598633,519500,0.0,0.0,0.0
2007-05-11,50.78043627420045,50.81480791478885,50.48826421692512,50.522640228271484,1238400,0.0,0.0,0.0
2007-05-14,50.54555789965315,50.574199477570325,50.39087677001953,50.39087677001953,315200,0.0,0.0,0.0
2007-05-15,50.52265793029583,50.534113690919824,50.21903001002583,50.37370681762695,382400,0.0,0.0,0.0
2007-05-16,50.33358344385363,50.413786845993464,50.316397624931895,50.33931350708008,599500,0.0,0.0,0.0
2007-05-17,50.18459498547071,50.253342580667784,50.07575008985161,50.13303756713867,397000,0.0,0.0,0.0
2007-05-18,50.041391360015155,50.127324790950816,49.772135316102826,49.80078125,856500,0.0,0.0,0.0
2007-05-21,49.80077893744554,49.9783714812449,49.74349144306726,49.949729919433594,821100,0.0,0.0,0.0
2007-05-22,49.944037420244165,49.955493179433105,49.65759536217228,49.69196701049805,920200,0.0,0.0,0.0
2007-05-23,49.7492489308222,49.7492489308222,49.44562108286975,49.54874038696289,914500,0.0,0.0,0.0
2007-05-24,49.53155637698244,49.606029732924,49.245114340772204,49.594573974609375,1598200,0.0,0.0,0.0
2007-05-25,49.497154837129955,49.61745989518814,49.45705315111056,49.4799690246582,754900,0.0,0.0,0.0
2007-05-29,49.560176604473156,49.59454823233488,49.17061546260037,49.4742431640625,1055700,0.0,0.0,0.0
2007-05-30,49.72057917756141,49.72057917756141,49.491424812671326,49.57735824584961,612000,0.0,0.0,0.0
2007-05-31,49.588817953841584,49.600278076916254,49.29092031524503,49.48569869995117,1725900,0.0,0.0,0.0
2007-06-01,49.404033127310946,49.944656340433205,49.196984445544594,49.225738525390625,1694300,0.338,0.0,0.0
2007-06-04,49.36377171305015,49.47304423229431,49.271748130606724,49.450042724609375,877700,0.0,0.0,0.0
2007-06-05,49.398293129637665,49.42705160472978,49.1049733578216,49.13948440551758,1145400,0.0,0.0,0.0
2007-06-06,49.09345681242982,49.196981146370604,49.03594426866846,49.11646270751953,1129200,0.0,0.0,0.0
2007-06-07,48.67358700651152,48.71959877787978,48.15596993635272,48.236488342285156,5010400,0.0,0.0,0.0
2007-06-08,48.08698923032716,48.38030901328769,47.94320562525811,48.196266174316406,5307600,0.0,0.0,0.0
2007-06-11,48.01795306184709,48.24800761910868,47.885674653271536,48.05821228027344,2043800,0.0,0.0,0.0
2007-06-12,47.68438285181735,47.977698160491045,47.276033672273456,47.3623046875,9043900,0.0,0.0,0.0
2007-06-13,47.56361541366725,48.17326089079491,47.534861325039905,47.92595291137695,8751200,0.0,0.0,0.0
2007-06-14,47.81667272363834,48.1444991496676,47.76491273486237,47.805171966552734,3384700,0.0,0.0,0.0
2007-06-15,47.977703069888314,48.155997689714425,47.85117281966545,48.132991790771484,5827200,0.0,0.0,0.0
2007-06-18,48.09847859273502,48.10998373565413,47.29904228898472,48.035213470458984,17704600,0.0,0.0,0.0
2007-06-19,48.207747896092485,48.5700808581371,48.150235354360504,48.48381423950195,4620100,0.0,0.0,0.0
2007-06-20,48.32276635241915,48.35727738306593,48.075458507755094,48.092716217041016,3031700,0.0,0.0,0.0
2007-06-21,48.04673665108303,48.138755889349994,47.85694121300191,47.862693786621094,850400,0.0,0.0,0.0
2007-06-22,47.764880786549945,48.17897358356649,47.70736387581155,48.17322540283203,2118900,0.0,0.0,0.0
2007-06-25,48.397526897878194,48.51255194251908,48.288250033922424,48.43778610229492,1323500,0.0,0.0,0.0
2007-06-26,48.47804205304568,48.49529536979141,48.293999361218006,48.449283599853516,2187800,0.0,0.0,0.0
2007-06-27,48.66211265188561,48.736878529968905,48.42630548666487,48.495323181152344,6109300,0.0,0.0,0.0
2007-06-28,48.49531499267808,48.64485111152178,48.41479655666817,48.48381423950195,3612500,0.0,0.0,0.0
2007-06-29,48.80016047779694,49.05897363041135,48.67938276174805,48.98420333862305,1962200,0.0,0.0,0.0
2007-07-02,48.964568204599935,49.287884004759434,48.964568204599935,49.241695404052734,2811700,0.326,0.0,0.0
2007-07-03,49.21855992044981,49.270518749178144,48.906793733728634,48.94143295288086,1387500,0.0,0.0,0.0
2007-07-05,48.67588753371703,48.739395747370956,48.335256573924745,48.39299011230469,4586800,0.0,0.0,0.0
2007-07-06,48.231340296079004,48.237114972053774,48.08122955424504,48.19670104980469,1437800,0.0,0.0,0.0
2007-07-09,48.42182101512554,48.45646022996316,48.3121242950955,48.36985778808594,795400,0.0,0.0,0.0
2007-07-10,48.77401715068865,49.189701080322266,48.74514819227114,49.189701080322266,2258000,0.0,0.0,0.0
2007-07-11,49.04536956303549,49.12619736822177,48.681644439697266,48.681644439697266,1191300,0.0,0.0,0.0
2007-07-12,48.81444641089687,48.831766029483795,48.42185223871125,48.514225006103516,1941200,0.0,0.0,0.0
2007-07-13,48.75673758697106,48.81447555644897,48.46229508561922,48.64704513549805,725900,0.0,0.0,0.0
2007-07-16,48.79717042549339,49.13780607725418,48.79717042549339,49.11471176147461,952000,0.0,0.0,0.0
2007-07-17,48.99342256859754,49.12620925004046,48.785578332195826,49.0107421875,734200,0.0,0.0,0.0
2007-07-18,49.033836142416526,49.38601640695527,48.96455326249895,49.195491790771484,1836800,0.0,0.0,0.0
2007-07-19,49.01648397287905,49.22432806982109,48.95875048034696,49.18391418457031,1021000,0.0,0.0,0.0
2007-07-20,49.2936298658797,49.69777331474898,49.25899063489684,49.62849044799805,1459900,0.0,0.0,0.0
2007-07-23,49.47262293066509,49.63427859217207,49.47262293066509,49.54767608642578,777900,0.0,0.0,0.0
2007-07-24,49.657395388112064,49.74399793309969,49.489964975746226,49.73244857788086,1351600,0.0,0.0,0.0
2007-07-25,49.69202027599622,49.87677026298238,49.6516063539926,49.83058166503906,881100,0.0,0.0,0.0
2007-07-26,50.07880084562896,50.49448909359077,50.02684201702559,50.24623107910156,2866400,0.0,0.0,0.0
2007-07-27,50.25778877724005,50.552230997843694,50.14231735317392,50.39057540893555,5367800,0.0,0.0,0.0
2007-07-30,50.338608202996944,50.436755593548014,50.176952640963734,50.24623107910156,1803900,0.0,0.0,0.0
2007-07-31,50.30397032381601,50.6619251126132,50.20004824995774,50.60996627807617,2467600,0.0,0.0,0.0
2007-08-01,50.575797000318204,50.738083971156776,50.47726183489053,50.50044631958008,2154700,0.341,0.0,0.0
2007-08-02,50.54680910019921,50.68591156931704,50.419296661012964,50.627952575683594,2079400,0.0,0.0,0.0
2007-08-03,50.58735616150999,50.96409606933594,50.58735616150999,50.96409606933594,1577600,0.0,0.0,0.0
2007-08-06,50.83081482725722,50.842409279989255,50.52362815967944,50.59318161010742,1298400,0.0,0.0,0.0
2007-08-07,50.674335180072326,50.836622174726045,50.37873848438793,50.55261993408203,1890800,0.0,0.0,0.0
2007-08-08,50.36134089701886,50.36134089701886,49.76435482253326,49.938236236572266,6453000,0.0,0.0,0.0
2007-08-09,50.28022096461793,50.34397721815937,49.68323461053916,50.007808685302734,2637500,0.0,0.0,0.0
2007-08-10,50.12950947906824,50.25122472193654,49.83391721295472,49.891876220703125,1496400,0.0,0.0,0.0
2007-08-13,49.79912082574368,50.07733015626177,49.7875307970496,50.03675842285156,1312600,0.0,0.0,0.0
2007-08-14,49.85711330225494,50.29760986229581,49.85132049501051,50.17009735107422,1314700,0.0,0.0,0.0
2007-08-15,50.22225798216743,50.28021700209465,49.99041748046874,49.99041748046875,1101700,0.0,0.0,0.0
2007-08-16,50.34977392619423,50.77287878041994,50.286017673312536,50.506263732910156,2410200,0.0,0.0,0.0
2007-08-17,50.07732829143445,50.37292486497961,49.87446963193763,50.30337142944336,2114400,0.0,0.0,0.0
2007-08-20,50.4018974842781,50.58157164864235,50.326551252573964,50.33234405517578,1048700,0.0,0.0,0.0
2007-08-21,50.48306390171561,50.662742569789586,50.454086609566644,50.575801849365234,1517200,0.0,0.0,0.0
2007-08-22,50.45407624147411,50.604768742455015,50.31496934858552,50.49464797973633,1137800,0.0,0.0,0.0
2007-08-23,50.47725323150592,50.819218794906554,50.44247872139274,50.668521881103516,1618800,0.0,0.0,0.0
2007-08-24,50.87139378281926,51.051072449744616,50.74967854379875,50.917762756347656,1614600,0.0,0.0,0.0
2007-08-27,51.16698850402869,51.282910933414705,51.09164224141917,51.18437576293945,1585400,0.0,0.0,0.0
2007-08-28,51.25396359002552,51.433637948572716,51.167022815183124,51.2713508605957,1298900,0.0,0.0,0.0
2007-08-29,51.28866890616086,51.45095577509711,51.09740476604915,51.132179260253906,2686700,0.0,0.0,0.0
2007-08-30,51.358203208205566,51.56106171890028,51.277059803927685,51.47412109375,1806800,0.0,0.0,0.0
2007-08-31,51.3466710158209,51.70022674393843,51.31769372029655,51.51475524902344,2763200,0.0,0.0,0.0
2007-09-04,51.69629576339425,51.87088376027003,51.32965253382187,51.539161682128906,931000,0.362,0.0,0.0
2007-09-05,51.65555732371567,51.99891682032672,51.63227803647712,51.95235824584961,1271500,0.0,0.0,0.0
2007-09-06,51.97567987664647,52.080434534526475,51.766170560886444,51.81855010986328,1768400,0.0,0.0,0.0
2007-09-07,52.23175297922354,52.66823002361817,52.196836236495685,52.55183792114258,2852200,0.0,0.0,0.0
2007-09-10,52.66824374356113,53.11635833890638,52.66824374356113,52.959228515625,2495200,0.0,0.0,0.0
2007-09-11,52.88939492259237,53.11636270826658,52.78464021842923,52.918495178222656,3925400,0.0,0.0,0.0
2007-09-12,52.90097153669871,52.924250824468054,52.621624523536845,52.720558166503906,4458300,0.0,0.0,0.0
2007-09-13,52.55179088096698,52.569249236703584,52.13277258300808,52.24916458129883,2020600,0.0,0.0,0.0
2007-09-14,52.714743379454056,52.72055987153189,52.15605377513196,52.324825286865234,1357200,0.0,0.0,0.0
2007-09-17,52.2724778885203,52.60420018361489,52.237561154322876,52.57509994506836,1285400,0.0,0.0,0.0
2007-09-18,52.26081184308453,52.51687515378647,51.79523492169277,52.17933654785156,3132800,0.0,0.0,0.0
2007-09-19,51.626477875567275,51.80107038006532,51.42861051453653,51.69631576538086,3854700,0.0,0.0,0.0
2007-09-20,51.31809036641197,51.3821073911664,50.68956199977392,50.71866226196289,5903200,0.0,0.0,0.0
2007-09-21,50.96882207284943,51.2889022080085,50.96882207284943,51.14923095703125,2217600,0.0,0.0,0.0
2007-09-24,51.23071040516842,51.37620259849905,51.160876994014124,51.29472732543945,1943600,0.0,0.0,0.0
2007-09-25,51.504271457552235,51.574109356259726,51.11435317993164,51.11435317993164,2513500,0.0,0.0,0.0
2007-09-26,50.992117156279775,51.28891810157136,50.881541643286596,51.160888671875,2646400,0.0,0.0,0.0
2007-09-27,51.35294903048406,51.66721285825866,51.30057394589076,51.515899658203125,1802900,0.0,0.0,0.0
2007-09-28,51.88834999756598,51.987283646364475,51.341297802917154,51.63228225708008,1254700,0.0,0.0,0.0
2007-10-01,51.81632727620612,51.985757673496856,51.66442339287573,51.927330017089844,1399400,0.345,0.0,0.0
2007-10-02,51.85137479484665,52.21360572202253,51.81047811414969,52.09091567993164,887800,0.0,0.0,0.0
2007-10-03,52.190257353922455,52.248680571121646,51.839713593321584,51.93903350830078,1164600,0.0,0.0,0.0
2007-10-04,52.00325761933104,52.184370780931026,51.9448344501764,52.137630462646484,1128700,0.0,0.0,0.0
2007-10-05,51.59435453103897,51.67030876272314,51.24381059662943,51.57682800292969,2184700,0.0,0.0,0.0
2007-10-08,51.278844026424366,51.70534202928058,51.278844026424366,51.535911560058594,280100,0.0,0.0,0.0
