Date,Open,High,Low,Close,Volume,Dividends,Stock Splits,Capital Gains
2007-10-09,35.86400042094186,36.1634635925293,35.47898048777611,36.1634635925293,159300,0.0,0.0,0.0
2007-10-10,36.16344860926547,36.21098133262047,35.76416575475197,35.911521911621094,187600,0.0,0.0,0.0
2007-10-11,36.3012968406106,36.353583925400564,35.67860618352494,35.7689208984375,111800,0.0,0.0,0.0
2007-10-12,35.88776691493758,35.9733272990007,35.43144607543945,35.43144607543945,129500,0.0,0.0,0.0
2007-10-15,35.45996410479421,35.574043405177136,34.68516993214868,34.76597595214844,205100,0.0,0.0,0.0
2007-10-16,34.647151435146135,34.718452376649054,34.24311760198494,34.34293746948242,205800,0.0,0.0,0.0
2007-10-17,34.6233745931739,35.23180599896643,33.534861422554954,34.29064178466797,263900,0.0,0.0,0.0
2007-10-18,34.0244530595642,34.64714025291909,33.66319773198857,34.300148010253906,134000,0.0,0.0,0.0
2007-10-19,34.0910102995772,34.0910102995772,32.840877532958984,32.840877532958984,184500,0.0,0.0,0.0
2007-10-22,32.840870869908066,33.701229095458984,32.68401318371659,33.701229095458984,246600,0.0,0.0,0.0
2007-10-23,33.96265870944177,34.0577278137207,33.4493000523976,34.0577278137207,185500,0.0,0.0,0.0
2007-10-24,33.7962958505551,33.7962958505551,32.969214502519726,33.487327575683594,370600,0.0,0.0,0.0
2007-10-25,33.91037087955794,34.014945078758394,33.24965603171735,33.558624267578125,310000,0.0,0.0,0.0
2007-10-26,34.01495074569258,34.257372463634546,33.477823828013356,34.067237854003906,144600,0.0,0.0,0.0
2007-10-29,34.05297435561512,34.1337803765101,33.51109313964844,33.51109313964844,133200,0.0,0.0,0.0
2007-10-30,33.69171107343799,34.16229488169557,33.69171107343799,33.97216033935547,178600,0.0,0.0,0.0
2007-10-31,34.18608267046134,34.6804313659668,33.64420121368976,34.6804313659668,263600,0.0,0.0,0.0
2007-11-01,33.8248057645715,33.90085740104104,33.05951690673828,33.05951690673828,278700,0.0,0.0,0.0
2007-11-02,33.24014938730681,33.24014938730681,32.1326188768111,32.58893966674805,306500,0.0,0.0,0.0
2007-11-05,32.08507771380116,32.5366440236119,31.966244092638938,32.118350982666016,309000,0.0,0.0,0.0
2007-11-06,31.94724908717242,32.522403717041016,31.80940157028411,32.522403717041016,212600,0.0,0.0,0.0
2007-11-07,31.837925167181442,32.27523229451518,31.414873876491665,31.50994300842285,495200,0.0,0.0,0.0
2007-11-08,31.676306199270474,31.885454641498338,31.07738342249189,31.605005264282227,294100,0.0,0.0,0.0
2007-11-09,31.262750111027465,31.852167533069803,31.134411384954394,31.348310470581055,247200,0.0,0.0,0.0
2007-11-12,31.414859291296295,32.17539748757913,31.315039469000023,31.70956802368164,277800,0.0,0.0,0.0
2007-11-13,31.704838128416828,32.76008224487305,31.704838128416828,32.76008224487305,175900,0.0,0.0,0.0
2007-11-14,33.282941506696346,33.282941506696346,32.0946044921875,32.0946044921875,311500,0.0,0.0,0.0
2007-11-15,32.18965113700129,32.3417580235143,31.60974249888474,32.03754425048828,342800,0.0,0.0,0.0
2007-11-16,32.41306060049351,32.43207441560779,31.281762173537754,31.438623428344727,361500,0.0,0.0,0.0
2007-11-19,31.372082994609425,31.372082994609425,30.754146575927734,30.754146575927734,316900,0.0,0.0,0.0
2007-11-20,31.086881641878843,31.357822202054457,29.66087793010931,30.15997886657715,482500,0.0,0.0,0.0
2007-11-21,29.8367530782961,30.31684022676373,29.608592687743972,29.95083236694336,339000,0.0,0.0,0.0
2007-11-23,30.5544987877945,30.868221274988386,30.264544474423484,30.540239334106445,164500,0.0,0.0,0.0
2007-11-26,30.8729798981617,30.8729798981617,29.076215744018555,29.076215744018555,221400,0.0,0.0,0.0
2007-11-27,29.537304978414458,29.77021983452918,29.0429563379013,29.755958557128906,291100,0.0,0.0,0.0
2007-11-28,30.1789859558293,31.063106536865234,30.1789859558293,31.063106536865234,302100,0.0,0.0,0.0
2007-11-29,31.03935094389803,31.091638040210093,30.35486795691484,30.564016342163086,152400,0.0,0.0,0.0
2007-11-30,31.229483024702926,31.81890056348626,31.01082953509569,31.39585304260254,275600,0.0,0.0,0.0
2007-12-03,31.49567551045278,31.49567551045278,30.782673522186215,31.058364868164062,423300,0.0,0.0,0.0
2007-12-04,31.05835742830971,31.05835742830971,30.221771240234375,30.221771240234375,299200,0.0,0.0,0.0
2007-12-05,30.83495521254527,31.253248333362745,30.56876538428414,31.238988876342773,223800,0.0,0.0,0.0
2007-12-06,31.238989589233423,32.29898368574422,31.177193772049996,32.23243713378906,180600,0.0,0.0,0.0
2007-12-07,32.32274495612562,32.617453642153095,32.08507771380116,32.118350982666016,264100,0.0,0.0,0.0
2007-12-10,32.13737062550396,32.80759048461914,31.971004251008345,32.80759048461914,248200,0.0,0.0,0.0
2007-12-11,32.9406958994106,33.116567416045854,31.053616575131215,31.077381134033203,280600,0.0,0.0,0.0
2007-12-12,32.13737139158981,32.14212575283587,30.67809436934515,30.972803115844727,416500,0.0,0.0,0.0
2007-12-13,30.872974681302914,30.94427558243008,30.198000553863302,30.621047973632812,318400,0.0,0.0,0.0
2007-12-14,30.031650437787047,30.90626466000022,29.789228693503777,29.851022720336914,922900,0.0,0.0,0.0
2007-12-17,29.575318859875395,29.58482576929518,28.928863525390625,28.928863525390625,509100,0.0,0.0,0.0
2007-12-18,29.408954203806275,29.589581878002647,28.524831467209772,29.375680923461914,494100,0.0,0.0,0.0
2007-12-19,29.442229404695084,29.67514419555664,29.180795693539636,29.67514419555664,370500,0.0,0.0,0.0
2007-12-20,29.995977788725238,29.995977788725238,29.266371003877513,29.551448822021484,998500,1.014,0.0,0.0
2007-12-21,29.67707847638385,30.131271362304688,29.67707847638385,30.131271362304688,374200,0.0,0.0,0.0
2007-12-24,30.13610157505625,31.189441750070262,30.13610157505625,31.107297897338867,121700,0.0,0.0,0.0
2007-12-26,30.851209187839654,30.90919242866022,30.46466346501289,30.59029197692871,371900,0.0,0.0,0.0
2007-12-27,30.401849920333312,30.537142308884512,29.80270449673313,29.981481552124023,353800,0.0,0.0,0.0
2007-12-28,29.976651134362772,30.198914704218907,29.271204929239133,29.45481300354004,395000,0.0,0.0,0.0
2007-12-31,29.628756328250663,29.82686111680334,29.24704163905065,29.696401596069336,335800,0.0,0.0,0.0
2008-01-02,29.6963972923991,29.966980167655613,29.184224999885583,29.60459327697754,5341700,0.0,0.0,0.0
2008-01-03,30.06362532656605,30.06362532656605,28.51744046487681,28.68172264099121,259300,0.0,0.0,0.0
2008-01-04,28.7107058765107,28.7107058765107,27.473759743654984,27.51724624633789,382300,0.0,0.0,0.0
2008-01-07,27.555901973331558,27.956944399840108,27.048560632496446,27.773334503173828,668600,0.0,0.0,0.0
2008-01-08,27.831313615971983,28.560920284852354,26.768313500647,26.811800003051758,646700,0.0,0.0,0.0
2008-01-09,26.913277007749745,27.285327911376953,25.864769580582934,27.285327911376953,534600,0.0,0.0,0.0
2008-01-10,27.23216978189699,28.169543298700727,26.517059803635085,27.7056884765625,717000,0.0,0.0,0.0
2008-01-11,27.97144652335171,28.130897700882812,26.995417237167505,27.710527420043945,558300,0.0,0.0,0.0
2008-01-14,27.937610196886464,28.227518940871157,26.97607811622119,27.59455108642578,399900,0.0,0.0,0.0
2008-01-15,27.169363444367583,27.299822996685677,26.748995004584227,27.034072875976562,542700,0.0,0.0,0.0
2008-01-16,26.67650372633089,27.77816101130329,26.67650372633089,27.34329605102539,621800,0.0,0.0,0.0
2008-01-17,27.42544147997747,27.613884227935216,26.87461365276536,26.971250534057617,700400,0.0,0.0,0.0
2008-01-18,27.17901588293617,27.430271006504043,26.188492117174825,26.613693237304688,880900,0.0,0.0,0.0
2008-01-22,26.560547915672448,27.754007675485898,25.768128752435732,27.25149917602539,925800,0.0,0.0,0.0
2008-01-23,26.91327410044223,29.836528778076172,26.91327410044223,29.836528778076172,1329400,0.0,0.0,0.0
2008-01-24,29.86550505225493,30.48880895253413,28.821831133431306,29.13589859008789,755600,0.0,0.0,0.0
2008-01-25,29.488625351149555,29.764039209696822,28.676878659685567,28.96678924560547,690400,0.0,0.0,0.0
2008-01-28,28.986126158093892,29.94765853881836,28.551261063216472,29.94765853881836,814200,0.0,0.0,0.0
2008-01-29,29.899339829389543,30.150595002785547,29.44031599036214,29.677074432373047,532400,0.0,0.0,0.0
2008-01-30,29.604593968040657,30.13609401616401,28.870156297938966,28.88465118408203,589500,0.0,0.0,0.0
2008-01-31,28.778360929243032,29.812371563958695,28.52710571581375,29.464479446411133,743400,0.0,0.0,0.0
2008-02-01,29.64324482559195,30.740069291725863,29.56593570143777,30.696582794189453,848600,0.0,0.0,0.0
2008-02-04,30.66760195128177,30.66760195128177,29.93316413644119,30.3776912689209,520000,0.0,0.0,0.0
2008-02-05,29.851033705719964,30.290729993418854,29.305038452148438,29.305038452148438,711000,0.0,0.0,0.0
2008-02-06,29.512795702934973,29.594935864682725,28.759030142259633,28.826675415039062,558000,0.0,0.0,0.0
2008-02-07,28.739691576011907,29.507951736450195,28.50776422384871,29.507951736450195,462600,0.0,0.0,0.0
2008-02-08,29.440319011501753,29.440319011501753,28.208203622659855,28.565757751464844,837500,0.0,0.0,0.0
2008-02-11,28.565750804098904,28.918473831625594,27.865135763364478,27.985931396484375,720200,0.0,0.0,0.0
2008-02-12,28.17436738793989,28.923299765361744,28.17436738793989,28.78317642211914,902800,0.0,0.0,0.0
2008-02-13,29.372673313465356,29.372673313465356,28.498112065991826,29.010286331176758,814900,0.0,0.0,0.0
2008-02-14,29.000612316312044,29.353335301217363,28.4594484614212,28.4691104888916,1046100,0.0,0.0,0.0
2008-02-15,28.362823469957096,28.70588272779348,28.072912758234082,28.701051712036133,1150900,0.0,0.0,0.0
2008-02-19,29.54662418777083,29.54662418777083,28.174385183554058,28.628576278686523,1076500,0.0,0.0,0.0
2008-02-20,28.09707661053339,28.846009476692934,28.072915999370302,28.807353973388672,1518700,0.0,0.0,0.0
2008-02-21,29.02960228306996,29.155228908208866,28.024581909179688,28.024581909179688,1092300,0.0,0.0,0.0
2008-02-22,28.498100995963473,28.817001342773438,27.894122926763174,28.817001342773438,1063400,0.0,0.0,0.0
2008-02-25,29.213219005141312,29.696401596069336,28.464286357841942,29.696401596069336,984800,0.0,0.0,0.0
2008-02-26,29.715727133745766,29.937990666688243,29.309853713800944,29.69156837463379,889100,0.0,0.0,0.0
2008-02-27,29.63359082548436,29.9234996587989,29.35817503768152,29.551448822021484,447800,0.0,0.0,0.0
2008-02-28,29.43064813184247,29.43064813184247,28.94263458251953,28.94263458251953,627800,0.0,0.0,0.0
2008-02-29,28.913641433522624,28.92813631898087,28.420795052797267,28.527095794677734,556600,0.0,0.0,0.0
2008-03-03,28.522266827703223,28.8315033809576,28.17437662688967,28.725204467773438,629500,0.0,0.0,0.0
2008-03-04,28.338657580348848,28.83633502204153,28.11156118973793,28.454620361328125,517100,0.0,0.0,0.0
2008-03-05,28.362821837550566,29.0247815499466,28.362821837550566,28.846004486083984,558300,0.0,0.0,0.0
2008-03-06,28.90881550303138,28.90881550303138,27.517249115288735,27.5317440032959,535000,0.0,0.0,0.0
2008-03-07,27.565553418889127,28.135708754237463,27.17417688481056,27.981090545654297,636400,0.0,0.0,0.0
2008-03-10,28.092231647101116,28.116390404659228,27.454430862952726,27.584890365600586,752200,0.0,0.0,0.0
2008-03-11,28.430468655962315,29.377506256103516,27.99560351140991,29.377506256103516,577700,0.0,0.0,0.0
2008-03-12,29.19389263483778,29.73988950441008,28.759029388427734,28.759029388427734,363400,0.0,0.0,0.0
2008-03-13,28.609240266292638,29.33401414001311,27.908625153057123,29.09725570678711,503300,0.0,0.0,0.0
2008-03-14,29.604591189945804,29.604591189945804,28.019753222928927,28.507766723632812,615900,0.0,0.0,0.0
2008-03-17,28.256521389307668,28.860499706905376,28.058416574863443,28.68172264099121,1021200,0.0,0.0,0.0
2008-03-18,29.570780157502995,29.95732592989477,28.913651422839163,29.94283103942871,774700,0.0,0.0,0.0
2008-03-19,29.82685095990894,30.440492862608373,29.71571922302246,29.71571922302246,372600,0.0,0.0,0.0
2008-03-20,29.836524763328192,30.94784618858329,29.76887949602299,30.706253051757812,531200,0.0,0.0,0.0
2008-03-24,31.450353955143495,31.696778115609924,31.0734721134835,31.397207260131836,384200,0.0,0.0,0.0
2008-03-25,31.696640692049417,31.832969738279942,31.02473165790416,31.477540969848633,752900,0.495,0.0,0.0
2008-03-26,31.17080070628494,31.35582190420227,30.791027684286924,30.873798370361328,437000,0.0,0.0,0.0
2008-03-27,31.711245315374676,31.711245315374676,30.552444763619786,30.620609283447266,673300,0.0,0.0,0.0
2008-03-28,31.37529917516628,31.37529917516628,30.187282358176436,30.260316848754883,491400,0.0,0.0,0.0
2008-03-31,30.756949327989393,31.078299649030956,30.235975331652455,30.377174377441406,409000,0.0,0.0,0.0
2008-04-01,31.03447459497798,32.10563659667969,30.805634925078074,32.10563659667969,3876600,0.0,0.0,0.0
2008-04-02,32.203018796657,32.241971026669034,31.54084574520894,31.94983673095703,483400,0.0,0.0,0.0
2008-04-03,32.11536831871093,32.6801643371582,31.74532967609678,32.6801643371582,508900,0.0,0.0,0.0
2008-04-04,32.952824433669576,32.952824433669576,32.09589415682898,32.164058685302734,1124600,0.0,0.0,0.0
2008-04-07,32.71424413474456,32.71424413474456,31.85244401888173,31.867050170898438,681300,0.0,0.0,0.0
2008-04-08,32.115380317751026,32.115380317751026,31.647964669927138,31.823246002197266,452500,0.0,0.0,0.0
2008-04-09,31.769676125203965,31.857316759654115,31.014994535077882,31.02473258972168,515900,0.0,0.0,0.0
2008-04-10,31.0149850326377,31.53595686638419,30.7861454619809,31.32659339904785,576600,0.0,0.0,0.0
2008-04-11,30.898137160183865,31.331470340306236,30.82997264070536,30.941957473754883,422300,0.0,0.0,0.0
2008-04-14,30.859192817386855,31.238969561477763,30.713125696126145,30.76181411743164,410800,0.0,0.0,0.0
2008-04-15,30.976044689067592,31.11237560717879,30.713124622923164,31.073423385620117,218700,0.0,0.0,0.0
2008-04-16,31.482423506225565,32.3344841003418,31.277926140473728,32.3344841003418,358200,0.0,0.0,0.0
2008-04-17,32.13971792776857,32.46106447584358,31.881665955076485,32.45132827758789,400600,0.0,0.0,0.0
2008-04-18,32.91874456980432,33.04533743821,32.19327705546926,32.26630783081055,814400,0.0,0.0,0.0
2008-04-21,32.310123207210324,32.31499316277044,31.910872289097576,32.02772521972656,307700,0.0,0.0,0.0
2008-04-22,32.00826136128597,32.12024809389827,31.691780993144167,31.94983673095703,522800,0.0,0.0,0.0
2008-04-23,31.94982816818158,32.56330891035296,31.837841465582486,32.34907913208008,693300,0.0,0.0,0.0
2008-04-24,32.39777466455762,33.108636111783234,32.29065789455162,32.991783142089844,886400,0.0,0.0,0.0
2008-04-25,33.503008613627536,33.503008613627536,32.81649341372508,33.17679214477539,454400,0.0,0.0,0.0
2008-04-28,33.27903795900033,33.27903795900033,32.889526933072005,33.132972717285156,699600,0.0,0.0,0.0
2008-04-29,32.81160768647501,33.08913560660221,32.57790191936062,32.77265548706055,806100,0.0,0.0,0.0
2008-04-30,33.05507226541051,33.0988944434858,32.22735798524672,32.314998626708984,629600,0.0,0.0,0.0
2008-05-01,32.35395043622548,33.01125717163086,32.095898441881715,33.01125717163086,780200,0.0,0.0,0.0
2008-05-02,33.459176522854726,33.459176522854726,32.76779164868569,32.98202133178711,1311800,0.0,0.0,0.0
2008-05-05,32.9674232614251,32.98202941218242,32.573042332227814,32.889522552490234,295500,0.0,0.0,0.0
2008-05-06,33.12810615404625,33.132976110341836,32.51949163118684,33.11836624145508,336800,0.0,0.0,0.0
2008-05-07,33.079417267318156,33.108629575302025,32.09589413206174,32.21761703491211,496200,0.0,0.0,0.0
2008-05-08,32.54383538615056,32.54383538615056,31.794025530591483,32.02286148071289,419100,0.0,0.0,0.0
2008-05-09,31.98877907660729,32.17866651793098,31.682038682474047,31.847583770751953,342300,0.0,0.0,0.0
2008-05-12,31.94494550290716,32.61198806762695,31.862174855261483,32.61198806762695,287700,0.0,0.0,0.0
2008-05-13,32.738580210159924,32.76779622328294,32.35393551710844,32.74345016479492,307100,0.0,0.0,0.0
2008-05-14,33.05507666647236,33.12811116319635,32.81163082051826,32.947959899902344,297000,0.0,0.0,0.0
2008-05-15,33.04045439264722,33.34719467163086,32.72397420435089,33.34719467163086,415000,0.0,0.0,0.0
2008-05-16,33.352083497808216,33.352083497808216,32.92848635551148,33.171932220458984,323800,0.0,0.0,0.0
2008-05-19,33.18652300375738,33.36180050818573,32.91386126586302,33.22547149658203,256700,0.0,0.0,0.0
2008-05-20,32.98203185468171,33.03559022121644,32.50001027055678,32.77753829956055,1419600,0.0,0.0,0.0
2008-05-21,32.709392027172214,32.952837932788356,31.837855239303664,31.98879051208496,3444000,0.0,0.0,0.0
2008-05-22,31.82323460298095,32.003385828474705,31.6284772241449,31.71611785888672,3545600,0.0,0.0,0.0
2008-05-23,31.638221946727985,31.686910370168018,31.40938227040236,31.565187454223633,311300,0.0,0.0,0.0
2008-05-27,31.574911531216472,32.110491412821354,31.574911531216472,31.99850845336914,370600,0.0,0.0,0.0
2008-05-28,32.227359538442514,32.23222578037227,31.857320843913595,32.05207824707031,199800,0.0,0.0,0.0
2008-05-29,32.04233739898575,32.407506126242474,31.93522064464031,32.397769927978516,726700,0.0,0.0,0.0
2008-05-30,32.59738879305795,32.59738879305795,32.0715487259855,32.246829986572266,304700,0.0,0.0,0.0
2008-06-02,32.4610625127007,32.4610625127007,31.472673145890184,31.706382751464844,338500,0.0,0.0,0.0
2008-06-03,31.88653257170413,31.98391312884767,31.526233796994102,31.915748596191406,410000,0.0,0.0,0.0
2008-06-04,31.78916828538085,32.33448847671075,31.711263808895193,32.081302642822266,323800,0.0,0.0,0.0
2008-06-05,32.29551637993135,32.82622636956881,32.19326960343297,32.816490173339844,218100,0.0,0.0,0.0
2008-06-06,32.64121929643894,32.64121929643894,31.433726272511713,31.443466186523438,595100,0.0,0.0,0.0
2008-06-09,31.579783820032894,31.81835962121243,30.756935974631865,30.820232391357422,412100,0.0,0.0,0.0
2008-06-10,30.71311219538868,31.068542715244007,30.29925336683736,30.834835052490234,378600,0.0,0.0,0.0
2008-06-11,31.00039236022192,31.156199406509106,30.328483179410107,30.367433547973633,269600,0.0,0.0,0.0
2008-06-12,30.635212969151567,30.96629934509539,30.226225883114306,30.679033279418945,335700,0.0,0.0,0.0
2008-06-13,30.844586369065983,31.190279006958008,30.44046725117606,31.190279006958008,301900,0.0,0.0,0.0
2008-06-16,31.029595801817727,31.61873594225327,30.917610977065507,31.604129791259766,256900,0.0,0.0,0.0
2008-06-17,31.764797903506192,31.764797903506192,30.64007981630539,30.70824432373047,232400,0.0,0.0,0.0
2008-06-18,30.649822571214514,30.649822571214514,30.011993990232902,30.25543975830078,229400,0.0,0.0,0.0
2008-06-19,30.211626101581444,30.956571578979492,30.050952825078014,30.956571578979492,792100,0.0,0.0,0.0
2008-06-20,30.615747531058556,30.68391206501484,30.080165600619843,30.260316848754883,271400,0.0,0.0,0.0
2008-06-23,30.469671085428146,30.474539183216727,29.510494232177734,29.510494232177734,271800,0.0,0.0,0.0
2008-06-24,29.42563633902509,29.93382496778772,29.15920658172019,29.529247283935547,964300,0.798,0.0,0.0
2008-06-25,29.613132578851495,30.481494178928376,29.613132578851495,30.01277732849121,1119900,0.0,0.0,0.0
2008-06-26,30.294001291448712,30.298934339623173,28.976655338182773,29.011192321777344,476900,0.0,0.0,0.0
2008-06-27,29.08026490487523,29.213479784738613,28.537539289542345,28.78423309326172,1234000,0.0,0.0,0.0
2008-06-30,28.734890021688475,29.213474636723042,28.483261332247228,28.823698043823242,1266500,0.0,0.0,0.0
2008-07-01,28.068818826525046,29.030924973717102,28.004677914812447,28.79903221130371,2001800,0.0,0.0,0.0
2008-07-02,28.84342924226359,28.942107106522656,28.300703812024285,28.44378662109375,2487500,0.0,0.0,0.0
2008-07-03,28.483259602689667,28.5622015258902,28.044145037253976,28.152690887451172,2056800,0.0,0.0,0.0
2008-07-07,28.30072129398438,28.44873724074374,27.41262373130336,27.521167755126953,2200300,0.0,0.0,0.0
2008-07-08,27.58036600152958,29.578585289812313,27.343538310924554,29.573650360107422,4736200,0.0,0.0,0.0
2008-07-09,30.2792025311561,30.2792025311561,27.294207331537145,27.555702209472656,2749200,0.0,0.0,0.0
2008-07-10,27.47182365358104,28.305648078747716,27.175791825579413,28.088558197021484,2237100,0.0,0.0,0.0
2008-07-11,27.387954822458397,28.59182220946207,27.289278772220403,27.95041847229004,4163200,0.0,0.0,0.0
2008-07-14,27.994802827348295,28.51285923800807,26.8600102642262,26.978424072265625,3855400,0.0,0.0,0.0
2008-07-15,26.83534998316249,27.60503528002326,26.243284514971457,26.716938018798828,6946000,0.0,0.0,0.0
2008-07-16,26.702134944530044,28.665817260742188,26.41597113067211,28.665817260742188,4768500,0.0,0.0,0.0
2008-07-17,28.665820603707193,29.124671251034428,27.925739157324482,29.011192321777344,8110000,0.0,0.0,0.0
2008-07-18,28.951985737361696,29.104936577365226,28.542473108702765,29.060531616210938,4488700,0.0,0.0,0.0
2008-07-21,29.045727540826313,29.277620315551758,28.808901718226092,29.277620315551758,3129700,0.0,0.0,0.0
2008-07-22,28.951986805828636,30.11144700457833,28.695425007704877,30.062108993530273,6480900,0.0,0.0,0.0
2008-07-23,29.751272176716327,31.18209698270221,29.751272176716327,30.910734176635742,5532900,0.0,0.0,0.0
2008-07-24,31.073544488005012,31.073544488005012,28.710217914043934,28.863168716430664,2615400,0.0,0.0,0.0
2008-07-25,29.164149001326447,29.701941701940545,28.789173272795153,29.336833953857422,4093000,0.0,0.0,0.0
2008-07-28,29.504576647097856,29.77100638965554,28.537537450545056,28.858240127563477,1083800,0.0,0.0,0.0
2008-07-29,28.818767721390483,30.249592418947554,28.749693763130686,30.200252532958984,2094600,0.0,0.0,0.0
2008-07-30,31.16236058320432,31.16236058320432,29.188810193179663,30.096643447875977,4018500,0.0,0.0,0.0
2008-07-31,29.923964754495067,30.106517676479683,29.28749416985649,29.721675872802734,2728100,0.0,0.0,0.0
2008-08-01,29.73647181980613,29.805545784854267,28.996390396362845,29.746339797973633,3156300,0.0,0.0,0.0
2008-08-04,29.60818847870573,29.667396344697092,29.134536843520596,29.312156677246094,3286600,0.0,0.0,0.0
2008-08-05,29.455242064035115,30.683776216111575,29.346696182504463,30.629505157470703,2620900,0.0,0.0,0.0
2008-08-06,30.446944574969635,30.619631342865674,30.037433896371557,30.481481552124023,2221000,0.0,0.0,0.0
2008-08-07,30.17558581970894,30.274263717046146,29.42070338700932,29.677265167236328,2783500,0.0,0.0,0.0
2008-08-08,29.667384032983534,31.01433137026442,29.52923428512563,30.540679931640625,2850800,0.0,0.0,0.0
2008-08-11,30.881125571240368,31.833361772378257,30.560422923960786,31.527463912963867,5189800,0.0,0.0,0.0
2008-08-12,31.695214689211458,31.695214689211458,30.43214378445279,30.82192039489746,4389300,0.0,0.0,0.0
2008-08-13,30.594964889784038,30.649237828062642,29.993033284999342,30.372941970825195,4023000,0.0,0.0,0.0
2008-08-14,30.20519406781011,30.915671642293002,30.071979169696203,30.861398696899414,4712900,0.0,0.0,0.0
2008-08-15,30.94526981693949,31.241301613974922,30.51602126447657,30.816987991333008,2975400,0.0,0.0,0.0
2008-08-18,30.86139786961935,30.91567081355808,29.904226483278105,30.39267921447754,3402800,0.0,0.0,0.0
2008-08-19,29.904231335847374,29.909164385131128,29.302297688486686,29.642736434936523,4193500,0.0,0.0,0.0
2008-08-20,29.67725625211269,29.8154041376102,29.021050031751965,29.687122344970703,4381400,0.0,0.0,0.0
2008-08-21,29.322021365709176,29.36642631915942,28.961848690890136,29.159202575683594,3852600,0.0,0.0,0.0
2008-08-22,29.238154397145124,30.150922775268555,29.238154397145124,30.150922775268555,2729600,0.0,0.0,0.0
2008-08-25,30.116382854329373,30.244662816245054,29.10493853997168,29.23815155029297,1789900,0.0,0.0,0.0
2008-08-26,28.803967580632264,29.583518981933594,28.803967580632264,29.583518981933594,2080500,0.0,0.0,0.0
2008-08-27,29.79074102358947,29.87955093383789,29.282550563362594,29.87955093383789,1627200,0.0,0.0,0.0
2008-08-28,29.923961295426302,30.644306802367073,29.815415411705956,30.639371871948242,1363600,0.0,0.0,0.0
2008-08-29,30.417349479407697,30.71338131757062,30.096646752960766,30.427215576171875,1347300,0.0,0.0,0.0
2008-09-02,30.59003957771479,31.1426333140592,30.052246871144167,30.624576568603516,2444100,0.0,0.0,0.0
2008-09-03,30.585096017386892,31.10808563232422,30.382807190791016,31.10808563232422,2689600,0.0,0.0,0.0
2008-09-04,30.767644477775253,30.94526427704832,30.15584315607068,30.234785079956055,2620000,0.0,0.0,0.0
2008-09-05,29.909146910896858,30.274254454703367,29.544041249214118,30.239717483520508,3785300,0.0,0.0,0.0
2008-09-08,31.325174463683734,31.59653722317879,30.713373110929837,31.547197341918945,3510900,0.0,0.0,0.0
2008-09-09,31.369575957914442,31.636005640977213,30.126239319078657,30.367998123168945,3092300,0.0,0.0,0.0
2008-09-10,30.52589030225888,30.703510139499166,29.78087585397249,30.422279357910156,3161300,0.0,0.0,0.0
2008-09-11,30.264389475081938,30.886056900024414,29.766068925749984,30.886056900024414,4225200,0.0,0.0,0.0
2008-09-12,30.471604979644262,31.05873718989079,30.200242286213435,30.78737449645996,2567500,0.0,0.0,0.0
2008-09-15,30.323603344744374,30.501223193016134,29.011192321777344,29.011192321777344,6087100,0.0,0.0,0.0
2008-09-16,28.448733725312692,30.442020416259766,28.419129786769048,30.442020416259766,5486600,0.0,0.0,0.0
2008-09-17,29.810476976781672,29.978228830935702,28.493133028494313,28.690488815307617,4194600,0.0,0.0,0.0
2008-09-18,28.621409528142664,31.127819061279297,27.545826454030788,31.127819061279297,6149500,0.0,0.0,0.0
2008-09-19,34.019065677242416,34.019065677242416,30.41240435667767,32.05538558959961,2369000,0.0,0.0,0.0
2008-09-22,30.590031954100045,31.774162976140765,29.25788502483533,29.361495971679688,1726000,0.0,0.0,0.0
2008-09-23,30.05716413530982,30.22985088118878,29.479901691793728,29.5588436126709,2495000,0.0,0.0,0.0
2008-09-24,30.009687473807087,30.64946699991998,29.015028454278397,29.35491180419922,3085200,0.772,0.0,0.0
2008-09-25,29.919736944039222,30.079681925557612,29.125009482940847,29.719804763793945,2240200,0.0,0.0,0.0
2008-09-26,29.010044454819468,30.639484405517578,28.900081582799512,30.639484405517578,1991700,0.0,0.0,0.0
2008-09-29,29.454881769811063,30.42954733278372,28.350261688232422,28.350261688232422,3275700,0.0,0.0,0.0
2008-09-30,29.814759290141566,30.48452929812435,28.70513983790453,30.38956069946289,2369100,0.0,0.0,0.0
2008-10-01,30.23961390352629,30.23961390352629,29.21996365479262,29.654815673828125,2887000,0.0,0.0,0.0
2008-10-02,29.334922490398682,29.424891737700328,27.650501638928823,27.74047088623047,2279600,0.0,0.0,0.0
2008-10-03,28.310284932279952,28.550202374979605,26.365952441212354,26.540891647338867,4099000,0.0,0.0,0.0
2008-10-06,26.2009926368304,26.34094582568572,24.441599097185296,25.74614906311035,4331400,0.0,0.0,0.0
2008-10-07,25.5412316875075,25.906108114686685,23.53692054748535,23.53692054748535,3188200,0.0,0.0,0.0
2008-10-08,22.647227547629434,24.28166679290124,22.152396547734803,23.212032318115234,2313700,0.0,0.0,0.0
2008-10-09,23.142056653204957,24.04674682627846,21.242708940995925,21.372663497924805,5654200,0.0,0.0,0.0
2008-10-10,20.442980644688188,23.651877794084132,19.15842191466215,23.41695785522461,3060000,0.0,0.0,0.0
2008-10-13,24.841470142878485,24.96642723423432,23.112064456120287,24.906448364257812,1518600,0.0,0.0,0.0
2008-10-14,25.726170695045447,25.726170695045447,21.692555293177065,23.212032318115234,3512800,0.0,0.0,0.0
2008-10-15,22.44229570549908,22.887142672123165,20.083105070187344,20.23305320739746,2787600,0.0,0.0,0.0
2008-10-16,20.80785742270251,21.617578920053283,19.493308159123192,21.407651901245117,2282300,0.0,0.0,0.0
2008-10-17,20.38800444939888,22.152398398977855,20.303032615098378,21.177732467651367,3186700,0.0,0.0,0.0
2008-10-20,21.682554251121548,21.682554251121548,20.343014127119407,21.332674026489258,1889500,0.0,0.0,0.0
2008-10-21,21.062769394572904,21.55760037121759,20.55294417541278,20.602928161621094,1410200,0.0,0.0,0.0
2008-10-22,19.993125380063223,20.343005455552934,18.488643534158395,19.14841651916504,2564900,0.0,0.0,0.0
2008-10-23,19.10344537877739,19.54829242703139,17.194100711423186,18.648601531982422,5536300,0.0,0.0,0.0
2008-10-24,16.689269912093533,18.61361038932599,16.689269912093533,17.588960647583008,2853100,0.0,0.0,0.0
2008-10-27,17.429015837947297,18.273727057324642,16.494337260399018,16.589303970336914,2338400,0.0,0.0,0.0
2008-10-28,16.99416892031646,19.27338755603948,16.259420418619396,19.18341827392578,4867500,0.0,0.0,0.0
2008-10-29,19.023474706024093,19.858187443274073,18.308719749283377,18.503652572631836,3787300,0.0,0.0,0.0
2008-10-30,19.468314170706435,19.598268699803157,18.73356590278854,19.493305206298828,3782900,0.0,0.0,0.0
2008-10-31,19.653249941177766,20.842841910022457,19.23839341542094,20.747873306274414,11149000,0.0,0.0,0.0
2008-11-03,20.692889065115267,20.852833942936808,19.998126237879603,20.068103790283203,6681200,0.0,0.0,0.0
2008-11-04,20.63291506543809,21.262699896540177,20.198064905568344,21.192724227905273,6208700,0.0,0.0,0.0
2008-11-05,20.8878177632406,20.89281520553657,18.96847769047526,19.108428955078125,9770700,0.0,0.0,0.0
2008-11-06,18.923502394099405,19.203405061027553,18.138772005700567,18.2137451171875,12780800,0.0,0.0,0.0
2008-11-07,18.428669403751773,19.43832282685945,17.86386478173757,19.36834716796875,8636600,0.0,0.0,0.0
2008-11-10,19.55328026591478,19.563277059544056,17.419013446746057,17.633939743041992,3812600,0.0,0.0,0.0
2008-11-11,17.39402408579337,17.778892097346365,16.68926627416869,17.389026641845703,3649900,0.0,0.0,0.0
2008-11-12,16.989168075749856,16.994165520781184,16.01450231895448,16.14445686340332,5528600,0.0,0.0,0.0
2008-11-13,16.689267033074643,17.988821788327115,15.404708423734299,17.91884422302246,9470900,0.0,0.0,0.0
2008-11-14,17.673932266868185,17.68392906352316,15.809571637983305,15.899540901184082,2605900,0.0,0.0,0.0
2008-11-17,15.70960366228095,16.014499231142732,15.284749415509655,15.324735641479492,2647600,0.0,0.0,0.0
2008-11-18,15.389714617210943,15.639628780244466,14.275096725537798,15.179786682128906,3246200,0.0,0.0,0.0
2008-11-19,15.024845262496008,15.17979279235661,12.995541708757958,13.14049243927002,3068800,0.0,0.0,0.0
2008-11-20,12.905568364220006,13.795263206256235,11.920906818268893,12.100844383239746,4156200,0.0,0.0,0.0
2008-11-21,12.395743508485587,13.100501451760262,11.25613540617606,12.99053955078125,6877600,0.0,0.0,0.0
2008-11-24,13.430388552377162,15.374720582140473,12.865581967509865,15.199780464172363,5300100,0.0,0.0,0.0
2008-11-25,15.514674196632372,15.729599610633404,14.310086859789827,15.439699172973633,2949200,0.0,0.0,0.0
2008-11-26,15.43970322758911,16.299408922748384,14.954869889127558,16.274417877197266,2348000,0.0,0.0,0.0
2008-11-28,16.184438673472084,16.394365615536316,15.684609488513347,16.03449058532715,838000,0.0,0.0,0.0
2008-12-01,15.63463493450197,15.669622774977638,12.720634983273275,12.905570983886719,2431700,0.0,0.0,0.0
2008-12-02,13.250448506959922,14.68495521135964,13.245450109498114,14.619977951049805,3379600,0.0,0.0,0.0
2008-12-03,13.980200187740675,15.439699172973633,13.750279578338489,15.439699172973633,4203100,0.0,0.0,0.0
2008-12-04,15.15979944232315,16.11947026853741,14.6749661061334,15.014849662780762,2461400,0.0,0.0,0.0
2008-12-05,14.784923577206852,16.61929378668287,14.564998821062465,16.604299545288086,2176800,0.0,0.0,0.0
2008-12-08,16.984166360666208,18.178755759798623,16.749246436308475,18.153764724731445,1851300,0.0,0.0,0.0
2008-12-09,17.908855026438204,18.128778867210475,16.444357454257418,16.579309463500977,2632100,0.0,0.0,0.0
2008-12-10,16.889206818958495,18.04380952571519,16.80423497570373,18.00382423400879,1656000,0.0,0.0,0.0
2008-12-11,17.59395833554177,17.68392759125218,15.164792244748408,15.434699058532715,1955400,0.0,0.0,0.0
2008-12-12,15.004845107849032,17.049142837524414,14.904879071086963,17.049142837524414,1917500,0.0,0.0,0.0
2008-12-15,17.109121422038395,17.27406566604994,15.73959207914214,16.454345703125,1425300,0.0,0.0,0.0
2008-12-16,18.468664169311523,18.483658414748156,16.414368649935465,18.468664169311523,2348400,0.0,0.0,0.0
2008-12-17,17.993823292644244,19.603271430628432,17.638945568645905,18.808544158935547,4069200,0.0,0.0,0.0
2008-12-18,19.038463600243077,19.103441825325504,17.18410071644905,17.24407958984375,1897500,0.0,0.0,0.0
2008-12-19,17.28406450721148,18.45366096496582,17.28406450721148,18.45366096496582,2274400,0.0,0.0,0.0
2008-12-22,18.303708704801167,18.308708054700897,16.94417725615337,17.758895874023438,3688700,0.0,0.0,0.0
2008-12-23,17.93882849925,18.118766903221793,17.478987606160043,17.658926010131836,1580400,0.0,0.0,0.0
2008-12-24,17.769316884573772,17.866865158081055,17.471534851985155,17.866865158081055,615700,0.935,0.0,0.0
2008-12-26,17.974680392728885,18.123571395874027,17.553679731682436,18.123571395874023,608500,0.0,0.0,0.0
2008-12-29,17.96955574657706,17.96955574657706,16.75789396001511,17.08134651184082,1549800,0.0,0.0,0.0
2008-12-30,17.291839667730425,17.897670306094074,17.189156143536948,17.76418113708496,1765300,0.0,0.0,0.0
2008-12-31,17.872006641345205,18.888569800571606,17.769323078503675,18.714008331298828,1954200,0.0,0.0,0.0
2009-01-02,18.806417748379953,18.8115510436585,18.10817207896919,18.118440628051758,2181800,0.0,0.0,0.0
2009-01-05,18.092773941881614,18.287870538849948,17.64096748229929,17.78472328186035,7318600,0.0,0.0,0.0
2009-01-06,18.097908385275414,18.868032146350966,17.53315174389708,18.67293357849121,1913900,0.0,0.0,0.0
2009-01-07,18.559983767039665,18.595922719869453,17.907945402301213,18.046567916870117,1439600,0.0,0.0,0.0
2009-01-08,17.80525766023215,18.03629513027053,17.548549795417415,17.913074493408203,2063200,0.0,0.0,0.0
2009-01-09,17.928472998840007,17.943876799656856,16.91704553167678,16.994056701660156,1491800,0.0,0.0,0.0
2009-01-12,16.88111118844224,16.91705013592088,15.731058993548478,15.998035430908203,1760800,0.0,0.0,0.0
2009-01-13,15.818343932611885,16.573064968717343,15.710527061423878,16.480649948120117,1792700,0.0,0.0,0.0
2009-01-14,16.162330212687785,16.162330212687785,15.453816792933225,15.618109703063965,2330100,0.0,0.0,0.0
2009-01-15,15.618111068350226,16.50632128269144,14.832584421448493,16.131526947021484,3927500,0.0,0.0,0.0
2009-01-16,16.429304922632184,16.7938296555569,15.72079157871934,16.742488861083984,5540300,0.0,0.0,0.0
2009-01-20,16.511451648481323,16.52172019925493,14.786374289031276,14.868520736694336,3918700,0.0,0.0,0.0
2009-01-21,15.217647647314,16.434442836673167,14.714500277699349,16.424175262451172,3471500,0.0,0.0,0.0
2009-01-22,15.82347405049574,16.357426927273423,15.294656428249512,15.5256929397583,3904300,0.0,0.0,0.0
2009-01-23,15.017411381435817,16.059645754630786,14.914727834985808,15.998035430908203,3563500,0.0,0.0,0.0
2009-01-26,16.02884697165452,16.45498220727826,15.592444160396324,15.905627250671387,3755700,0.0,0.0,0.0
2009-01-27,16.018575806248514,16.40877101228717,15.828611500264397,16.131526947021484,2490400,0.0,0.0,0.0
2009-01-28,16.983793792864656,17.594757824639412,16.449840947761572,17.528013229370117,2712800,0.0,0.0,0.0
2009-01-29,17.15835032951757,17.199424522200047,16.02883647084113,16.0955810546875,2714700,0.0,0.0,0.0
2009-01-30,16.285548200878452,16.52685326511885,15.23304624282015,15.43327808380127,2386500,0.0,0.0,0.0
2009-02-02,15.079022564420072,15.828609166725748,15.022546512728052,15.808073043823242,2732600,0.0,0.0,0.0
2009-02-03,15.890220405124216,15.91075652920429,15.371670296867805,15.648914337158203,2159200,0.0,0.0,0.0
2009-02-04,15.654050530804184,16.069917131819953,15.268988609313963,15.268988609313965,7818500,0.0,0.0,0.0
2009-02-05,14.94553279876709,15.489753219679205,14.493726390292148,14.94553279876709,4770500,0.0,0.0,0.0
2009-02-06,15.027679961891739,16.14179223226502,14.9968743103376,15.982632637023926,4500200,0.0,0.0,0.0
2009-02-09,16.16233306276752,16.244479532318667,15.664319968705783,16.218809127807617,2627000,0.0,0.0,0.0
2009-02-10,16.193136626966833,16.193136626966833,14.642620501204956,14.776108741760254,4686400,0.0,0.0,0.0
2009-02-11,14.930131084057539,15.058485031127931,14.329434572597586,15.05848503112793,3494300,0.0,0.0,0.0
2009-02-12,14.524534745855474,14.87879097434243,13.728739597410275,14.801778793334961,3502600,0.0,0.0,0.0
2009-02-13,14.66315682486858,14.673425377187973,13.862228349953792,13.893033027648926,3436000,0.0,0.0,0.0
2009-02-17,13.348807262188366,13.477161178170947,12.778915561861657,12.907269477844238,2560700,0.0,0.0,0.0
2009-02-18,13.086968728903052,13.184518005874969,12.527345424097053,13.092103004455566,5537100,0.0,0.0,0.0
2009-02-19,13.348809122629778,13.456625957035643,12.414392640727742,12.52734375,2946800,0.0,0.0,0.0
2009-02-20,12.188492203572116,13.379616823002674,11.900979600773056,13.318007469177246,6286800,0.0,0.0,0.0
2009-02-23,13.44122269561194,13.53877194927061,12.244964197131313,12.316842079162598,5058000,0.0,0.0,0.0
2009-02-24,12.742980918490767,13.415555390811086,12.280906861013165,13.35908031463623,5187300,0.0,0.0,0.0
2009-02-25,13.210192869448248,13.672267053464397,12.583825729271979,13.102375984191895,4889400,0.0,0.0,0.0
2009-02-26,13.369349111645262,13.507970645947298,12.368187819359486,12.429797172546387,3821000,0.0,0.0,0.0
2009-02-27,12.09093866215737,12.68650076226563,12.065268270308593,12.26550006866455,3676800,0.0,0.0,0.0
2009-03-02,12.096077299038962,12.096077299038962,11.233538503858115,11.50051498413086,4773700,0.0,0.0,0.0
2009-03-03,11.64427266006745,11.803431313389188,10.961429558607351,11.546723365783691,5413900,0.0,0.0,0.0
2009-03-04,11.772628223037147,12.019067650981716,11.387566249650044,11.731554985046387,3058600,0.0,0.0,0.0
2009-03-05,11.433773166686441,11.582663279390658,10.84847833185635,11.007637977600098,3390700,0.0,0.0,0.0
2009-03-06,11.079511638988794,11.197597024261208,10.242644412987708,10.858742713928223,4933800,0.0,0.0,0.0
2009-03-09,10.530158123960012,11.110317544244092,10.530158123960012,11.10004997253418,3882000,0.0,0.0,0.0
2009-03-10,11.402961725342461,12.69163519316579,11.295144903131389,12.645427703857422,3060900,0.0,0.0,0.0
2009-03-11,12.696773300108704,12.881603313135109,12.265503922555746,12.440065383911133,2695800,0.0,0.0,0.0
2009-03-12,12.455465843161294,13.543906652497848,12.265501590418786,13.456625938415527,2791300,0.0,0.0,0.0
2009-03-13,13.754407751968701,13.831419914917502,12.727576301283925,13.169113159179688,2757900,0.0,0.0,0.0
2009-03-16,13.266663641160243,13.38988330906188,12.106343877674572,12.132014274597168,2283000,0.0,0.0,0.0
2009-03-17,12.157687639785504,13.08697006594731,11.880442607202262,13.051031112670898,2398400,0.0,0.0,0.0
2009-03-18,12.84052545938829,13.77494178100358,12.511939758406028,13.764673233032227,3892800,0.0,0.0,0.0
2009-03-19,13.980315484977453,14.000852592144598,12.86620288200225,12.92267894744873,2177800,0.0,0.0,0.0
2009-03-20,12.876469082016111,12.876469082016111,11.808564186096193,11.808564186096191,2783100,0.0,0.0,0.0
2009-03-23,12.368184797065982,13.816016973584619,12.24496514153916,13.718467712402344,2763900,0.0,0.0,0.0
2009-03-24,13.348814620716839,13.79035264845862,12.52734890974316,12.660837173461914,4493200,0.0,0.0,0.0
2009-03-25,12.952979490081042,13.188583803209623,11.8116092595818,12.869209289550781,2340700,0.478,0.0,0.0
2009-03-26,13.005337169427257,13.282826605317405,12.361353326159927,13.157170295715332,3010400,0.0,0.0,0.0
2009-03-27,12.858740760673935,12.99486761790549,12.544601936187252,12.570780754089355,2526500,0.0,0.0,0.0
2009-03-30,12.183343066752558,12.23569970320657,11.780198264262388,11.88491153717041,1412900,0.0,0.0,0.0
2009-03-31,12.099572606851838,12.89538967034505,11.952974227424788,12.712142944335938,2461700,0.0,0.0,0.0
2009-04-01,12.487011240232027,12.832563667123793,12.350884375301959,12.64408016204834,1859200,0.0,0.0,0.0
2009-04-02,13.099582673915515,13.706917351169254,12.822093158131334,13.560318946838379,2353800,0.0,0.0,0.0
2009-04-03,13.518429183665068,14.790690509384149,13.256647050755614,14.727862358093262,2793400,0.0,0.0,0.0
2009-04-06,14.424198759302252,14.90587804520168,14.083882100471316,14.560325622558594,3235200,0.0,0.0,0.0
2009-04-07,14.214773045948917,14.293307505040824,13.356127762453724,13.471311569213867,2370000,0.0,0.0,0.0
2009-04-08,13.534135517376704,13.780210345467365,13.267117640791765,13.670262336730957,2579700,0.0,0.0,0.0
2009-04-09,14.27760282519865,15.5027437210083,14.02105636392158,15.5027437210083,2493800,0.0,0.0,0.0
2009-04-13,15.120537366118654,15.863998752456313,14.963468467032833,15.549860954284668,4314300,0.0,0.0,0.0
2009-04-14,15.267141532955396,15.439917786983118,14.199070416771319,14.230484008789062,3382100,0.0,0.0,0.0
2009-04-15,14.193828768792217,15.54986041207227,14.09435127024273,15.466090202331543,4144900,0.0,0.0,0.0
2009-04-16,15.47656915559062,16.722653451481886,14.858762773431783,15.984427452087402,5803700,0.0,0.0,0.0
2009-04-17,16.089129325088212,16.84829789469216,15.665042557924826,16.272377014160156,5805200,0.0,0.0,0.0
2009-04-20,15.727875372040618,15.869237003936055,14.50796933680103,14.596975326538086,4124800,0.0,0.0,0.0
2009-04-21,14.23572134725628,15.926834717314748,14.14671532785214,15.890185356140137,2776100,0.0,0.0,0.0
2009-04-22,15.56556790503136,16.178138235231753,15.24619433019884,15.335200309753418,9377100,0.0,0.0,0.0
2009-04-23,15.434681511647327,16.12055173859895,15.183370786572864,16.026309967041016,6132600,0.0,0.0,0.0
2009-04-24,16.15719528449129,17.27762261318174,15.832584965699452,16.785472869873047,7819400,0.0,0.0,0.0
2009-04-27,16.4818029060011,16.591751921490104,15.324726353828646,15.780226707458496,6108400,0.0,0.0,0.0
2009-04-28,15.633628784793427,16.387560583869686,15.398024473444874,15.989652633666992,6029900,0.0,0.0,0.0
2009-04-29,16.18861230590184,16.91113078394184,16.036778141016825,16.685998916625977,5113600,0.0,0.0,0.0
2009-04-30,16.869245027285753,17.261918313788758,16.539398907396137,16.61269760131836,5575000,0.0,0.0,0.0
2009-05-01,16.628403296163306,16.638874822467006,15.853528324844417,16.06818962097168,3926800,0.0,0.0,0.0
2009-05-04,16.403273380136724,17.42946017147013,16.23049715999129,17.392810821533203,5437900,0.0,0.0,0.0
2009-05-05,17.2462087851726,17.2462087851726,16.59175435330589,16.743587493896484,6108700,0.0,0.0,0.0
2009-05-06,17.089137052168237,17.47133872062945,16.58651584410191,17.382333755493164,8067300,0.0,0.0,0.0
2009-05-07,17.59700011736721,17.6022348826751,15.953007192988244,16.38756561279297,7561500,0.0,0.0,0.0
2009-05-08,16.62840578884707,17.591763384946244,16.387565640857375,17.481815338134766,6114200,0.0,0.0,0.0
2009-05-11,16.947770304774824,17.256673220925133,16.764523658430846,16.816879272460938,3484000,0.0,0.0,0.0
2009-05-12,16.989665856558986,17.11008543368946,16.052485063870787,16.76976776123047,3181700,0.0,0.0,0.0
2009-05-13,16.2095589658297,16.240973559729973,15.418977326456464,15.6702880859375,2867300,0.0,0.0,0.0
2009-05-14,15.44515189816053,16.2985615467,15.183369662598487,16.042015075683594,2592500,0.0,0.0,0.0
2009-05-15,15.953008470019924,16.09960687587251,15.199076379229325,15.5027437210083,2103600,0.0,0.0,0.0
2009-05-18,15.670288040042335,16.85877987637664,15.654580743138203,16.748830795288086,2776800,0.0,0.0,0.0
2009-05-19,16.822119441875575,16.90588963964626,16.220019772296915,16.429445266723633,2909000,0.0,0.0,0.0
2009-05-20,16.864006722389625,17.120554124889544,16.20955130475042,16.29855728149414,3417700,0.0,0.0,0.0
2009-05-21,16.01060120804285,16.52892990558935,15.869238563633814,16.34568214416504,2684600,0.0,0.0,0.0
2009-05-22,16.565567360623643,16.565567360623643,15.921583774545626,15.942526817321777,1669600,0.0,0.0,0.0
2009-05-26,15.85353005791618,17.04202046195711,15.785466128121257,16.890186309814453,2517200,0.0,0.0,0.0
2009-05-27,16.874483523450888,17.00013988170126,16.183378546173994,16.277620315551758,2539800,0.0,0.0,0.0
2009-05-28,16.534160159668442,16.712172097311925,16.068188263341487,16.50274658203125,2397500,0.0,0.0,0.0
2009-05-29,16.754061580411673,17.083907727003165,16.429451197898445,17.047258377075195,1692900,0.0,0.0,0.0
2009-06-01,17.455641579249534,18.31952385606834,17.277629558454635,17.921613693237305,3811800,0.0,0.0,0.0
2009-06-02,17.670294806560594,17.816892168802163,17.413747425398586,17.549875259399414,2796300,0.0,0.0,0.0
2009-06-03,17.466111300574067,17.560353066365938,17.240978415320143,17.51846694946289,2019100,0.0,0.0,0.0
2009-06-04,17.654588519227467,18.235745201387264,17.52893221069051,18.07867431640625,2006000,0.0,0.0,0.0
2009-06-05,18.366639974323608,18.37710950467496,17.72265400953355,18.031557083129883,2798300,0.0,0.0,0.0
2009-06-08,18.18862078771302,18.18862078771302,17.534165552072263,17.701705932617188,3558400,0.0,0.0,0.0
2009-06-09,17.926838693456716,17.942544979995652,17.602227458566908,17.701705932617188,2516800,0.0,0.0,0.0
2009-06-10,17.91637524604905,17.968730889604725,16.9530166250503,17.392810821533203,2373100,0.0,0.0,0.0
2009-06-11,17.392807110878103,17.518461427500007,16.984425588758533,17.03678321838379,2714700,0.0,0.0,0.0
2009-06-12,17.015843295816865,17.654592514038086,16.911130014548508,17.654592514038086,1765400,0.0,0.0,0.0
2009-06-15,17.40327253523897,17.497512241045403,16.534155161945,16.816879272460938,2129600,0.0,0.0,0.0
2009-06-16,16.86400318025542,16.947773376228472,16.246198234609015,16.507980346679688,2248100,0.0,0.0,0.0
2009-06-17,16.481803805020345,16.596988589303105,16.010596138155325,16.193843841552734,2144600,0.0,0.0,0.0
2009-06-18,16.27761513637993,16.450391325725644,16.047246551045735,16.30379295349121,1742400,0.0,0.0,0.0
2009-06-19,16.492278513163253,16.54987091641836,16.220024786927986,16.466100692749023,1292300,0.0,0.0,0.0
2009-06-22,16.167667053621102,16.34044325307704,15.570804000704179,15.607453346252441,2041900,0.0,0.0,0.0
2009-06-23,15.80117258466326,15.99489083912761,15.523683113656213,15.722638130187988,1855000,0.0,0.0,0.0
2009-06-24,16.198927258781747,16.204248972887726,15.858344661091513,16.065887451171875,4424500,0.485,0.0,0.0
2009-06-25,15.964773596658429,16.27874755859375,15.73594501270425,16.27874755859375,1872300,0.0,0.0,0.0
2009-06-26,16.2361724731605,16.544824676538624,16.08184586396503,16.41710662841797,2356600,0.0,0.0,0.0
2009-06-29,16.449034394543204,16.555466599161974,16.161669066092887,16.406461715698242,2342100,0.0,0.0,0.0
2009-06-30,16.51822344352781,16.67254909669173,16.3851836323461,16.50225830078125,1894200,0.0,0.0,0.0
2009-07-01,16.619324917693355,16.896047834491224,16.58207395101147,16.789615631103516,1682600,0.0,0.0,0.0
2009-07-02,16.550143017969596,16.58207226974349,15.884944351773168,15.900908470153809,2344000,0.0,0.0,0.0
2009-07-06,15.805120886863659,16.342600521789493,15.656116018609268,16.30002784729004,2654100,0.0,0.0,0.0
2009-07-07,16.342602563553907,16.347924275407784,15.613545294789404,15.66676139831543,2036100,0.0,0.0,0.0
2009-07-08,15.751905739794939,15.810442536378446,15.076063603228166,15.517755508422852,2370500,0.0,0.0,0.0
2009-07-09,15.624191224998,15.688049747463495,15.203785056213015,15.225071907043457,1289300,0.0,0.0,0.0
2009-07-10,15.086708416311565,15.2942501092567,14.804663770375967,15.20378303527832,1123900,0.0,0.0,0.0
2009-07-13,15.267646377300661,15.879629199988594,15.097355610814944,15.778518676757812,3929500,0.0,0.0,0.0
2009-07-14,15.831728466202527,16.113773069828497,15.549683862576558,15.97008991241455,2822300,0.0,0.0,0.0
2009-07-15,16.289384134761,16.794934477058902,16.135057567682797,16.5607852935791,1768200,0.0,0.0,0.0
2009-07-16,16.491607323547296,16.890726574402784,16.23617124660284,16.752365112304688,1606200,0.0,0.0,0.0
2009-07-17,16.651257363372427,16.688508334921526,16.18295682529357,16.30535316467285,1454700,0.0,0.0,0.0
2009-07-20,16.51289597143731,16.954587949947562,16.465001574911017,16.880084991455078,1687800,0.0,0.0,0.0
2009-07-21,17.029090775988198,17.029090775988198,16.47564483856239,16.832191467285156,2990100,0.0,0.0,0.0
2009-07-22,16.587399825149017,17.092950380572454,16.566112973124635,16.853479385375977,1949300,0.0,0.0,0.0
2009-07-23,16.869439178666482,17.726215415899077,16.816223080482054,17.52399444580078,2922400,0.0,0.0,0.0
2009-07-24,17.406920859971013,17.704930638607145,17.183415048513066,17.646392822265625,1272500,0.0,0.0,0.0
2009-07-27,17.667679532353233,17.949723157954843,17.50803223540941,17.90182876586914,2146100,0.0,0.0,0.0
2009-07-28,17.790081167116835,17.96037193865159,17.61979039558208,17.8858699798584,1451100,0.0,0.0,0.0
2009-07-29,17.763474599213875,17.891191669930443,17.52400255408751,17.662363052368164,1187200,0.0,0.0,0.0
2009-07-30,17.981657441633253,18.577675097225928,17.939083736935075,18.295631408691406,1918200,0.0,0.0,0.0
2009-07-31,18.290308419308634,18.465921903640965,18.098730810955523,18.279664993286133,2208800,0.0,0.0,0.0
2009-08-03,18.673456662049897,18.70006420215607,18.3222318545829,18.60959815979004,2541900,0.0,0.0,0.0
2009-08-04,18.513808270222565,19.764380849706903,18.370125126320204,19.626020431518555,3454100,0.0,0.0,0.0
2009-08-05,19.63667243542555,20.482805521537973,19.482345802669446,20.376373291015625,3965400,0.0,0.0,0.0
2009-08-06,20.663735029981535,21.18525060853809,20.222042083740234,20.222042083740234,5953400,0.0,0.0,0.0
2009-08-07,20.711630334516595,21.765307095031762,20.4029791249918,21.350221633911133,5471300,0.0,0.0,0.0
2009-08-10,21.281034920584155,21.32892930192178,20.658407963195014,20.89255714416504,4432000,0.0,0.0,0.0
2009-08-11,20.6850232479333,20.78613477419137,20.035790538926232,20.285903930664062,4275200,0.0,0.0,0.0
2009-08-12,20.248656701401334,20.849997152367656,20.227369846670832,20.434913635253906,4619200,0.0,0.0,0.0
2009-08-13,20.669057028703868,20.748881696072647,20.275258449057166,20.541337966918945,5339500,0.0,0.0,0.0
2009-08-14,20.45618951058111,20.472155659657055,19.86549477542924,20.371044158935547,3538500,0.0,0.0,0.0
2009-08-17,19.572806659031496,19.626023775112646,19.15772330372557,19.285442352294922,3385800,0.0,0.0,0.0
2009-08-18,19.349299439815088,19.695201533811954,19.2215804006303,19.47701644897461,2379900,0.0,0.0,0.0
2009-08-19,19.131119094564603,19.413162753855843,19.01936617635778,19.322696685791016,2693600,0.0,0.0,0.0
2009-08-20,19.322695141216712,20.110290263281584,19.296085565653396,20.094324111938477,5235500,0.0,0.0,0.0
2009-08-21,20.37104513660344,21.046887285861885,20.26993566105469,20.62116050720215,5953400,0.0,0.0,0.0
2009-08-24,20.90853245544685,20.919175881522982,20.461518710379124,20.551984786987305,5958400,0.0,0.0,0.0
2009-08-25,20.700986767183576,20.940456703055876,20.52537331551662,20.78080940246582,3483900,0.0,0.0,0.0
2009-08-26,20.738239154387067,20.876599616352625,20.546661568568833,20.844669342041016,2680900,0.0,0.0,0.0
2009-08-27,20.834024078288063,21.10010355806173,20.408295286629937,21.046886444091797,2465000,0.0,0.0,0.0
2009-08-28,21.233150482177734,21.30765243691802,20.855315950239696,21.233150482177734,3074500,0.0,0.0,0.0
2009-08-31,20.84467486034991,21.057539352061838,20.679706807798098,20.897891998291016,2961300,0.0,0.0,0.0
2009-09-01,20.738241587623627,20.924496467897193,19.759068724129843,19.780353546142578,4356400,0.0,0.0,0.0
2009-09-02,19.615384515742626,19.764388412348758,19.38123321533203,19.38123321533203,3443600,0.0,0.0,0.0
2009-09-03,19.631340467810997,19.790987723442875,19.253508155809712,19.769702911376953,1933100,0.0,0.0,0.0
2009-09-04,19.76439144925531,19.998542785644535,19.413166474697626,19.99854278564453,1587900,0.0,0.0,0.0
2009-09-08,20.312512061670752,20.695667266845707,20.163508161891993,20.695667266845703,2051900,0.0,0.0,0.0
2009-09-09,20.685023622448835,21.169288321635737,20.509412175284243,21.100109100341797,2825800,0.0,0.0,0.0
2009-09-10,21.078817040647515,21.461972147094997,20.775486591385047,21.414077758789062,2117300,0.0,0.0,0.0
2009-09-11,21.53647849444949,21.637587988263878,21.11074960885553,21.376829147338867,2384000,0.0,0.0,0.0
2009-09-14,21.062856918127498,22.026063533466967,21.057534190624924,22.010099411010742,2229900,0.0,0.0,0.0
2009-09-15,22.164422242183907,22.680615070344512,21.71740861953401,22.36132049560547,3555000,0.0,0.0,0.0
2009-09-16,22.57950642298067,23.303242984277485,22.473074217491348,23.271312713623047,3659700,0.0,0.0,0.0
2009-09-17,23.250026797391435,24.07487490043937,22.824299988414616,23.170204162597656,5152800,0.0,0.0,0.0
2009-09-18,23.303244694859377,23.505463667105012,22.78704977986128,23.202133178710938,2874100,0.0,0.0,0.0
2009-09-21,22.87751254350321,23.10633900827425,22.669968862389695,22.840259552001953,2423600,0.0,0.0,0.0
2009-09-22,23.127630843313437,23.601252052889517,23.005234510616013,23.564001083374023,4488000,0.0,0.0,0.0
2009-09-23,23.643819637396703,23.649140333083942,22.675290620314343,22.712541580200195,3291700,0.0,0.0,0.0
2009-09-24,22.850660720722843,22.947394630857296,21.743595999214797,21.883323669433594,4804900,0.417,0.0,0.0
2009-09-25,21.732850022239393,22.200397990896242,21.534008984452374,21.953187942504883,4635600,0.0,0.0,0.0
2009-09-28,22.125155497470416,22.88827830757797,22.023048396493834,22.861408233642578,2644700,0.0,0.0,0.0
2009-09-29,22.91513929720844,23.087110162286393,22.409975137298762,22.490585327148438,3198100,0.0,0.0,0.0
2009-09-30,22.689438580402776,22.69481177547089,21.95856104781875,22.275632858276367,3905300,0.0,0.0,0.0
2009-10-01,22.227266003316743,22.259509273982438,21.276050567626953,21.276050567626953,9101300,0.0,0.0,0.0
2009-10-02,20.776260770500592,21.732849465684463,20.760139134082365,21.125577926635742,4742800,0.0,0.0,0.0
2009-10-05,21.362030867314267,21.765088053490008,21.173938333787532,21.70597267150879,2928300,0.0,0.0,0.0
2009-10-06,21.904820369743412,22.17890048854489,21.35666423225144,21.64686393737793,3546900,0.0,0.0,0.0
2009-10-07,21.571625722478206,21.80808731010444,21.324417744555674,21.630741119384766,3338500,0.0,0.0,0.0
2009-10-08,21.926330514321783,22.24877778736072,21.808101692591897,22.0445613861084,3031900,0.0,0.0,0.0
2009-10-09,21.931702473868977,22.24877445060661,21.748982994900572,22.232650756835938,2673300,0.0,0.0,0.0
2009-10-12,22.388486236754108,22.474471699903148,22.087536090704884,22.200393676757812,1933400,0.0,0.0,0.0
2009-10-13,22.05529249243469,22.15202639328305,21.70597540047614,21.888694763183594,2546600,0.0,0.0,0.0
2009-10-14,22.302504106536848,22.77542524955846,22.16815167216012,22.68943977355957,3152400,0.0,0.0,0.0
2009-10-15,22.506714395540037,22.587324604695933,22.366986752915295,22.4959659576416,3492400,0.0,0.0,0.0
2009-10-16,22.200396477313642,22.264885070296803,21.85107933604866,21.90481948852539,3071500,0.0,0.0,0.0
2009-10-19,22.06067091717008,22.436858170762854,21.942442160367943,22.377742767333984,2579400,0.0,0.0,0.0
2009-10-20,22.3240014496545,22.37774160449422,21.861828737833115,21.96393585205078,2128100,0.0,0.0,0.0
2009-10-21,21.808084784467216,22.307873877578878,21.641487053393234,21.684478759765625,2481700,0.0,0.0,0.0
2009-10-22,21.67372816113279,22.275626283828576,21.362029637738257,22.25412940979004,3386000,0.0,0.0,0.0
2009-10-23,22.313251733011505,22.340121808895184,21.883324368706496,21.99080467224121,3243100,0.0,0.0,0.0
2009-10-26,21.985430170902315,22.528213051704537,21.888696263423856,21.937063217163086,3607400,0.0,0.0,0.0
2009-10-27,21.947809600880973,22.049916693629683,21.5232554967249,21.6199893951416,3593700,0.0,0.0,0.0
2009-10-28,21.48564026679001,21.80271208222269,20.674152495119458,20.71177101135254,4654200,0.0,0.0,0.0
2009-10-29,21.039584471838275,21.72746803227862,20.969720657088953,21.657604217529297,3309800,0.0,0.0,0.0
2009-10-30,21.50176339360229,21.636115832340273,20.7386425255972,21.28142547607422,4424100,0.0,0.0,0.0
2009-11-02,21.335165963921202,21.754344883018096,20.658028579166608,21.276050567626953,4906100,0.0,0.0,0.0
2009-11-03,20.969731328355156,21.630745157983743,20.953609689845308,21.587751388549805,4509500,0.0,0.0,0.0
2009-11-04,21.883325589124702,21.94244098939885,21.109454240162023,21.125577926635742,4320800,0.0,0.0,0.0
2009-11-05,21.410400681194343,21.65223543532275,21.184687560656116,21.60386848449707,2379300,0.0,0.0,0.0
2009-11-06,21.233056155194394,21.598494911932523,21.077208901629394,21.24917984008789,2442300,0.0,0.0,0.0
2009-11-09,21.5662604037105,22.302511411221868,21.46415120810513,22.297138214111328,2272300,0.0,0.0,0.0
2009-11-10,22.13590832156169,22.29175765133369,21.80809007452989,22.130535125732422,2548400,0.0,0.0,0.0
2009-11-11,22.329377296025466,22.705564574730374,22.259513446395303,22.544342041015625,3107300,0.0,0.0,0.0
2009-11-12,22.517471609612237,22.705564221006576,22.259513099620417,22.313255310058594,2920500,0.0,0.0,0.0
2009-11-13,22.33475107661065,22.678693005981398,22.302505751961288,22.61420440673828,2444100,0.0,0.0,0.0
2009-11-16,22.770055994140925,23.382702928055462,22.770055994140925,23.162364959716797,3053700,0.0,0.0,0.0
2009-11-17,23.01188344980299,23.27521510780038,22.73780540173295,22.759300231933594,2486000,0.0,0.0,0.0
2009-11-18,22.75392259233492,23.237592053341768,22.727052522291192,23.1731014251709,2928900,0.0,0.0,0.0
2009-11-19,22.925901668312672,22.96889543574364,22.538965961656633,22.641075134277344,1960500,0.0,0.0,0.0
2009-11-20,22.517476929604143,22.598087189222866,22.39924608876258,22.4798583984375,1782300,0.0,0.0,0.0
2009-11-23,22.882909764494308,23.119369333271028,22.581959545096588,22.764678955078125,2182700,0.0,0.0,0.0
2009-11-24,22.743179223941876,22.770049299975156,22.340121933276475,22.42610740661621,2051800,0.0,0.0,0.0
2009-11-25,22.549712679179905,22.67331667600867,22.44223031887713,22.51746940612793,1530100,0.0,0.0,0.0
2009-11-27,21.85645641880207,22.254140588052902,21.74897609473147,21.861831665039062,1315200,0.0,0.0,0.0
2009-11-30,21.942439234971623,22.76467542744635,21.76509304832905,22.67868995666504,2306800,0.0,0.0,0.0
2009-12-01,22.909777577698197,23.130115487052066,22.66794278693043,23.011884689331055,2229800,0.0,0.0,0.0
2009-12-02,22.925903985900778,23.506307604558053,22.925903985900778,23.388076782226562,2292500,0.0,0.0,0.0
2009-12-03,23.51167627181993,23.801878025245422,23.049503564524993,23.124740600585938,3429700,0.0,0.0,0.0
2009-12-04,23.715896105213943,23.979225770921367,23.361205703404917,23.807254791259766,3493900,0.0,0.0,0.0
2009-12-07,23.748132738566177,23.807248130671514,23.140861283432763,23.307456970214844,2004000,0.0,0.0,0.0
2009-12-08,23.113986041041734,23.560036993976375,23.076367532969527,23.1731014251709,2069600,0.0,0.0,0.0
2009-12-09,23.248344595551135,23.37195064057181,23.09249732802009,23.124740600585938,1942500,0.0,0.0,0.0
2009-12-10,23.253729961180785,23.32896702998536,22.909787903756214,23.03339195251465,1546900,0.0,0.0,0.0
2009-12-11,23.1354852359968,23.42568694168818,23.060248212311286,23.404190063476562,1555300,0.0,0.0,0.0
2009-12-14,23.500924661067128,23.877111840686027,23.23759507037254,23.828744888305664,3169900,0.0,0.0,0.0
2009-12-15,23.67827062080352,23.77500452468313,23.53316976498411,23.59228515625,2450600,0.0,0.0,0.0
2009-12-16,23.732012111226087,23.882486170201688,23.64602664180356,23.764257431030273,2626100,0.0,0.0,0.0
2009-12-17,23.58691437440697,23.76426058176008,23.431065049773434,23.619159698486328,2526300,0.0,0.0,0.0
2009-12-18,23.683631328062194,23.80723524005832,23.38805657763198,23.774991989135742,2061600,0.0,0.0,0.0
2009-12-21,23.860996399856703,24.129701305035017,23.83949951542906,24.097455978393555,2957000,0.0,0.0,0.0
2009-12-22,24.102828464913554,24.37153336218151,24.102828464913554,24.350038528442383,1703500,0.0,0.0,0.0
2009-12-23,24.34465152984381,24.908931131683808,24.34465152984381,24.640226364135742,1531400,0.0,0.0,0.0
2009-12-24,24.778497002534046,25.00712009712161,24.751280264107532,24.996232986450195,560300,0.584,0.0,0.0
2009-12-28,25.09421165184212,25.388157372340107,25.01256144715075,25.115985870361328,2909600,0.0,0.0,0.0
2009-12-29,25.208533882740106,25.279297002374562,24.734953812238555,24.740398406982422,1939400,0.0,0.0,0.0
2009-12-30,24.65873965355986,24.805712525667317,24.517211374773385,24.77849578857422,1424300,0.0,0.0,0.0
2009-12-31,24.89824572922465,25.028886865371263,24.326684009947115,24.35390281677246,1259000,0.0,0.0,0.0
2010-01-04,24.615201228080526,24.72406821156326,24.059970890999242,24.250490188598633,2408400,0.0,0.0,0.0
2010-01-05,24.22328376770019,24.266832240859145,23.913008164211888,24.223283767700195,2054200,0.0,0.0,0.0
2010-01-06,24.234159305059247,24.408348961442957,24.11440313760626,24.179723739624023,2471200,0.0,0.0,0.0
2010-01-07,24.2015047488439,24.549884159252912,23.923890555082053,24.441017150878906,2091700,0.0,0.0,0.0
2010-01-08,24.392020622054638,24.41379277287745,24.049083809413904,24.261377334594727,2682000,0.0,0.0,0.0
2010-01-11,24.424672840342613,24.52809935205836,24.26681492902028,24.40290069580078,1924800,0.0,0.0,0.0
2010-01-12,24.18516725902692,24.370244020268238,23.874891817608294,23.994647979736328,3124500,0.0,0.0,0.0
2010-01-13,24.049077281703696,24.538986881070027,24.021860543184243,24.479108810424805,2133000,0.0,0.0,0.0
2010-01-14,24.446447407755443,24.528099699582224,24.272257789928737,24.457334518432617,1594700,0.0,0.0,0.0
2010-01-15,24.3593478283559,24.413781294577593,24.168828620076358,24.272253036499023,5577000,0.0,0.0,0.0
2010-01-19,24.245039815733023,24.83837382012088,24.201491375243965,24.767608642578125,2454200,0.0,0.0,0.0
2010-01-20,24.582537111932574,24.582537111932574,24.2504874508844,24.489999771118164,3339900,0.0,0.0,0.0
2010-01-21,24.484560476215954,24.642420525719064,23.74425328344741,23.78780174255371,4233400,0.0,0.0,0.0
2010-01-22,23.706142727279108,23.95654006693386,23.11825323085037,23.189016342163086,5039500,0.0,0.0,0.0
2010-01-25,23.482958979968586,23.482958979968586,22.916841706348073,23.352317810058594,3749000,0.0,0.0,0.0
2010-01-26,23.11824907846475,23.504732130231638,23.091030265844207,23.134578704833984,3352900,0.0,0.0,0.0
2010-01-27,23.205343004759037,23.374088008220607,22.786198639557696,23.341428756713867,3714400,0.0,0.0,0.0
2010-01-28,23.521064769128625,23.531951880270466,22.91684359803322,23.140024185180664,3750000,0.0,0.0,0.0
2010-01-29,23.308772458883194,23.50473631622899,22.851524150577742,23.009384155273438,4096200,0.0,0.0,0.0
2010-02-01,23.183571131086172,23.461185179492816,23.129137655399845,23.428525924682617,2839200,0.0,0.0,0.0
2010-02-02,23.499297256814415,23.864008316440966,23.23257022544272,23.749696731567383,3270000,0.0,0.0,0.0
2010-02-03,23.66803590867618,23.67348050209749,23.227117284228957,23.363203048706055,3079200,0.0,0.0,0.0
2010-02-04,23.167251274843096,23.19446802416536,22.497709274291992,22.497709274291992,3942800,0.0,0.0,0.0
2010-02-05,22.584794830737735,23.014824276805093,22.24185811608552,22.911399841308594,5100500,0.0,0.0,0.0
2010-02-08,23.0039404980708,23.074705688662032,22.356172900132893,22.410606384277344,2969600,0.0,0.0,0.0
2010-02-09,22.688221102524388,22.758986288593654,22.165652212714857,22.339841842651367,4785200,0.0,0.0,0.0
2010-02-10,22.383386611938477,22.66100274240266,21.953357161804448,22.383386611938477,2893900,0.0,0.0,0.0
2010-02-11,22.372495881048472,22.606563531013283,22.100324388206015,22.59567642211914,2706400,0.0,0.0,0.0
2010-02-12,22.312622127483856,22.862407684326172,22.247299467588682,22.862407684326172,3385000,0.0,0.0,0.0
2010-02-16,23.101922163774738,23.531953743661212,23.058375792263252,23.51017951965332,2730300,0.0,0.0,0.0
2010-02-17,23.575505945876152,23.81501621859002,23.53740208604678,23.72247886657715,3139000,0.0,0.0,0.0
2010-02-18,23.629934662156778,24.141616445380155,23.55372695790055,24.076295852661133,2737200,0.0,0.0,0.0
2010-02-19,23.967435487817752,24.223277510273007,23.87489812101774,24.092634201049805,3250100,0.0,0.0,0.0
2010-02-22,24.168845216312373,24.31581609133346,24.03275938080725,24.15251350402832,1757800,0.0,0.0,0.0
2010-02-23,24.06540822527921,24.228710741828458,23.9129928200338,23.967426300048828,2715900,0.0,0.0,0.0
2010-02-24,24.010971210011213,24.217822141320138,23.972867364310076,24.212377548217773,2965400,0.0,0.0,0.0
2010-02-25,23.95110199039192,24.353916892074178,23.798686551298175,24.3049259185791,2067000,0.0,0.0,0.0
2010-02-26,24.364792332401166,24.56075614919456,24.18516021800976,24.294029235839844,1784300,0.0,0.0,0.0
2010-03-01,24.440997589591735,24.59341294053419,24.348458214731373,24.500873565673828,1849600,0.0,0.0,0.0
2010-03-02,24.59886315120632,24.64241159452929,24.45189026974741,24.511768341064453,1575400,0.0,0.0,0.0
2010-03-03,24.571646030287084,24.615194472932863,24.408343523373485,24.446447372436523,1884000,0.0,0.0,0.0
2010-03-04,24.451896405392063,24.626088145889298,24.430124254771425,24.59886932373047,1557300,0.0,0.0,0.0
2010-03-05,24.685962685375728,25.31740069886536,24.63152919730943,25.268409729003906,2161800,0.0,0.0,0.0
2010-03-08,25.28474734930616,25.61679710306995,25.235756367988472,25.52425765991211,1729200,0.0,0.0,0.0
2010-03-09,25.480701078072826,25.9760532125043,25.371832043543073,25.584125518798828,2126000,0.0,0.0,0.0
2010-03-10,25.709323517269286,25.932504097860285,25.562350635928276,25.812747955322266,2311500,0.0,0.0,0.0
2010-03-11,25.693003980723315,25.992392378155014,25.600464540641585,25.96517562866211,1766200,0.0,0.0,0.0
2010-03-12,26.17746247639861,26.324435377818713,25.959724383219715,26.172019958496094,2344400,0.0,0.0,0.0
2010-03-15,26.10669606136583,26.302659920743743,25.845411607696697,26.112140655517578,2164400,0.0,0.0,0.0
2010-03-16,26.22100885603588,26.825230092087274,26.144801146354503,26.743579864501953,3905000,0.0,0.0,0.0
2010-03-17,26.863348188180574,27.195398021970735,26.75448116035238,27.14096450805664,3467900,0.0,0.0,0.0
2010-03-18,27.053848936357493,27.24981275889148,26.950422431962412,26.99397087097168,2448700,0.0,0.0,0.0
2010-03-19,26.700027465820316,27.113729366474036,26.67281072731774,26.700027465820312,2703900,0.0,0.0,0.0
2010-03-22,26.509506215760535,27.11372731675907,26.465957776245308,27.037517547607422,2922600,0.0,0.0,0.0
2010-03-23,27.03207843254582,27.07562687754104,26.7109159184706,26.961313247680664,3974700,0.0,0.0,0.0
2010-03-24,26.874229550612316,27.29881875892874,26.841570279860676,27.10829734802246,3241200,0.0,0.0,0.0
2010-03-25,27.311763161192236,27.695663870890012,27.17465591430664,27.17465591430664,4033400,0.371,0.0,0.0
2010-03-26,27.30077612485157,27.44336873809533,26.966234330805626,27.032047271728516,4339000,0.0,0.0,0.0
2010-03-29,27.21852931626653,27.234981515262525,26.927860550764635,27.11432647705078,1914200,0.0,0.0,0.0
2010-03-30,27.163681994304092,27.218526138037443,26.966247261044362,27.0759334564209,1968300,0.0,0.0,0.0
2010-03-31,26.97720978608771,27.1033481490647,26.757839538684554,26.768808364868164,2365900,0.0,0.0,0.0
2010-04-01,26.966232063218907,27.043013821172377,26.659113399760983,26.905906677246094,2198300,0.0,0.0,0.0
2010-04-05,27.021082337798198,27.54209002194392,26.944302654425254,27.498214721679688,1961200,0.0,0.0,0.0
2010-04-06,27.44885938019222,28.1892394711728,27.350142034728147,28.1289119720459,3307100,0.0,0.0,0.0
2010-04-07,28.074072568964457,28.14536890649563,27.388536494484168,27.509191513061523,3521700,0.0,0.0,0.0
2010-04-08,27.388537490136205,27.58597222149826,27.33917880729569,27.542098999023438,2047800,0.0,0.0,0.0
2010-04-09,27.65178619830753,27.997297016888986,27.4927433954218,27.931486129760742,1710500,0.0,0.0,0.0
2010-04-12,28.03568113475255,28.05213542223319,27.72856232964667,27.755983352661133,1872300,0.0,0.0,0.0
2010-04-13,27.77792220713123,28.534752517035823,27.739532354835635,28.43603515625,1712600,0.0,0.0,0.0
2010-04-14,28.655412716010076,28.68283374516712,28.31538735186379,28.479915618896484,2026800,0.0,0.0,0.0
2010-04-15,28.342802272935156,28.397644319430373,27.673718426825634,27.701139450073242,2594700,0.0,0.0,0.0
2010-04-16,27.635332777240798,27.87115737878443,27.004640778302246,27.064966201782227,4450000,0.0,0.0,0.0
2010-04-19,26.87850220057518,27.39951012695165,26.78527028230183,27.185623168945312,2825700,0.0,0.0,0.0
2010-04-20,27.33917466829741,27.646295547485348,27.04850807562532,27.64629554748535,2193300,0.0,0.0,0.0
2010-04-21,27.59693539838834,28.293440183789453,27.574997745598605,28.1289119720459,2980100,0.0,0.0,0.0
2010-04-22,27.915033263226686,28.671863677322808,27.76147174081372,28.562179565429688,1552700,0.0,0.0,0.0
2010-04-23,28.644432167976937,28.973490659520483,28.36473443765001,28.940584182739258,3302900,0.0,0.0,0.0
2010-04-26,29.02834027664728,29.395786615599473,28.913170715968846,29.170930862426758,2486700,0.0,0.0,0.0
2010-04-27,29.00639884046424,29.203833542811992,28.23859977722168,28.23859977722168,4589700,0.0,0.0,0.0
2010-04-28,28.584111304710746,28.627986617264696,28.2111795163624,28.326351165771484,3500600,0.0,0.0,0.0
2010-04-29,28.688298961777804,29.64804894964045,28.66636131709674,29.60417366027832,3268600,0.0,0.0,0.0
2010-04-30,29.543864008943995,29.812595088205423,28.617019928885178,28.682830810546875,4056200,0.0,0.0,0.0
2010-05-03,28.935104172129414,29.807106096171466,28.929620804344857,29.637094497680664,4016000,0.0,0.0,0.0
2010-05-04,29.19287503088891,29.362888771781538,28.70477356211173,28.962535858154297,3672500,0.0,0.0,0.0
2010-05-05,28.501846856697064,29.094148902968584,28.145367281710257,28.57314109802246,3597300,0.0,0.0,0.0
2010-05-06,28.370224958112342,28.567659684404823,24.679298944758205,27.399505615234375,6191800,0.0,0.0,0.0
2010-05-07,27.657270141000613,28.04117079700628,26.500084804394934,26.938827514648438,5896600,0.0,0.0,0.0
2010-05-10,28.38666649412722,28.797987988736665,28.1508440952733,28.71572494506836,4817300,0.0,0.0,0.0
2010-05-11,28.326348555955434,29.16544395638509,28.2550522256691,28.885744094848633,3229100,0.0,0.0,0.0
2010-05-12,29.017365848988856,29.456108442215935,28.819931159014246,29.35190773010254,2577400,0.0,0.0,0.0
2010-05-13,29.417731833965387,29.48354272954175,28.825429589596823,28.874788284301758,2522000,0.0,0.0,0.0
2010-05-14,28.633453962587314,28.660874971544263,27.662735182471355,27.958887100219727,4558000,0.0,0.0,0.0
2010-05-17,28.1014943823675,28.52378274362385,27.158196118160642,27.997291564941406,2913300,0.0,0.0,0.0
2010-05-18,28.436036142193466,28.463459259432607,27.13077693470683,27.289819717407227,3725300,0.0,0.0,0.0
2010-05-19,27.037546157836914,27.64081924339297,26.31362012884194,27.037546157836914,5955800,0.0,0.0,0.0
2010-05-20,26.31361321416978,26.576858783529712,25.595170742813217,25.650014877319336,5847200,0.0,0.0,0.0
2010-05-21,25.227720301725665,26.543950023868877,25.079644301077842,26.511043548583984,5652000,0.0,0.0,0.0
2010-05-24,26.532988776447443,26.67557935922612,25.87487372742185,25.918746948242188,3826100,0.0,0.0,0.0
2010-05-25,25.18384579294064,26.181987987062,24.876727048985952,26.12714385986328,4736400,0.0,0.0,0.0
2010-05-26,26.56589034454483,26.894948880117035,25.902291998004493,26.07230567932129,4937300,0.0,0.0,0.0
2010-05-27,26.746869916274758,27.53112318229418,26.428780242688312,27.50370216369629,2876100,0.0,0.0,0.0
2010-05-28,27.45983085332671,27.67920321818899,26.97721290588364,27.1527099609375,2769200,0.0,0.0,0.0
2010-06-01,26.785260461560515,27.25690952530744,26.54395256265985,26.587825775146484,2715000,0.0,0.0,0.0
2010-06-02,26.77429709177707,27.163681084841205,26.308133392147056,27.10883903503418,2015700,0.0,0.0,0.0
2010-06-03,27.25690292299214,27.28432393566543,26.790737339189587,27.032047271728516,2171700,0.0,0.0,0.0
2010-06-04,26.50008599064688,26.713972940714278,25.364838261758127,25.50194549560547,9751200,0.0,0.0,0.0
2010-06-07,25.64453354784763,26.066824037150003,25.320960424464776,25.364835739135742,3646600,0.0,0.0,0.0
2010-06-08,25.458053894053105,25.869375332521262,24.805424631502344,25.820018768310547,4966300,0.0,0.0,0.0
2010-06-09,26.066818923383234,26.719450502495164,25.841963210031913,25.973587036132812,4130400,0.0,0.0,0.0
2010-06-10,26.532990684634637,27.202072517916477,26.302649459469578,27.097871780395508,3918800,0.0,0.0,0.0
2010-06-11,26.807200451507818,27.487250995025388,26.757841775600102,27.42144012451172,2626800,0.0,0.0,0.0
2010-06-14,27.78340463543312,28.052135684503185,27.481769195274047,27.76146697998047,2967100,0.0,0.0,0.0
2010-06-15,27.931477914376757,28.44151684680812,27.745012045615937,28.381189346313477,2692500,0.0,0.0,0.0
2010-06-16,28.17278319928142,28.35924905066838,27.980833981128477,28.123424530029297,2496600,0.0,0.0,0.0
2010-06-17,28.238600010232844,28.315379707981663,27.876637083638503,28.18375587463379,3137100,0.0,0.0,0.0
2010-06-18,28.28794428070369,28.28794428070369,27.953402546228002,28.095993041992188,1981200,0.0,0.0,0.0
2010-06-21,28.485396553970034,28.600568213933506,27.794377054640407,27.87664222717285,2910100,0.0,0.0,0.0
2010-06-22,27.953410115113876,28.06857963427171,26.97720565515255,27.04850196838379,4468100,0.0,0.0,0.0
2010-06-23,27.01559967212017,27.437890066417634,26.60976356316759,27.119802474975586,2987900,0.0,0.0,0.0
2010-06-24,26.944309020948168,27.043959401654693,26.457131728453252,26.54570960998535,3163500,0.463,0.0,0.0
2010-06-25,26.65643063689469,27.337373449812624,26.484810079415936,27.215578079223633,4883700,0.0,0.0,0.0
2010-06-28,27.315233749985442,27.342913945433477,26.78930158901858,26.894489288330078,2439400,0.0,0.0,0.0
2010-06-29,26.49034890509931,26.501421405022334,25.798333498886024,26.014244079589844,4804700,0.0,0.0,0.0
2010-06-30,26.052989338744123,26.412835980168882,25.654387902716383,25.737430572509766,3616100,0.0,0.0,0.0
2010-07-01,25.75404460139775,25.875839983912726,25.01220403054563,25.64885902404785,7804700,0.0,0.0,0.0
2010-07-02,25.75403770008472,25.859223249248036,25.023269824545505,25.15613555908203,2682600,0.0,0.0,0.0
2010-07-06,25.648866559397316,25.77065986583046,24.336803494643842,24.597002029418945,4989800,0.0,0.0,0.0
2010-07-07,24.635741834161134,25.82600885741069,24.608061647731276,25.79279136657715,3702500,0.0,0.0,0.0
2010-07-08,26.158172047058663,26.346400247850625,25.648849922481933,26.113882064819336,2288500,0.0,0.0,0.0
2010-07-09,26.069601762446204,26.495883461867628,25.992096382890168,26.44605827331543,1597100,0.0,0.0,0.0
2010-07-12,26.401760351468585,26.61213354129002,26.113881805360986,26.529090881347656,2419900,0.0,0.0,0.0
2010-07-13,26.927698576039695,27.282010065956577,26.789295518299472,27.18235969543457,2622800,0.0,0.0,0.0
2010-07-14,27.055029729307496,27.276475471295456,26.667500736760115,27.021814346313477,2297300,0.0,0.0,0.0
2010-07-15,27.060565724785857,27.07163822253571,26.396230642835572,26.93323516845703,2560700,0.0,0.0,0.0
2010-07-16,26.75609132217541,26.794844025595296,25.853702417118278,26.05853843688965,2758100,0.0,0.0,0.0
2010-07-19,26.102809750753877,26.51801880016017,25.67099090330488,26.379615783691406,2740600,0.0,0.0,0.0
2010-07-20,25.953339309555048,26.96644848984983,25.86476144618576,26.87233543395996,3494800,0.0,0.0,0.0
2010-07-21,26.9941352541116,27.082713139065554,26.174789290321698,26.31319236755371,3526700,0.0,0.0,0.0
2010-07-22,26.650883496721324,27.520054238041393,26.62320331685593,27.29861068725586,3295200,0.0,0.0,0.0
2010-07-23,27.259871067571787,27.66954299423741,26.81697953017936,27.647397994995117,2956400,0.0,0.0,0.0
2010-07-26,27.708291279539086,28.40584386167107,27.481310353068878,28.33940887451172,3857800,0.0,0.0,0.0
2010-07-27,28.610687564274112,28.688192958484013,28.007249994100956,28.333881378173828,3483300,0.0,0.0,0.0
2010-07-28,28.250840181880157,28.62176158917418,28.11243708146042,28.278522491455078,2919200,0.0,0.0,0.0
2010-07-29,28.51657309428154,28.588543295835457,27.758124716234367,28.040468215942383,2276900,0.0,0.0,0.0
2010-07-30,27.7249046793002,28.350485050574406,27.652934489804977,28.206546783447266,2746300,0.0,0.0,0.0
2010-08-02,28.666051134254246,29.2362733768947,28.57747322935823,29.153230667114258,3018300,0.0,0.0,0.0
2010-08-03,29.081249343405325,29.103394339130578,28.666040176940424,28.870878219604492,1955500,0.0,0.0,0.0
2010-08-04,29.00374963913159,29.08679233340082,28.732480779997214,29.075719833374023,2041300,0.0,0.0,0.0
2010-08-05,28.920696519323602,29.064634733546416,28.649425665924326,28.710323333740234,1847300,0.0,0.0,0.0
2010-08-06,28.40585039542485,28.666046763460606,28.101361913898668,28.577468872070312,1836100,0.0,0.0,0.0
2010-08-09,28.721405649342955,28.99821178906945,28.544249888867057,28.904096603393555,2914500,0.0,0.0,0.0
2010-08-10,28.666041574373413,28.915167508769528,28.322802571351612,28.621753692626953,2180200,0.0,0.0,0.0
2010-08-11,28.145648127836008,28.28405119649927,27.6750785391262,27.907594680786133,2688600,0.0,0.0,0.0
2010-08-12,27.54221112441768,27.841162264575125,27.403808053440706,27.558818817138672,2632600,0.0,0.0,0.0
2010-08-13,27.54221112441768,27.763656882726146,27.470240936187942,27.558818817138672,2208700,0.0,0.0,0.0
2010-08-16,27.420412421622107,27.78579640022645,27.265401676718145,27.536672592163086,1827400,0.0,0.0,0.0
2010-08-17,27.80793315087061,28.367082506683705,27.64184995744997,28.167781829833984,2290800,0.0,0.0,0.0
2010-08-18,28.250842654295678,28.383710571546796,27.962963926804836,28.19548225402832,1651800,0.0,0.0,0.0
2010-08-19,28.112437301554774,28.112437301554774,27.320771392006773,27.475784301757812,2883700,0.0,0.0,0.0
2010-08-20,27.320770117736497,27.425957821565728,27.104861627359742,27.387205123901367,1585400,0.0,0.0,0.0
2010-08-23,27.497924418856222,27.592039616552807,27.232190744202043,27.243263244628906,1535700,0.0,0.0,0.0
2010-08-24,26.850198386058427,27.315232834332743,26.6342899121924,27.132539749145508,2611500,0.0,0.0,0.0
2010-08-25,26.905559610811714,27.702762753680148,26.866806914907116,27.564359664916992,1817700,0.0,0.0,0.0
2010-08-26,27.763661364603333,27.924207347837417,27.35952247367091,27.398277282714844,2792800,0.0,0.0,0.0
2010-08-27,27.569884784131766,27.902053342894057,26.988592446126216,27.85222816467285,2298700,0.0,0.0,0.0
2010-08-30,27.813481800865958,28.057070443133494,27.60864373728085,27.636323928833008,1641900,0.0,0.0,0.0
2010-08-31,27.547751380586806,27.935280472912606,27.398277894902066,27.846702575683594,2804700,0.0,0.0,0.0
2010-09-01,28.173329025158317,28.826591694567323,28.167793831492908,28.754621505737305,2037800,0.0,0.0,0.0
2010-09-02,28.7822972863867,29.158751614349505,28.71032711386812,29.119998931884766,1990000,0.0,0.0,0.0
2010-09-03,29.524138932121705,29.562891616243927,29.24179553424507,29.546281814575195,2093000,0.0,0.0,0.0
2010-09-07,29.29716692742944,29.40235463406403,29.059115540512526,29.092330932617188,1728300,0.0,0.0,0.0
2010-09-08,29.125550467808722,29.335923783885697,29.025900060817722,29.153230667114258,2043200,0.0,0.0,0.0
2010-09-09,29.457717305590492,29.49647000728357,28.726949056715547,28.815526962280273,1428600,0.0,0.0,0.0
2010-09-10,28.90409456687937,29.103395311338307,28.743546510302657,28.970529556274414,1024300,0.0,0.0,0.0
2010-09-13,29.247341343436666,29.468785015404247,29.153226146156225,29.446640014648438,1611000,0.0,0.0,0.0
2010-09-14,29.36913572437715,29.55182881966314,29.175372240161934,29.335920333862305,1842800,0.0,0.0,0.0
2010-09-15,29.191978426094497,29.70130287691203,29.158760925433523,29.590579986572266,3981000,0.0,0.0,0.0
2010-09-16,29.535210593306044,29.640398264921405,29.319302169051543,29.43556022644043,1490300,0.0,0.0,0.0
2010-09-17,29.56289208903886,29.651469955858108,29.258403691976206,29.524139404296875,1287600,0.0,0.0,0.0
2010-09-20,29.629323693170143,30.365626783619984,29.56842601636379,30.243833541870117,1801800,0.0,0.0,0.0
2010-09-21,30.321355506962497,30.321355506962497,29.734525523234254,29.800960540771484,3266300,0.0,0.0,0.0
2010-09-22,29.640399357524075,29.850770484783514,29.341448245907316,29.396808624267578,2927100,0.0,0.0,0.0
2010-09-23,29.164303633525016,29.22520134008503,28.560865986856314,28.671588897705078,2352800,0.0,0.0,0.0
2010-09-24,29.063715684025404,29.49383436374979,29.00226985394018,29.482662200927734,3617600,0.462,0.0,0.0
2010-09-27,29.59439037660492,29.59439037660492,28.979936157313034,29.119585037231445,1765200,0.0,0.0,0.0
2010-09-28,29.214531212599613,29.309493513360234,28.68945244356723,29.236875534057617,1755000,0.0,0.0,0.0
2010-09-29,29.1977788711128,29.203363886966102,28.90172402082876,29.007856369018555,2032200,0.0,0.0,0.0
2010-09-30,29.242470812098272,29.50501135419315,28.868212885247942,29.091651916503906,2745600,0.0,0.0,0.0
2010-10-01,29.26480487044423,29.382109361791077,28.873787768416303,29.236875534057617,6097900,0.0,0.0,0.0
2010-10-04,29.186618925535114,29.505018234252926,29.130760220132103,29.50501823425293,5232900,0.0,0.0,0.0
2010-10-05,29.666995210079243,30.074769502566525,29.50500206993623,29.97422218322754,2061300,0.0,0.0,0.0
2010-10-06,29.862500905789805,29.94070389815388,29.65582126441736,29.812227249145508,2100000,0.0,0.0,0.0
2010-10-07,29.940707405494237,30.10270055486572,29.75078491713125,29.896020889282227,1283000,0.0,0.0,0.0
2010-10-08,29.91278938634447,30.05243826502103,29.739626140544118,29.979820251464844,1118100,0.0,0.0,0.0
2010-10-11,30.01891082776569,30.074769502566525,29.89601918615763,29.97422218322754,954600,0.0,0.0,0.0
2010-10-12,29.890426495214285,30.26468636574127,29.76194986230844,30.18648338317871,1686500,0.0,0.0,0.0
2010-10-13,30.2758612866946,30.773010690512756,30.225587631765144,30.499298095703125,1634600,0.0,0.0,0.0
2010-10-14,30.443433488167365,30.616598739342148,30.23116674977106,30.42108917236328,1587600,0.0,0.0,0.0
2010-10-15,30.583090791338932,30.67805096367164,30.314965319557842,30.381996154785156,1794000,0.0,0.0,0.0
2010-10-18,30.37082478501775,30.80653055252629,30.337310431966863,30.773014068603516,1638000,0.0,0.0,0.0
2010-10-19,30.41550799965595,30.856798703591295,30.292616378086233,30.393163681030273,1987000,0.0,0.0,0.0
2010-10-20,30.454615756850895,31.326025184672574,30.454615756850895,31.057897567749023,1958700,0.0,0.0,0.0
2010-10-21,31.24223345074257,31.381882267478996,30.8232870005333,31.024381637573242,1848300,0.0,0.0,0.0
2010-10-22,31.113767144907413,31.231071678577603,30.81771010595127,31.041149139404297,1147900,0.0,0.0,0.0
2010-10-25,31.281339517249943,31.281339517249943,31.04114334691557,31.097002029418945,1663900,0.0,0.0,0.0
2010-10-26,30.862391604311746,30.962938932949406,30.705985595707414,30.873563766479492,1669500,0.0,0.0,0.0
2010-10-27,30.739490585363143,30.86796721483876,30.443435836174604,30.655702590942383,2485700,0.0,0.0,0.0
2010-10-28,30.800936498753902,30.935000273506827,30.169723377103498,30.46578025817871,1185400,0.0,0.0,0.0
2010-10-29,30.404347475758506,30.594269995015043,30.34290164145899,30.471378326416016,1017800,0.0,0.0,0.0
2010-11-01,30.61660512081902,31.024379380316113,30.53839999920429,30.733909606933594,1263100,0.0,0.0,0.0
2010-11-02,30.968518718620945,31.04113669501151,30.767426226178266,30.946176528930664,1166400,0.0,0.0,0.0
2010-11-03,31.063481015573483,31.063481015573483,30.678048943930374,30.946176528930664,1589400,0.0,0.0,0.0
2010-11-04,31.23106187687632,31.717039171611855,31.15285887897312,31.66118049621582,1186500,0.0,0.0,0.0
2010-11-05,31.772902425954285,32.20302107843405,31.538291283296214,32.00192642211914,1534200,0.0,0.0,0.0
2010-11-08,31.912548382623395,32.00750855573728,31.560632765759305,31.828758239746094,1784400,0.0,0.0,0.0
2010-11-09,31.90696339545934,31.957237058412872,30.326139781915213,30.53840446472168,3078600,0.0,0.0,0.0
2010-11-10,30.672458503416713,30.934998896398543,30.555154037524485,30.91823959350586,1480000,0.0,0.0,0.0
2010-11-11,30.722741848229514,30.962938000421794,30.583093021646654,30.672468185424805,1305100,0.0,0.0,0.0
2010-11-12,30.499296296712224,30.756251701679492,30.236758008341152,30.3875789642334,1683700,0.0,0.0,0.0
2010-11-15,30.45461134456488,30.622189482709302,30.046837093760526,30.097110748291016,2017000,0.0,0.0,0.0
2010-11-16,29.890439755273103,29.907199066736638,28.83469476058384,29.063718795776367,3883400,0.0,0.0,0.0
2010-11-17,29.136332249617393,29.46031856296924,29.024612757741856,29.287153244018555,1503300,0.0,0.0,0.0
2010-11-18,29.778721907559955,29.8289955794135,29.48825204028086,29.549697875976562,2498900,0.0,0.0,0.0
2010-11-19,29.465908080142786,29.77872227900813,29.23129902914808,29.706104278564453,2001900,0.0,0.0,0.0
2010-11-22,29.627903342226727,29.88485673922938,29.611144029641302,29.78430938720703,1443200,0.0,0.0,0.0
2010-11-23,29.449150532269478,29.605556564315005,29.370947516246716,29.549697875976562,2671600,0.0,0.0,0.0
2010-11-24,29.784308465150477,30.164153531948514,29.773136300730243,30.119464874267578,1555400,0.0,0.0,0.0
2010-11-26,29.985411152161355,30.192090921821407,29.923965296914922,30.058029174804688,661100,0.0,0.0,0.0
2010-11-29,29.901605220943093,30.13062920483127,29.6278947218648,30.0412540435791,1620500,0.0,0.0,0.0
2010-11-30,29.773124625926854,30.091523728997416,29.722850971185625,29.907188415527344,1652000,0.0,0.0,0.0
2010-12-01,30.275864315221863,30.275864315221863,29.834573536795133,30.080354690551758,2195300,0.0,0.0,0.0
2010-12-02,30.175312624155787,30.566329685982,30.102694652319254,30.54398536682129,1353800,0.0,0.0,0.0
2010-12-03,30.331724797411386,30.616609597772054,30.259106810729175,30.53840446472168,1589000,0.0,0.0,0.0
2010-12-06,30.521646700253644,30.67246768621308,30.2088346975573,30.599849700927734,1602500,0.0,0.0,0.0
2010-12-07,30.895907461219544,30.957351155581968,30.661296322221887,30.66688346862793,1773500,0.0,0.0,0.0
2010-12-08,30.745090169489334,30.784191675546907,30.035673782502656,30.21442413330078,2263600,0.0,0.0,0.0
2010-12-09,30.331730575409463,30.432277920470142,29.87926965350881,29.946300506591797,1487900,0.0,0.0,0.0
2010-12-10,30.002160603350355,30.331731998540725,29.95188692846123,30.141809463500977,2754600,0.0,0.0,0.0
2010-12-13,30.31496354780039,30.409923714583154,30.158557564453854,30.19207191467285,1023800,0.0,0.0,0.0
2010-12-14,30.242349380695213,30.50488985513369,29.761957078902245,29.896020889282227,1645800,0.0,0.0,0.0
2010-12-15,29.868087088696655,30.091523898124418,29.560858013067033,29.61113166809082,1447800,0.0,0.0,0.0
2010-12-16,29.661415100097656,29.801063951097877,29.465907561046293,29.661415100097656,1270200,0.0,0.0,0.0
2010-12-17,29.71167881114628,29.93511775018988,29.633475821742515,29.907188415527344,2871200,0.0,0.0,0.0
2010-12-20,30.002166970626988,30.36525493642476,29.974237618843993,30.264707565307617,2388500,0.0,0.0,0.0
2010-12-21,30.34290127085174,30.63337112798291,30.314971927658267,30.583097457885742,2927500,0.0,0.0,0.0
2010-12-22,30.538409362976694,31.0132167294446,30.538409362976694,30.817707061767578,1398000,0.0,0.0,0.0
2010-12-23,30.82887772261868,30.918252896640126,30.666886684679465,30.678056716918945,1241600,0.0,0.0,0.0
2010-12-27,30.66958129510524,31.070527236737885,30.55663819985665,31.059232711791992,1275200,0.595,0.0,0.0
2010-12-28,31.115710236694227,31.22300717090082,30.90112067670274,31.1834774017334,2919200,0.0,0.0,0.0
2010-12-29,31.189134718413378,31.302077879572263,31.070545368591777,31.245607376098633,1511400,0.0,0.0,0.0
2010-12-30,31.19477126601487,31.443244403243213,31.19477126601487,31.33030128479004,1229500,0.0,0.0,0.0
2010-12-31,31.324634372649136,31.482753341339354,31.228632031509086,31.26816177368164,1168500,0.0,0.0,0.0
2011-01-03,31.48841230992457,31.87241752199038,31.471471600460276,31.849830627441406,1957400,0.0,0.0,0.0
2011-01-04,31.895009954705426,31.97971781943462,31.05923444983335,31.23994255065918,2315700,0.0,0.0,0.0
2011-01-05,31.143948542548394,31.41501074799258,31.138300201524665,31.35289192199707,1512700,0.0,0.0,0.0
2011-01-06,31.437589603532842,31.443237943110972,31.04229200147833,31.059232711791992,1819300,0.0,0.0,0.0
2011-01-07,31.223000889744277,31.313354937409056,30.77687683693237,31.070528030395508,2001200,0.0,0.0,0.0
2011-01-10,30.946300585187615,31.13830326890077,30.731708843576175,31.064889907836914,1668400,0.0,0.0,0.0
2011-01-11,31.177826110799803,31.279474694529625,30.78252630231835,30.99711799621582,1237500,0.0,0.0,0.0
2011-01-12,31.23429964321098,31.25688654252698,30.980178176562244,31.127002716064453,1639600,0.0,0.0,0.0
2011-01-13,31.13265270285259,31.324655359561362,31.05359316553912,31.228652954101562,1200400,0.0,0.0,0.0
2011-01-14,31.206062949116582,31.437595367431637,31.127003414210577,31.43759536743164,1334300,0.0,0.0,0.0
2011-01-18,31.426303409222644,31.708660125732422,31.285125050967757,31.708660125732422,1348900,0.0,0.0,0.0
2011-01-19,31.674769071171855,31.697358120173767,31.143939344888604,31.29076385498047,2340800,0.0,0.0,0.0
2011-01-20,31.245591287200767,31.533594153357207,31.14394270991955,31.29641342163086,1934400,0.0,0.0,0.0
2011-01-21,31.398065500842907,31.4375952681711,31.234300245145008,31.319005966186523,1196800,0.0,0.0,0.0
2011-01-24,31.364180158997012,31.6352423100732,31.26253158306713,31.477123260498047,1143000,0.0,0.0,0.0
2011-01-25,31.392420275516507,31.855485124860973,31.296417870344165,31.84419059753418,1249600,0.0,0.0,0.0
2011-01-26,31.94019382702588,32.053134794786985,31.71430758308191,31.895015716552734,2310600,0.0,0.0,0.0
2011-01-27,32.17172183729932,32.47101923832257,32.04748420477923,32.397605895996094,1926600,0.0,0.0,0.0
2011-01-28,32.43712410829238,32.527478130435426,31.776410725285665,31.861116409301758,1404200,0.0,0.0,0.0
2011-01-31,32.013594414295724,32.3863050853204,31.957123949132356,32.2846565246582,1916800,0.0,0.0,0.0
2011-02-01,32.47666853263289,32.5105521140752,32.05313345855248,32.36372756958008,2400100,0.0,0.0,0.0
2011-02-02,32.34678470175353,32.57267093628072,32.312903274522,32.36372756958008,1698300,0.0,0.0,0.0
2011-02-03,32.245136962588155,32.53314202692134,32.18866647957149,32.45408248901367,1294300,0.0,0.0,0.0
2011-02-04,32.49361039283064,32.5274918190115,32.08136985868127,32.21689987182617,1842700,0.0,0.0,0.0
2011-02-07,32.26208745908732,32.5839740276548,32.199968620554756,32.53314971923828,1361500,0.0,0.0,0.0
2011-02-08,32.56136949826034,32.72513687582379,32.51054521398928,32.674312591552734,1356800,0.0,0.0,0.0
2011-02-09,32.629139883758455,32.72514228289277,32.52749129842127,32.69690704345703,1702500,0.0,0.0,0.0
2011-02-10,32.595272170607664,32.905864243484906,32.595272170607664,32.83245086669922,1364800,0.0,0.0,0.0
2011-02-11,32.79290613349718,33.075262826331986,32.66302231329844,33.047027587890625,1355200,0.0,0.0,0.0
2011-02-14,33.092203103984666,33.15432192026627,32.826789281068606,33.05267333984375,1062000,0.0,0.0,0.0
2011-02-15,32.92844009399414,33.04138105393366,32.75337815935071,32.92844009399414,1198500,0.0,0.0,0.0
2011-02-16,33.024439181052756,33.26161992786019,32.8550255928821,33.00185012817383,1084400,0.0,0.0,0.0
2011-02-17,33.007489408649214,33.15996224241546,32.96231131529178,33.03572463989258,1011000,0.0,0.0,0.0
2011-02-18,33.086555556758064,33.255969132421804,33.035731268637896,33.16561508178711,1288000,0.0,0.0,0.0
2011-02-22,32.911498309736814,33.24467932262898,32.80420353257895,32.87761688232422,2159100,0.0,0.0,0.0
2011-02-23,32.866318530341815,32.990554006748226,32.397605399712766,32.60090255737305,1966800,0.0,0.0,0.0
2011-02-24,32.56136793389787,32.663016497556434,32.092657027436914,32.35242462158203,1586800,0.0,0.0,0.0
2011-02-25,32.49360525311292,33.03008334296259,32.49360525311292,32.98490524291992,1135900,0.0,0.0,0.0
2011-02-28,33.25598007521055,33.80375289916992,33.199509582811345,33.80375289916992,1725800,0.0,0.0,0.0
2011-03-01,33.786797931742136,33.88279815917218,32.792901312715315,32.79854965209961,3119700,0.0,0.0,0.0
2011-03-02,32.75338144248852,32.8437355120235,32.380670636380366,32.49925994873047,2400000,0.0,0.0,0.0
2011-03-03,32.826793439311004,32.97926632925886,32.719496505156485,32.96797180175781,1590100,0.0,0.0,0.0
2011-03-04,32.945384667956354,33.00750349572913,32.48796597143855,32.6517333984375,1681900,0.0,0.0,0.0
2011-03-07,32.764664782472884,32.86631334526668,32.21689221121854,32.41454315185547,1661400,0.0,0.0,0.0
2011-03-08,32.47102130869873,33.04702924954963,32.42019701526451,32.87196731567383,2228600,0.0,0.0,0.0
2011-03-09,32.8719627813387,33.01878945510026,32.59525445297413,32.83808135986328,1358600,0.0,0.0,0.0
2011-03-10,32.56701208258225,32.6065439919423,32.30159832003392,32.335479736328125,1704800,0.0,0.0,0.0
2011-03-11,32.21690077529204,32.72514372436497,32.199960061726536,32.66302490234375,1349400,0.0,0.0,0.0
2011-03-14,32.471011864135214,32.533130666288045,32.20559594737679,32.335479736328125,1673700,0.0,0.0,0.0
2011-03-15,31.69172480665635,32.38632223621403,31.573135474485568,32.16608428955078,2439500,0.0,0.0,0.0
2011-03-16,32.16043032962693,32.19431175679554,31.471479254388036,31.69171714782715,3176100,0.0,0.0,0.0
2011-03-17,32.07006428620252,32.160418315249316,31.67476460129406,31.934532165527344,1837500,0.0,0.0,0.0
2011-03-18,32.20561490042281,32.391971416552344,32.10396628329967,32.256439208984375,1887600,0.0,0.0,0.0
2011-03-21,32.53877735257557,32.74772280925818,32.45407165632408,32.606544494628906,1340600,0.0,0.0,0.0
2011-03-22,32.61219758283701,32.67996258502498,32.301605655747345,32.397605895996094,2793800,0.0,0.0,0.0
2011-03-23,32.34113701539821,32.34113701539821,31.82724790218175,32.041839599609375,1699400,0.0,0.0,0.0
2011-03-24,32.23385225881846,32.27338203717769,31.83290397884267,32.1773796081543,1466700,0.0,0.0,0.0
2011-03-25,32.30933422618904,32.57099381005521,32.17281712586764,32.42878723144531,2441500,0.412,0.0,0.0
2011-03-28,32.462913626105845,32.58236661677084,32.30364297188585,32.38896560668945,1843000,0.0,0.0,0.0
2011-03-29,32.42310265346,32.58806281931509,32.07043091638043,32.51980209350586,2293200,0.0,0.0,0.0
2011-03-30,32.70183139974989,33.03174959055443,32.559624796666775,32.9919319152832,1832700,0.0,0.0,0.0
2011-03-31,32.96917469041214,33.31047180199196,32.93504649818438,33.25927734375,3204000,0.0,0.0,0.0
2011-04-01,33.435610897803535,33.53231250200517,33.13413363804009,33.31047058105469,4149100,0.0,0.0,0.0
2011-04-04,33.41286222343505,33.42992632031751,33.21946116913221,33.2877197265625,1072600,0.0,0.0,0.0
2011-04-05,33.25359290309752,33.458370767089605,33.21377522619913,33.32185363769531,1248100,0.0,0.0,0.0
2011-04-06,33.46973893526641,33.46973893526641,33.242207551681155,33.33890914916992,1286500,0.0,0.0,0.0
2011-04-07,33.373035741844674,33.3844125274699,32.815586265608694,32.96916961669922,1773000,0.0,0.0,0.0
2011-04-08,33.060192410537475,33.191022232636755,32.633572576339574,32.73027420043945,2259700,0.0,0.0,0.0
2011-04-11,32.79284272921971,33.00899519824049,32.64494665052074,32.75302505493164,1335300,0.0,0.0,0.0
2011-04-12,32.64494582795473,32.84972367336236,32.61081763365376,32.69614028930664,1996500,0.0,0.0,0.0
2011-04-13,32.85541221438448,32.8611016935816,32.58806527943388,32.64494705200195,1212600,0.0,0.0,0.0
2011-04-14,32.54823917178095,33.1853239730643,32.479978458504185,33.1170654296875,1423500,0.0,0.0,0.0
2011-04-15,33.20808965581399,33.56076145677056,33.134141607743814,33.543697357177734,1408600,0.0,0.0,0.0
2011-04-18,33.29340866593567,33.29340866593567,33.02606173211654,33.24221420288086,1709900,0.0,0.0,0.0
2011-04-19,33.31047467017735,33.56075750429947,33.282031614338045,33.503875732421875,1096500,0.0,0.0,0.0
2011-04-20,33.79397719120527,33.947560583474505,33.56075844810766,33.896366119384766,1432600,0.0,0.0,0.0
2011-04-21,33.98737065941482,34.14095401734328,33.748464660348375,34.1238899230957,1746900,0.0,0.0,0.0
2011-04-25,34.19784938127232,34.47657532762111,34.02151455083823,34.35143280029297,1421400,0.0,0.0,0.0
2011-04-26,34.47656591351634,34.77804318895776,34.283164864955715,34.65290069580078,2700000,0.0,0.0,0.0
2011-04-27,34.721162933706125,34.94300487585761,34.601709914070774,34.90887451171875,1860300,0.0,0.0,0.0
2011-04-28,34.95437871774655,35.48338738285855,34.92024835648439,35.375308990478516,2348200,0.0,0.0,0.0
2011-04-29,35.43219181164291,35.46632000193154,34.74959979716777,35.1705322265625,1777800,0.0,0.0,0.0
2011-05-02,35.34117681517139,35.47200659707774,34.92593389784255,35.22172164916992,2434500,0.0,0.0,0.0
2011-05-03,35.11933663071992,35.375306729172735,34.52206728126302,34.92024612426758,2052900,0.0,0.0,0.0
2011-05-04,34.863359815381955,34.977125494245605,34.55619313342003,34.721153259277344,1650200,0.0,0.0,0.0
2011-05-05,34.533442266019186,34.954374659784065,34.42536605608632,34.698402404785156,1900000,0.0,0.0,0.0
2011-05-06,34.94299752122273,35.011256065233276,34.29453592837256,34.3912353515625,2277700,0.0,0.0,0.0
2011-05-09,34.40831047641505,34.65859331551089,34.25472708541287,34.56758117675781,983300,0.0,0.0,0.0
2011-05-10,34.7097775353346,35.1591507871366,34.68702396488642,35.113643646240234,1699400,0.0,0.0,0.0
2011-05-11,35.09090167200831,35.102278460992,34.630153652622326,34.743919372558594,1736000,0.0,0.0,0.0
2011-05-12,34.64151822957117,34.85198332682345,34.35141563750735,34.80078887939453,1429800,0.0,0.0,0.0
2011-05-13,34.886119775125536,34.886119775125536,34.3457343289672,34.43105697631836,1482300,0.0,0.0,0.0
2011-05-16,34.27746101925006,34.70408060903606,34.26039693002644,34.48223876953125,2157000,0.0,0.0,0.0
2011-05-17,34.379866464849684,34.556203428116184,34.25472613372876,34.47087860107422,2183400,0.0,0.0,0.0
2011-05-18,34.465181719442825,34.84060694833501,34.32297516047003,34.80647659301758,1323700,0.0,0.0,0.0
2011-05-19,34.954368591308594,35.10226244079857,34.681332290011966,34.954368591308594,1324000,0.0,0.0,0.0
2011-05-20,34.78942299335391,34.93162959521848,34.493633001087524,34.52776336669922,1385200,0.0,0.0,0.0
2011-05-23,34.175086975097656,34.334357653256085,34.08407267912113,34.175086975097656,1809700,0.0,0.0,0.0
2011-05-24,34.24334144798429,34.40830158494071,34.152329332749716,34.277469635009766,1299400,0.0,0.0,0.0
2011-05-25,34.209217091690995,34.613083288267774,33.97031106100627,34.43674850463867,1411900,0.0,0.0,0.0
2011-05-26,34.40262071961421,34.988511222491454,34.28316769532089,34.897499084472656,1095800,0.0,0.0,0.0
2011-05-27,34.988498324810415,35.13639435076043,34.840604468760134,35.09657669067383,970600,0.0,0.0,0.0
2011-05-31,35.369624287152675,35.665414263511316,35.23879448086142,35.65403747558594,1691500,0.0,0.0,0.0
2011-06-01,35.57440936144975,35.614227042332374,34.58465030975107,34.630157470703125,2859300,0.0,0.0,0.0
2011-06-02,34.63014487874424,34.92593480767708,34.322978163710125,34.379859924316406,2122900,0.0,0.0,0.0
2011-06-03,34.038566127767666,34.67565098085552,33.94755400589797,34.516380310058594,1897800,0.0,0.0,0.0
2011-06-06,34.45950908916624,34.57327264887984,33.99306938075708,34.010135650634766,1172700,0.0,0.0,0.0
2011-06-07,34.19784083436077,34.675655073040076,34.0954519139366,34.36848831176758,1252000,0.0,0.0,0.0
2011-06-08,34.22059508955253,34.590333106193334,34.192154204403344,34.27178955078125,1509400,0.0,0.0,0.0
2011-06-09,34.36848359040198,34.3912371629039,33.74846501397563,33.90204620361328,1381600,0.0,0.0,0.0
2011-06-10,33.74848293185136,33.805364723405944,32.99762982994311,33.048824310302734,2011600,0.0,0.0,0.0
2011-06-13,33.134131170006356,33.42423162120231,32.98054781234965,33.185325622558594,1780800,0.0,0.0,0.0
2011-06-14,33.509551243979956,33.77121077433552,33.4128518318528,33.680198669433594,1163900,0.0,0.0,0.0
2011-06-15,33.38442711604627,33.566451425792195,32.88954865954333,33.13983154296875,1761700,0.0,0.0,0.0
2011-06-16,33.14550935485478,33.56075230090165,32.929354749412525,33.40148162841797,2077100,0.0,0.0,0.0
2011-06-17,33.765531256786005,33.81672571322259,33.40717006172996,33.72002410888672,1912800,0.0,0.0,0.0
2011-06-20,33.61194955286555,34.214906273004694,33.61194955286555,34.129581451416016,1968200,0.0,0.0,0.0
2011-06-21,34.33435183226004,34.431051250490455,34.123886733246884,34.39692306518555,1375400,0.0,0.0,0.0
2011-06-22,34.3229736524439,34.63014032710533,34.26040242206104,34.294532775878906,3467800,0.0,0.0,0.0
2011-06-23,33.82810591607975,33.87930037768582,33.29340772377176,33.6005744934082,2618700,0.0,0.0,0.0
2011-06-24,33.6803116274563,33.869624601070235,33.38773961814655,33.605735778808594,2083800,0.499,0.0,0.0
2011-06-27,33.62295969271988,33.87537491088447,33.57706482302387,33.749168395996094,2519000,0.0,0.0,0.0
2011-06-28,33.85815304239025,34.058937552886405,33.640156867860824,34.03025436401367,1278700,0.0,0.0,0.0
2011-06-29,34.21381261169581,34.47196556166051,34.03023766691779,34.38591384887695,2049000,0.0,0.0,0.0
2011-06-30,34.50066577980127,34.64982186385779,34.32282869516308,34.477718353271484,1960900,0.0,0.0,0.0
2011-07-01,34.57524477358917,35.16612679848054,34.48919301592725,35.068603515625,1796700,0.0,0.0,0.0
2011-07-05,35.17185915417509,35.44722167114543,34.90223239888908,35.33822250366211,1693200,0.0,0.0,0.0
2011-07-06,35.23495962272647,35.65374242267477,35.18906696625815,35.60211181640625,1655200,0.0,0.0,0.0
2011-07-07,35.87174415523204,36.135635193642734,35.82585148880439,36.049583435058594,1530900,0.0,0.0,0.0
2011-07-08,35.64226912319343,36.01515489420761,35.54474367094336,36.00368118286133,1956000,0.0,0.0,0.0
2011-07-11,35.49311857937951,35.67095785030147,35.29806983295728,35.37838363647461,1878600,0.0,0.0,0.0
2011-07-12,35.263646159440945,35.99221043267253,35.20054183987484,35.49885177612305,2078400,0.0,0.0,0.0
2011-07-13,35.59636659708768,35.68241831942387,35.12021971508308,35.148902893066406,1853600,0.0,0.0,0.0
2011-07-14,35.234968887309094,35.28659950715322,34.667034257411,34.82192611694336,1715800,0.0,0.0,0.0
2011-07-15,34.95960798721517,35.21202533561725,34.724402305177904,35.2062873840332,1526200,0.0,0.0,0.0
2011-07-18,35.10302431538056,35.1603928863034,34.65556040411853,34.9596061706543,1272400,0.0,0.0,0.0
2011-07-19,35.171855045556164,35.539005025294465,35.0513821803905,35.521793365478516,1363100,0.0,0.0,0.0
2011-07-20,35.659493709407,35.84306879197791,35.45297119441783,35.779964447021484,1508500,0.0,0.0,0.0
2011-07-21,35.975007821674886,36.27331783297187,35.96927205862893,36.066795349121094,1373600,0.0,0.0,0.0
2011-07-22,36.13562050884799,36.32493123705902,35.97499077066013,36.2446174621582,1184400,0.0,0.0,0.0
2011-07-25,35.84306174411201,36.135635978946645,35.734064744138884,35.906166076660156,2624300,0.0,0.0,0.0
2011-07-26,35.88320806207395,36.11841365775028,35.68815935919211,35.98646926879883,1815200,0.0,0.0,0.0
2011-07-27,35.785688533353536,35.8717380889988,34.94812508172042,34.976810455322266,1794700,0.0,0.0,0.0
2011-07-28,34.96533780868521,35.34969731672673,34.63260672257152,35.01123046875,2360300,0.0,0.0,0.0
2011-07-29,34.70144079485331,35.07432650266425,34.397392966678865,35.01696014404297,1982300,0.0,0.0,0.0
2011-08-01,35.43575354191685,35.56769796531075,34.21383040229569,34.489192962646484,2668900,0.0,0.0,0.0
2011-08-02,34.26545151388566,34.4432907421989,33.34757656733523,33.387733459472656,3298000,0.0,0.0,0.0
2011-08-03,33.439374166739235,33.445109929469325,32.24613418726254,33.11238098144531,4775700,0.0,0.0,0.0
2011-08-04,32.756697048435555,32.84848455578285,31.414303385739498,31.494619369506836,4629400,0.0,0.0,0.0
2011-08-05,31.815884758934562,31.89046281645297,30.232549202094674,30.708696365356445,7017600,0.0,0.0,0.0
2011-08-08,29.66459689390426,30.083377449630046,27.949317781300454,28.041105270385742,9058400,0.0,0.0,0.0
2011-08-09,28.408264714893765,30.651324280194377,28.08700730160428,30.593957901000977,8039400,0.0,0.0,0.0
2011-08-10,30.03176580472037,31.374160047583032,29.63593241853323,29.888347625732422,7527500,0.0,0.0,0.0
2011-08-11,30.106333868263153,32.0396096659765,29.905549359742114,31.437253952026367,4463100,0.0,0.0,0.0
2011-08-12,31.82160253438774,32.303487344127035,31.259403954422915,31.43150520324707,4019100,0.0,0.0,0.0
2011-08-15,31.67246136039346,32.60754824145445,31.615094980023613,32.57886505126953,2630500,0.0,0.0,0.0
2011-08-16,32.24039329895167,32.693595076129036,31.936345401302816,32.4813346862793,2688800,0.0,0.0,0.0
2011-08-17,32.670645568973335,32.98616497014083,32.28054813860334,32.5731201171875,2230600,0.0,0.0,0.0
2011-08-18,31.471682926264382,31.810149888023584,30.77753952298472,31.121742248535156,3488600,0.0,0.0,0.0
2011-08-19,30.51937829717695,31.368413358481405,30.444800257328314,30.525114059448242,3271400,0.0,0.0,0.0
2011-08-22,31.21352231523539,31.31104778343872,30.12928158209783,30.55953598022461,2213600,0.0,0.0,0.0
2011-08-23,30.599686134047094,31.33972406083467,30.404637429042303,31.3110408782959,2687800,0.0,0.0,0.0
2011-08-24,31.242209318596235,31.827355634098144,30.955373018157296,31.72409439086914,3095000,0.0,0.0,0.0
2011-08-25,31.88472495582678,32.26908455701327,30.800481876465756,31.13321304321289,2370800,0.0,0.0,0.0
2011-08-26,30.966840084709506,31.62656430944203,30.255487437833555,31.511829376220703,2829900,0.0,0.0,0.0
2011-08-29,31.913394643032504,32.61901139745381,31.90765669382043,32.590328216552734,1976900,0.0,0.0,0.0
2011-08-30,32.52722944753544,32.92306266353986,32.01092334980202,32.68212127685547,2705900,0.0,0.0,0.0
2011-08-31,32.940267660263764,33.209894384476804,32.596065100814926,33.04926681518555,3047600,0.0,0.0,0.0
2011-09-01,32.98616497014083,33.250053764689156,32.423966247169176,32.5731201171875,4270000,0.0,0.0,0.0
2011-09-02,31.91913633100122,32.38381182607652,31.71261388874553,31.804401397705078,3459400,0.0,0.0,0.0
2011-09-06,30.82341467161534,31.804393851176847,30.78325778274812,31.66671371459961,3163900,0.0,0.0,0.0
2011-09-07,32.07403914151203,32.900127004914616,31.701151027758126,32.85997009277344,1902000,0.0,0.0,0.0
2011-09-08,32.62476486961034,33.03780990165626,32.45840145471417,32.6075553894043,2395000,0.0,0.0,0.0
2011-09-09,32.309238903695594,32.464130759896996,31.2995761453745,31.58641242980957,2436900,0.0,0.0,0.0
2011-09-12,31.087312673731773,31.712615800076822,31.00126310986355,31.68967056274414,4245800,0.0,0.0,0.0
2011-09-13,31.890454638313702,31.901928351019354,31.402833884451685,31.764245986938477,2166300,0.0,0.0,0.0
2011-09-14,31.83882546271087,32.194501819095485,31.368414162476913,31.97076988220215,2115200,0.0,0.0,0.0
2011-09-15,32.383811667607105,32.53296554829143,32.02813534567771,32.4985466003418,2848800,0.0,0.0,0.0
2011-09-16,32.515746534252514,32.82553010523016,32.0912280642032,32.814056396484375,2019000,0.0,0.0,0.0
2011-09-19,32.257612503286246,32.406768616194434,32.01093309134287,32.09698486328125,1958600,0.0,0.0,0.0
2011-09-20,32.06828998221067,32.504280069789424,31.959290819025984,32.07976150512695,1546600,0.0,0.0,0.0
2011-09-21,32.056814910668244,32.114181276362146,30.364480862059214,30.387428283691406,2825000,0.0,0.0,0.0
2011-09-22,29.7391950830779,30.14650220537321,29.182731822113308,29.64740753173828,4405500,0.0,0.0,0.0
2011-09-23,29.541401005982102,29.97004191438774,29.338666784894006,29.86577796936035,2688200,0.497,0.0,0.0
2011-09-26,30.126418198788766,30.334945968242284,29.634062683962643,30.282814025878906,2246100,0.0,0.0,0.0
2011-09-27,30.809944176437966,31.151697743549263,30.427643763197988,30.58403968811035,1777600,0.0,0.0,0.0
2011-09-28,30.520310831796515,30.85047914292731,29.749918842370178,29.807842254638672,2241900,0.0,0.0,0.0
2011-09-29,30.37550415812625,30.450806371865898,29.825225038995224,30.271240234375,2151600,0.0,0.0,0.0
2011-09-30,29.77309145235857,30.33495566675986,29.460299698174317,29.46609115600586,1970600,0.0,0.0,0.0
2011-10-03,29.15909046137108,29.70357804394338,28.029566256485452,28.07590675354004,5785500,0.0,0.0,0.0
2011-10-04,27.682030227102057,29.298119120127726,27.282351045811726,29.182270050048828,5508100,0.0,0.0,0.0
2011-10-05,29.29810925185342,29.29810925185342,27.72835918980475,28.933185577392578,8885500,0.0,0.0,0.0
2011-10-06,28.9042180346799,29.77887373373757,28.59721783293025,29.726741790771484,2513100,0.0,0.0,0.0
2011-10-07,29.871571985848117,30.010591327664496,28.83472611578162,28.8984432220459,2993000,0.0,0.0,0.0
2011-10-10,29.454497167030496,30.34653165994615,29.396573767599005,30.340740203857422,2280500,0.0,0.0,0.0
2011-10-11,30.120640729449768,30.230696121261115,29.581944478094414,29.738340377807617,2206200,0.0,0.0,0.0
2011-10-12,30.033749940603855,30.682503719071626,29.73833697030838,30.22490119934082,2634100,0.0,0.0,0.0
2011-10-13,30.091665444324267,30.277022973054194,29.4313289720194,30.0279483795166,1850000,0.0,0.0,0.0
2011-10-14,30.352341535739463,30.86207390994681,30.288624436554237,30.72305679321289,1685600,0.0,0.0,0.0
2011-10-17,30.59561915098954,30.59561915098954,29.92369727004139,30.056922912597656,1835000,0.0,0.0,0.0
2011-10-18,30.016369428755876,31.2559489855928,29.95844601773296,31.116931915283203,3158600,0.0,0.0,0.0
2011-10-19,31.082175989568277,31.284910134175938,30.62457353786933,30.75779914855957,2348600,0.0,0.0,0.0
2011-10-20,31.006881506997818,31.006881506997818,30.166980804869603,30.931581497192383,1965200,0.0,0.0,0.0
2011-10-21,31.255957631946313,31.951049804687504,31.23858104575984,31.9510498046875,1636200,0.0,0.0,0.0
2011-10-24,32.03213366293809,32.790942698504374,31.881531473021425,32.74460220336914,2858800,0.0,0.0,0.0
2011-10-25,32.43760099241122,32.582411711127335,32.072677362548454,32.21169662475586,2190500,0.0,0.0,0.0
2011-10-26,32.48394360265062,32.61137554088331,31.933662393695464,32.449188232421875,1919000,0.0,0.0,0.0
2011-10-27,33.53817372968521,34.24484875341732,33.08636264475306,33.98998260498047,2167600,0.0,0.0,0.0
2011-10-28,33.68297978228553,34.07686518091257,33.636639283794544,34.059486389160156,1971100,0.0,0.0,0.0
2011-10-31,33.73511067989017,34.11741094190047,33.36439333250264,33.67718505859375,2033500,0.0,0.0,0.0
2011-11-01,32.64034387813617,33.34122962422161,32.43181824329378,32.5940055847168,3614000,0.0,0.0,0.0
2011-11-02,33.08056073757373,33.491822645934874,32.62875200498747,33.21957778930664,2302500,0.0,0.0,0.0
2011-11-03,33.62505310424523,33.76407238572012,32.721435508386264,33.67718505859375,2155400,0.0,0.0,0.0
2011-11-04,33.39915010128444,33.46865864010891,32.84307737141542,33.40494155883789,1500600,0.0,0.0,0.0
2011-11-07,33.35859650862805,33.81040523387282,32.95891972934507,33.410728454589844,1661500,0.0,0.0,0.0
2011-11-08,33.59609061103968,33.879920624648854,32.84886668610208,33.84516525268555,1250100,0.0,0.0,0.0
2011-11-09,33.07477348562055,33.254339606037846,32.22328780212917,32.298587799072266,1950700,0.0,0.0,0.0
2011-11-10,32.62875523318582,32.79094254613265,32.09005913274225,32.29279327392578,2765200,0.0,0.0,0.0
2011-11-11,32.68089028586853,33.260133308670625,32.50132636296742,33.16166305541992,1796700,0.0,0.0,0.0
2011-11-14,33.00526716047141,33.051607662902086,32.3275538846986,32.547664642333984,2019900,0.0,0.0,0.0
2011-11-15,32.37969248974202,33.02265052063306,32.22329657639969,32.79095458984375,1725800,0.0,0.0,0.0
2011-11-16,32.47236939932009,32.98210174294057,32.397067176652726,32.4781608581543,1466300,0.0,0.0,0.0
2011-11-17,32.4260124898216,32.46655931006481,31.684582394361858,31.88152503967285,2401000,0.0,0.0,0.0
2011-11-18,32.078467577317525,32.14218464023899,31.713543986717497,32.084259033203125,1924800,0.0,0.0,0.0
2011-11-21,31.615082220268047,31.615082220268047,31.076386083833007,31.27332878112793,2054100,0.0,0.0,0.0
2011-11-22,31.145899457560763,31.423935859920682,30.925786477078653,31.128522872924805,2021300,0.0,0.0,0.0
2011-11-23,30.86785902275347,30.86785902275347,30.15539042047316,30.190143585205078,1728000,0.0,0.0,0.0
2011-11-25,30.12063960415173,30.873655152328134,30.05692251298565,30.323373794555664,680200,0.0,0.0,0.0
2011-11-28,31.20961119242313,31.377589970901525,30.746217267999658,31.001083374023438,1721900,0.0,0.0,0.0
2011-11-29,31.047425041311126,31.1922357965591,30.775182323997935,30.95474624633789,1794100,0.0,0.0,0.0
2011-11-30,31.74830139183857,32.4375995876062,31.719337481640743,32.39705276489258,2171600,0.0,0.0,0.0
2011-12-01,32.38548140108356,32.38548140108356,31.812029763942984,32.130615234375,2356400,0.0,0.0,0.0
2011-12-02,32.33913817772761,32.646136264698384,32.07268471488469,32.101646423339844,1374500,0.0,0.0,0.0
2011-12-05,32.5418594147815,32.727216926799585,32.14218269379922,32.373878479003906,1362900,0.0,0.0,0.0
2011-12-06,32.32754049139378,32.518689460635336,32.10163395009252,32.321746826171875,2075500,0.0,0.0,0.0
2011-12-07,32.28701042878083,32.79095129245043,31.991595218961507,32.67510223388672,1675500,0.0,0.0,0.0
2011-12-08,32.44919019175408,32.55345409909957,31.86415357724476,31.933664321899414,1642200,0.0,0.0,0.0
2011-12-09,32.15956914072054,32.790944050330154,32.03792865043049,32.63454818725586,1221700,0.0,0.0,0.0
2011-12-12,32.35071456833705,32.35071456833705,31.783056800491646,32.055301666259766,1710100,0.0,0.0,0.0
2011-12-13,32.21749289914118,32.501322922509296,31.51660944605615,31.678796768188477,1555200,0.0,0.0,0.0
2011-12-14,31.56294852635746,32.20011487152709,31.45289095444959,31.864152908325195,2213400,0.0,0.0,0.0
2011-12-15,32.153769618974756,32.530278355185345,32.06688451728962,32.39705276489258,1268500,0.0,0.0,0.0
2011-12-16,32.53027168333337,33.02262712081032,32.47234829408985,32.75617599487305,1749800,0.0,0.0,0.0
2011-12-19,32.81412753220936,32.94155953120293,32.38548660021987,32.472373962402344,1366200,0.0,0.0,0.0
2011-12-20,32.929962193626054,33.49182858558498,32.83149194865493,33.45707321166992,1248400,0.0,0.0,0.0
2011-12-21,33.43969430933873,33.56133479514662,33.17324309005391,33.44548797607422,2621500,0.0,0.0,0.0
2011-12-22,33.56712431648732,34.10002668924584,33.491822125680606,33.92625427246094,1388200,0.0,0.0,0.0
2011-12-23,34.14411613997438,34.167543171249584,33.83371579501428,34.07383728027344,2307400,0.642,0.0,0.0
2011-12-27,34.02699083823493,34.46623771945548,33.83957901431085,34.22611618041992,1173200,0.0,0.0,0.0
2011-12-28,34.296397561858555,34.33153588279463,33.79858308538724,33.81615447998047,1359300,0.0,0.0,0.0
2011-12-29,33.90985289125457,34.1909705671812,33.81028912433542,34.11483383178711,948500,0.0,0.0,0.0
2011-12-30,34.18512409399886,34.38424946012674,33.956716045760345,33.96842956542969,1969300,0.0,0.0,0.0
2012-01-03,34.58337504231411,34.93477393221332,33.962574134838775,34.25540542602539,6177500,0.0,0.0,0.0
2012-01-04,34.027006445577356,34.11485675576628,33.570190194497776,33.66975402832031,2393900,0.0,0.0,0.0
2012-01-05,33.66388985547402,34.05628500439394,33.40034120830777,33.98600387573242,1805000,0.0,0.0,0.0
2012-01-06,34.07385839215778,34.16756434119336,33.716603763295225,33.874732971191406,1337800,0.0,0.0,0.0
2012-01-09,33.974278101404714,34.0387013290472,33.669735590208376,33.75758361816406,1537200,0.0,0.0,0.0
2012-01-10,34.14997190212698,34.349097187397746,34.07969081264939,34.13240051269531,1558300,0.0,0.0,0.0
2012-01-11,34.07971576480607,34.436970411785865,33.9801541663369,34.3725471496582,1407000,0.0,0.0,0.0
2012-01-12,34.343257081117926,34.425249493804486,33.9157236191625,34.120704650878906,1734500,0.0,0.0,0.0
2012-01-13,33.96843032555655,34.20269625593472,33.77516059787573,34.19683837890625,1534700,0.0,0.0,0.0
2012-01-17,34.536522461967266,34.723934305605475,34.34325274151983,34.47795486450195,1450300,0.0,0.0,0.0
2012-01-18,34.53066296374583,34.83520775388915,34.44867056526981,34.718074798583984,1522000,0.0,0.0,0.0
2012-01-19,34.852787017822266,34.98163352941849,34.67708865099846,34.852787017822266,1277300,0.0,0.0,0.0
2012-01-20,34.88792087118063,35.10461540742618,34.647799294766514,35.06947708129883,1352900,0.0,0.0,0.0
2012-01-23,35.18074967082495,35.374019387292904,35.00505135029749,35.239315032958984,1238800,0.0,0.0,0.0
2012-01-24,35.12801998459372,35.50870132446289,35.010887092778276,35.50870132446289,1820800,0.0,0.0,0.0
2012-01-25,35.4852986641243,35.99482452412847,35.3447386506099,35.96554183959961,1499400,0.0,0.0,0.0
2012-01-26,36.147094012458794,36.38135769659497,36.04753021525376,36.21737289428711,1620800,0.0,0.0,0.0
2012-01-27,36.11196247060883,36.340370569171874,35.930406226920454,36.229095458984375,1498300,0.0,0.0,0.0
2012-01-30,36.06509807938359,36.06509807938359,35.78397811135017,35.959678649902344,2355500,0.0,0.0,0.0
2012-01-31,36.15294131974028,36.21736454411524,35.90110629761536,36.135372161865234,2069500,0.0,0.0,0.0
2012-02-01,36.43406241629255,36.54533971755152,36.28764679600448,36.49263000488281,3222200,0.0,0.0,0.0
2012-02-02,36.52192101261311,36.580486380436824,36.38136100206039,36.57463073730469,2712600,0.0,0.0,0.0
2012-02-03,36.8850382493829,37.10173283264736,36.738622567747946,37.084163665771484,2698900,0.0,0.0,0.0
2012-02-06,36.99044898185711,37.07829926373851,36.75618305292369,36.96702194213867,1778100,0.0,0.0,0.0
2012-02-07,36.95531395035728,37.01388155841439,36.79718699391759,36.873321533203125,1985800,0.0,0.0,0.0
2012-02-08,36.93773651123047,37.10172130880742,36.68004579587736,36.93773651123047,1735200,0.0,0.0,0.0
2012-02-09,37.01387212628374,37.054868324413874,36.45163663696303,36.668331146240234,1438000,0.0,0.0,0.0
2012-02-10,36.36964763269461,36.57463088917996,36.2173763352453,36.328651428222656,1675200,0.0,0.0,0.0
2012-02-13,36.527773895518045,36.791322499060826,36.48677769431421,36.69761657714844,1842100,0.0,0.0,0.0
2012-02-14,36.680061979320186,36.73862736597266,36.10025482130498,36.32280731201172,1866500,0.0,0.0,0.0
2012-02-15,36.43993720964865,36.43993720964865,35.98311874306443,36.106109619140625,1969800,0.0,0.0,0.0
2012-02-16,36.24665669102596,36.55705714326849,36.02996216214677,36.486778259277344,2318000,0.0,0.0,0.0
2012-02-17,36.603917801256166,36.603917801256166,36.2642323716801,36.51606750488281,1695100,0.0,0.0,0.0
2012-02-21,36.59219543320485,36.63319163250125,35.80740753590543,35.947967529296875,2815800,0.0,0.0,0.0
2012-02-22,35.9245389134053,36.07095454278271,35.59656709931484,35.6434211730957,2261300,0.0,0.0,0.0
2012-02-23,35.60242889809952,36.106099076109714,35.59657102116892,36.08852767944336,2453200,0.0,0.0,0.0
2012-02-24,36.18808186961522,36.2642163764903,35.90696417299028,36.135372161865234,1810800,0.0,0.0,0.0
2012-02-27,35.93625878091256,36.199807407179556,35.631713949906874,36.07681655883789,2002800,0.0,0.0,0.0
2012-02-28,36.18222664713531,36.22908071707059,35.75469331253849,35.865970611572266,2381700,0.0,0.0,0.0
2012-02-29,35.959680263944236,36.12952069984268,35.66099112229908,35.71955871582031,3013500,0.0,0.0,0.0
2012-03-01,35.75469640846191,36.02995850785347,35.725413729279346,35.93625259399414,3386900,0.0,0.0,0.0
2012-03-02,35.854258429440094,36.08266644356882,35.76055252020459,35.883541107177734,1860100,0.0,0.0,0.0
2012-03-05,35.87183461484316,36.24665832519531,35.71370544313981,36.24665832519531,1830300,0.0,0.0,0.0
2012-03-06,35.8191281857809,36.12952868057006,35.69613956340697,35.76641845703125,2236400,0.0,0.0,0.0
2012-03-07,35.93039373739355,35.97138993395568,35.52043177177223,35.959678649902344,1367200,0.0,0.0,0.0
2012-03-08,36.04752624231513,36.07680892033912,35.672702601707726,35.77226638793945,1454200,0.0,0.0,0.0
2012-03-09,35.877686415538506,36.07681176960329,35.72541513731263,35.947967529296875,1621800,0.0,0.0,0.0
2012-03-12,35.93039355269875,36.31693071410132,35.93039355269875,36.21151351928711,2644800,0.0,0.0,0.0
2012-03-13,36.398940794269954,37.00217271165271,36.352086701904724,36.943607330322266,2407300,0.0,0.0,0.0
2012-03-14,36.990455590201364,37.09001940972906,36.615631824246016,36.84403991699219,2280800,0.0,0.0,0.0
2012-03-15,36.9318846234955,36.9318846234955,36.650766841587064,36.791324615478516,1595600,0.0,0.0,0.0
2012-03-16,36.84402996619867,37.03729967501714,36.78546460638261,37.002159118652344,1799600,0.0,0.0,0.0
2012-03-19,37.00216262763381,37.46483661008278,36.861602622970345,37.25985336303711,2106100,0.0,0.0,0.0
2012-03-20,37.03142836758243,37.353542197993384,37.02557272737472,37.20712661743164,1795700,0.0,0.0,0.0
2012-03-21,37.27157099659208,37.33013860255158,37.142724497606935,37.15443801879883,1515200,0.0,0.0,0.0
2012-03-22,36.94359423799361,36.94359423799361,36.42235269871904,36.64490509033203,3203400,0.0,0.0,0.0
2012-03-23,36.68005401192917,37.05487776699147,36.51606694349506,36.873321533203125,2495000,0.0,0.0,0.0
2012-03-26,37.199195153529146,37.38221057790781,37.069315346240124,37.30546188354492,1630000,0.502,0.0,0.0
2012-03-27,37.38222223708269,37.535719673682934,37.24053472092512,37.311378479003906,3449500,0.0,0.0,0.0
2012-03-28,37.32317677239519,37.34088714444572,36.87449449573876,37.2523307800293,1573800,0.0,0.0,0.0
2012-03-29,37.01617946165381,37.299556638380004,36.80364601608877,37.27003860473633,1530300,0.0,0.0,0.0
2012-03-30,37.41764149719113,37.659693044143324,37.35860316129898,37.57704162597656,2059900,0.0,0.0,0.0
2012-04-02,37.62426856890977,37.88403048041393,37.48258107248283,37.84270477294922,6716800,0.0,0.0,0.0
2012-04-03,37.82498856811923,37.8958345574938,37.54751407327334,37.695106506347656,2338900,0.0,0.0,0.0
2012-04-04,37.4117325430989,37.47077087268751,37.128355317319595,37.28185272216797,2045700,0.0,0.0,0.0
2012-04-05,37.18148912678968,37.317273908323244,37.00437864009729,37.14016342163086,2925300,0.0,0.0,0.0
2012-04-09,36.70328569370185,36.90991645416995,36.502562143887666,36.74461364746094,1126900,0.0,0.0,0.0
2012-04-10,36.75052005785311,36.85088184287517,35.91809872975851,35.953521728515625,2670600,0.0,0.0,0.0
2012-04-11,36.30773094039833,36.42580531257199,36.118812845753006,36.413997650146484,1917300,0.0,0.0,0.0
2012-04-12,36.490756371556984,36.9335336999926,36.32545130419196,36.91582107543945,1373400,0.0,0.0,0.0
2012-04-13,36.862690890345036,36.97486259790452,36.61473664600078,36.7623291015625,2097600,0.0,0.0,0.0
2012-04-16,36.98667259493867,37.4825833669541,36.87450088031183,37.26414489746094,1973400,0.0,0.0,0.0
2012-04-17,37.4943903937883,37.74234691649413,37.20511041139429,37.58294677734375,1524000,0.0,0.0,0.0
2012-04-18,37.50029027291344,37.57703897812404,37.32908248901367,37.32908248901367,1278100,0.0,0.0,0.0
2012-04-19,37.3763131543993,37.55932635256339,37.15197199798174,37.32908248901367,2543700,0.0,0.0,0.0
2012-04-20,37.488476037979126,37.93715827219785,37.42353501049365,37.783660888671875,1649700,0.0,0.0,0.0
2012-04-23,37.52390214632111,37.541612518166986,37.14016090772686,37.394020080566406,1764500,0.0,0.0,0.0
2012-04-24,37.4530602520563,37.97849127914413,37.42944717103921,37.95487594604492,2618500,0.0,0.0,0.0
2012-04-25,38.19102295545115,38.40355643906581,38.13198237343062,38.391746520996094,2191000,0.0,0.0,0.0
2012-04-26,38.326807496223296,38.574761738736406,38.17921504175155,38.486209869384766,1885400,0.0,0.0,0.0
2012-04-27,38.66921779875926,38.82271519164535,38.37993788860612,38.751869201660156,2058500,0.0,0.0,0.0
2012-04-30,38.69873517303492,38.745961325304975,38.39174041038139,38.65150451660156,2165000,0.0,0.0,0.0
2012-05-01,38.698739752484876,39.37176092173124,38.65150909046244,39.07067108154297,3024200,0.0,0.0,0.0
2012-05-02,38.88765011239569,39.09427858717892,38.639691438492875,39.011627197265625,1801900,0.0,0.0,0.0
2012-05-03,39.13561099229537,39.20055202467097,38.840426119374904,38.87584686279297,2099900,0.0,0.0,0.0
2012-05-04,38.72235014866071,38.74596547940928,38.40355444396448,38.53343200683594,1480000,0.0,0.0,0.0
2012-05-07,38.415361714625334,38.893559798954165,38.3740360098582,38.80500793457031,1574000,0.0,0.0,0.0
2012-05-08,38.58656133257907,38.781384401351175,38.374027894675514,38.734153747558594,1610900,0.0,0.0,0.0
2012-05-09,38.42716982158183,38.88175711004317,38.30319269859174,38.61018753051758,2729800,0.0,0.0,0.0
2012-05-10,38.8581402920889,38.90537095737545,38.379942192514,38.63970184326172,2346300,0.0,0.0,0.0
2012-05-11,38.438976106790136,38.864043062096954,38.344514781538,38.72235107421875,2780400,0.0,0.0,0.0
2012-05-14,38.303206175939145,38.60429615437893,38.20874931268633,38.232364654541016,2759300,0.0,0.0,0.0
2012-05-15,38.255971098385444,38.27368147461569,37.925360893482924,38.0316276550293,2525400,0.0,0.0,0.0
2012-05-16,38.20872425025324,38.20872425025324,37.54750862453428,37.612449645996094,2051300,0.0,0.0,0.0
2012-05-17,37.60065830542719,37.618370933930485,36.51437759399414,36.51437759399414,3341500,0.0,0.0,0.0
2012-05-18,36.63244600428127,36.8095564956281,35.95942478591408,36.07159423828125,2888400,0.0,0.0,0.0
2012-05-21,36.14834064807605,36.921725855412305,36.101112237687715,36.85678482055664,2124900,0.0,0.0,0.0
2012-05-22,36.99848659124633,37.15198405146782,36.75053227377244,36.927642822265625,1767400,0.0,0.0,0.0
2012-05-23,36.667863438033784,37.069315025265794,36.337255586171615,36.98075866699219,2668900,0.0,0.0,0.0
2012-05-24,37.12244786686737,37.32317365765574,36.709188620881704,37.146060943603516,1369500,0.0,0.0,0.0
2012-05-25,37.09292780180081,37.29365132952193,36.88039435823541,36.99846649169922,1383000,0.0,0.0,0.0
2012-05-29,37.22280548502686,37.55931600086673,37.13425138995827,37.523895263671875,1423600,0.0,0.0,0.0
2012-05-30,37.264137925617156,37.317271293109464,36.632442474365234,36.632442474365234,1484000,0.0,0.0,0.0
2012-05-31,36.70329654659675,37.1992073654428,36.319557452970294,36.90992736816406,2127000,0.0,0.0,0.0
2012-06-01,36.36677264281959,36.48484703331272,35.9299003257012,36.006649017333984,3453800,0.0,0.0,0.0
2012-06-04,35.988941364375115,36.08930539838145,35.5048383233803,35.758697509765625,3573700,0.0,0.0,0.0
2012-06-05,35.60519725840357,36.561595537540484,35.59929230026426,36.49665451049805,2871000,0.0,0.0,0.0
2012-06-06,36.78593815022532,37.30546188354492,36.60292272584665,37.30546188354492,6758200,0.0,0.0,0.0
2012-06-07,37.64197389373561,37.70691492592115,36.98666536951881,37.039798736572266,2191500,0.0,0.0,0.0
2012-06-08,37.016183465475585,37.56522750854492,36.957145139720794,37.56522750854492,1696000,0.0,0.0,0.0
2012-06-11,37.87812714877452,37.94306368057561,36.67377000810959,36.72100067138672,2074000,0.0,0.0,0.0
2012-06-12,36.89221398370566,37.11065020393605,36.53799071221825,37.0693244934082,1951500,0.0,0.0,0.0
2012-06-13,36.9512415337303,37.34678817229076,36.726900405486646,36.88039779663086,1600500,0.0,0.0,0.0
2012-06-14,36.921707350865425,37.565210165977426,36.89218932765642,37.41761779785156,1532600,0.0,0.0,0.0
2012-06-15,37.55932799347059,37.69511278426336,37.32908411986188,37.647884368896484,1319900,0.0,0.0,0.0
2012-06-18,37.47667200870835,38.1555958799041,37.40582826825355,37.960777282714844,1754000,0.0,0.0,0.0
2012-06-19,38.14378954547686,38.35632301379094,37.81318392994992,38.1142692565918,2485300,0.0,0.0,0.0
2012-06-20,38.16149864724263,38.267765377863434,37.87221874328293,38.0965576171875,2001800,0.0,0.0,0.0
2012-06-21,38.1733041232322,38.22053027255359,37.417629432052166,37.47666549682617,3072600,0.0,0.0,0.0
2012-06-22,37.64197613616213,37.74234016972285,37.23462179920644,37.48257827758789,2204200,0.0,0.0,0.0
2012-06-25,37.09508269622182,37.410556840047064,37.01770143184527,37.29151153564453,3700200,0.519,0.0,0.0
2012-06-26,37.38079658091817,37.61293811003028,37.166511393847394,37.41651153564453,2121600,0.0,0.0,0.0
2012-06-27,37.51174014796488,37.64864403561722,37.362931278258884,37.565311431884766,1694800,0.0,0.0,0.0
2012-06-28,37.42245918747498,37.98198206956957,37.22603263253797,37.97602844238281,1726500,0.0,0.0,0.0
2012-06-29,38.66650092349704,38.970072326660045,38.481979355538584,38.94626235961914,2215800,0.0,0.0,0.0
2012-07-02,39.24983323400468,39.386734866036974,38.88673918877448,39.37483215332031,3891600,0.0,0.0,0.0
2012-07-03,39.47601920072532,39.696257976292344,39.32721032187137,39.606971740722656,1586100,0.0,0.0,0.0
2012-07-05,39.54149513809423,39.67244767698997,39.27959006030275,39.36292266845703,1407800,0.0,0.0,0.0
2012-07-06,39.035543755763456,39.52363666630475,39.035543755763456,39.458160400390625,1617000,0.0,0.0,0.0
2012-07-09,39.45816584574181,39.54745208806343,39.27959336109857,39.49983215332031,1785700,0.0,0.0,0.0
2012-07-10,39.69626653114399,39.70221561785388,38.86293572171532,39.07722091674805,1534000,0.0,0.0,0.0
2012-07-11,39.13078012260831,39.19625639028236,38.851018713689434,39.11887741088867,1630900,0.0,0.0,0.0
2012-07-12,38.92840599439708,39.43435530514917,38.73793079948029,39.2379264831543,2271800,0.0,0.0,0.0
2012-07-13,39.362928705898284,39.767689096709276,39.30340605398522,39.72007369995117,1484600,0.0,0.0,0.0
2012-07-16,39.69030843383549,39.90459360473873,39.58316584838387,39.79745101928711,1789000,0.0,0.0,0.0
2012-07-17,40.02959685149016,40.303404701356264,39.64269277663833,40.17840576171875,2007300,0.0,0.0,0.0
2012-07-18,40.124833740179156,40.18435639157216,39.80935505935058,39.9403076171875,1690200,0.0,0.0,0.0
2012-07-19,39.958159068102766,40.08911160991275,39.2557809685383,39.52363967895508,2365200,0.0,0.0,0.0
2012-07-20,39.23197881492805,39.434356730026636,39.13673894338493,39.315311431884766,1475600,0.0,0.0,0.0
2012-07-23,38.85102573899382,39.13674082608064,38.76174403173598,39.029598236083984,1342000,0.0,0.0,0.0
2012-07-24,39.07721598071913,39.2260248728458,38.648645644788424,38.898643493652344,1941200,0.0,0.0,0.0
2012-07-25,39.08317318372691,39.14269583776598,38.67245915066881,38.88079071044922,1350800,0.0,0.0,0.0
2012-07-26,39.374825860544554,39.535537433612504,38.99387553647837,39.226016998291016,1365900,0.0,0.0,0.0
2012-07-27,39.47007206614881,39.88673972024638,39.392693071280426,39.60102462768555,1469300,0.0,0.0,0.0
2012-07-30,39.65459352957851,39.92840133454257,39.58911725651245,39.78554153442383,1370800,0.0,0.0,0.0
2012-07-31,39.82721048721564,39.86887679161286,39.59506445838928,39.726016998291016,1782500,0.0,0.0,0.0
2012-08-01,39.952209116724106,40.16649426389875,39.53554153442383,39.53554153442383,2666100,0.0,0.0,0.0
2012-08-02,39.52363315517971,39.72006193547213,39.2379181528193,39.64863204956055,1637600,0.0,0.0,0.0
2012-08-03,40.02364049442684,40.12483399786073,39.892687935748945,39.95816421508789,1730800,0.0,0.0,0.0
2012-08-06,40.11291360645352,40.20815345113432,39.91648483276367,39.91648483276367,1768200,0.0,0.0,0.0
2012-08-07,40.05339748555205,40.05339748555205,39.44625473022461,39.44625473022461,2471600,0.0,0.0,0.0
2012-08-08,39.35102079366708,39.4283997768034,39.047449405339535,39.178401947021484,1899300,0.0,0.0,0.0
2012-08-09,39.220070993222215,39.33316720372255,38.9879294863014,39.05340576171875,1324000,0.0,0.0,0.0
2012-08-10,38.981976629322524,39.124836437394166,38.928407607260944,39.10697555541992,987000,0.0,0.0,0.0
2012-08-13,39.089123631455394,39.166507171559616,38.868889349712774,39.07722091674805,1448400,0.0,0.0,0.0
2012-08-14,39.20817405311833,39.22007676799815,38.928412569922365,38.99388885498047,1586100,0.0,0.0,0.0
2012-08-15,38.94625934712713,39.24387710018747,38.94625934712713,39.172447204589844,1079200,0.0,0.0,0.0
2012-08-16,39.20221569057421,39.470069885253906,38.98793051831561,39.470069885253906,1362700,0.0,0.0,0.0
2012-08-17,39.49982807908779,39.523638044003455,39.333162865964574,39.481971740722656,1773500,0.0,0.0,0.0
2012-08-20,39.48791122113275,39.54743838958604,39.172437209985866,39.368865966796875,2710100,0.0,0.0,0.0
2012-08-21,39.51173211629884,39.57125930122804,39.3688768632993,39.45220947265625,1429600,0.0,0.0,0.0
2012-08-22,39.374832926813944,39.446258287090664,38.99388253438181,39.428401947021484,1893100,0.0,0.0,0.0
2012-08-23,39.36888697778255,39.44626598026913,39.166509029146354,39.309364318847656,2421000,0.0,0.0,0.0
2012-08-24,39.273642394853205,39.547450194586226,39.12483351187091,39.4403076171875,1946500,0.0,0.0,0.0
2012-08-27,39.589124102977415,39.64864675934389,39.3629316509822,39.55936050415039,1191000,0.0,0.0,0.0
2012-08-28,39.470058553478715,39.731963586888384,39.345059662429314,39.696250915527344,1189900,0.0,0.0,0.0
2012-08-29,39.77364293844711,39.79149927998845,39.60697769567822,39.684356689453125,1198700,0.0,0.0,0.0
2012-08-30,39.565310830198044,39.66649979170495,39.44626098611297,39.595069885253906,1375000,0.0,0.0,0.0
2012-08-31,39.77364272428676,39.80935540717715,39.40459501636616,39.72007369995117,2484900,0.0,0.0,0.0
2012-09-04,39.726016733811676,40.04149082804561,39.44030623164329,39.99982452392578,1714000,0.0,0.0,0.0
2012-09-05,40.053404694717166,40.0891173780632,39.75578689006743,39.92840576171875,1612500,0.0,0.0,0.0
2012-09-06,40.10697665146037,40.29150279190699,40.07721759359246,40.28554916381836,2373700,0.0,0.0,0.0
2012-09-07,40.36888230235509,40.428404960131175,40.237929730475074,40.32126235961914,1648300,0.0,0.0,0.0
2012-09-10,40.26174224219483,40.27364949927396,39.952221677457054,40.00579071044922,3773600,0.0,0.0,0.0
2012-09-11,39.9998210810391,40.14268086111355,39.892678516626354,40.12482452392578,3574500,0.0,0.0,0.0
2012-09-12,40.16054427999936,40.255779608889455,40.0355453563572,40.20816421508789,3416200,0.0,0.0,0.0
2012-09-13,40.24982236082031,40.761725205997244,40.19029518338752,40.70219802856445,4467500,0.0,0.0,0.0
2012-09-14,40.79744558330168,41.190298689082404,40.7795892432144,40.92839813232422,4855800,0.0,0.0,0.0
2012-09-17,40.94624758377879,41.1367227481431,40.75577241941448,40.80934143066406,2430200,0.0,0.0,0.0
2012-09-18,40.68436310854923,40.72008034206806,40.29150987014953,40.422462463378906,2344400,0.0,0.0,0.0
2012-09-19,40.458163656944244,40.48792271158224,40.196258544921875,40.196258544921875,1972600,0.0,0.0,0.0
2012-09-20,40.01769228178313,40.023641368189466,39.4581693520488,39.60102462768555,4285400,0.0,0.0,0.0
2012-09-21,39.66649438400692,39.73792428071999,39.571259063009414,39.606971740722656,6134600,0.0,0.0,0.0
2012-09-24,39.43597764163743,39.74795961246339,39.417974720569035,39.4599723815918,4512700,0.525,0.0,0.0
2012-09-25,39.58597370453055,39.61596942102534,38.86000687336308,38.87800979614258,5153600,0.0,0.0,0.0
2012-09-26,38.84200135958888,39.10598924947555,38.80000370232521,38.87200164794922,2693300,0.0,0.0,0.0
2012-09-27,39.02800354396931,39.309985260905435,38.90200596689703,39.040000915527344,1542000,0.0,0.0,0.0
2012-09-28,38.95000306312484,39.15999138757964,38.752012109752236,38.980003356933594,2903500,0.0,0.0,0.0
2012-10-01,39.05799051768776,39.183983489151764,38.29003074263027,38.69200897216797,5154300,0.0,0.0,0.0
2012-10-02,38.80601886395767,38.98601150512695,38.64402914882773,38.98601150512695,2511100,0.0,0.0,0.0
2012-10-03,39.04000366851187,39.40598532177157,38.99800599899368,39.064002990722656,2928600,0.0,0.0,0.0
2012-10-04,39.249989098899235,39.36998570103454,38.86600912687093,39.051998138427734,2258000,0.0,0.0,0.0
2012-10-05,39.08800872914223,39.309994485575714,38.97401307427957,39.100006103515625,1636300,0.0,0.0,0.0
2012-10-08,38.89601062657951,39.03400100155652,38.83001363771139,39.0160026550293,1825600,0.0,0.0,0.0
2012-10-09,39.02799490810055,39.213983879210886,38.85999970164455,38.87200164794922,2292200,0.0,0.0,0.0
2012-10-10,38.9200090385839,39.111999026060175,38.80601341003779,39.02800369262695,1984800,0.0,0.0,0.0
2012-10-11,39.213998065636346,39.31599175911755,38.998008728027344,38.998008728027344,1537800,0.0,0.0,0.0
2012-10-12,39.063992505689065,39.21998576948817,38.82400392539848,38.86000061035156,1741200,0.0,0.0,0.0
2012-10-15,38.87201497574859,39.14199935395408,38.67402399044968,39.11800003051758,2209900,0.0,0.0,0.0
2012-10-16,39.26798252482588,39.42397579935559,39.23798681110209,39.35797882080078,2355800,0.0,0.0,0.0
2012-10-17,39.18399156999738,39.32798749056768,38.99200158663925,39.2499885559082,2665300,0.0,0.0,0.0
2012-10-18,39.19000309076739,39.66397949104099,39.19000309076739,39.6519775390625,2155900,0.0,0.0,0.0
2012-10-19,39.63397300853923,39.789966318111794,39.26199494846982,39.321990966796875,2046100,0.0,0.0,0.0
2012-10-22,39.291987402932406,39.327988672858396,38.89601005296576,39.12399673461914,1642900,0.0,0.0,0.0
2012-10-23,38.842018419302086,38.914016396548156,38.45203738634175,38.72802734375,1976200,0.0,0.0,0.0
2012-10-24,38.8300187448527,38.968009137978974,38.57803270552405,38.69802474975586,1701100,0.0,0.0,0.0
2012-10-25,38.913999300544084,39.08799090273021,38.20603552289769,38.59001541137695,2028200,0.0,0.0,0.0
2012-10-26,38.57802600917812,38.57802600917812,38.03805274905699,38.2540397644043,2320000,0.0,0.0,0.0
2012-10-31,38.422034971629465,38.662023609922855,38.242044637260065,38.62602233886719,2616900,0.0,0.0,0.0
2012-11-01,38.69802750851275,38.96801191598287,38.530036803651036,38.8120231628418,2311200,0.0,0.0,0.0
2012-11-02,39.033998426742066,39.33998402972839,39.00400271030948,39.06999969482422,2587100,0.0,0.0,0.0
2012-11-05,39.07001019599468,39.11800427066703,38.578035455726784,38.8120231628418,1633100,0.0,0.0,0.0
2012-11-06,38.95000306312484,39.05799771247333,38.72801736758783,38.980003356933594,1415100,0.0,0.0,0.0
2012-11-07,38.764021156764066,38.96201214639308,38.620029790398874,38.8060188293457,2476300,0.0,0.0,0.0
2012-11-08,38.81801008801327,38.81801008801327,38.338037416600244,38.34403610229492,1793200,0.0,0.0,0.0
2012-11-09,38.26603575596613,38.51202533098392,38.06804710537007,38.24203872680664,2400500,0.0,0.0,0.0
2012-11-12,38.314045843934345,38.35004254278362,38.00806017150591,38.15205383300781,1182200,0.0,0.0,0.0
2012-11-13,38.00806320973549,38.34404692096286,37.94806718105643,38.1220588684082,1648100,0.0,0.0,0.0
2012-11-14,38.28403397710911,38.28403397710911,37.28808523564862,37.408077239990234,2489400,0.0,0.0,0.0
2012-11-15,37.42609035924404,37.636078725607646,37.012110024553586,37.234100341796875,3151600,0.0,0.0,0.0
2012-11-16,37.26409323220108,37.49808089076727,36.99410659204731,37.46208190917969,2446300,0.0,0.0,0.0
2012-11-19,37.87605684549183,38.03204783297018,37.67806590773377,37.92405319213867,2112300,0.0,0.0,0.0
2012-11-20,37.97805048835625,38.20603942871094,37.714064860214606,38.20603942871094,2490200,0.0,0.0,0.0
2012-11-21,38.230041469294804,38.314036798381466,37.94205650298292,38.140045166015625,1954000,0.0,0.0,0.0
2012-11-23,38.278041575648224,38.45203093638701,38.15804725573434,38.422035217285156,921500,0.0,0.0,0.0
2012-11-26,38.338037015108426,38.764014644704915,38.21804270416123,38.50002670288086,3668600,0.0,0.0,0.0
2012-11-27,38.19405746392869,38.63203491494418,37.95406875356586,38.284053802490234,5494200,0.0,0.0,0.0
2012-11-28,38.218047489552035,38.278043508187345,37.86406548672032,38.236045837402344,5931100,0.0,0.0,0.0
2012-11-29,38.4760368314041,38.48803878301734,38.122057074670785,38.446041107177734,3011100,0.0,0.0,0.0
2012-11-30,38.45803559606217,38.71002163219446,38.41603792337345,38.52403259277344,3312300,0.0,0.0,0.0
2012-12-03,38.68602416829427,38.90800988945548,38.566027556609974,38.680023193359375,3735500,0.0,0.0,0.0
2012-12-04,38.62600609330683,38.94399353731093,38.60200678183101,38.7400016784668,2379700,0.0,0.0,0.0
2012-12-05,38.76400549887683,38.81200412741154,38.47601830506968,38.62001419067383,2487100,0.0,0.0,0.0
2012-12-06,38.73401376442785,38.992000728015796,38.608020769754965,38.980003356933594,2335500,0.0,0.0,0.0
2012-12-07,39.02800402875545,39.12999770917387,38.95600606630587,39.12399673461914,2812900,0.0,0.0,0.0
2012-12-10,39.17799695648256,39.291988010370304,39.028004632112264,39.10599899291992,1934200,0.0,0.0,0.0
2012-12-11,39.25000213580079,39.309998168094985,39.118008118311266,39.202003479003906,2086900,0.0,0.0,0.0
2012-12-12,39.31597980867983,39.405976101562246,38.93800087145558,39.093994140625,2335300,0.0,0.0,0.0
2012-12-13,38.99800899480314,39.14200036172649,38.668024010808985,38.79402160644531,2614500,0.0,0.0,0.0
2012-12-14,38.80001464523622,38.89001095829787,38.69201998504275,38.78801727294922,2544500,0.0,0.0,0.0
2012-12-17,38.968016509756,39.034013519789404,38.78802840935902,38.99201583862305,2315800,0.0,0.0,0.0
2012-12-18,39.11799205901698,39.39398193359375,39.033996732807346,39.39398193359375,2532300,0.0,0.0,0.0
2012-12-19,39.57398789270817,39.591986245424486,39.32200179987157,39.34000015258789,3408800,0.0,0.0,0.0
2012-12-20,39.28599560113949,39.873963009011625,39.28599560113949,39.85596466064453,2695600,0.0,0.0,0.0
2012-12-21,39.52597860797049,39.93395794367692,39.40598657051681,39.78996658325195,2252500,0.0,0.0,0.0
2012-12-24,39.81850508478479,39.96424789709715,39.64847103157362,39.842796325683594,1802600,0.797,0.0,0.0
2012-12-26,40.024989695549436,40.024989695549436,39.557391283193475,39.65455627441406,1724100,0.0,0.0,0.0
2012-12-27,39.721338479019,39.87315523584189,39.35697455618028,39.8002815246582,2305800,0.0,0.0,0.0
2012-12-28,39.67884583481407,39.90961038955357,39.508811720636835,39.53917694091797,1990300,0.0,0.0,0.0
2012-12-31,39.54524141060611,39.964252624706546,39.40556791718529,39.95818328857422,3718700,0.0,0.0,0.0
2013-01-02,40.6443937744562,40.741554116998586,40.20716065031286,40.45614242553711,5286400,0.0,0.0,0.0
2013-01-03,40.45613958161272,40.650464886118144,40.37719188619816,40.45006561279297,3571000,0.0,0.0,0.0
2013-01-04,40.571521158543575,40.65653819801171,40.395413110193545,40.63832092285156,2338700,0.0,0.0,0.0
2013-01-07,40.650472815821395,40.75978111049606,40.54116452114673,40.72941589355469,2243600,0.0,0.0,0.0
2013-01-08,40.73547248632423,40.8083415629679,40.52899929198133,40.650455474853516,1533700,0.0,0.0,0.0
2013-01-09,40.784068160580084,40.820502710695166,40.64439466333705,40.765846252441406,2134400,0.0,0.0,0.0
2013-01-10,40.905506927271134,41.020889143908875,40.65045589025269,40.80834197998047,2824100,0.0,0.0,0.0
2013-01-11,40.86301595471356,40.9115984492048,40.62618208542088,40.78407287597656,2022000,0.0,0.0,0.0
2013-01-14,40.893366796746065,40.905514734015654,40.77798919116841,40.89944076538086,1787200,0.0,0.0,0.0
2013-01-15,40.86300541907462,41.148421709270146,40.77798839217559,41.09376525878906,2101400,0.0,0.0,0.0
2013-01-16,41.026979254630696,41.06948778232703,40.91767095011412,41.045196533203125,2384800,0.0,0.0,0.0
2013-01-17,41.22129208379718,41.24558332553686,41.124131749919066,41.17271423339844,2421900,0.0,0.0,0.0
2013-01-18,41.22735674038895,41.34880828857422,41.08768792328385,41.34880828857422,2277500,0.0,0.0,0.0
2013-01-22,41.38524760218875,41.56742492509479,41.300230591550005,41.56135559082031,2187400,0.0,0.0,0.0
2013-01-23,41.585656403557245,41.61601698115992,41.45205688947958,41.549217224121094,2383100,0.0,0.0,0.0
2013-01-24,41.65851899082274,41.743536007762955,41.4945589247466,41.63422775268555,2346200,0.0,0.0,0.0
2013-01-25,41.77998068345954,41.89535828845521,41.664598445383305,41.87106704711914,2095600,0.0,0.0,0.0
2013-01-28,42.004672256594496,42.07754599048933,41.786055687991194,41.98038101196289,3364700,0.0,0.0,0.0
2013-01-29,42.00465695628023,42.10182189941406,41.937857216145595,42.10182189941406,2343700,0.0,0.0,0.0
2013-01-30,42.089692856107476,42.089692856107476,41.62209909837431,41.70104217529297,1872600,0.0,0.0,0.0
2013-01-31,41.60993917844821,41.66459562602603,41.348814143105855,41.45205307006836,2186400,0.0,0.0,0.0
2013-02-01,41.67066649526844,41.81640928950368,41.50670179780888,41.6949577331543,3376600,0.0,0.0,0.0
2013-02-04,41.54920729215641,41.76174981689147,41.47026424956326,41.5977897644043,2827500,0.0,0.0,0.0
2013-02-05,41.749618823304814,41.773910066589906,41.4459852318626,41.50063705444336,2401200,0.0,0.0,0.0
2013-02-06,41.403462219352186,41.652439267967786,41.31237124719358,41.64636993408203,8277600,0.0,0.0,0.0
2013-02-07,41.646380084483646,41.71924917350735,41.360963797593,41.470272064208984,1793400,0.0,0.0,0.0
2013-02-08,41.56135864696583,41.85284423828125,41.51885013852066,41.85284423828125,2799900,0.0,0.0,0.0
2013-02-11,41.81034753179166,41.956090368588725,41.77998695037795,41.91358184814453,2177700,0.0,0.0,0.0
2013-02-12,41.998591233534896,42.2354250114392,41.907500249784036,42.22935104370117,2357700,0.0,0.0,0.0
2013-02-13,42.332592225700985,42.344740163155905,42.0896844404897,42.2050666809082,2525900,0.0,0.0,0.0
2013-02-14,42.186844288435495,42.19898759133618,42.00466231336464,42.028953552246094,2169200,0.0,0.0,0.0
2013-02-15,42.101825174724105,42.10789450933252,41.88320866874521,42.04716873168945,1504200,0.0,0.0,0.0
2013-02-19,42.174698953489674,42.38724614854076,42.12004713744594,42.38117218017578,1673700,0.0,0.0,0.0
2013-02-20,42.40545524523585,42.55119802633521,42.10789108276367,42.10789108276367,1764500,0.0,0.0,0.0
2013-02-21,42.089696838159846,42.12006205766068,41.69497678314104,41.792137145996094,2185700,0.0,0.0,0.0
2013-02-22,41.99252693554075,42.211143493652344,41.925727174279935,42.211143493652344,1941400,0.0,0.0,0.0
2013-02-25,42.35079934047857,42.39938181248389,41.40953826904297,41.40953826904297,2550400,0.0,0.0,0.0
2013-02-26,41.622084019496725,41.810335321762246,41.367032971315076,41.6949577331543,2382800,0.0,0.0,0.0
2013-02-27,41.755684624454865,42.19291765189628,41.6342284317878,41.998592376708984,1551400,0.0,0.0,0.0
2013-02-28,41.9985983533715,42.180775718677054,41.937867931855635,41.956085205078125,4566400,0.0,0.0,0.0
2013-03-01,41.8467832131489,42.15041680035881,41.634235995637276,42.095760345458984,3862400,0.0,0.0,0.0
2013-03-04,42.071465251749785,42.5208416224268,42.071465251749785,42.41153335571289,3141000,0.0,0.0,0.0
2013-03-05,42.599782571911845,42.83661634013454,42.405457309957846,42.74552536010742,2835800,0.0,0.0,0.0
2013-03-06,42.87913271291948,42.958075772449874,42.460116907770775,42.61800765991211,3021800,0.0,0.0,0.0
2013-03-07,42.75768292830399,42.75768292830399,42.38117562146944,42.41761016845703,1923300,0.0,0.0,0.0
2013-03-08,42.64229528629219,42.64836925438132,42.2232795166651,42.490478515625,2473300,0.0,0.0,0.0
2013-03-11,42.49048195857953,42.58157295497687,42.33259120702951,42.52691650390625,1712600,0.0,0.0,0.0
2013-03-12,42.58765039319189,42.58765039319189,42.29616470895906,42.36903381347656,2190100,0.0,0.0,0.0
2013-03-13,42.38724674807018,42.5269155908777,42.24149930373134,42.41153335571289,1785000,0.0,0.0,0.0
2013-03-14,42.47833076091031,42.733386457861684,42.423678947115135,42.67873001098633,2647700,0.0,0.0,0.0
2013-03-15,42.63623210622094,42.79412288492752,42.460124051717706,42.77590560913086,2243800,0.0,0.0,0.0
2013-03-18,42.43582357115088,42.678731339433,42.42975423592706,42.5390625,2398300,0.0,0.0,0.0
2013-03-19,42.55727868652066,42.64836967643846,42.06538919419663,42.33258819580078,3055200,0.0,0.0,0.0
2013-03-20,42.49655173026464,42.551203542857394,42.32044372344342,42.4661865234375,3110100,0.0,0.0,0.0
2013-03-21,42.32651707143026,42.63015063616959,42.30829979883878,42.33866500854492,1723800,0.0,0.0,0.0
2013-03-22,42.46963017482829,42.61649790239225,42.38395694467924,42.561424255371094,3143500,0.534,0.0,0.0
2013-03-25,42.63484691950489,42.836792920939466,42.481858373358676,42.56753158569336,2676500,0.0,0.0,0.0
2013-03-26,42.68380039358365,42.965298731975935,42.68380039358365,42.9347038269043,1722600,0.0,0.0,0.0
2013-03-27,42.80618869572064,43.01425552368164,42.71439931307253,43.01425552368164,2463100,0.0,0.0,0.0
