Date,Open,High,Low,Close,Volume,Dividends,Stock Splits,Capital Gains
2007-10-09,55.771483256193314,56.08164563222698,55.57312263725232,56.078041076660156,412000,0.0,0.0,0.0
2007-10-10,55.9626683457772,56.08168480026414,55.69939252392906,55.96988296508789,456600,0.0,0.0,0.0
2007-10-11,56.28366759953132,56.445960814012224,55.356789594873085,55.652523040771484,1170200,0.0,0.0,0.0
2007-10-12,55.72463093863353,56.00233597668632,55.63086290773205,55.930206298828125,325000,0.0,0.0,0.0
2007-10-15,55.98068981980848,55.98068981980848,55.180037849969416,55.493804931640625,524000,0.0,0.0,0.0
2007-10-16,55.19806700440523,55.36036011911004,54.97806795905058,55.10068893432617,665400,0.0,0.0,0.0
2007-10-17,55.51184245743409,55.51184245743409,54.58856943992737,55.1403694152832,414800,0.0,0.0,0.0
2007-10-18,55.06462551117408,55.241347873460235,54.82659815975991,55.154788970947266,212800,0.0,0.0,0.0
2007-10-19,54.902329425020426,54.902329425020426,53.64725567350452,53.73741912841797,886400,0.0,0.0,0.0
2007-10-22,53.30823584346921,54.076430177520926,53.30823584346921,54.00069046020508,610600,0.0,0.0,0.0
2007-10-23,54.33969848826786,54.447895711180145,53.852819239871586,54.3865852355957,971600,0.0,0.0,0.0
2007-10-24,54.206257978853714,54.372155616749616,53.36953866430969,54.35051727294922,1817800,0.0,0.0,0.0
2007-10-25,54.31446838378906,54.58495875322399,53.726600886545484,54.31446838378906,1041800,0.0,0.0,0.0
2007-10-26,54.8734620746472,54.96723556518555,54.40100657525177,54.96723556518555,550200,0.0,0.0,0.0
2007-10-29,55.21249113535982,55.29183541479288,54.97806835721518,55.18724822998047,470000,0.0,0.0,0.0
2007-10-30,54.9528169682281,55.06461876414532,54.73281793321221,54.79412841796875,555200,0.0,0.0,0.0
2007-10-31,55.07904939468067,55.605600866834266,54.71839559063124,55.50822830200195,374600,0.0,0.0,0.0
2007-11-01,54.89871655362864,54.90232111014867,53.979048352165634,54.10166931152344,808600,0.0,0.0,0.0
2007-11-02,54.278399987018126,54.278399987018126,53.51742020561271,54.090858459472656,765600,0.0,0.0,0.0
2007-11-05,53.98987707722227,54.072825916976846,53.34069908467609,53.66529083251953,586000,0.0,0.0,0.0
2007-11-06,54.32529623434191,54.40824508666993,53.62201675898127,54.40824508666992,413400,0.0,0.0,0.0
2007-11-07,53.86724978641506,54.05479129632527,52.8646326999236,52.90790939331055,1427400,0.0,0.0,0.0
2007-11-08,52.29481205839103,53.18923213064805,51.97743488627278,52.83939743041992,1493600,0.0,0.0,0.0
2007-11-09,52.00265963396323,52.832164272512934,51.937739104145805,52.143314361572266,690400,0.0,0.0,0.0
2007-11-12,51.88364974883002,52.489545419628186,51.44004716819995,51.46529006958008,922000,0.0,0.0,0.0
2007-11-13,52.18300412056681,53.05939029565579,52.03513472787697,52.9692268371582,577800,0.0,0.0,0.0
2007-11-14,53.398396257525974,53.481345083672004,52.57250154635254,52.78528594970703,664400,0.0,0.0,0.0
2007-11-15,52.60497162298645,52.77808393287735,51.75382830323958,52.02431869506836,359200,0.0,0.0,0.0
2007-11-16,52.42824028555457,52.42824028555457,51.706932697378754,52.22988510131836,866800,0.0,0.0,0.0
2007-11-19,51.865634463566714,51.96661711139229,51.212851810429385,51.375144958496094,650000,0.0,0.0,0.0
2007-11-20,51.786293702810624,51.988259012245905,50.75843335947566,51.573509216308594,977800,0.0,0.0,0.0
2007-11-21,51.039716637023446,51.357088172479344,50.6285716111795,50.67184829711914,766200,0.0,0.0,0.0
2007-11-23,51.735785975980704,51.735785975980704,51.00365920978009,51.42923355102539,595000,0.0,0.0,0.0
2007-11-26,51.48695896811129,51.76826862550913,50.37614407599089,50.423030853271484,1283000,0.0,0.0,0.0
2007-11-27,50.85940316228737,51.176774781283825,50.415795002080266,51.039730072021484,975600,0.0,0.0,0.0
2007-11-28,51.54823513948348,52.68429769421889,51.54823513948348,52.601348876953125,789000,0.0,0.0,0.0
2007-11-29,52.294801335102235,52.763652378734655,52.25873375361501,52.62660217285156,653200,0.0,0.0,0.0
2007-11-30,53.23610640110347,53.37676115970953,52.6843065401766,52.99807357788086,532200,0.0,0.0,0.0
2007-12-03,52.96563682640631,53.052195751467174,52.655474223866065,52.6771125793457,491000,0.0,0.0,0.0
2007-12-04,52.35610751973077,52.619383232908774,52.276763249489754,52.33807373046875,544200,0.0,0.0,0.0
2007-12-05,52.73839729056842,53.214462890822,52.73839729056842,53.120689392089844,520600,0.0,0.0,0.0
2007-12-06,53.09185502522568,54.033161782244406,53.04857282162348,53.88889694213867,480000,0.0,0.0,0.0
2007-12-07,54.15215917909742,54.155769238661215,53.87445974966379,53.95380401611328,1367800,0.0,0.0,0.0
2007-12-10,54.18822218325271,54.46953164851198,53.98986153386756,54.415435791015625,1318200,0.0,0.0,0.0
2007-12-11,54.4587228819139,54.660688126006654,52.925944257754075,52.93315887451172,1135800,0.0,0.0,0.0
2007-12-12,54.66069395951626,54.66069395951626,52.63021112204443,53.26856994628906,781000,0.0,0.0,0.0
2007-12-13,53.174797100471125,53.33348565281829,52.626601784128255,53.275779724121094,608800,0.0,0.0,0.0
2007-12-14,52.83937365345287,53.22167121290385,52.52200212728872,52.547245025634766,403200,0.0,0.0,0.0
2007-12-17,52.29480760333743,52.363332714492635,51.69612089898678,51.74300765991211,928000,0.0,0.0,0.0
2007-12-18,52.1721849991927,52.26595301499548,51.33907552232488,52.114479064941406,906000,0.0,0.0,0.0
2007-12-19,52.2046268734695,52.3777391211865,51.7429905441314,52.060367584228516,1114000,0.0,0.0,0.0
2007-12-20,52.57560424877799,52.57560424877799,51.843170143883185,52.423316955566406,803200,0.3855,0.0,0.0
2007-12-21,53.308034224435325,53.308034224435325,52.87655082741349,53.23188781738281,794800,0.0,0.0,0.0
2007-12-24,53.663408375796664,53.73592538868473,53.402342703244884,53.72867202758789,334400,0.0,0.0,0.0
2007-12-26,53.53648008333307,53.79754566142698,53.41320065275856,53.77216720581055,662800,0.0,0.0,0.0
2007-12-27,53.492977762136654,53.598132108864085,52.94183863505821,53.097755432128906,841400,0.0,0.0,0.0
2007-12-28,53.38421215751183,53.39508943282885,52.81494779604564,52.894718170166016,698800,0.0,0.0,0.0
2007-12-31,52.99258383246371,52.99258383246371,52.532098015947135,52.6299934387207,1137400,0.0,0.0,0.0
2008-01-02,52.64813046565652,52.79316996040114,51.74528381639443,52.006343841552734,1004600,0.0,0.0,0.0
2008-01-03,52.03175258957935,52.24930916888501,51.74167899473635,51.94472885131836,1166400,0.0,0.0,0.0
2008-01-04,51.364569071160396,51.487848507346065,50.54511103990953,50.55598831176758,1266200,0.0,0.0,0.0
2008-01-07,50.78443257835457,50.96572785703365,50.16802973738424,50.581382751464844,3562600,0.0,0.0,0.0
2008-01-08,50.831560767847144,51.19052180559476,49.57699526053425,49.674896240234375,2889800,0.0,0.0,0.0
2008-01-09,49.812684122362704,50.309431331535194,49.167273481950076,50.200653076171875,3371400,0.0,0.0,0.0
2008-01-10,49.93593835064348,51.03458655645506,49.77277381632585,50.53058624267578,2462800,0.0,0.0,0.0
2008-01-11,50.35293193642977,50.58136568093381,49.80179845878433,50.05561065673828,996600,0.0,0.0,0.0
2008-01-14,50.31305101943882,50.58499386866342,50.13175578662241,50.53786087036133,927000,0.0,0.0,0.0
2008-01-15,49.94321874309218,50.01935965173813,49.28692527379334,49.31230926513672,1058200,0.0,0.0,0.0
2008-01-16,49.033114763506184,49.73291734828873,48.666900327886616,49.014984130859375,2500800,0.0,0.0,0.0
2008-01-17,49.12737660384241,49.23614930060398,47.55735946586035,47.6661376953125,2218200,0.0,0.0,0.0
2008-01-18,47.88007722167921,48.27892345697997,46.87569997514611,47.34344482421875,2552800,0.0,0.0,0.0
2008-01-22,44.841574337837656,47.32169246508996,43.510867633308784,46.817691802978516,3836000,0.0,0.0,0.0
2008-01-23,45.679165340151926,48.04325485229492,45.45073149001494,48.04325485229492,2386600,0.0,0.0,0.0
2008-01-24,48.29704854065016,48.521858389826676,47.79304801864256,48.3514404296875,2846000,0.0,0.0,0.0
2008-01-25,49.01861342492208,49.01861342492208,47.56462189461991,47.64802169799805,2104800,0.0,0.0,0.0
2008-01-28,47.77130093655706,48.645145416259766,47.372449152093346,48.645145416259766,1608400,0.0,0.0,0.0
2008-01-29,48.89169170896571,48.975091490474526,48.409445778512406,48.84455871582031,945800,0.0,0.0,0.0
2008-01-30,48.70678878154599,49.71116614463439,48.36232886886512,48.40221405029297,1737600,0.0,0.0,0.0
2008-01-31,47.85107403877037,49.769175562282584,47.778557037259844,49.384830474853516,1611200,0.0,0.0,0.0
2008-02-01,49.587877404697146,50.20065626726066,49.44646732354342,50.182525634765625,1152400,0.0,0.0,0.0
2008-02-04,50.236892279323605,50.236892279323605,49.56972738733562,49.587852478027344,1430800,0.0,0.0,0.0
2008-02-05,48.93521922217536,49.0947544041939,48.15564628123701,48.1810302734375,1677200,0.0,0.0,0.0
2008-02-06,48.50373703727779,48.69590957671147,47.673401620305114,47.81481170654297,1308800,0.0,0.0,0.0
2008-02-07,47.535612463157676,48.49647498816435,47.401450228063034,48.2535400390625,927000,0.0,0.0,0.0
2008-02-08,48.050492547679355,48.326059324087815,47.622632899035686,47.97072219848633,1173600,0.0,0.0,0.0
2008-02-11,47.90543555716555,48.36592685356425,47.57910645329575,48.249900817871094,1605200,0.0,0.0,0.0
2008-02-12,48.87357340537428,49.072999296480326,48.264423991841866,48.69590759277344,887400,0.0,0.0,0.0
2008-02-13,49.25065231323242,49.35217717770553,48.695889470686446,49.25065231323242,954400,0.0,0.0,0.0
2008-02-14,49.40657922363488,49.40657922363488,48.53998815546057,48.612510681152344,1227400,0.0,0.0,0.0
2008-02-15,48.71040073724505,48.71040073724505,48.18826959316577,48.623382568359375,787600,0.0,0.0,0.0
2008-02-19,49.45734317046173,49.45734317046173,48.46747263092739,48.779300689697266,1134400,0.0,0.0,0.0
2008-02-20,48.24993085550562,49.13102330408544,48.14115257560001,49.00774383544922,1755400,0.0,0.0,0.0
2008-02-21,49.29055183828567,49.33769037220075,48.27167345194004,48.4602165222168,1146400,0.0,0.0,0.0
2008-02-22,48.60163208563854,48.81918861617308,47.82568857468087,48.68503189086914,1572600,0.0,0.0,0.0
2008-02-25,48.739393481584536,49.52984331020643,48.48558134677551,49.50083541870117,1160800,0.0,0.0,0.0
2008-02-26,49.189027119642844,50.044740895930914,49.16727257550963,49.81993103027344,1607800,0.0,0.0,0.0
2008-02-27,49.56249609252689,50.10275239401295,49.4682190220562,49.74016189575195,1034000,0.0,0.0,0.0
2008-02-28,49.42832516535985,49.620497631563026,49.13099838659097,49.239776611328125,709000,0.0,0.0,0.0
2008-02-29,48.83006583360236,48.83006583360236,47.80031005999333,48.15202331542969,1094400,0.0,0.0,0.0
2008-03-03,47.945344263684795,48.13389288856034,47.57550590638468,47.981605529785156,752600,0.0,0.0,0.0
2008-03-04,47.64439428569556,47.96709964189096,47.129516387759786,47.82931900024414,1223800,0.0,0.0,0.0
2008-03-05,48.032369719706516,48.43846935779279,47.611763361578525,48.097633361816406,1359200,0.0,0.0,0.0
2008-03-06,47.86195975485386,47.92359949364521,46.919221970847495,47.10051727294922,1012000,0.0,0.0,0.0
2008-03-07,46.63638552123543,47.30355620576324,46.19765414105609,46.59287643432617,1835800,0.0,0.0,0.0
2008-03-10,46.67628122283038,46.67628122283038,45.787935457688995,45.88220977783203,999000,0.0,0.0,0.0
2008-03-11,47.017111461561434,47.50661087036133,46.23391738690457,47.50661087036133,1195000,0.0,0.0,0.0
2008-03-12,47.64438632833392,47.92358254397833,47.053367614746094,47.053367614746094,665000,0.0,0.0,0.0
2008-03-13,46.313692326252024,47.60088712332326,46.13239705063526,47.35795211791992,1080000,0.0,0.0,0.0
2008-03-14,47.727775153711896,47.727775153711896,45.95833226716602,46.48771667480469,1683400,0.0,0.0,0.0
2008-03-17,45.39632225143077,46.32092898546755,45.26578947094686,45.951087951660156,2184600,0.0,0.0,0.0
2008-03-18,46.78504441822456,47.8619384765625,46.58561856803399,47.8619384765625,1506200,0.0,0.0,0.0
2008-03-19,48.11212910413194,48.213653990488616,46.58199691772461,46.58199691772461,868200,0.0,0.0,0.0
2008-03-20,47.13313524894785,47.7712924581378,46.52760985287012,47.55736541748047,1416800,0.0,0.0,0.0
2008-03-24,47.941728321129084,48.89534334465774,47.923597685064436,48.58713912963867,1368600,0.0,0.0,0.0
2008-03-25,48.56999855847364,48.879636700948105,48.25671401762446,48.65742874145508,1363200,0.3115,0.0,0.0
2008-03-26,48.53356282390957,48.55541897772381,48.08549499511719,48.08549499511719,1088600,0.0,0.0,0.0
2008-03-27,48.39515413632055,48.51536302073165,47.783153841187556,47.90700912475586,1238000,0.0,0.0,0.0
2008-03-28,47.998068093362775,48.13285698196168,47.327786724209936,47.48078536987305,991200,0.0,0.0,0.0
2008-03-31,47.42979350266267,47.90336399223968,47.32050714990878,47.721221923828125,721400,0.0,0.0,0.0
2008-04-01,48.3222910550258,49.36050312271842,48.238507255561565,49.34957504272461,1025000,0.0,0.0,0.0
2008-04-02,49.43334665384189,49.68834438838337,49.11642129509274,49.382347106933594,633000,0.0,0.0,0.0
2008-04-03,49.0945782815538,49.611861126807774,48.99986084156145,49.44064712524414,627000,0.0,0.0,0.0
2008-04-04,49.506207829314896,49.85592301716433,49.174713517024074,49.45885467529297,655600,0.0,0.0,0.0
2008-04-07,49.863218386368985,50.041714070123135,49.40421678006348,49.48435974121094,705400,0.0,0.0,0.0
2008-04-08,49.22207746118982,49.466147198922414,49.14558089486683,49.39329147338867,599200,0.0,0.0,0.0
2008-04-09,49.42605996686748,49.44427528208063,48.70477906440354,48.948848724365234,623600,0.0,0.0,0.0
2008-04-10,48.90877999111654,49.38599681885636,48.75214050029259,49.19656753540039,436000,0.0,0.0,0.0
2008-04-11,48.686565799773206,48.78856489902234,48.085499282159816,48.191139221191406,697400,0.0,0.0,0.0
2008-04-14,48.158364197879514,48.29679395556417,47.93979703991621,48.0272216796875,776400,0.0,0.0,0.0
2008-04-15,48.304084032961164,48.30772487365384,47.84872881228293,48.2567253112793,595800,0.0,0.0,0.0
2008-04-16,48.66471358119042,49.451568603515625,48.6610727411134,49.451568603515625,665600,0.0,0.0,0.0
2008-04-17,49.26577827682061,49.54263216135608,49.047205617401175,49.51348876953125,842200,0.0,0.0,0.0
2008-04-18,50.20199701710498,50.41692332811006,49.972496227554004,50.19470977783203,1144800,0.0,0.0,0.0
2008-04-21,49.96884351632558,50.227487642988564,49.83770103324205,50.08905792236328,606200,0.0,0.0,0.0
2008-04-22,49.957925143102955,49.957925143102955,49.411498950539396,49.670143127441406,640200,0.0,0.0,0.0
2008-04-23,49.85956426648709,50.08906503410161,49.535351631516825,49.82313919067383,712000,0.0,0.0,0.0
2008-04-24,49.90692452019635,50.427848144536846,49.462497448399425,50.09999465942383,1118200,0.0,0.0,0.0
2008-04-25,50.34770558891805,50.548057387867146,49.82677645946205,50.48612976074219,896800,0.0,0.0,0.0
2008-04-28,50.58084129187269,50.70105013383538,50.34769972808644,50.46426773071289,658800,0.0,0.0,0.0
2008-04-29,50.39873065302259,50.49708340314204,50.08908680210395,50.253013610839844,871600,0.0,0.0,0.0
2008-04-30,50.40962994401344,50.78119568264527,50.02713056974314,50.05262756347656,973600,0.0,0.0,0.0
2008-05-01,50.052642958794266,50.94149722694149,49.97978723617497,50.9342155456543,876400,0.0,0.0,0.0
2008-05-02,51.422338176982635,51.43690709332563,50.78484108520638,51.07991027832031,1010200,0.0,0.0,0.0
2008-05-05,50.98884856307171,51.12727830697378,50.737491631685124,50.81763458251953,849000,0.0,0.0,0.0
2008-05-06,50.635488153262486,51.374984406069856,50.51527373738533,51.251129150390625,978200,0.0,0.0,0.0
2008-05-07,51.25478341662297,51.364069783187915,50.35136019952138,50.52986145019531,1258000,0.0,0.0,0.0
2008-05-08,50.599070454853404,50.7739308636625,50.293073077240685,50.4278564453125,758000,0.0,0.0,0.0
2008-05-09,50.15827570273616,50.4934163882308,50.08906083839404,50.398704528808594,723600,0.0,0.0,0.0
2008-05-12,50.48250726974191,50.919647216796875,50.245719194457465,50.919647216796875,860600,0.0,0.0,0.0
2008-05-13,51.06170050228936,51.06898774051801,50.660991336259485,50.9779167175293,1498400,0.0,0.0,0.0
2008-05-14,51.21836853629655,51.600862557664456,51.10908214796146,51.13822555541992,1250600,0.0,0.0,0.0
2008-05-15,51.18192082691949,51.72834702791862,51.10177787275683,51.68098831176758,2036600,0.0,0.0,0.0
2008-05-16,51.85222627368806,51.85951351612709,51.36408664248222,51.7720832824707,774800,0.0,0.0,0.0
2008-05-19,51.84127147568468,52.31120109644595,51.60812986460864,51.85219955444336,919000,0.0,0.0,0.0
2008-05-20,51.622703776221684,51.622703776221684,51.1746303178884,51.425987243652344,1100400,0.0,0.0,0.0
2008-05-21,51.50976494044269,51.58626704040129,50.471558682797806,50.56262969970703,2175200,0.0,0.0,0.0
2008-05-22,50.653705624449486,50.879559989536574,50.5626345987164,50.733848571777344,2396400,0.0,0.0,0.0
2008-05-23,50.4569762591549,50.55897533734328,49.96883701946296,50.00162124633789,1198800,0.0,0.0,0.0
2008-05-27,50.11458046411366,50.50800251175819,49.99800685108134,50.43879318237305,1256800,0.0,0.0,0.0
2008-05-28,50.61361950605279,50.74111557006836,50.263904422670514,50.74111557006836,692400,0.0,0.0,0.0
2008-05-29,50.65734346498053,51.29119976762446,50.650056226963756,50.963340759277344,680200,0.0,0.0,0.0
2008-05-30,51.141834214624375,51.26204861029141,50.99976366675118,51.06169128417969,1189800,0.0,0.0,0.0
2008-06-02,50.98886550409782,50.99250634542376,50.31493743686018,50.653724670410156,1322200,0.0,0.0,0.0
2008-06-03,50.8249125230673,50.941480529342435,50.096344418613775,50.38048553466797,1897200,0.0,0.0,0.0
2008-06-04,50.271207871618685,50.84313660028364,50.242064475393605,50.47156524658203,977200,0.0,0.0,0.0
2008-06-05,50.609993463192566,51.455135345458984,50.54442498536236,51.455135345458984,942200,0.0,0.0,0.0
2008-06-06,50.9924841976006,51.07627353853214,49.90327835083008,49.90327835083008,1401600,0.0,0.0,0.0
2008-06-09,50.09271547867624,50.27121672754972,49.52443304851309,49.943363189697266,1953800,0.0,0.0,0.0
2008-06-10,49.62277503799979,50.06720203534616,49.53899126069031,49.69198989868164,790800,0.0,0.0,0.0
2008-06-11,49.670138470424085,49.739347779157356,48.94157028198242,48.94157028198242,874000,0.0,0.0,0.0
2008-06-12,49.21113170351201,49.58634383584233,48.77035110931436,49.087276458740234,1118800,0.0,0.0,0.0
2008-06-13,49.34229398925637,49.81586456298828,49.17836721026265,49.81586456298828,1205200,0.0,0.0,0.0
2008-06-16,49.54263844722601,50.06720844956213,49.48435165618103,49.899635314941406,1008600,0.0,0.0,0.0
2008-06-17,50.16192258290368,50.16192258290368,49.542640686035156,49.542640686035156,1220200,0.0,0.0,0.0
2008-06-18,49.39692886593769,49.462497339401985,48.98164519172688,49.1783561706543,595400,0.0,2.0,0.0
2008-06-19,49.12734758992964,49.50620055914072,48.9160621722516,49.324058532714844,577900,0.0,0.0,0.0
2008-06-20,48.95979542579272,48.981657147484846,48.311369978990555,48.52265548706055,926600,0.0,0.0,0.0
2008-06-23,48.770373119968724,48.770373119968724,48.340514850215214,48.37694549560547,1169800,0.0,0.0,0.0
2008-06-24,48.2912774347564,48.635327138010396,47.87402697407512,48.13755416870117,963700,0.313,0.0,0.0
2008-06-25,48.35716189946284,48.97938236997948,48.35716189946284,48.48160934448242,1171200,0.0,0.0,0.0
2008-06-26,48.09362786200785,48.100949612997766,47.07612228393555,47.07612228393555,1620600,0.0,0.0,0.0
2008-06-27,47.112736103836305,47.36161984515709,46.72476698656515,47.01025390625,1577400,0.0,0.0,0.0
2008-06-30,47.02489642924008,47.36162448067533,46.81261305307569,46.91509246826172,1010600,0.0,0.0,0.0
2008-07-01,46.47586281291942,47.13467788696289,46.22697637363293,47.13467788696289,1631500,0.0,0.0,0.0
2008-07-02,47.25914079566844,47.383588259479616,46.13915271539679,46.168434143066406,1119700,0.0,0.0,0.0
2008-07-03,46.46122717983915,46.49050580521272,45.73652744757155,46.12449645996094,1190600,0.0,0.0,0.0
2008-07-07,46.3148302815159,46.527116405855345,45.30464354537491,45.677974700927734,1455500,0.0,0.0,0.0
2008-07-08,45.648693092094426,46.578357308833546,45.31196511223211,46.51979446411133,1888100,0.0,0.0,0.0
2008-07-09,46.62228004895646,46.71744328235289,45.53157351457324,45.57549285888672,1815900,0.0,0.0,0.0
2008-07-10,45.619413432381194,46.0586236150475,45.268044727762096,45.86098098754883,1456600,0.0,0.0,0.0
2008-07-11,45.34856524942612,46.02934295728501,44.84347048992624,45.45836639404297,1519200,0.0,0.0,0.0
2008-07-14,46.073265930780046,46.073265930780046,44.85811473784028,45.0118408203125,1726100,0.0,0.0,0.0
2008-07-15,44.616548868986825,45.32660524513319,43.9870122196216,44.43354415893555,2949100,0.0,0.0,0.0
2008-07-16,44.609224697160826,45.70725289790998,44.43354174880183,45.45836639404297,2053000,0.0,0.0,0.0
2008-07-17,45.9707930493092,46.49052587373621,45.568183154223924,45.9341926574707,2702200,0.0,0.0,0.0
2008-07-18,46.35876600231636,46.35876600231636,45.9488343447328,46.190399169921875,3187000,0.0,0.0,0.0
2008-07-21,46.468554061062065,46.49783548385788,46.1171853648028,46.3148307800293,1926300,0.0,0.0,0.0
2008-07-22,46.014702148294916,46.95900706911357,45.860978870700286,46.929725646972656,2732400,0.0,0.0,0.0
2008-07-23,47.01757076659503,47.47141885586436,46.885807156999995,47.15665054321289,2901100,0.0,0.0,0.0
2008-07-24,47.21521781036134,47.21521781036134,45.934184768994946,46.051307678222656,2289600,0.0,0.0,0.0
2008-07-25,46.219680600984475,46.380725679397834,45.97811577579541,46.190399169921875,1962800,0.0,0.0,0.0
2008-07-28,46.40267736406391,46.40267736406391,45.385171545557235,45.56817626953125,2018600,0.0,0.0,0.0
2008-07-29,45.57549710329309,46.53444290161133,45.56817814270268,46.53444290161133,2603200,0.0,0.0,0.0
2008-07-30,46.71012141339656,47.18593196588516,46.48319457633173,47.15665054321289,2283100,0.0,0.0,0.0
2008-07-31,46.79798119195388,47.23719153409503,46.585694983198785,46.62229537963867,1907800,0.0,0.0,0.0
2008-08-01,46.746729328535146,46.79797043025379,46.124511562417766,46.417320251464844,2238500,0.0,0.0,0.0
2008-08-04,46.39535973924519,46.410000452676194,45.831704838088974,46.02935028076172,1165100,0.0,0.0,0.0
2008-08-05,46.2928763558605,47.2078971862793,46.24163246394489,47.2078971862793,958900,0.0,0.0,0.0
2008-08-06,47.04684871653297,47.45678306748802,46.83456537370417,47.266456604003906,1769100,0.0,0.0,0.0
2008-08-07,47.098091543305884,47.1420164733308,46.4685576590333,46.59300231933594,1082500,0.0,0.0,0.0
2008-08-08,46.57102832954171,47.69834057605252,46.417305074647835,47.581214904785156,1044200,0.0,0.0,0.0
2008-08-11,47.559264325233926,48.320564579362426,47.47142005499817,48.057037353515625,1340100,0.0,0.0,0.0
2008-08-12,47.895977564339454,47.9179372289193,47.3469636104084,47.52996826171875,1212100,0.0,0.0,0.0
2008-08-13,47.36163747466328,47.71300912922297,46.99562789422581,47.42020034790039,1474400,0.0,0.0,0.0
2008-08-14,47.083457630822025,47.95456194979538,47.083457630822025,47.66907501220703,1612800,0.0,0.0,0.0
2008-08-15,47.91794987060689,48.09363281845296,47.6471009046632,47.94723129272461,1660800,0.0,0.0,0.0
2008-08-18,48.07167464927673,48.07167464927673,47.02488751153497,47.2444953918457,1846100,0.0,0.0,0.0
2008-08-19,46.973662559240445,47.017587501312974,46.57105262770355,46.74673843383789,2000200,0.0,0.0,0.0
2008-08-20,46.84921344259157,47.07613753304846,46.5198043520872,46.91509246826172,1757000,0.0,0.0,0.0
2008-08-21,46.651556044719264,47.215210834737185,46.614955664573685,47.039527893066406,1372300,0.0,0.0,0.0
2008-08-22,47.29575532651013,47.698368072509766,47.251835966896586,47.698368072509766,1487500,0.0,0.0,0.0
2008-08-25,47.41286339628315,47.41286339628315,46.57836505957043,46.69548797607422,1522300,0.0,0.0,0.0
2008-08-26,46.702808298477976,46.98097628044707,46.50516284753394,46.849212646484375,1304500,0.0,0.0,0.0
2008-08-27,46.9004551157548,47.37626856252962,46.80529186791369,47.16398239135742,1289200,0.0,0.0,0.0
2008-08-28,47.51534379959037,47.932594299316406,47.46409712125001,47.932594299316406,1798300,0.0,0.0,0.0
2008-08-29,47.70566562831178,47.84475099263527,47.30305862426758,47.30305862426758,1194600,0.0,0.0,0.0
2008-09-02,47.844740502581125,48.093624168528166,46.885797836353454,47.10540008544922,1421300,0.0,0.0,0.0
2008-09-03,47.09077125943408,47.25913245775384,46.66619901042375,47.01757049560547,1210200,0.0,0.0,0.0
2008-09-04,46.69548361019615,46.73208399460083,45.57549285888672,45.57549285888672,1554300,0.0,0.0,0.0
2008-09-05,45.37053814751639,45.92687416185503,44.865446033188434,45.846351623535156,3154000,0.0,0.0,0.0
2008-09-08,47.13468876015648,47.15664842996151,45.93417840869415,46.64423751831055,1530800,0.0,0.0,0.0
2008-09-09,46.59300048371126,46.69548267496395,45.0264778137207,45.0264778137207,1904300,0.0,0.0,0.0
2008-09-10,45.5242483476682,45.81705698580406,44.93131490446677,45.326602935791016,1427400,0.0,0.0,0.0
2008-09-11,44.87274982422917,45.98541868430816,44.61654437294749,45.96345901489258,1718300,0.0,0.0,0.0
2008-09-12,45.57549736477747,46.417320251464844,45.40713334592611,46.417320251464844,1160300,0.0,0.0,0.0
2008-09-15,44.7995382045667,45.59743857826106,44.14804210715585,44.28712463378906,2175600,0.0,0.0,0.0
2008-09-16,43.357478001809866,44.858116149902344,43.05735037219137,44.858116149902344,3943100,0.0,0.0,0.0
2008-09-17,44.02361166223566,44.25053850312406,42.69865937693781,42.85238265991211,2976300,0.0,0.0,0.0
2008-09-18,43.37942035477474,44.84345753275124,41.92270492644854,44.28712463378906,4643300,0.0,0.0,0.0
2008-09-19,46.42463684082031,46.42463684082031,45.62673892840481,46.42463684082031,2179700,0.0,0.0,0.0
2008-09-22,46.219654295382185,46.26357641697811,44.57993418314544,44.82149887084961,3319900,0.0,0.0,0.0
2008-09-23,44.68244045148762,45.19485431021811,43.935780736039916,44.06022262573242,4866400,0.0,0.0,0.0
2008-09-24,44.28532216846533,44.5280807778363,43.682100404294026,44.02049255371094,1858200,0.296,0.0,0.0
2008-09-25,44.68991926945697,45.02831140030647,44.094052668954504,44.807621002197266,2569400,0.0,0.0,0.0
2008-09-26,43.83656228529528,44.83702798945801,43.78506797460127,44.77082061767578,1947100,0.0,0.0,0.0
2008-09-29,44.0499228558726,44.17497973787169,41.1147314230713,41.82094192504883,4238100,0.0,0.0,0.0
2008-09-30,42.66693300696189,43.571765904672084,41.56347784298874,42.9317626953125,3219700,0.0,0.0,0.0
2008-10-01,42.8802490234375,43.04944506892501,42.05633418511095,42.8802490234375,3352700,0.0,0.0,0.0
2008-10-02,42.58600265127553,42.711062333473755,40.82783161280226,40.95288848876953,2146900,0.0,0.0,0.0
2008-10-03,41.563464364450695,42.306456032507334,40.18782482521258,40.32759475708008,2657000,0.0,0.0,0.0
2008-10-06,39.209432786417764,39.31242146816512,36.81125854811284,38.92253494262695,8437400,0.0,0.0,0.0
2008-10-07,39.12115693315191,39.26828482312567,36.487576401937986,36.54642868041992,3768000,0.0,0.0,0.0
2008-10-08,35.59745955050042,37.31149441265634,35.21492812882316,35.84757614135742,4013400,0.0,0.0,0.0
2008-10-09,36.465507242184934,36.83332555433627,33.250775979726946,33.59652328491211,5656700,0.0,0.0,0.0
2008-10-10,31.75743670395743,34.538145488094415,30.69076567644143,32.62548828125,7935300,0.0,0.0,0.0
2008-10-13,34.611694550224044,36.951018695115145,34.324796782568974,36.811248779296875,7777500,0.0,0.0,0.0
2008-10-14,38.841613948413325,39.35656015656791,35.538607013304784,36.49493408203125,8395400,0.0,0.0,0.0
2008-10-15,35.6636521904023,35.78135390167504,33.00064921896269,33.08156967163086,4040800,0.0,0.0,0.0
2008-10-16,33.28019453868272,34.611694729435634,31.595586379201006,34.604339599609375,3862000,0.0,0.0,0.0
2008-10-17,33.55974651429262,35.97263687373827,33.48618396449224,34.280670166015625,4683200,0.0,0.0,0.0
2008-10-20,35.00159737297838,36.03884506225586,34.53814544187056,36.03884506225586,3323000,0.0,0.0,0.0
2008-10-21,35.634234552419954,36.04619204315626,34.83239057635357,34.95009231567383,5601200,0.0,0.0,0.0
2008-10-22,34.0673218121626,34.21444684336907,32.051676893610946,33.000648498535156,7077000,0.0,0.0,0.0
2008-10-23,33.066869397637554,33.67744638409708,31.242490764101646,33.41261672973633,8369700,0.0,0.0,0.0
2008-10-24,30.455356091792606,32.63283973494281,30.455356091792606,31.808927536010742,9436400,0.0,0.0,0.0
2008-10-27,31.26455948862634,32.41950887347239,30.712831968238817,30.77903938293457,11272400,0.0,0.0,0.0
2008-10-28,31.625025630906965,33.868717193603516,30.624559185659987,33.868717193603516,11192800,0.0,0.0,0.0
2008-10-29,33.47145931999634,35.16342263646436,33.43467805781386,33.530311584472656,13198500,0.0,0.0,0.0
2008-10-30,34.91332080988089,35.01630950980235,33.751016159898086,34.663204193115234,17878200,0.0,0.0,0.0
2008-10-31,34.81767634761441,35.89170494732659,34.368937640633575,35.428253173828125,19027600,0.0,0.0,0.0
2008-11-03,35.35468224937085,35.65629302576175,35.001577155515406,35.310543060302734,7864200,0.0,0.0,0.0
2008-11-04,36.1418253586086,36.70090791534632,35.80343040471468,36.58320617675781,9068100,0.0,0.0,0.0
2008-11-05,36.17124033978197,36.47285395691884,34.655831156010244,34.77353286743164,22995100,0.0,0.0,0.0
2008-11-06,34.41308143250683,34.729405415066786,32.86088765906871,33.06686782836914,21517500,0.0,0.0,0.0
2008-11-07,33.40524670966376,33.986400102588846,33.10363591689238,33.92019271850586,17076100,0.0,0.0,0.0
2008-11-10,34.69998584532963,34.780906340779,33.066874088802415,33.54503631591797,9280200,0.0,0.0,0.0
2008-11-11,33.06685069749551,33.43466883026803,32.228225803770904,32.77995300292969,34453300,0.0,0.0,0.0
2008-11-12,32.1031709196964,32.28708001323841,30.9555799719815,31.102705001831055,26164200,0.0,0.0,0.0
2008-11-13,31.264554166247,33.25077346276061,29.7491418246517,33.1551399230957,33461700,0.0,0.0,0.0
2008-11-14,32.36800184307777,33.33904167387169,31.63972056686724,31.742712020874023,13627900,0.0,0.0,0.0
2008-11-17,31.31604705786567,32.06639666001179,30.874666259535335,30.911447525024414,15957900,0.0,0.0,0.0
2008-11-18,30.889384853508734,31.507319765466587,30.021333362752916,31.19835090637207,21076700,0.0,0.0,0.0
2008-11-19,31.132136518226943,31.39696610775741,29.226837867138904,29.307758331298828,17829600,0.0,0.0,0.0
2008-11-20,28.932579056312925,29.697638729265794,27.07877511347601,27.35095977783203,22540600,0.0,0.0,0.0
2008-11-21,27.93211640826697,28.962005736232307,26.71831516483856,28.903156280517578,18959100,0.0,0.0,0.0
2008-11-24,29.42547068625605,31.257207471217377,29.19006714526453,30.62455940246582,42316200,0.0,0.0,0.0
2008-11-25,31.4116927532179,31.45582916639862,30.183177805438916,31.05122947692871,29997000,0.0,0.0,0.0
2008-11-26,30.455356431863272,32.25766386098381,30.403862094244456,32.198814392089844,21949900,0.0,0.0,0.0
2008-11-28,32.066398052002675,32.58869934082031,32.00754577968085,32.58869934082031,4245900,0.0,0.0,0.0
2008-12-01,31.698581657171367,31.720649857491395,29.572592301925457,29.675580978393555,11007700,0.0,0.0,0.0
2008-12-02,30.190523582694638,30.874665773702723,29.71235872016877,30.845239639282227,10204200,0.0,0.0,0.0
2008-12-03,30.14639261628835,31.72065475683494,30.043403923913363,31.639734268188477,13823000,0.0,0.0,0.0
2008-12-04,31.183630554592114,31.875130655448103,30.212590606296562,30.698110580444336,9723300,0.0,0.0,0.0
2008-12-05,30.21995362840236,31.96341162812373,29.69029436520357,31.78685760498047,25469500,0.0,0.0,0.0
2008-12-08,32.69903769459375,33.40524794681313,32.49305759969053,33.000648498535156,9452800,0.0,0.0,0.0
2008-12-09,32.72847894968623,33.38319518233228,32.17675140897577,32.39744186401367,11438500,0.0,0.0,0.0
2008-12-10,32.69167440578972,33.11834478386227,32.250293771989504,32.76523971557617,7436400,0.0,0.0,0.0
2008-12-11,32.47098716103595,32.978578024783,31.573509940336447,31.8456974029541,6746200,0.0,0.0,0.0
2008-12-12,30.93350749167395,32.228229019717745,30.896726235972352,32.16202163696289,7858200,0.0,0.0,0.0
2008-12-15,32.301808846913254,32.36801626515943,31.227779889792146,31.63237953186035,8839700,0.0,0.0,0.0
2008-12-16,33.29491424560547,33.33169832386521,31.956055738901316,33.29491424560547,8988000,0.0,0.0,0.0
2008-12-17,32.95652859915518,33.61124491249643,32.71376991056236,33.052162170410156,7705200,0.0,0.0,0.0
2008-12-18,33.24341920573346,33.35376582573413,32.09582782763588,32.47835922241211,8333900,0.0,0.0,0.0
2008-12-19,32.71375074967792,33.17719964906096,32.35328768837214,32.44892120361328,6242800,0.0,0.0,0.0
2008-12-22,32.58606008339732,32.59347432859651,31.400035345069472,31.9930477142334,9594600,0.335,0.0,0.0
2008-12-23,32.170946333537636,32.296960199382276,31.50380578581467,31.65205955505371,10094300,0.0,0.0,0.0
2008-12-24,31.71136211132737,31.896678631992362,31.540871251640265,31.778076171875,2333700,0.0,0.0,0.0
2008-12-26,32.059756348098354,32.11164474487305,31.770663043866307,32.11164474487305,3522900,0.0,0.0,0.0
2008-12-29,32.05974944609693,32.06716086073823,31.40002326252911,31.867021560668945,6012300,0.0,0.0,0.0
2008-12-30,32.08940539218687,32.704654693603516,31.95597728774367,32.704654693603516,8725900,0.0,0.0,0.0
2008-12-31,32.719495552238705,33.45335046758108,32.630544383857,33.16425704956055,6680900,0.0,0.0,0.0
2009-01-02,33.26804009532339,34.29098579197048,33.0308350502133,34.1204948425293,7316000,0.0,0.0,0.0
2009-01-05,34.01669463049538,34.40215327104299,33.72760135701098,34.113059997558594,7419100,0.0,0.0,0.0
2009-01-06,34.46889710528613,34.735753535308675,34.10567522493152,34.394771575927734,7686200,0.0,0.0,0.0
2009-01-07,33.883267831049096,33.97222178607733,33.21613013456952,33.431095123291016,6382300,0.0,0.0,0.0
2009-01-08,33.208716514694636,33.586763761399844,33.03822567258057,33.579349517822266,5518400,0.0,0.0,0.0
2009-01-09,33.631251943122926,33.668314693357324,32.726908961036045,32.75655746459961,5931900,0.0,0.0,0.0
2009-01-12,32.71949260061687,32.763969594648785,31.800324012275137,32.03752899169922,5924100,0.0,0.0,0.0
2009-01-13,31.896687972188545,32.31179811800744,31.75584839321564,32.08200454711914,8492400,0.0,0.0,0.0
2009-01-14,31.511219759166924,31.600173724552864,30.821844907512837,31.03680992126465,6675700,0.0,0.0,0.0
2009-01-15,30.992348805245822,31.4593445953189,30.073177236820968,31.148014068603516,9360600,0.0,0.0,0.0
2009-01-16,31.69654185620908,31.703956101815375,30.62170811520331,31.37779998779297,9328900,0.0,0.0,0.0
2009-01-20,31.133190061178695,31.185078485064096,29.67289428915716,29.74702262878418,9230000,0.0,0.0,0.0
2009-01-21,30.221418548225248,31.044224352924033,29.650643324896308,30.962684631347656,8915200,0.0,0.0,0.0
2009-01-22,30.35485628030641,30.9478687690218,29.880446289334103,30.42898178100586,13116500,0.0,0.0,0.0
2009-01-23,29.754423503792413,30.925625405456927,29.650646692800574,30.61429214477539,11839000,0.0,0.0,0.0
2009-01-26,30.769951028002456,31.437091572357904,30.458620659106874,30.78477668762207,8307800,0.0,0.0,0.0
2009-01-27,30.97010889068981,31.32591641881034,30.74772953907784,31.148014068603516,7171000,0.0,0.0,0.0
2009-01-28,31.800321655153596,32.3933340597582,31.696542010104867,32.222843170166016,7719500,0.0,0.0,0.0
2009-01-29,31.733609525511223,32.282144972959856,31.103531509536637,31.16283416748047,5493100,0.0,0.0,0.0
2009-01-30,31.288842000692377,31.414858710509215,30.28071963298096,30.49568748474121,6640200,0.0,0.0,0.0
2009-02-02,30.050926059937936,30.643938328758715,29.95456068259658,30.443796157836914,7746500,0.0,0.0,0.0
2009-02-03,30.621701047136042,31.066459538844857,30.302956424586032,30.87373161315918,6197800,0.0,0.0,0.0
2009-02-04,31.029399866426193,31.444507078955258,30.614289826191325,30.710655212402344,8225600,0.0,0.0,0.0
2009-02-05,30.49567932181397,31.43708737415008,30.280711527595198,31.19988250732422,6155400,0.0,0.0,0.0
2009-02-06,31.2740187435676,32.18577579477846,31.1998932575333,32.096824645996094,5202500,0.0,0.0,0.0
2009-02-09,32.096814730452074,32.35625950683493,31.82995853883778,32.10422897338867,3847000,0.0,0.0,0.0
2009-02-10,31.815146274155243,32.11906815298671,30.44380483491648,30.63653564453125,8626600,0.0,0.0,0.0
2009-02-11,30.821842193603516,31.014570112891704,30.391906548545006,30.821842193603516,7875200,0.0,0.0,0.0
2009-02-12,30.34742805075223,30.95526592508186,29.917495254919093,30.903377532958984,8848800,0.0,0.0,0.0
2009-02-13,30.844090740502295,31.11094705699938,30.5698230053054,30.592060089111328,5400600,0.0,0.0,0.0
2009-02-17,29.606175380420275,29.77666629226301,29.25778213783146,29.272607803344727,10271000,0.0,0.0,0.0
2009-02-18,29.50981130899229,29.517222727522142,28.89455894587696,29.176240921020508,9826600,0.0,0.0,0.0
2009-02-19,29.435681654040888,29.58393546729149,28.75371807187692,28.864906311035156,6115700,0.0,0.0,0.0
2009-02-20,28.271887573908334,28.872314111057424,27.908668781626254,28.52391815185547,9978900,0.0,0.0,0.0
2009-02-23,28.850071972742402,28.850071972742402,27.478730974827254,27.5528564453125,7559300,0.0,0.0,0.0
2009-02-24,27.72335627810623,28.716653072952756,27.538039733005803,28.553573608398438,8526000,0.0,0.0,0.0
2009-02-25,28.412733655088005,28.879729306267425,27.856784027554955,28.331193923950195,6295000,0.0,0.0,0.0
2009-02-26,28.63510148573335,28.82782936865771,27.797470256901352,27.81229591369629,5524900,0.0,0.0,0.0
2009-02-27,27.30083068084752,27.864191649144058,27.17481397870006,27.2860050201416,7456700,0.0,0.0,0.0
2009-03-02,26.715234182691415,26.88572506717161,25.907253921985898,26.018442153930664,8553900,0.0,0.0,0.0
2009-03-03,26.344596790442353,26.3816595283787,25.588505060177074,25.796058654785156,7251000,0.0,0.0,0.0
2009-03-04,26.203766035188366,26.804192835473447,25.922086839929893,26.359434127807617,6847500,0.0,0.0,0.0
2009-03-05,25.766407749282806,26.07774097392621,25.077032894962777,25.2919979095459,5771500,0.0,0.0,0.0
2009-03-06,25.49956533184387,25.870198532436326,24.65451925921926,25.284597396850586,6381500,0.0,0.0,0.0
2009-03-09,24.95843292627877,25.72193907579221,24.869481769297916,24.98067283630371,7974100,0.0,0.0,0.0
2009-03-10,25.51437958806935,26.596630318771368,25.46990542869245,26.574390411376953,5978000,0.0,0.0,0.0
2009-03-11,26.856068080208498,27.122924304958023,26.41872100691467,26.670751571655273,5740200,0.0,0.0,0.0
2009-03-12,26.678168721522848,27.886430452955917,26.426138129328955,27.7678279876709,5478100,0.0,0.0,0.0
2009-03-13,28.0272683204369,28.138456523188697,27.52320721705372,28.0643310546875,6277000,0.0,0.0,0.0
2009-03-16,28.390495585211536,28.672177539822695,27.864197249055948,27.908674240112305,5805600,0.0,0.0,0.0
2009-03-17,27.953156781327657,28.79078865051269,27.71595174667992,28.790788650512695,4114200,0.0,0.0,0.0
2009-03-18,28.649952721351195,29.784089615530362,28.368270646170036,29.406042098999023,7644800,0.0,0.0,0.0
2009-03-19,29.85820529763538,29.873030962780664,29.03539926216419,29.109527587890625,4713900,0.0,0.0,0.0
2009-03-20,29.220712782039694,29.287426854370175,28.397909660238675,28.494272232055664,3407100,0.0,0.0,0.0
2009-03-23,29.22811694936275,30.488269643469575,29.087277435320456,30.47344398498535,5687800,0.0,0.0,0.0
2009-03-24,30.13247020448307,30.54016602246882,29.86561393737793,29.86561393737793,5061400,0.0,0.0,0.0
2009-03-25,30.1253538693953,30.685165937293327,29.289368645259316,30.177602767944336,6892600,0.278,0.0,0.0
2009-03-26,30.543347482837092,30.93894997842697,30.229854066652447,30.93148422241211,6266300,0.0,0.0,0.0
2009-03-27,30.513503367676066,30.677713040221196,30.222401425931967,30.34929084777832,4531200,0.0,0.0,0.0
2009-03-30,29.692438321827705,29.692438321827705,28.953487808736774,29.281909942626953,5386200,0.0,0.0,0.0
2009-03-31,29.573006336745568,30.140284191278678,29.364010731049987,29.54315185546875,4491100,0.0,0.0,0.0
2009-04-01,29.192344394814132,30.22239977238855,29.072917890700612,30.132827758789062,3246400,0.0,0.0,0.0
2009-04-02,30.864302030212247,31.498757370878838,30.77473290291682,31.035980224609375,5423400,0.0,0.0,0.0
2009-04-03,31.058392697895506,31.453992553107057,30.78968228780723,31.424135208129883,5391600,0.0,0.0,0.0
2009-04-06,31.125566879095345,31.222601815928503,30.67771529572502,31.118101119995117,4136200,0.0,0.0,0.0
2009-04-07,30.625473051590557,30.789685619380354,30.31944235084358,30.326908111572266,3986500,0.0,0.0,0.0
2009-04-08,30.49858145766229,30.85686106901468,30.334368901368308,30.752363204956055,2255000,0.0,0.0,0.0
2009-04-09,31.55848693284724,31.998872756958008,31.409205919130635,31.998872756958008,3068700,0.0,0.0,0.0
2009-04-13,31.715233213617925,32.27504549816928,31.53609202972638,32.04365539550781,3069700,0.0,0.0,0.0
2009-04-14,31.737617906203173,31.99139953401863,31.349481131464714,31.446516036987305,3185000,0.0,0.0,0.0
2009-04-15,31.24499648320286,31.82720046697458,31.15542729662716,31.78241729736328,2905000,0.0,0.0,0.0
2009-04-16,32.05112107635348,32.543755815438516,31.618201019510405,32.32729721069336,3199200,0.0,0.0,0.0
2009-04-17,32.431797625294145,32.74529118982929,32.16308722863374,32.543758392333984,3490500,0.0,0.0,0.0
2009-04-20,31.94662625135064,32.16308772392187,31.133032136645884,31.16288948059082,2939000,0.0,0.0,0.0
2009-04-21,30.909108474352596,31.797343122331647,30.85685954490401,31.78241729736328,1438100,0.0,0.0,0.0
2009-04-22,31.476383446151534,32.3273006751746,31.409208692459444,31.648061752319336,5320300,0.0,0.0,0.0
2009-04-23,31.73016352734301,31.90930473659426,31.27485186322888,31.871984481811523,3654500,0.0,0.0,0.0
2009-04-24,32.1630904189707,32.6631881588645,32.006343621155025,32.431800842285156,4707200,0.0,0.0,0.0
2009-04-27,32.0361982402324,32.55122750263179,31.969023481505477,32.09591293334961,4221500,0.0,0.0,0.0
2009-04-28,31.737625185921424,32.40939822727036,31.685376266506033,32.036190032958984,3880400,0.0,0.0,0.0
2009-04-29,32.40939431106427,33.12595612154393,32.31236224236208,32.79753112792969,3673000,0.0,0.0,0.0
2009-04-30,33.245387864279934,33.43199196834883,32.648255300729986,32.79007339477539,4173900,0.0,0.0,0.0
2009-05-01,32.790069046895034,33.09609962309504,32.53628738511803,32.9766731262207,3597500,0.0,0.0,0.0
2009-05-04,33.26778546937587,34.1037712097168,33.185679193142235,34.1037712097168,3903700,0.0,0.0,0.0
2009-05-05,33.99180642687626,34.12616161807758,33.70070446172436,33.98434066772461,3588100,0.0,0.0,0.0
2009-05-06,34.38739760841068,34.544144343010174,33.92462031453745,34.51428985595703,4753400,0.0,0.0,0.0
2009-05-07,34.85018113764,34.88750423600047,33.74548519316304,33.97687530517578,4578000,0.0,0.0,0.0
2009-05-08,34.39486044951505,34.85763770415165,34.16347039852081,34.74567413330078,3835800,0.0,0.0,0.0
2009-05-11,34.32770080777913,34.46951893723158,34.04406170152087,34.1485595703125,3891300,0.0,0.0,0.0
2009-05-12,34.36501732365401,34.41726625235621,33.573814786037254,34.05898666381836,3763900,0.0,0.0,0.0
2009-05-13,33.53650244397845,33.58875138501128,32.99161859652627,33.088653564453125,4119500,0.0,0.0,0.0
2009-05-14,33.07370111112008,33.62604747561227,32.939345974383784,33.42451477050781,2830200,0.0,0.0,0.0
2009-05-15,33.34241121355858,33.58872993313045,32.87963395396065,33.07370376586914,2686800,0.0,0.0,0.0
2009-05-18,33.402134927526596,34.103765340063426,33.3498860057075,34.088836669921875,2532400,0.0,0.0,0.0
2009-05-19,34.08136573644853,34.39486204092493,33.93208191752415,34.09629440307617,2250500,0.0,0.0,0.0
2009-05-20,34.417266159078245,34.73822549015224,33.82013351313352,33.90223693847656,2455500,0.0,0.0,0.0
2009-05-21,33.48425395949591,33.59621475722693,32.99908196060015,33.290184020996094,2764100,0.0,0.0,0.0
2009-05-22,33.409600757919534,33.64099089430113,33.16328479744501,33.31256866455078,1559500,0.0,0.0,0.0
2009-05-26,33.04384547230418,34.253038917458305,33.028916806641554,34.208255767822266,2225400,0.0,0.0,0.0
2009-05-27,34.193349813576226,34.37248822580878,33.5588939145888,33.63353729248047,2778800,0.0,0.0,0.0
2009-05-28,33.84251421017079,34.156007680681206,33.34241382252286,34.051509857177734,2831800,0.0,0.0,0.0
2009-05-29,34.24558634379707,34.60386588577513,33.96194730530718,34.58147430419922,2629300,0.0,0.0,0.0
2009-06-01,35.05171298905525,35.686168628930936,34.99200115848195,35.439849853515625,2552200,0.0,0.0,0.0
2009-06-02,35.380127549706536,35.768261451918846,35.30548422439516,35.58165740966797,3590800,0.0,0.0,0.0
2009-06-03,35.30550473777042,35.35775367217046,34.790478306961475,35.14875793457031,2144200,0.0,0.0,0.0
2009-06-04,35.26817880454482,35.5294234345262,34.99946841521944,35.499568939208984,2176600,0.0,0.0,0.0
2009-06-05,35.865312209178285,35.92502689583055,35.23085932393943,35.43239212036133,2765700,0.0,0.0,0.0
2009-06-08,35.26817625883599,35.663776054925094,34.90243095590917,35.33535385131836,2058500,0.0,0.0,0.0
2009-06-09,35.5219612121582,35.71602824857587,35.29803683249076,35.5219612121582,1885100,0.0,0.0,0.0
2009-06-10,35.88024088084135,35.90263246465946,34.99200627203635,35.43239212036133,2766900,0.0,0.0,0.0
2009-06-11,35.53689008484063,36.05938220525609,35.49210406971257,35.641387939453125,2324600,0.0,0.0,0.0
2009-06-12,35.4697127762542,35.67870848719046,35.260717065317934,35.67124557495117,1410900,0.0,0.0,0.0
2009-06-15,35.29056103428406,35.29056103428406,34.678499908534626,34.84271240234375,2761900,0.0,0.0,0.0
2009-06-16,34.99201898183777,35.02187348865467,34.31277983489647,34.35756301879883,1805200,0.0,0.0,0.0
2009-06-17,34.34261770646699,34.60386515788565,34.021661270337,34.31276321411133,1585900,0.0,0.0,0.0
2009-06-18,34.39488413288214,34.70091487693335,34.17842259877538,34.49938201904297,2233500,0.0,0.0,0.0
2009-06-19,34.87258917218079,34.93230102762025,34.48445214608622,34.62627029418945,1394800,0.0,0.0,0.0
2009-06-22,34.33514889216702,34.35007755945456,33.61858994647761,33.62605285644531,2630200,0.0,0.0,0.0
2009-06-23,33.6932304355632,33.79772825922389,33.39466563186869,33.62605285644531,2142000,0.0,0.0,0.0
2009-06-24,33.98088392747872,34.24343110961991,33.71083670539908,33.890869140625,3069500,0.223,0.0,0.0
2009-06-25,33.740827722360116,34.678489685058594,33.68831888137038,34.678489685058594,1841200,0.0,0.0,0.0
2009-06-26,34.54346920576942,34.76850752452829,34.40094560490955,34.61098098754883,1181400,0.0,0.0,0.0
2009-06-29,34.77601060241474,34.9935488849927,34.520966410103426,34.9410400390625,1671800,0.0,0.0,0.0
2009-06-30,34.96354410875457,35.068561803907414,34.430952733897946,34.708499908447266,2871600,0.0,0.0,0.0
2009-07-01,34.881023947019806,35.18857694693069,34.828515107633834,34.91102981567383,2159500,0.0,0.0,0.0
2009-07-02,34.42344226858508,34.42344226858508,33.89085101079121,33.99586868286133,1812800,0.0,0.0,0.0
2009-07-06,33.59080098350139,33.88335105582127,33.4032685923715,33.868350982666016,1877100,0.0,0.0,0.0
2009-07-07,33.80834735848534,33.830850335136475,33.12572940539469,33.170738220214844,1486800,0.0,0.0,0.0
2009-07-08,33.30575332974338,33.40326811143454,32.70564739755422,33.1257209777832,3177900,0.0,0.0,0.0
2009-07-09,33.335772402525684,33.44079299433299,33.06572803671966,33.1932487487793,1255800,0.0,0.0,0.0
2009-07-10,33.02822209131181,33.29826934185341,32.84819249862993,33.11073684692383,1503200,0.0,0.0,0.0
2009-07-13,33.245730503964324,33.91334512627219,32.9231746745209,33.87583923339844,1965000,0.0,0.0,0.0
2009-07-14,33.95837158338269,34.13090106958308,33.755836222664584,34.11589813232422,3939800,0.0,0.0,0.0
2009-07-15,34.58098060242481,35.226092650342466,34.528471748433184,35.136077880859375,2042400,0.0,0.0,0.0
2009-07-16,35.038544590104394,35.63114751982977,34.99353865618684,35.48112106323242,1762800,0.0,0.0,0.0
2009-07-17,35.473636549562244,35.57115135672893,35.26359827381712,35.49613952636719,1761500,0.0,0.0,0.0
2009-07-20,35.72116259139259,35.94620084768618,35.52613019900927,35.89369201660156,1956500,0.0,0.0,0.0
2009-07-21,36.171259666530425,36.2012626836065,35.59365938042427,36.051239013671875,2464000,0.0,0.0,0.0
2009-07-22,35.811201416447155,36.268778235561854,35.78869557441186,36.07374572753906,2460800,0.0,0.0,0.0
2009-07-23,36.08123528689127,37.05640612830796,36.066235211915895,36.92888259887695,1972700,0.0,0.0,0.0
2009-07-24,36.68883496085854,37.10140562739025,36.55381141740933,37.04889678955078,1639800,0.0,0.0,0.0
2009-07-27,37.01888852926893,37.213923795653685,36.8013531557862,37.2064208984375,1619700,0.0,0.0,0.0
2009-07-28,36.95137988724593,37.206424045347426,36.71133866332888,37.11640930175781,1511000,0.0,0.0,0.0
2009-07-29,36.83886464571552,37.03389708016953,36.681338118481435,36.93638229370117,1074600,0.0,0.0,0.0
2009-07-30,37.37146358698528,37.746528458682455,37.28144881900297,37.33395767211914,2054100,0.0,0.0,0.0
2009-07-31,37.34145401219172,37.61900405005198,37.22893627873704,37.39396286010742,1122700,0.0,0.0,0.0
2009-08-03,37.71651391538977,38.05407279465391,37.55898739223891,38.02406692504883,2769900,0.0,0.0,0.0
2009-08-04,37.84403193199324,38.21909666301099,37.78402020150234,38.166587829589844,1448300,0.0,0.0,0.0
2009-08-05,38.219106513499305,38.2266065509853,37.72402105541458,38.07658004760742,1726600,0.0,0.0,0.0
2009-08-06,38.25660623311395,38.279109203447966,37.65650317823127,37.814029693603516,1283300,0.0,0.0,0.0
2009-08-07,38.24160098179249,38.64667159236185,38.009059810202615,38.34661865234375,1463500,0.0,0.0,0.0
2009-08-10,38.204094406616235,38.369123806870505,38.00155910489968,38.2566032409668,1358700,0.0,0.0,0.0
2009-08-11,38.13659670583093,38.14409674428299,37.67901709927179,37.761531829833984,1335000,0.0,0.0,0.0
2009-08-12,37.739021470747154,38.49665111299153,37.731518572244845,38.174095153808594,1646800,0.0,0.0,0.0
2009-08-13,38.39163327822794,38.52665683557597,38.009065578569434,38.511653900146484,1651600,0.0,0.0,0.0
2009-08-14,38.496662387082054,38.526668266844084,37.76903554120287,38.15910339355469,1975600,0.0,0.0,0.0
2009-08-17,37.44645421219375,37.468960037583535,37.10889830802586,37.168907165527344,2036400,0.0,0.0,0.0
2009-08-18,37.28143952914715,37.65650430738501,37.20642485658927,37.55898666381836,2236800,0.0,0.0,0.0
2009-08-19,37.25894081091974,37.97156459794496,37.19143188500311,37.88154983520508,1125500,0.0,0.0,0.0
2009-08-20,37.904056326922635,38.324130027875775,37.82904449460007,38.241615295410156,980100,0.0,0.0,0.0
2009-08-21,38.55665970488884,39.05924512582344,38.49664796784267,38.954227447509766,1644300,0.0,0.0,0.0
2009-08-24,39.19427680969238,39.374309196689865,38.84171493514441,39.006744384765625,2001900,0.0,0.0,0.0
2009-08-25,39.156752169314245,39.44180212009561,38.991722798622455,39.08173751831055,2144100,0.0,0.0,0.0
2009-08-26,38.991727011726375,39.2692740966385,38.8342005198722,39.05173873901367,2398700,0.0,0.0,0.0
2009-08-27,39.02175336175034,39.26929471297777,38.579176655962485,39.18678283691406,2014700,0.0,0.0,0.0
2009-08-28,39.44931890819498,39.5393336661115,38.901724600133356,39.156768798828125,1098300,0.0,0.0,0.0
2009-08-31,38.79669543702016,38.8342013366052,38.53414841689151,38.78169250488281,1154000,0.0,0.0,0.0
2009-09-01,38.57166084077217,39.08925207175164,37.836534210797275,37.926551818847656,1996900,0.0,0.0,0.0
2009-09-02,37.746520923139954,37.97155922892907,37.64900327474165,37.76902389526367,1460000,0.0,0.0,0.0
2009-09-03,37.92655754633756,38.15909591512489,37.66401044215114,38.11408996582031,917800,0.0,0.0,0.0
2009-09-04,38.166595622695404,38.6691810913523,38.05407503580817,38.60166931152344,897400,0.0,0.0,0.0
2009-09-08,39.021743237334164,39.08175211903977,38.796704923282675,38.991737365722656,1412600,0.0,0.0,0.0
2009-09-09,39.096755360419465,39.50182604578856,38.96173179862976,39.381805419921875,1760200,0.0,0.0,0.0
2009-09-10,39.41930433793976,39.786869049072266,39.171763092905145,39.786869049072266,2222000,0.0,0.0,0.0
2009-09-11,39.861873758628064,39.99689727243769,39.60682966160061,39.81686782836914,1291300,0.0,0.0,0.0
2009-09-14,39.4793259937256,40.06442623042739,39.44932011965945,40.026920318603516,1207200,0.0,0.0,0.0
2009-09-15,40.05690496066263,40.34945492394855,39.839366781264744,40.22193145751953,1684300,0.0,0.0,0.0
2009-09-16,40.34946163556873,40.889552864735386,40.244443976050675,40.852046966552734,2044700,0.0,0.0,0.0
2009-09-17,40.867060955911086,41.182116881229476,40.597013837500285,40.77704620361328,2068600,0.0,0.0,0.0
2009-09-18,40.94207575606275,40.994584600186016,40.67952867392903,40.83705520629883,1594000,0.0,0.0,0.0
2009-09-21,40.52949779979658,40.82955075795501,40.409477188836625,40.72453308105469,1248100,0.0,0.0,0.0
2009-09-22,40.98707205926514,41.09208972280597,40.79203966433454,40.964569091796875,1844300,0.0,0.0,0.0
2009-09-23,41.10709169460296,41.30962698163577,40.514488765305096,40.54449462890625,1878400,0.0,0.0,0.0
2009-09-24,40.6560521697439,40.77662607246025,39.92507126750243,40.113468170166016,1768600,0.248,0.0,0.0
2009-09-25,40.08331058757701,40.18881523258422,39.72158900024664,39.857234954833984,1387800,0.0,0.0,0.0
2009-09-28,40.0079407774726,40.69370494959792,40.00040617105661,40.603275299072266,1574900,0.0,0.0,0.0
2009-09-29,40.72385825017171,40.89718298364605,40.42242218126401,40.53546142578125,1754100,0.0,0.0,0.0
2009-09-30,40.663561545407504,40.68617111449761,39.94011857807391,40.384735107421875,1484700,0.0,0.0,0.0
2009-10-01,40.2415508602815,40.26415755257226,39.276957451748636,39.31463623046875,1451700,0.0,0.0,0.0
2009-10-02,38.88510131732733,39.322183306314365,38.862494619520156,39.08103561401367,1942000,0.0,0.0,0.0
2009-10-05,39.27696495328424,39.80447658023529,39.15639111352747,39.683902740478516,1194200,0.0,0.0,0.0
2009-10-06,40.04562621151995,40.51284950401091,39.985340726056876,40.27170181274414,1941300,0.0,0.0,0.0
2009-10-07,40.21141120490662,40.42995217062406,40.10590946275527,40.36212921142578,1255100,0.0,0.0,0.0
2009-10-08,40.6937019014886,40.934849534632015,40.49777052757454,40.71630859375,2355600,0.0,0.0,0.0
2009-10-09,40.75400759865758,40.995155334472656,40.63343085604227,40.995155334472656,1532500,0.0,0.0,0.0
2009-10-12,41.168475968373684,41.326728615151296,40.98007913896011,41.14586639404297,868000,0.0,0.0,0.0
2009-10-13,41.0554359838854,41.11572434807515,40.75400278705898,41.03282928466797,831100,0.0,0.0,0.0
2009-10-14,41.530206554107906,41.8090331172687,41.34934429372559,41.763816833496094,1322200,0.0,0.0,0.0
2009-10-15,41.53773101082293,41.90699005126953,41.50758970371685,41.90699005126953,1113400,0.0,0.0,0.0
2009-10-16,41.52266580859864,41.71860014818469,41.296590156906014,41.598026275634766,2161200,0.0,0.0,0.0
2009-10-19,41.63570151081201,42.05771146599734,41.484983464338136,41.937137603759766,1088900,0.0,0.0,0.0
2009-10-20,42.00496629980281,42.02003551926496,41.46238240850854,41.68092346191406,1289100,0.0,0.0,0.0
2009-10-21,41.560347023891424,42.087855913822445,41.228766721982964,41.273983001708984,2223900,0.0,0.0,0.0
2009-10-22,41.2664394903175,41.81656075182205,40.96500629362853,41.71859359741211,1289800,0.0,0.0,0.0
2009-10-23,41.86177095576076,41.86177095576076,41.02528865243984,41.18354415893555,1397500,0.0,0.0,0.0
2009-10-26,41.23628551341454,41.65829243406224,40.5957347771783,40.71630859375,2158100,0.0,0.0,0.0
2009-10-27,40.776621686010046,41.44731412739087,40.39229043608306,40.49779510498047,2151600,0.0,0.0,0.0
2009-10-28,40.32447162770208,40.46765511299472,39.548277311590304,39.6161003112793,2342300,0.0,0.0,0.0
2009-10-29,39.90245442887758,40.52039588275794,39.842166055470784,40.414894104003906,2975500,0.0,0.0,0.0
2009-10-30,40.27925345427776,40.414899437636656,39.2317672631127,39.32219696044922,3381100,0.0,0.0,0.0
2009-11-02,39.54072952270508,39.9627366026095,39.03582449890961,39.54072952270508,2723300,0.0,0.0,0.0
2009-11-03,39.29959615944012,39.77435429781901,39.22423567141346,39.72160339355469,1622500,0.0,0.0,0.0
2009-11-04,40.11346779577389,40.35461559895588,39.71406728576157,39.789424896240234,1880300,0.0,0.0,0.0
2009-11-05,40.098375421629875,40.57313617675051,40.01548036719691,40.55052947998047,1980000,0.0,0.0,0.0
2009-11-06,40.36214535715825,40.79922458872742,40.26417818252577,40.656044006347656,1946600,0.0,0.0,0.0
2009-11-09,41.025287373439596,41.56787109375,40.98007397988514,41.56787109375,1830400,0.0,0.0,0.0
2009-11-10,41.46992275158247,41.71107054222867,41.33427676000543,41.58296203613281,1837200,0.0,0.0,0.0
2009-11-11,41.82410094269659,42.057714072947,41.58295320327388,41.7939567565918,1967200,0.0,0.0,0.0
2009-11-12,41.741212831498096,41.95221642001547,41.206166375067184,41.32674026489258,1767800,0.0,0.0,0.0
2009-11-13,41.44729725309292,41.71858911324812,41.19861208971495,41.56787109375,1788800,0.0,0.0,0.0
2009-11-16,41.87684360310797,42.36667646959164,41.83162733283483,42.19335174560547,2485800,0.0,0.0,0.0
2009-11-17,42.10291760663524,42.27624232404119,41.93713037134227,42.238563537597656,1666100,0.0,0.0,0.0
2009-11-18,42.238579248844,42.29133014442782,41.97482477092487,42.20843505859375,1530100,0.0,0.0,0.0
2009-11-19,41.87684839128081,41.91452718346298,41.3342645847934,41.60555648803711,1898800,0.0,0.0,0.0
2009-11-20,41.40207943608751,41.56033493172953,41.258898904009214,41.477439880371094,1109100,0.0,0.0,0.0
2009-11-23,41.959731476361945,42.29130877746625,41.854229738497246,41.96726608276367,1753200,0.0,0.0,0.0
2009-11-24,42.05770199014318,42.05770199014318,41.65076421876154,41.997413635253906,2452800,0.0,0.0,0.0
2009-11-25,42.080328177585095,42.193367458009064,41.944682190959654,42.16322326660156,1407900,0.0,0.0,0.0
2009-11-27,41.002686550511974,41.763808489686895,40.9197914841775,41.454837799072266,865100,0.0,0.0,0.0
2009-11-30,41.44729402745005,41.643225425254236,41.176002188408184,41.560333251953125,2746200,0.0,0.0,0.0
2009-12-01,41.95974136352174,42.22349577033311,41.87684630003605,42.07278060913086,1958300,0.0,0.0,0.0
2009-12-02,42.11799129515023,42.449571527738776,42.01248953922015,42.19335174560547,1293700,0.0,0.0,0.0
2009-12-03,42.28378985457271,42.52493759476679,41.77135018798334,41.816566467285156,1349800,0.0,0.0,0.0
2009-12-04,42.42696727309842,42.615364110789535,41.69598949765805,42.12553405761719,2489800,0.0,0.0,0.0
2009-12-07,42.11045939943143,42.313928316703375,41.94466927246003,42.07278060913086,1233300,0.0,0.0,0.0
2009-12-08,41.77135383024995,41.88439310100709,41.47745517593107,41.63570785522461,1320600,0.0,0.0,0.0
2009-12-09,41.62063660280375,41.83164017946378,41.40209554142978,41.77135467529297,1433500,0.0,0.0,0.0
2009-12-10,42.012497396268785,42.17828754356863,41.906995620608086,41.98235321044922,940600,0.0,0.0,0.0
2009-12-11,42.11799129515023,42.24610262357051,41.95220117885596,42.19335174560547,1291500,0.0,0.0,0.0
2009-12-14,42.47971680942797,42.540005175435304,42.26117866942015,42.50986099243164,1283700,0.0,0.0,0.0
2009-12-15,42.40435137984328,42.54753191055436,42.23856127870951,42.3289909362793,1641300,0.0,0.0,0.0
2009-12-16,42.540011057737544,42.65304744757036,42.344076715828,42.43450927734375,1906500,0.0,0.0,0.0
2009-12-17,42.12552980539809,42.215959473443576,41.87684462488885,41.959739685058594,1845700,0.0,0.0,0.0
2009-12-18,42.163214384499625,42.22349987990657,41.82409948937397,42.215965270996094,2113100,0.0,0.0,0.0
2009-12-21,42.41188353785587,42.76607041538729,42.41188353785587,42.63042449951172,3190800,0.0,0.0,0.0
2009-12-22,42.75784845927274,42.917108992446906,42.69717612681628,42.848854064941406,3581300,0.358,0.0,0.0
2009-12-23,42.96262097547792,43.030875915269974,42.76543875251573,42.99295425415039,1297200,0.0,0.0,0.0
2009-12-24,43.06878673151413,43.22804726395221,43.061201243484106,43.2128791809082,607400,0.0,0.0,0.0
2009-12-28,43.394903241096046,43.394903241096046,43.11429797992283,43.26597595214844,1742400,0.0,0.0,0.0
2009-12-29,43.41765528949131,43.41765528949131,43.19013977050781,43.19013977050781,1527000,0.0,0.0,0.0
2009-12-30,43.06120191199973,43.22804793505808,43.038451233588525,43.17496109008789,1592300,0.0,0.0,0.0
2009-12-31,43.24320421651146,43.26595488871361,42.75025177001953,42.75025177001953,1322000,0.0,0.0,0.0
2010-01-04,43.12186401999738,43.51622541270443,43.106695940314566,43.463138580322266,2251500,0.0,0.0,0.0
2010-01-05,43.4859009823923,43.63757892711577,43.31147235851597,43.6299934387207,1597700,0.0,0.0,0.0
2010-01-06,43.60723937625694,43.774085391809464,43.538984451077816,43.6906623840332,2120300,0.0,0.0,0.0
2010-01-07,43.64516137953335,43.903013016813794,43.44798207715002,43.872676849365234,1656700,0.0,0.0,0.0
2010-01-08,43.75891020353633,44.02434437334447,43.65273653561308,44.016761779785156,1650000,0.0,0.0,0.0
2010-01-11,44.21397116388817,44.251889943554396,43.87269636085721,44.07746124267578,1883100,0.0,0.0,0.0
2010-01-12,43.79682695049111,43.849913782020174,43.45555239565045,43.622398376464844,1730100,0.0,0.0,0.0
2010-01-13,43.76651850028463,44.122961360229056,43.50108417459229,44.03195571899414,1825200,0.0,0.0,0.0
2010-01-14,44.00160295159796,44.198782248770044,43.94093061830434,44.1077766418457,1667100,0.0,0.0,0.0
2010-01-15,44.06227737805583,44.100199037163684,43.455568441543626,43.60724639892578,2785900,0.0,0.0,0.0
2010-01-19,43.64516266864054,44.20637021095014,43.622411988890235,44.183616638183594,2546700,0.0,0.0,0.0
2010-01-20,43.91059967737892,43.91059967737892,43.387310900478596,43.77408981323242,2755100,0.0,0.0,0.0
2010-01-21,43.77408292990709,43.91817536695202,42.90193703422601,42.970191955566406,4350700,0.0,0.0,0.0
2010-01-22,42.77302107906893,42.92469614026529,41.94637926627682,42.022216796875,4423000,0.0,0.0,0.0
2010-01-25,42.37864074609166,42.44689565054247,42.06011689431617,42.2042121887207,2781100,0.0,0.0,0.0
2010-01-26,42.0525481249473,42.4620776862689,41.91603827117343,42.01462936401367,1704300,0.0,0.0,0.0
2010-01-27,41.93880372652962,42.28007848121458,41.612697060165885,42.21940612792969,2077900,0.0,0.0,0.0
2010-01-28,42.386238009030514,42.386238009030514,41.44583999224042,41.71885681152344,2235100,0.0,0.0,0.0
2010-01-29,41.89329531029447,42.204233836053184,41.1652416583819,41.225914001464844,2421800,0.0,0.0,0.0
2010-02-01,41.498925930363285,41.89328740695487,41.48375784745407,41.85536575317383,2132800,0.0,0.0,0.0
2010-02-02,41.96911652949584,42.49240226657019,41.80985603034479,42.39381408691406,2565500,0.0,0.0,0.0
2010-02-03,42.219387721386006,42.40898440321659,42.037376526917484,42.18146896362305,1352600,0.0,0.0,0.0
2010-02-04,41.84020297408038,41.84778846300455,40.84671800822506,40.869468688964844,3029700,0.0,0.0,0.0
2010-02-05,40.861887533322104,41.00598000478017,40.0579963669907,40.93772506713867,5416200,0.0,0.0,0.0
2010-02-08,40.96807046722174,41.18041792415927,40.60404501546435,40.61921310424805,1494300,0.0,0.0,0.0
2010-02-09,41.07422698704599,41.48375653357612,40.76328852979516,41.157649993896484,2191500,0.0,0.0,0.0
2010-02-10,41.10457416773375,41.30175350611958,40.725380684439195,41.096988677978516,1340800,0.0,0.0,0.0
2010-02-11,41.005959748574995,41.58991772815057,40.77085888105287,41.53683090209961,1302300,0.0,0.0,0.0
2010-02-12,41.119718886121355,41.567167057847314,40.95287292252404,41.53683090209961,2189100,0.0,0.0,0.0
2010-02-16,41.8932788062362,42.29522279525501,41.74160090129963,42.23455047607422,1186500,0.0,0.0,0.0
2010-02-17,42.46206767536205,42.530322586157126,42.27247102237743,42.46965026855469,1936000,0.0,0.0,0.0
2010-02-18,42.42417247982757,42.803366022206134,42.37108561533594,42.71236038208008,1537400,0.0,0.0,0.0
2010-02-19,42.58342658119177,42.97778523249615,42.51517164288592,42.86402893066406,1863000,0.0,0.0,0.0
2010-02-22,43.00811228926156,43.015697776919424,42.71234191695457,42.7957649230957,3049500,0.0,0.0,0.0
2010-02-23,42.70476127390655,42.83368563982309,42.17388994121536,42.28006362915039,2144700,0.0,0.0,0.0
2010-02-24,42.416572445525475,42.72751090673626,42.310398760187546,42.65925598144531,1689100,0.0,0.0,0.0
2010-02-25,42.06012304623426,42.65166660233505,41.93119870397843,42.644081115722656,2956100,0.0,0.0,0.0
2010-02-26,42.63649852212575,42.78059094459088,42.401397618404815,42.644081115722656,1272600,0.0,0.0,0.0
2010-03-01,42.84127554938506,43.1825473263936,42.826107464826585,43.15221405029297,1580100,0.0,0.0,0.0
2010-03-02,43.35697121075967,43.508649146716046,43.22804684565714,43.288719177246094,1988900,0.0,0.0,0.0
2010-03-03,43.440385053504215,43.62239911684692,43.25837388317691,43.341796875,1617900,0.0,0.0,0.0
2010-03-04,43.44040213528631,43.53141064925204,43.23563731838823,43.455570220947266,1636600,0.0,0.0,0.0
2010-03-05,43.78925490553992,44.160862815758875,43.65274505072021,44.145694732666016,2699100,0.0,0.0,0.0
2010-03-08,44.15327072143555,44.25185890080449,44.06984772888074,44.15327072143555,2027600,0.0,0.0,0.0
2010-03-09,44.024352719380424,44.44905036460212,44.001602041373985,44.244285583496094,4736900,0.0,0.0,0.0
2010-03-10,44.29735608125333,44.57795828084585,44.244269256817304,44.4793701171875,1949600,0.0,0.0,0.0
2010-03-11,44.320122244451895,44.65381427814866,44.191197880898855,44.6462287902832,2391700,0.0,0.0,0.0
2010-03-12,44.85099356741095,44.8585790552764,44.517304426730156,44.6462287902832,1227600,0.0,0.0,0.0
2010-03-15,44.6007397172798,44.66899466178506,44.304966362412515,44.631072998046875,1624900,0.0,0.0,0.0
2010-03-16,44.729660951709924,45.040599478453444,44.63865532981382,44.99509811401367,1047800,0.0,0.0,0.0
2010-03-17,45.146761944190615,45.450117798994505,45.13159386214884,45.28327178955078,2022900,0.0,0.0,0.0
2010-03-18,45.30601541186815,45.35151675498751,45.06332904549903,45.23017501831055,2714900,0.0,0.0,0.0
2010-03-19,44.93442916870117,45.37429501165887,44.775168595085496,44.93442916870117,2010400,0.0,0.0,0.0
2010-03-22,44.67656840895361,45.3060308717056,44.63864964574334,45.2529411315918,1643100,0.0,0.0,0.0
2010-03-23,45.32118411583682,45.60178925426045,45.1467555366363,45.57145309448242,2298500,0.0,0.0,0.0
2010-03-24,45.4273682250037,45.54112450355425,45.26052221151047,45.306026458740234,1569000,0.0,0.0,0.0
2010-03-25,45.63039073276147,45.81312385879294,45.15832676860772,45.22685241699219,2437800,0.236,0.0,0.0
2010-03-26,45.29537186435359,45.51617411937248,44.99842549234631,45.21923065185547,1206300,0.0,0.0,0.0
2010-03-29,45.417184520699905,45.56184843465099,45.34104332560228,45.48571014404297,2434700,0.0,0.0,0.0
2010-03-30,45.569466424669905,45.683676778411915,45.32582038087757,45.5085563659668,1927500,0.0,0.0,0.0
2010-03-31,45.37151336669922,45.592318541753954,45.234462079043894,45.37151336669922,1346000,0.0,0.0,0.0
2010-04-01,45.69129037202586,45.858798119709625,45.40196250446845,45.69890594482422,1339600,0.0,0.0,0.0
2010-04-05,45.881628698143174,46.14811850077109,45.75980570120992,46.1405029296875,1458300,0.0,0.0,0.0
2010-04-06,46.03393267258417,46.34610444991365,45.95779434815879,46.26996612548828,1332000,0.0,0.0,0.0
2010-04-07,46.20905072730252,46.28519195223937,45.790284155867404,46.02631759643555,1348300,0.0,0.0,0.0
2010-04-08,45.82834122760697,46.2166541111299,45.69890553609265,46.13290023803711,1335900,0.0,0.0,0.0
2010-04-09,46.2623361859036,46.48314132446449,46.148128734726924,46.445072174072266,1585500,0.0,0.0,0.0
2010-04-12,46.55167007446289,46.65065219570336,46.45268795322243,46.55167007446289,1277000,0.0,0.0,0.0
2010-04-13,46.53643811079126,46.6658767058297,46.25472291616399,46.59735107421875,1184300,0.0,0.0,0.0
2010-04-14,46.780094473909124,47.16840744018555,46.711568827183314,47.16840744018555,1011200,0.0,0.0,0.0
2010-04-15,47.13032606232969,47.32067470893927,47.08464134152704,47.229305267333984,1120500,0.0,0.0,0.0
2010-04-16,47.06181068210642,47.1379489955351,46.224274711938605,46.49076461791992,2086900,0.0,0.0,0.0
2010-04-19,46.35371264696893,46.65065613125091,46.07961007548081,46.612586975097656,1311800,0.0,0.0,0.0
2010-04-20,46.90191206939511,47.0770354052682,46.74201988045735,47.05419158935547,1004900,0.0,0.0,0.0
2010-04-21,47.092263036785056,47.19124516525362,46.73440948761326,47.0161247253418,1271100,0.0,0.0,0.0
2010-04-22,46.74962880000033,47.282602687267456,46.40700065497871,47.24453353881836,447800,0.0,0.0,0.0
2010-04-23,47.221687686748446,47.57954403458172,47.069408204405164,47.56431579589844,1384500,0.0,0.0,0.0
2010-04-26,47.625237897429315,47.70137911011282,47.34352267172606,47.396820068359375,1701700,0.0,0.0,0.0
2010-04-27,47.168385038709744,47.35873364426992,46.15572906297478,46.25471115112305,2555300,0.0,0.0,0.0
2010-04-28,46.49835600496082,46.69632017645105,46.155727942373225,46.559268951416016,1876400,0.0,0.0,0.0
2010-04-29,46.89430485328233,47.25977400098975,46.841007450772324,47.16840744018555,1347100,0.0,0.0,0.0
2010-04-30,47.19884471550565,47.244526525066874,46.33085257547991,46.36130905151367,1892800,0.0,0.0,0.0
2010-05-03,46.55928899161974,47.069422067553994,46.483147775777795,46.98566818237305,1057900,0.0,0.0,0.0
2010-05-04,46.46031687908406,46.46031687908406,45.58471158732818,45.84358596801758,2658000,0.0,0.0,0.0
2010-05-05,45.394355910753255,45.88926367889982,45.150709813832336,45.470497131347656,2728200,0.0,0.0,0.0
2010-05-06,45.272511335645305,45.54661379047088,22.65909802313965,43.94007110595703,6153600,0.0,0.0,0.0
2010-05-07,43.90963622172469,44.23703621435494,42.51628526392975,43.110172271728516,5416700,0.0,0.0,0.0
2010-05-10,45.028884999546015,45.302987573955654,44.61011846841595,45.08979797363281,4080900,0.0,0.0,0.0
2010-05-11,44.7167032816451,45.622761785150495,44.632949413226406,45.05171585083008,2164100,0.0,0.0,0.0
2010-05-12,45.23446154671497,45.83596409051354,45.20400505992988,45.77505111694336,1394400,0.0,0.0,0.0
2010-05-13,45.7065290511928,45.91210599634621,45.19639592782339,45.22685241699219,1289700,0.0,0.0,0.0
2010-05-14,44.899435734934855,44.96796135785507,43.985761730828564,44.41214370727539,1997300,0.0,0.0,0.0
2010-05-17,44.49588617998405,44.68623477352272,43.52891497626891,44.442588806152344,1838600,0.0,0.0,0.0
2010-05-18,44.800454557066566,44.93750580573028,43.65075008715385,43.81064224243164,2967700,0.0,0.0,0.0
2010-05-19,43.52892388018033,43.94769319521657,42.94265264810885,43.498470306396484,2300900,0.0,0.0,0.0
2010-05-20,42.53913548397954,42.706643304152244,41.73967135909475,41.808197021484375,4710900,0.0,0.0,0.0
2010-05-21,41.10770047522534,42.52389215486241,40.98587744134828,42.41729736328125,3682200,0.0,0.0,0.0
2010-05-24,42.17364625075505,42.52388706819486,41.831018101307464,41.884315490722656,1564400,0.0,0.0,0.0
2010-05-25,40.88689042781842,41.92238754415341,40.49857755694786,41.884315490722656,4895500,0.0,0.0,0.0
2010-05-26,42.21933006253366,42.61525559286596,41.57214292652344,41.70919418334961,1742900,0.0,0.0,0.0
2010-05-27,42.54673058098113,43.17107391357422,42.371610173496705,43.17107391357422,2101500,0.0,0.0,0.0
2010-05-28,43.14061776548073,43.14061776548073,42.42490788965761,42.70662307739258,1535000,0.0,0.0,0.0
2010-06-01,42.204099675606436,42.85128387420674,41.77771768667032,41.823402404785156,1900000,0.0,0.0,0.0
2010-06-02,42.067071138959214,42.927448248814486,41.869109729222615,42.9122200012207,2962200,0.0,0.0,0.0
2010-06-03,43.041639066553216,43.247215972652924,42.676169979428224,43.140621185302734,1943500,0.0,0.0,0.0
2010-06-04,42.29546670801958,42.58479745052582,41.42747738499057,41.62543869018555,1940100,0.0,0.0,0.0
2010-06-07,41.70920592135655,41.86148546118419,40.93258288227716,40.947811126708984,1880200,0.0,0.0,0.0
2010-06-08,41.016331795700886,41.38941647776775,40.551880562624085,41.29804992675781,3281500,0.0,0.0,0.0
2010-06-09,41.57214095068718,42.013751180469335,40.97064146819345,41.10769271850586,3009700,0.0,0.0,0.0
2010-06-10,41.82339618681968,42.402054674462285,41.7853270462953,42.37160110473633,2065900,0.0,0.0,0.0
2010-06-11,42.00613928171051,42.653326443554114,41.952841891316204,42.63048553466797,2089600,0.0,0.0,0.0
2010-06-14,42.98071630189198,43.27004699954185,42.5847908483946,42.63808822631836,2438200,0.0,0.0,0.0
2010-06-15,42.904592600580685,43.650762004573615,42.84368253148377,43.59746170043945,2285500,0.0,0.0,0.0
2010-06-16,43.399485962881265,43.780183208169696,43.28527562749894,43.55176544189453,2221900,0.0,0.0,0.0
2010-06-17,43.688842677143946,43.7421400908368,43.20155037795722,43.6279296875,2050600,0.0,0.0,0.0
2010-06-18,43.71928867564996,43.81827081438759,43.5060990578988,43.65837860107422,4139100,0.0,0.0,0.0
2010-06-21,44.22180878733539,44.259877944206906,43.27767801267323,43.490867614746094,1499500,0.0,0.0,0.0
2010-06-22,43.528921520556466,43.711657475801914,42.68377607795348,42.744686126708984,1523600,0.0,0.0,0.0
2010-06-23,42.782767317526314,42.92743416997542,42.28786250325229,42.57719039916992,1661200,0.0,0.0,0.0
2010-06-24,42.4157473846386,42.44635107818459,41.78073679546793,41.90314865112305,1815900,0.269,0.0,0.0
2010-06-25,42.02556243913823,42.300989856658774,41.64302500781058,42.11737060546875,2053300,0.0,0.0,0.0
2010-06-28,42.15563457689312,42.33160440874176,41.84960630445884,41.97966766357422,1585300,0.0,0.0,0.0
2010-06-29,41.37524670588726,41.428801708561565,40.388299510554226,40.65607452392578,3209800,0.0,0.0,0.0
2010-06-30,40.57192455841584,40.93151072676731,40.105228361669305,40.21234130859375,2394300,0.0,0.0,0.0
2010-07-01,40.16644213192656,40.334759585266085,39.37076333972313,40.036380767822266,4678400,0.0,0.0,0.0
2010-07-02,40.204702850693295,40.31181291618925,39.60029271707425,39.84511947631836,3750800,0.0,0.0,0.0
2010-07-06,40.38065611990492,40.65608357700567,39.623233531407266,39.9675178527832,2452000,0.0,0.0,0.0
2010-07-07,40.066986345584056,41.30641023809807,40.021083702659226,41.26815414428711,2279100,0.0,0.0,0.0
2010-07-08,41.63536987061961,41.75013225983795,41.19927746123601,41.67362594604492,1214000,0.0,0.0,0.0
2010-07-09,41.71952956432903,42.02556066387524,41.60477009089585,41.994956970214844,954000,0.0,0.0,0.0
2010-07-12,41.97203124270037,42.17860192302701,41.696603668931516,42.010284423828125,1570100,0.0,0.0,0.0
2010-07-13,42.49227047397198,42.86715562729833,42.38516043016445,42.6988410949707,1582200,0.0,0.0,0.0
2010-07-14,42.61466724034574,42.890094637227584,42.41574615658495,42.6911735534668,1624000,0.0,0.0,0.0
2010-07-15,42.72944259643555,42.83655556056891,42.10973364157815,42.72944259643555,1448900,0.0,0.0,0.0
2010-07-16,42.49225061144543,42.49990007448611,41.41349537394623,41.4900016784668,1585500,0.0,0.0,0.0
2010-07-19,41.66599975949854,41.8266648705934,41.268160256884634,41.72720718383789,1190100,0.0,0.0,0.0
2010-07-20,41.19929522938953,42.2397978894769,41.107487029537715,42.20919418334961,1010100,0.0,0.0,0.0
2010-07-21,42.50755659222187,42.50755659222187,41.49765809793512,41.6812744140625,2826200,0.0,0.0,0.0
2010-07-22,42.15561946275132,42.77533108892858,42.15561946275132,42.60701370239258,1637500,0.0,0.0,0.0
2010-07-23,42.5687756206732,43.096679276822485,42.40811055946678,43.043121337890625,1483100,0.0,0.0,0.0
2010-07-26,43.19614156156843,43.6169323034754,43.03547648314523,43.57102966308594,2204800,0.0,0.0,0.0
2010-07-27,43.892352620274394,43.900005004770776,43.37210137864361,43.5174674987793,2083200,0.0,0.0,0.0
2010-07-28,43.44860002775531,43.57866134715804,43.058410232489436,43.21142578125,1486500,0.0,0.0,0.0
2010-07-29,43.517478188171566,43.58633507290484,42.59938736457135,42.98957443237305,1108100,0.0,0.0,0.0
2010-07-30,42.58408600928961,43.21909983355113,42.43107038380837,43.03548049926758,1540000,0.0,0.0,0.0
2010-08-02,43.73167884003141,44.030057568188205,43.50215696595148,43.96120071411133,1623000,0.0,0.0,0.0
2010-08-03,43.877034522534835,43.953543746520175,43.54040269258475,43.724021911621094,1360100,0.0,0.0,0.0
2010-08-04,43.88470105362013,44.08361926306081,43.71638362511149,44.06831741333008,1526900,0.0,0.0,0.0
2010-08-05,43.79289653387934,43.99946422618516,43.70108542782158,43.97651290893555,1022900,0.0,0.0,0.0
2010-08-06,43.540410441797256,43.85409101964406,43.21908039945473,43.81583786010742,3374500,0.0,0.0,0.0
2010-08-09,44.04536056518555,44.10656795641983,43.7622836770496,44.04536056518555,1773700,0.0,0.0,0.0
2010-08-10,43.601628709646455,43.98416623750655,43.37975624304047,43.76994323730469,2369000,0.0,0.0,0.0
2010-08-11,43.01251997323318,43.043120756957315,42.40810998710391,42.476966857910156,1947500,0.0,0.0,0.0
2010-08-12,41.85725435362956,42.3698561433584,41.727192998917985,42.23979187011719,2800000,0.0,0.0,0.0
2010-08-13,42.05617313491265,42.33160059828184,42.03321890061223,42.079124450683594,1879200,0.0,0.0,0.0
2010-08-16,41.73483193373127,42.201528053044875,41.62772192310761,42.040863037109375,1471200,0.0,0.0,0.0
2010-08-17,42.43106365348939,42.93601309451232,42.32395360820117,42.63763427734375,2374900,0.0,0.0,0.0
2010-08-18,42.568747028488104,42.95128429929555,42.36217655202875,42.737064361572266,1336800,0.0,0.0,0.0
2010-08-19,42.47696365663179,42.61467738786547,41.78839500046338,41.9873161315918,1871600,0.0,0.0,0.0
2010-08-20,41.818994334893475,41.88020172839872,41.49001189112569,41.84194564819336,1100700,0.0,0.0,0.0
2010-08-23,42.048519150774155,42.247440274985344,41.620079040527344,41.620079040527344,841700,0.0,0.0,0.0
2010-08-24,41.19162901171468,41.33699217891289,40.74788420890618,41.023311614990234,1473700,0.0,0.0,0.0
2010-08-25,40.71728886931652,41.33699769720495,40.533669601238564,41.15338134765625,2181600,0.0,0.0,0.0
2010-08-26,41.37523487877993,41.489994315194295,40.80907840280745,40.90088653564453,1521200,0.0,0.0,0.0
2010-08-27,41.1839914100073,41.63538288845985,40.564279567819206,41.60478210449219,1240200,0.0,0.0,0.0
2010-08-30,41.52825914200741,41.63536914686726,40.99270911770815,41.00035858154297,1814800,0.0,0.0,0.0
2010-08-31,40.809104075642665,41.2375471626273,40.64843901247208,41.00802230834961,1794000,0.0,0.0,0.0
2010-09-01,41.5053264536023,42.27040159560419,41.5053264536023,42.20919418334961,2835500,0.0,0.0,0.0
2010-09-02,42.301001197349954,42.675886346179695,42.23979379103421,42.65293502807617,1399800,0.0,0.0,0.0
2010-09-03,43.0890328424202,43.28795401869577,42.87481273122817,43.21909713745117,1956900,0.0,0.0,0.0
2010-09-07,43.058423906056966,43.08137814270411,42.68353875700092,42.75239562988281,1759400,0.0,0.0,0.0
2010-09-08,42.80594771866919,43.15023205949277,42.76769455158425,42.97426223754883,1155300,0.0,0.0,0.0
2010-09-09,43.44096509742498,43.53277621468351,43.05842753110449,43.18849182128906,1433300,0.0,0.0,0.0
2010-09-10,43.28028884036714,43.44095387627346,43.165526432703054,43.37209701538086,706800,0.0,0.0,0.0
2010-09-13,43.82349018851062,43.98415813871068,43.70107831887625,43.922950744628906,1167500,0.0,0.0,0.0
2010-09-14,43.83880064837477,44.160133693365815,43.67813558514413,43.91530990600586,1262900,0.0,0.0,0.0
2010-09-15,43.75464535723103,44.12188106708424,43.63223345394662,44.06067657470703,1513700,0.0,0.0,0.0
2010-09-16,43.93059816588578,44.08361372544245,43.8005368373065,44.04536056518555,1011500,0.0,0.0,0.0
2010-09-17,44.29018985663157,44.297842240761646,43.90765236895152,44.06831741333008,1563700,0.0,0.0,0.0
2010-09-20,44.259586245220746,44.87164856155001,44.12187251589961,44.79513931274414,1289400,0.0,0.0,0.0
2010-09-21,44.81044977540289,45.03232226179129,44.54267464943756,44.68803787231445,2983400,0.0,0.0,0.0
2010-09-22,44.58092717132794,44.86400414586444,44.30549966376598,44.450862884521484,4076300,0.0,0.0,0.0
2010-09-23,44.075969797460154,44.557967849125255,43.96885976787445,44.06831741333008,3749800,0.0,0.0,0.0
2010-09-24,44.58897078591756,45.0273236652063,44.542827296750424,45.00425338745117,2377700,0.297,0.0,0.0
2010-09-27,45.07347422028132,45.11192566711997,44.78892999328648,44.8120002746582,1903100,0.0,0.0,0.0
2010-09-28,44.86580857605357,45.15804469425998,44.40438559670091,45.065757751464844,3132100,0.0,0.0,0.0
2010-09-29,44.96578699920096,45.15804707300133,44.81197835342948,44.98885726928711,1842400,0.0,0.0,0.0
2010-09-30,45.27340183500948,45.527186543259845,44.68124044941457,44.88888168334961,2636800,0.0,0.0,0.0
2010-10-01,45.258019723504844,45.281092927004416,44.81197788247674,45.08883285522461,3235500,0.0,0.0,0.0
2010-10-04,44.99655254086454,45.18112352778683,44.48898599389863,44.68893814086914,4304800,0.0,0.0,0.0
2010-10-05,45.10422065823145,45.72714150503349,45.05038806489439,45.619476318359375,2023200,0.0,0.0,0.0
2010-10-06,45.6040807918488,45.727127099807355,45.38875048633518,45.57331848144531,1312200,0.0,0.0,0.0
2010-10-07,45.74252566596262,45.76559594071877,45.25034024678813,45.51181411743164,1157400,0.0,0.0,0.0
2010-10-08,45.57333566258115,45.94247765927864,45.419529919889776,45.81943130493164,1145100,0.0,0.0,0.0
2010-10-11,45.957851293480935,46.00399477187055,45.75021297486816,45.88863754272461,1040200,0.0,0.0,0.0
2010-10-12,45.78865135305042,46.165479384674306,45.46565296371743,46.05012512207031,1504000,0.0,0.0,0.0
2010-10-13,46.27316305871325,46.66537533606487,46.18857107240546,46.411590576171875,1612000,0.0,0.0,0.0
2010-10-14,46.40390476651738,46.46542648218149,45.97324102224159,46.28854751586914,1615200,0.0,0.0,0.0
2010-10-15,46.52694506652448,46.63461025514464,45.980927076432884,46.326995849609375,1934400,0.0,0.0,0.0
2010-10-18,46.36544964110779,46.68844522339141,46.27316267446402,46.580780029296875,2811800,0.0,0.0,0.0
2010-10-19,46.10397820278514,46.38852236414593,45.63486303205241,45.90402603149414,3053600,0.0,0.0,0.0
2010-10-20,45.9655428426026,46.58846659266824,45.9655428426026,46.36544418334961,1665500,0.0,0.0,0.0
2010-10-21,46.61154213265118,46.83456456717499,46.06552411736034,46.442352294921875,2393200,0.0,0.0,0.0
2010-10-22,46.55001770708228,46.60385030412956,46.39621196332237,46.580780029296875,792300,0.0,0.0,0.0
2010-10-25,46.85763497802843,47.142179123862675,46.6884451398076,46.734588623046875,1865900,0.0,0.0,0.0
2010-10-26,46.47311636089874,46.80380400142064,46.37314027724741,46.726898193359375,905500,0.0,0.0,0.0
2010-10-27,46.42696796310447,46.66537154238131,46.18856731748392,46.63460922241211,2228900,0.0,0.0,0.0
2010-10-28,46.873012801688944,46.9268453948069,46.396208576791565,46.63460922241211,1896900,0.0,0.0,0.0
2010-10-29,46.596168009004856,46.757665823779284,46.50388396251332,46.696144104003906,1665700,0.0,0.0,0.0
2010-11-01,46.94224200613763,47.17295361453426,46.426983244849815,46.70383834838867,1084000,0.0,0.0,0.0
2010-11-02,47.072967529296875,47.17294361408192,46.88070740744842,47.072967529296875,1004000,0.0,0.0,0.0
2010-11-03,47.180640963115216,47.28061706535023,46.68845543466157,47.265235900878906,1444800,0.0,0.0,0.0
2010-11-04,47.8266222713846,48.203453364902444,47.765100563790554,48.188072204589844,1676600,0.0,0.0,0.0
2010-11-05,48.24960609992175,48.47262563308782,48.172700283608506,48.403411865234375,1623900,0.0,0.0,0.0
2010-11-08,48.257274459515784,48.38032077903844,48.08808467005125,48.34186935424805,1005700,0.0,0.0,0.0
2010-11-09,48.44955373178867,48.52645661186846,47.75741607644324,47.965057373046875,1001800,0.0,0.0,0.0
2010-11-10,47.92659485077889,48.18037957694099,47.59590726231951,48.17268753051758,897200,0.0,0.0,0.0
2010-11-11,47.7804650151747,48.118841622751845,47.63434551013145,48.04193878173828,947900,0.0,0.0,0.0
2010-11-12,47.680498943598515,47.91121044852989,47.211383887832994,47.43440628051758,1219800,0.0,0.0,0.0
2010-11-15,47.58052659159526,47.77278668296837,47.34981506867875,47.365196228027344,804900,0.0,0.0,0.0
2010-11-16,47.088353709011926,47.149878362714944,46.38852690825342,46.611549377441406,2115400,0.0,0.0,0.0
2010-11-17,46.611535554860964,46.8499361831204,46.50387037646559,46.688438415527344,1101300,0.0,0.0,0.0
2010-11-18,47.1344912886353,47.51131947751275,47.1344912886353,47.342132568359375,2305100,0.0,0.0,0.0
2010-11-19,47.34981850393198,47.557459769718164,47.08065552994418,47.53438949584961,3205800,0.0,0.0,0.0
2010-11-22,47.31137217568008,47.542083740234375,46.9806845241448,47.542083740234375,2431800,0.0,0.0,0.0
2010-11-23,47.01912695646739,47.06527043400249,46.67305820909446,46.865318298339844,1481100,0.0,0.0,0.0
2010-11-24,47.180623832544235,47.61897659301758,47.180623832544235,47.61897659301758,924600,0.0,0.0,0.0
2010-11-26,47.2344653430675,47.472868950354176,47.16525451548973,47.295989990234375,351900,0.0,0.0,0.0
2010-11-29,46.98067581260604,47.32674456209496,46.64998822238954,47.226768493652344,1372800,0.0,0.0,0.0
2010-11-30,46.75764943469563,47.21138332692084,46.68843569067294,46.93452835083008,2400700,0.0,0.0,0.0
2010-12-01,47.61897238443447,48.02656572476734,47.61897238443447,47.94197082519531,1611600,0.0,0.0,0.0
2010-12-02,48.00350654615929,48.57259780630807,47.98812831779502,48.55721664428711,1661400,0.0,0.0,0.0
2010-12-03,48.388015335318656,48.780227539818455,48.357255952218594,48.71101379394531,1549800,0.0,0.0,0.0
2010-12-06,48.64949708131788,48.803305756484605,48.564905096949836,48.695640563964844,1132400,0.0,0.0,0.0
2010-12-07,49.172449079609535,49.23397079481586,48.71102594776357,48.74947738647461,2037200,0.0,0.0,0.0
2010-12-08,48.84944605858106,48.97249240397169,48.58028016115036,48.88789749145508,937400,0.0,0.0,0.0
2010-12-09,49.18781607349949,49.18781607349949,48.84943940319075,49.06476974487305,1478600,0.0,0.0,0.0
2010-12-10,49.24164606823446,49.410835861315405,49.072459208809235,49.38007354736328,2079900,0.0,0.0,0.0
2010-12-13,49.59540829365751,49.65693292703987,49.372385898130446,49.39546203613281,9472500,0.0,0.0,0.0
2010-12-14,49.48775339894928,49.649251194641806,49.28011505229124,49.410850524902344,13621700,0.0,0.0,0.0
2010-12-15,49.37238685451837,49.57233898322829,49.11860507104013,49.19551086425781,16901300,0.0,0.0,0.0
2010-12-16,49.24934275622219,49.533889786619625,49.072463834806925,49.48774337768555,11039900,0.0,0.0,0.0
2010-12-17,49.48775681710604,49.66463872021323,49.38778366067112,49.58004379272461,17309800,0.0,0.0,0.0
2010-12-20,49.74920493097312,49.83379980963105,49.472350031239934,49.710750579833984,1739000,0.0,0.0,0.0
2010-12-21,49.91841531795843,50.09529132475109,49.841506583896255,50.01069641113281,1370400,0.0,0.0,0.0
2010-12-22,50.108105175981514,50.2704667962254,50.07717831040699,50.20088577270508,2097600,0.346,0.0,0.0
2010-12-23,50.17769513039634,50.239548865283155,50.03079398471436,50.13130187988281,1424100,0.0,0.0,0.0
2010-12-27,49.98441692366852,50.20089914164481,49.89936949536382,50.16223907470703,2789900,0.0,0.0,0.0
2010-12-28,50.25502460344537,50.278218286393646,50.07719653634425,50.20863723754883,715300,0.0,0.0,0.0
2010-12-29,50.316865131641094,50.37871886904437,50.24727820238814,50.28593826293945,6472400,0.0,0.0,0.0
2010-12-30,50.21634594106085,50.34778659360196,50.162225401319134,50.22407913208008,5767700,0.0,0.0,0.0
2010-12-31,50.11583836704926,50.25500631278637,50.053984635900214,50.20088577270508,5170800,0.0,0.0,0.0
2011-01-03,50.533343473781095,50.9353809389571,50.533343473781095,50.71889877319336,1465100,0.0,0.0,0.0
2011-01-04,50.8889994976584,50.9199263676009,50.28594028052301,50.6183967590332,1474900,0.0,0.0,0.0
2011-01-05,50.48694270927352,50.91990692576286,50.40189532407811,50.89671325683594,5170700,0.0,0.0,0.0
2011-01-06,50.958605070082626,50.997259247627255,50.672535842494966,50.78077697753906,4318100,0.0,0.0,0.0
2011-01-07,50.86578986120301,50.96629773295973,50.28592450377758,50.66476821899414,2944000,0.0,0.0,0.0
2011-01-10,50.50242372430573,50.773026469644144,50.301402014041145,50.70344543457031,1830000,0.0,0.0,0.0
2011-01-11,50.88899279400192,51.004967066334544,50.69570430634638,50.90445327758789,1090700,0.0,0.0,0.0
2011-01-12,51.229183831767564,51.383812266675044,51.09774317352986,51.360618591308594,4015900,0.0,0.0,0.0
2011-01-13,51.36835735455659,51.39928422463205,51.12867558614618,51.28330993652344,1468900,0.0,0.0,0.0
2011-01-14,51.22144305490273,51.623480465341466,51.15958933062113,51.615753173828125,1292800,0.0,0.0,0.0
2011-01-18,51.60029505349924,51.76265668170715,51.515247643671756,51.747196197509766,1288700,0.0,0.0,0.0
2011-01-19,51.71628383975862,51.731750226991956,51.020443881718904,51.128684997558594,1566600,0.0,0.0,0.0
2011-01-20,50.98950146893137,51.10547574304919,50.618390870190304,50.97404098510742,1857700,0.0,0.0,0.0
2011-01-21,51.26011900695864,51.376087402587586,50.98951035396406,51.05909729003906,1342000,0.0,0.0,0.0
2011-01-24,51.02815787526716,51.40700163816073,50.98177052841788,51.34515380859375,2149200,0.0,0.0,0.0
2011-01-25,51.20597162846381,51.376060485839844,50.9585626829142,51.376060485839844,1157500,0.0,0.0,0.0
2011-01-26,51.48432632019505,51.77812863985149,51.399284799907406,51.66988754272461,1396100,0.0,0.0,0.0
2011-01-27,51.69308532537913,51.901834343928144,51.58484421965773,51.824520111083984,1096900,0.0,0.0,0.0
2011-01-28,51.8863491223516,51.94046964941276,50.81166587164053,50.89671325683594,2088100,0.0,0.0,0.0
2011-01-31,50.96631157762254,51.32196171894337,50.89673054720407,51.22918701171875,1255200,0.0,0.0,0.0
2011-02-01,51.58482227492183,52.172420812222875,51.5616286048052,52.07190704345703,2355400,0.0,0.0,0.0
2011-02-02,51.95594263130251,52.16469749926764,51.94048214786265,52.01006317138672,1688900,0.0,0.0,0.0
2011-02-03,51.96367217410545,52.18788750976872,51.615755283518745,52.126033782958984,1807200,0.0,0.0,0.0
2011-02-04,52.187897987288785,52.30387227366665,51.932755736996924,52.272945404052734,1344000,0.0,0.0,0.0
2011-02-07,52.42758014858846,52.790963536813116,52.388925980952656,52.62086868286133,1359300,0.0,0.0,0.0
2011-02-08,52.69818794792122,52.89920377319301,52.528093096769815,52.88374328613281,1621900,0.0,0.0,0.0
2011-02-09,52.75229724762587,52.8914651962719,52.504888216554775,52.744564056396484,2110900,0.0,0.0,0.0
2011-02-10,52.48170159056503,52.860551371214946,52.365733186996735,52.80643081665039,1904400,0.0,0.0,0.0
2011-02-11,52.644054352463314,53.208459382083014,52.597666998879816,53.15433883666992,1559600,0.0,0.0,0.0
2011-02-14,53.1620528286787,53.33214759531674,53.09246592473818,53.293487548828125,1554800,0.0,0.0,0.0
2011-02-15,53.1311500931824,53.21619751511361,52.99198212081293,53.123416900634766,1598400,0.0,0.0,0.0
2011-02-16,53.31670582082609,53.53318802419263,53.21619791174808,53.47134017944336,1925900,0.0,0.0,0.0
2011-02-17,53.316685253060115,53.734189012221535,53.29349158288926,53.664608001708984,2054400,0.0,0.0,0.0
2011-02-18,53.73421365946855,53.83472157587582,53.548658314294336,53.765140533447266,1761600,0.0,0.0,0.0
2011-02-22,53.177535453632025,53.44813819565903,52.46623513210466,52.613136291503906,3178400,0.0,0.0,0.0
2011-02-23,52.55902045564884,52.68272204936794,51.824520491493196,52.17244338989258,3430300,0.0,0.0,0.0
2011-02-24,52.071934664160786,52.38893072042097,51.66216387822326,52.18017578125,4472100,0.0,0.0,0.0
2011-02-25,52.43531139703734,52.84508213070784,52.34253078049586,52.83734893798828,3642300,0.0,0.0,0.0
2011-02-28,53.07702954274414,53.20846432256598,52.80642679055283,53.123416900634766,2694900,0.0,0.0,0.0
2011-03-01,53.301261813984745,53.33991599156692,52.21111136879662,52.22657775878906,1429600,0.0,0.0,0.0
2011-03-02,52.17242766528445,52.59765877023426,52.087380264555264,52.33478927612305,1592000,0.0,0.0,0.0
2011-03-03,52.852813646262014,53.347631788052496,52.821886775062914,53.2857780456543,1299000,0.0,0.0,0.0
2011-03-04,53.30123505117723,53.31669553470743,52.5899289361617,52.930118560791016,2721500,0.0,0.0,0.0
2011-03-07,53.11568432992584,53.20073175285272,52.15697489721094,52.45077133178711,1562800,0.0,0.0,0.0
2011-03-08,52.543546168295336,53.09248481127657,52.28067663448616,52.92238998413086,1123200,0.0,0.0,0.0
2011-03-09,52.85282978296998,53.007458287478165,52.54356687525425,52.845096588134766,1566500,0.0,0.0,0.0
2011-03-10,52.30387698380478,52.30387698380478,51.78586514319182,51.832252502441406,2239000,0.0,0.0,0.0
2011-03-11,51.57711644355338,52.3580038442957,51.57711644355338,52.18017578125,2148700,0.0,0.0,0.0
2011-03-14,51.8554336181815,52.033261616715826,51.45339617179862,51.86316680908203,1622800,0.0,0.0,0.0
2011-03-15,50.479209146410916,51.600279726677485,50.37870128223988,51.31421661376953,4776300,0.0,0.0,0.0
2011-03-16,51.144151129274775,51.33743967783689,50.06173407758727,50.42511749267578,3839700,0.0,0.0,0.0
2011-03-17,51.13640531543415,51.260112787358615,50.749828313715604,51.00497055053711,1712000,0.0,0.0,0.0
2011-03-18,51.638954341198925,51.67760850046375,51.11320940588466,51.24464416503906,2604200,0.0,0.0,0.0
2011-03-21,51.80132748292198,52.12605080667964,51.80132748292198,52.048736572265625,1679300,0.0,0.0,0.0
2011-03-22,52.071920089455354,52.118313340007234,51.8090505640143,51.878631591796875,2036700,0.0,0.0,0.0
2011-03-23,51.739474374824226,52.1337846435123,51.453411114090066,52.002349853515625,1666700,0.0,0.0,0.0
2011-03-24,52.311591337573326,52.57446081025067,51.979134952384214,52.49714660644531,2419700,0.0,0.0,0.0
2011-03-25,52.66253840888551,52.949798935849934,52.53055352225937,52.685829162597656,1956100,0.283,0.0,0.0
2011-03-28,52.81780601538283,52.95755643978497,52.5538362822816,52.56159591674805,1739900,0.0,0.0,0.0
2011-03-29,52.57712331674696,52.95755269719531,52.34420398474245,52.94978713989258,1354200,0.0,0.0,0.0
2011-03-30,53.2448279625343,53.48550696859195,53.15165902951893,53.34575653076172,1276300,0.0,0.0,0.0
2011-03-31,53.33799097216402,53.46998177478222,53.25258759774634,53.34575653076172,1298400,0.0,0.0,0.0
2011-04-01,53.71065716271601,53.82711684029371,53.4622126147967,53.60196304321289,1707400,0.0,0.0,0.0
2011-04-04,53.687358543426804,53.80381820393611,53.50102664064255,53.648536682128906,1091500,0.0,0.0,0.0
2011-04-05,53.57867501011209,53.92028257871315,53.54761869962371,53.679603576660156,1317200,0.0,0.0,0.0
2011-04-06,53.93582234253648,53.99793497347102,53.601974355496495,53.81936264038086,1396900,0.0,0.0,0.0
2011-04-07,53.72617681743351,53.94357095741622,53.41562560708466,53.66407012939453,1506400,0.0,0.0,0.0
2011-04-08,53.87368783117558,53.95132562661844,53.2059921282756,53.43891143798828,1389100,0.0,0.0,0.0
2011-04-11,53.50878552471434,53.6407703738635,53.08953430678378,53.244815826416016,1138100,0.0,0.0,0.0
2011-04-12,52.910961903841404,53.01189043750534,52.60040482352761,52.79450225830078,1699900,0.0,0.0,0.0
2011-04-13,53.04294205405162,53.097289094053785,52.61592536590384,52.82555389404297,1521100,0.0,0.0,0.0
2011-04-14,52.51501494965358,52.92650066918677,52.336448580950766,52.85662841796875,1434300,0.0,0.0,0.0
2011-04-15,52.97308831870158,53.21376730510089,52.80228158381748,53.11283874511719,1376200,0.0,0.0,0.0
2011-04-18,52.49173122169832,52.57713460020255,52.072479888146454,52.476200103759766,2323800,0.0,0.0,0.0
2011-04-19,52.60042320523216,52.786755149182405,52.437382013852485,52.778995513916016,1048100,0.0,0.0,0.0
2011-04-20,53.43890951279673,53.62524139982361,53.392322098502085,53.547603607177734,1324700,0.0,0.0,0.0
2011-04-21,53.765018217643046,53.81936529154129,53.57092067895119,53.81159973144531,985400,0.0,0.0,0.0
2011-04-25,53.81157208259536,53.85039393974145,53.58641834259233,53.757225036621094,886800,0.0,0.0,0.0
2011-04-26,53.95911485477554,54.34730992567321,53.88147702527335,54.23085021972656,1400000,0.0,0.0,0.0
2011-04-27,54.347299361348796,54.66562210083319,54.12214555318837,54.58797836303711,2148700,0.0,0.0,0.0
2011-04-28,54.54915379389653,54.82865462029684,54.50256637390674,54.75101089477539,2221400,0.0,0.0,0.0
2011-04-29,54.79761075882649,54.96841751634703,54.70444182107366,54.89077377319336,1713200,0.0,0.0,0.0
2011-05-02,55.15477682624077,55.20912391937391,54.68117819034242,54.797637939453125,1506000,0.0,0.0,0.0
2011-05-03,54.68114011180854,54.74325272453248,54.20754180571182,54.494808197021484,1150000,0.0,0.0,0.0
2011-05-04,54.48704019604086,54.510330943921645,53.84263519554489,54.09107971191406,1715100,0.0,0.0,0.0
2011-05-05,53.7805227025241,54.18424874461702,53.41562444595774,53.65630340576172,1500000,0.0,0.0,0.0
2011-05-06,54.184277880396934,54.456013291354246,53.679623018111805,53.889251708984375,1709600,0.0,0.0,0.0
2011-05-09,53.959098741948026,54.316237389721636,53.85817018607231,54.17648696899414,1165500,0.0,0.0,0.0
2011-05-10,54.36282400304389,54.75878455291945,54.31624249954753,54.65785598754883,2353500,0.0,0.0,0.0
2011-05-11,54.61904163289054,54.63457275178291,53.84265154308858,54.09886169433594,1841800,0.0,0.0,0.0
2011-05-12,53.935801734459424,54.455981492163474,53.625244621832564,54.35505294799805,1859900,0.0,0.0,0.0
2011-05-13,54.39386685408063,54.440454269435,53.71064597051806,53.85816192626953,1906700,0.0,0.0,0.0
2011-05-16,53.640779773848976,54.098852932806196,53.41563189684997,53.485504150390625,1654300,0.0,0.0,0.0
2011-05-17,53.229282874570046,53.50878367687162,53.00412912141688,53.43891143798828,2058300,0.0,0.0,0.0
2011-05-18,53.47774134534893,54.00568678502655,53.36128758345255,53.95133972167969,1430500,0.0,0.0,0.0
2011-05-19,54.15320050126631,54.23860387198502,53.78053070873146,54.08332824707031,1343800,0.0,0.0,0.0
2011-05-20,53.928048137181634,54.02121706864677,53.53208758268674,53.679603576660156,1274200,0.0,0.0,0.0
2011-05-23,52.98862192249335,53.17495387949687,52.8411059146981,52.99638748168945,1400000,0.0,0.0,0.0
2011-05-24,53.1594354170744,53.26812956604128,52.833352970173735,52.942047119140625,984700,0.0,0.0,0.0
2011-05-25,52.75570149994194,53.37681590896429,52.70911999245036,53.159427642822266,1159000,0.0,0.0,0.0
2011-05-26,53.03519917695165,53.563144615603605,52.94979580280312,53.47774124145508,1121100,0.0,0.0,0.0
2011-05-27,53.656320208689905,53.85818329295149,53.59420757916536,53.726192474365234,937900,0.0,0.0,0.0
2011-05-31,54.25412462307846,54.3084716796875,53.85040447732349,54.3084716796875,1606000,0.0,0.0,0.0
2011-06-01,54.16871940875478,54.19977571481108,53.027431258955566,53.074012756347656,1760600,0.0,0.0,0.0
2011-06-02,53.08176613657185,53.21375096449482,52.68580572941959,52.97307205200195,1726500,0.0,0.0,0.0
2011-06-03,52.351965779366914,52.8333295999998,52.297618728923226,52.429603576660156,2139800,0.0,0.0,0.0
2011-06-06,52.297626348022256,52.406320464744994,51.75415576440857,51.82402801513672,1893100,0.0,0.0,0.0
2011-06-07,52.04919917157156,52.24329671953085,51.78522342618563,51.80075454711914,1369600,0.0,0.0,0.0
2011-06-08,51.715315930411776,51.862831861876074,51.45134036481161,51.52898406982422,1482500,0.0,0.0,0.0
2011-06-09,51.67652498112601,52.126832676603485,51.53677452126702,51.89391326904297,1047900,0.0,0.0,0.0
2011-06-10,51.69206030909918,51.70758550662007,51.03212983180058,51.156349182128906,1743300,0.0,0.0,0.0
2011-06-13,51.249501683041125,51.43583361040266,50.89236302085436,51.14856719970703,2814600,0.0,0.0,0.0
2011-06-14,51.63769903443148,52.033653657907,51.614408282860616,51.85508728027344,1577100,0.0,0.0,0.0
2011-06-15,51.43583369396568,51.61440598704175,50.799194178009735,50.93117904663086,3630600,0.0,0.0,0.0
2011-06-16,50.94671404677919,51.303852736774594,50.605100550528974,51.01658630371094,3040000,0.0,0.0,0.0
2011-06-17,51.5212476345486,51.536772830296165,51.001067687902534,51.17963409423828,5544400,0.0,0.0,0.0
2011-06-20,51.02434285518683,51.536757085722435,50.98552099259848,51.42030334472656,3463200,0.0,0.0,0.0
2011-06-21,51.68428783693851,52.28210559743363,51.63770632721809,52.2044677734375,1916700,0.0,0.0,0.0
2011-06-22,52.08023553345879,52.375261560886734,51.89389769398185,51.91719436645508,1946600,0.0,0.0,0.0
2011-06-23,51.288314444848645,51.83955055816653,50.931175804813876,51.831790924072266,2929500,0.0,0.0,0.0
2011-06-24,51.849723103598635,51.8653143878993,51.17138623879188,51.24156188964844,1942200,0.283,0.0,0.0
2011-06-27,51.26496224094245,51.873123578868466,51.15580538278151,51.678199768066406,1569800,0.0,0.0,0.0
2011-06-28,51.90430582488172,52.395511627197266,51.826337499711265,52.395511627197266,1814100,0.0,0.0,0.0
2011-06-29,52.5904379578281,52.91791445714461,52.41111139612358,52.85553741455078,2576800,0.0,0.0,0.0
2011-06-30,53.003687098427484,53.40132740333182,52.94131004913169,53.33115768432617,1973000,0.0,0.0,0.0
2011-07-01,53.35455618803089,54.1654401137308,53.23760068890617,54.09526443481445,2021300,0.0,0.0,0.0
2011-07-05,54.07184326060226,54.21218858868409,53.92370526606057,54.087440490722656,2259400,0.0,0.0,0.0
2011-07-06,53.962717572621614,54.26679830077488,53.82237216358135,54.19662857055664,1753600,0.0,0.0,0.0
2011-07-07,54.69560895361165,54.90612399975174,54.57085489026852,54.781375885009766,1558900,0.0,0.0,0.0
2011-07-08,54.18880670192418,54.407120367076594,53.96269442055882,54.39152908325195,1598100,0.0,0.0,0.0
2011-07-11,53.70541035390654,53.90813279838887,53.2453929802539,53.385738372802734,1961300,0.0,0.0,0.0
2011-07-12,53.2063995633316,53.67421550047754,53.097242709617625,53.15182113647461,2108900,0.0,0.0,0.0
2011-07-13,53.42470003078367,53.89252180059406,53.21418499324972,53.354530334472656,1904000,0.0,0.0,0.0
2011-07-14,53.479293673998946,53.71320462551753,52.800962622079744,52.902320861816406,2059600,0.0,0.0,0.0
2011-07-15,53.151812410636296,53.260969246430186,52.83993318753887,53.237579345703125,4489000,0.0,0.0,0.0
2011-07-18,52.99587440521677,53.05045282170468,52.34872607500199,52.74637222290039,4783200,0.0,0.0,0.0
2011-07-19,53.04265348301589,53.67420457214588,53.04265348301589,53.635223388671875,1841300,0.0,0.0,0.0
2011-07-20,53.78336690183051,53.798958185369315,53.47148769364438,53.604034423828125,1390000,0.0,0.0,0.0
2011-07-21,53.86133578789802,54.40711994656067,53.76777023986963,54.258975982666016,2111200,0.0,0.0,0.0
2011-07-22,54.26677213451902,54.399318860089295,53.99388006757996,54.3525390625,1162700,0.0,0.0,0.0
2011-07-25,53.79897889931612,54.29018482603004,53.72880917347274,54.00170135498047,3126000,0.0,0.0,0.0
2011-07-26,53.97048985469644,54.03286688351976,53.65861065918071,53.77556610107422,1500300,0.0,0.0,0.0
2011-07-27,53.45589323542017,53.47928313624267,52.53585279525925,52.590431213378906,2134000,0.0,0.0,0.0
2011-07-28,52.574837541846364,53.08164051486093,52.348725263159835,52.411102294921875,2786000,0.0,0.0,0.0
2011-07-29,51.904313535949385,52.57485193951597,51.63142138301015,52.12262725830078,5091800,0.0,0.0,0.0
2011-08-01,52.75417591612718,52.832144240241874,51.405300709395924,51.88871383666992,5148500,0.0,0.0,0.0
2011-08-02,51.55345272736124,51.83414349682041,50.516456604003906,50.516456604003906,3528500,0.0,0.0,0.0
2011-08-03,50.55541729243265,50.843906563087806,49.64317563599926,50.79712677001953,5828400,0.0,0.0,0.0
2011-08-04,50.103210956553816,50.11880224184284,48.21634718638658,48.247535705566406,7792400,0.0,0.0,0.0
2011-08-05,48.8557065041832,48.98045763097726,46.78171716229358,48.044822692871094,7689700,0.0,0.0,0.0
2011-08-08,46.680351230837196,47.241732731900726,44.66873914252817,44.715518951416016,11876100,0.0,0.0,0.0
2011-08-09,45.45622700915523,46.97663315852366,43.99039928277379,46.953243255615234,9100300,0.0,0.0,0.0
2011-08-10,46.06439063846207,46.5633950558527,44.8480651403467,44.95722198486328,6008700,0.0,0.0,0.0
2011-08-11,45.300294781446624,47.60819508106643,45.128763841602314,47.015625,5850900,0.0,0.0,0.0
2011-08-12,47.421058158911514,47.7251387875083,46.94544364780334,47.32749557495117,3018800,0.0,0.0,0.0
2011-08-15,47.73294904292405,48.39568888354438,47.67057198887422,48.35670471191406,2803500,0.0,0.0,0.0
2011-08-16,47.90447075296503,48.356695384694554,47.3976706709211,47.89667510986328,3085300,0.0,0.0,0.0
2011-08-17,48.18515926386935,48.53602267323485,47.514620964704385,47.90446853637695,2398600,0.0,0.0,0.0
2011-08-18,46.61017762869228,46.65696041096339,45.308088085641145,45.76810836791992,5826100,0.0,0.0,0.0
2011-08-19,45.08197531199761,46.28270660948449,44.887051515949786,44.94942855834961,4061700,0.0,0.0,0.0
2011-08-22,45.970825079475624,45.9864193393067,44.83247088051563,44.95722198486328,2330500,0.0,0.0,0.0
2011-08-23,45.15213885613063,46.52440079378931,44.87144817076168,46.50101089477539,3714000,0.0,0.0,0.0
2011-08-24,46.430834524898046,47.218328104376134,46.28269355244288,47.16374969482422,3163200,0.0,0.0,0.0
2011-08-25,47.46004224608232,47.68615455007187,46.22812547393054,46.37626647949219,3379100,0.0,0.0,0.0
2011-08-26,46.13456431508037,47.335295656660286,45.42504179038337,47.148170471191406,2649000,0.0,0.0,0.0
2011-08-29,47.77192022747576,48.63738228417541,47.74073170892964,48.621788024902344,1942400,0.0,0.0,0.0
2011-08-30,48.40348444338518,49.07401988623355,48.04482235386917,48.75434494018555,2465000,0.0,0.0,0.0
2011-08-31,49.12078694082905,49.5184300978483,48.59059408193638,48.94925308227539,4318100,0.0,0.0,0.0
2011-09-01,48.97264363391987,49.42486518371163,48.32549536136742,48.395668029785156,3652400,0.0,0.0,0.0
2011-09-02,47.35868742254336,47.63937519414995,46.922057042875686,47.07019805908203,2225600,0.0,0.0,0.0
2011-09-06,45.63554596826769,46.81288704698479,45.61995171184028,46.773902893066406,2405600,0.0,0.0,0.0
2011-09-07,47.4990212565094,48.17735809490719,47.343084625167954,48.169559478759766,1325200,0.0,0.0,0.0
2011-09-08,47.834297747176464,48.41906912782313,47.50682720167884,47.592594146728516,2727300,0.0,0.0,0.0
2011-09-09,47.0545869509927,47.27290354981168,46.09556256204166,46.35286331176758,2610800,0.0,0.0,0.0
2011-09-12,45.744712674883566,46.68034744262695,45.619961570804506,46.68034744262695,2692100,0.0,0.0,0.0
2011-09-13,46.83629119634167,47.319701395487684,46.50102201688363,47.148170471191406,1683700,0.0,0.0,0.0
2011-09-14,47.421060307575644,48.395679276367154,46.68034929643389,47.81870651245117,2517200,0.0,0.0,0.0
2011-09-15,48.302128737385274,48.66078789353769,47.896686788312266,48.652992248535156,3961800,0.0,0.0,0.0
2011-09-16,48.83231579489257,49.089613688420116,48.4190752775583,48.88689422607422,1550500,0.0,0.0,0.0
2011-09-19,48.060400920768245,48.621782291194506,47.71733618011913,48.37228012084961,2066400,0.0,0.0,0.0
2011-09-20,48.543817041618276,49.011635899924876,48.16956373955351,48.20075225830078,3733600,0.0,0.0,0.0
2011-09-21,48.18514372040888,48.34108329363544,46.24370510535312,46.63355255126953,4794000,0.0,0.0,0.0
2011-09-22,45.33147558094814,45.79149583878384,44.55957904744646,45.19892883300781,7423500,0.0,0.0,0.0
2011-09-23,44.905782581918174,45.728806437689165,44.78036945142055,45.462303161621094,4869000,0.306,0.0,0.0
2011-09-26,45.95610599462109,46.59884848488846,45.19578741878215,46.53614044189453,2532000,0.0,0.0,0.0
2011-09-27,47.45322706007227,47.954879453465374,46.84183558930082,47.12401580810547,3318600,0.0,0.0,0.0
2011-09-28,47.24158912860105,47.47673830046874,45.97961821847427,46.05016326904297,2326600,0.0,0.0,0.0
2011-09-29,46.881030048147004,47.04563418061978,45.52499997523883,46.38721466064453,2724200,0.0,0.0,0.0
2011-09-30,45.74446929174388,46.159899597272485,45.187948884321806,45.24281692504883,2520500,0.0,0.0,0.0
2011-10-03,44.97632568920685,45.51716923020172,43.71435443680074,43.74570846557617,4172100,0.0,0.0,0.0
2011-10-04,43.1735093764923,44.95280709065428,42.7815930008455,44.84307098388672,4981800,0.0,0.0,0.0
2011-10-05,44.99200277314133,45.87773166178084,44.57656936643653,45.76015853881836,7841300,0.0,0.0,0.0
2011-10-06,45.69744856109262,46.685079496954735,45.383917256281585,46.6458854675293,2284500,0.0,0.0,0.0
2011-10-07,46.91237328186342,46.928050290457215,45.979613696159916,46.22260284423828,3014200,0.0,0.0,0.0
2011-10-10,47.02996425941342,47.81379699707031,47.02212724767408,47.81379699707031,1636300,0.0,0.0,0.0
2011-10-11,47.50025249852107,48.025421874740175,47.453224458021786,47.85297775268555,2688300,0.0,0.0,0.0
2011-10-12,48.260578520239854,48.87980706342391,48.17435644586177,48.30760955810547,2856600,0.0,0.0,0.0
2011-10-13,48.04110457326589,48.401666880178155,47.6491882422523,48.24489974975586,2149100,0.0,0.0,0.0
2011-10-14,48.84845864253115,49.122798919677734,48.244907042723895,49.122798919677734,1654500,0.0,0.0,0.0
2011-10-17,48.89548649601256,48.91116350941033,48.00975467458831,48.1273307800293,3651800,0.0,0.0,0.0
2011-10-18,48.072454887285645,49.44416193996915,47.65702157521575,49.099273681640625,2640900,0.0,0.0,0.0
2011-10-19,49.036574472382945,49.303077708268674,48.33896086220822,48.448699951171875,2146000,0.0,0.0,0.0
2011-10-20,48.62114370301762,48.83277890074697,47.876504995184405,48.668174743652344,1829000,0.0,0.0,0.0
2011-10-21,49.2482055744946,49.67931292294584,49.12278948322306,49.58525085449219,1808400,0.0,0.0,0.0
2011-10-24,49.72634125160969,50.51017687612076,49.68715021790519,50.416114807128906,1737600,0.0,0.0,0.0
2011-10-25,50.133931409584285,50.16528543059857,49.27955377249104,49.38928985595703,3056600,0.0,0.0,0.0
2011-10-26,49.95364481959279,50.07905789987246,48.98953120430217,49.92229080200195,1772900,0.0,0.0,0.0
2011-10-27,51.28616624436585,52.00729078688415,50.85505593081251,51.646728515625,5321400,0.0,0.0,0.0
2011-10-28,51.45862131035794,51.77998962864969,51.380239231274786,51.69376754760742,1285900,0.0,0.0,0.0
2011-10-31,51.06670996798629,51.145092054794915,50.38477325439453,50.38477325439453,1729900,0.0,0.0,0.0
2011-11-01,48.911160584779886,49.60093119252964,48.72303942533988,49.044410705566406,2837000,0.0,0.0,0.0
2011-11-02,49.77336355181432,49.99283569411366,49.310902259052384,49.85174560546875,2117800,0.0,0.0,0.0
2011-11-03,50.384759416161536,50.89425181073972,49.655794846729556,50.82370376586914,2056700,0.0,0.0,0.0
2011-11-04,50.40044566357196,50.643431890107095,49.906627228782504,50.54936981201172,1625300,0.0,0.0,0.0
2011-11-07,50.51019389968293,50.82372227498811,49.96934728599177,50.808048248291016,1455000,0.0,0.0,0.0
2011-11-08,51.082362492004705,51.46644472199022,50.502328117561575,51.419410705566406,1909600,0.0,0.0,0.0
2011-11-09,50.19664346958038,50.431789675757656,49.38145679846174,49.4598388671875,1885800,0.0,0.0,0.0
2011-11-10,50.12608148733608,50.157435500273856,49.38144012552188,49.89876937866211,1363100,0.0,0.0,0.0
2011-11-11,50.51801127644223,50.98831564476793,50.470983231677046,50.88641357421875,1234100,0.0,0.0,0.0
2011-11-14,50.70614758453073,50.75317564058192,50.165301019262444,50.38477325439453,1189700,0.0,0.0,0.0
2011-11-15,50.22799421427246,50.9256047466789,50.05555008623165,50.690452575683594,1076700,0.0,0.0,0.0
2011-11-16,50.15745593834657,50.77668150073064,49.757699585706085,49.84392166137695,3342400,0.0,0.0,0.0
2011-11-17,49.75771627010484,49.890969429027976,48.723056995288864,49.028751373291016,1795500,0.0,0.0,0.0
2011-11-18,49.22470183299445,49.27173287990054,48.762240337048745,48.95819854736328,2139800,0.0,0.0,0.0
2011-11-21,48.22922372305736,48.27625476017021,47.617835191012105,48.04894256591797,2008400,0.0,0.0,0.0
2011-11-22,47.90784681873216,48.19786702841045,47.56296155732503,47.821624755859375,1586600,0.0,0.0,0.0
2011-11-23,47.36701529207215,47.42972035983653,46.73210966173097,46.7556266784668,2141900,0.0,0.0,0.0
2011-11-25,46.63019883304265,47.17104220588142,46.59884481401563,46.60668182373047,1011000,0.0,0.0,0.0
2011-11-28,47.88434486983258,48.174362162541485,47.633518618286814,48.00975799560547,1887100,0.0,0.0,0.0
2011-11-29,48.174364606830366,48.4643849043392,47.970569388390984,48.158687591552734,1229700,0.0,0.0,0.0
2011-11-30,49.54606129193891,50.28286589961256,49.46767922265138,50.1966438293457,2363400,0.0,0.0,0.0
2011-12-01,50.12609877095321,50.48666406389499,49.977168653188905,50.1966438293457,1561400,0.0,0.0,0.0
2011-12-02,50.67479016300724,50.847234330549504,50.133943633928226,50.17313766479492,1746900,0.0,0.0,0.0
2011-12-05,50.90210118208827,51.14508742324182,50.43963674550806,50.72181701660156,2032800,0.0,0.0,0.0
2011-12-06,50.76885246926542,51.05887278465873,50.52586619269035,50.745338439941406,1241400,0.0,0.0,0.0
2011-12-07,50.572881754549535,51.07454017023732,50.14961438088308,50.87858200073242,3885800,0.0,0.0,0.0
2011-12-08,50.557216551721645,50.65127864235342,49.600939560892925,49.72635269165039,1964600,0.0,0.0,0.0
2011-12-09,49.93014597597089,50.72181572519604,49.875277923553526,50.61207962036133,2099300,0.0,0.0,0.0
2011-12-12,50.12611121907466,50.165302263450975,49.4363374757284,49.83609390258789,1369700,0.0,0.0,0.0
2011-12-13,50.14177456237319,50.4004407668778,49.0757617015376,49.30307388305664,1525300,0.0,0.0,0.0
2011-12-14,49.067932095720955,49.2638902957679,48.63682465363464,48.73872375488281,1896300,0.0,0.0,0.0
2011-12-15,49.31091891376785,49.318755925746764,48.809266424746056,48.919002532958984,5062400,0.0,0.0,0.0
2011-12-16,49.2638687528812,49.60875694779993,48.9424975649419,49.083587646484375,1320400,0.0,0.0,0.0
2011-12-19,49.310915667856406,49.38929774282477,48.40950685529775,48.51140594482422,2382900,0.0,0.0,0.0
2011-12-20,49.310915806933544,50.102585530651034,49.23253373174411,50.03204345703125,2053200,0.0,0.0,0.0
2011-12-21,50.02493985894436,50.22201258420691,49.520434163406804,50.127418518066406,1728200,0.361,0.0,0.0
2011-12-22,50.340256852539916,50.655574412228255,50.26142595907228,50.64768981933594,1636000,0.0,0.0,0.0
2011-12-23,50.78171314345892,51.033966064453125,50.63194191842688,51.033966064453125,3194000,0.0,0.0,0.0
2011-12-27,50.95513853762734,51.191628284043986,50.86054143622386,51.04185104370117,3100800,0.0,0.0,0.0
2011-12-28,51.06549249650289,51.09702485973547,50.30085223420869,50.41909408569336,2096300,0.0,0.0,0.0
2011-12-29,50.48215402777308,50.939364230038926,50.45062166752894,50.91571044921875,1565200,0.0,0.0,0.0
2011-12-30,50.82111892005958,50.96301153277521,50.67922630734395,50.687110900878906,1267600,0.0,0.0,0.0
2012-01-03,51.562111253226725,51.80647951051974,51.349269339818576,51.404449462890625,2230400,0.0,0.0,0.0
2012-01-04,51.357161095725736,51.51481689386793,51.057606659399106,51.428104400634766,1647400,0.0,0.0,0.0
2012-01-05,51.1916151846662,51.71188407379396,50.9078299672574,51.65670394897461,1146300,0.0,0.0,0.0
2012-01-06,51.68035621358567,51.711888575396316,51.317743074037836,51.5384635925293,1640000,0.0,0.0,0.0
2012-01-09,51.65670394897461,51.72765326041808,51.38868791818994,51.65670394897461,1978900,0.0,0.0,0.0
2012-01-10,52.18485725808259,52.33463445960156,52.074497008810454,52.16909408569336,1368200,0.0,0.0,0.0
2012-01-11,51.99566890550726,52.295217293135636,51.93260418784365,52.26369094848633,1825300,0.0,0.0,0.0
2012-01-12,52.40557783957215,52.4292256025708,51.94836770765869,52.389808654785156,945000,0.0,0.0,0.0
2012-01-13,52.011442566115164,52.145450592041016,51.63306024176703,52.145450592041016,1294700,0.0,0.0,0.0
2012-01-17,52.60265628820008,52.67359958493476,52.169093871990924,52.26369094848633,2181700,0.0,0.0,0.0
2012-01-18,52.287343828466426,52.90220985037245,52.16121438080207,52.894325256347656,2007300,0.0,0.0,0.0
2012-01-19,53.10717664701437,53.26483247046913,52.94163622813163,53.21753692626953,4201300,0.0,0.0,0.0
2012-01-20,53.09926457049003,53.233272552490234,52.98101975700353,53.233272552490234,1537600,0.0,0.0,0.0
2012-01-23,53.23328858233214,53.532843001925215,52.96527253762556,53.24905776977539,3387500,0.0,0.0,0.0
2012-01-24,52.941628180521,53.26482437372973,52.82338332381215,53.24117660522461,1551900,0.0,0.0,0.0
2012-01-25,53.193881293205195,53.832395102277125,52.981039347392375,53.72991943359375,1737900,0.0,0.0,0.0
2012-01-26,53.98216569049148,54.07675675329127,53.23328569629215,53.45400619506836,2632700,0.0,0.0,0.0
2012-01-27,53.193886450990455,53.603795179652785,53.16235408506507,53.49343490600586,2056600,0.0,0.0,0.0
2012-01-30,52.98892241934715,53.35153556063619,52.77608047964902,53.28058624267578,1760300,0.0,0.0,0.0
2012-01-31,53.60379274426034,53.63532510875311,53.02833761708853,53.25694274902344,2250500,0.0,0.0,0.0
2012-02-01,53.70626670073318,54.09253364277938,53.62743879911391,53.87180709838867,1993200,0.0,0.0,0.0
2012-02-02,53.99007081199355,54.10043111563656,53.753587024552296,53.96642303466797,19893800,0.0,0.0,0.0
2012-02-03,54.54184932391746,54.786217578506275,54.43936765778747,54.77045440673828,2399700,0.0,0.0,0.0
2012-02-06,54.58125272292729,54.76256225122355,54.470892493244854,54.738914489746094,2289600,0.0,0.0,0.0
2012-02-07,54.62855618813692,54.95175229670488,54.41571429896481,54.86503982543945,1967000,0.0,0.0,0.0
2012-02-08,54.91235213981621,55.06212333524324,54.62068231430824,54.98329544067383,2407100,0.0,0.0,0.0
2012-02-09,55.08577812886476,55.148842858237884,54.723164956244716,55.07001495361328,1780800,0.0,0.0,0.0
2012-02-10,54.57339300685101,54.69163185510395,54.42361578015259,54.636451721191406,1365200,0.0,0.0,0.0
2012-02-13,55.038508515321176,55.10945787283319,54.794140091617855,55.05427169799805,1499600,0.0,0.0,0.0
2012-02-14,54.94387428847332,55.006939004983714,54.62067814117671,54.975406646728516,1875500,0.0,0.0,0.0
2012-02-15,55.18035540847583,55.25918328479451,54.61278507629105,54.738914489746094,2022900,0.0,0.0,0.0
2012-02-16,54.74680161127348,55.432616872055796,54.667973722652874,55.3931999206543,1601500,0.0,0.0,0.0
2012-02-17,55.55875457838989,55.59028092718677,55.322264863130236,55.472042083740234,2093300,0.0,0.0,0.0
2012-02-21,55.63760428621646,55.71643221747229,55.28286957428674,55.44841003417969,1525900,0.0,0.0,0.0
2012-02-22,55.345918136121476,55.50357996670223,55.17249312957458,55.27497482299805,1781800,0.0,0.0,0.0
2012-02-23,55.24342452356035,55.598153002392,55.03846721743129,55.58238983154297,1500800,0.0,0.0,0.0
2012-02-24,55.69275290802394,55.79522855921946,55.550860306424326,55.66122055053711,1267400,0.0,0.0,0.0
2012-02-27,55.29072953437461,55.881947776627705,55.15672150953449,55.70852279663086,1350500,0.0,0.0,0.0
2012-02-28,55.76370255756074,55.92924294259786,55.62969453360444,55.86618423461914,1839300,0.0,0.0,0.0
2012-02-29,55.95290770953215,56.11844812707056,55.49569740536847,55.50358200073242,2211400,0.0,0.0,0.0
2012-03-01,55.7085206739914,56.03960143363418,55.661225140951785,55.92924118041992,2413800,0.0,0.0,0.0
2012-03-02,55.88983290552191,55.945013034759775,55.52721976850405,55.653343200683594,1609400,0.0,0.0,0.0
2012-03-05,55.52721051053829,55.57450603794723,55.20400836875846,55.40108108520508,2700400,0.0,0.0,0.0
2012-03-06,54.87293954064383,54.88082413498142,54.3684337583381,54.51032638549805,2393600,0.0,0.0,0.0
2012-03-07,54.707394802589455,55.0463601620025,54.62856690802004,54.98329544067383,1411000,0.0,0.0,0.0
2012-03-08,55.353792432417926,55.65334083351345,55.164604285104055,55.550865173339844,1697300,0.0,0.0,0.0
2012-03-09,55.65334198988945,55.976544178524684,55.5902772680802,55.82676696777344,1462200,0.0,0.0,0.0
2012-03-12,55.85830665520931,55.9213713852903,55.613938343875056,55.787357330322266,1431600,0.0,0.0,0.0
2012-03-13,56.110555639940934,56.82001876831055,56.00807997135881,56.82001876831055,1521000,0.0,0.0,0.0
2012-03-14,56.835771159069466,56.95401599372678,56.528338197469736,56.70176315307617,1893700,0.0,0.0,0.0
2012-03-15,56.788491486127334,57.06439216790397,56.62295107706135,57.032859802246094,1713900,0.0,0.0,0.0
2012-03-16,57.15107733348552,57.18260968406087,56.99342159478965,57.119544982910156,1178200,0.0,0.0,0.0
2012-03-19,57.080152219637014,57.53735641302103,57.01708749841755,57.33240509033203,1963700,0.0,0.0,0.0
2012-03-20,57.0249677424456,57.21416191162641,56.82001641377423,57.13533401489258,1547300,0.0,0.0,0.0
2012-03-21,57.158978110090935,57.237806001760156,56.92248842090063,57.072265625,2033400,0.0,0.0,0.0
2012-03-22,56.63869903387451,56.772707041274415,56.4179785477612,56.61505126953125,1823700,0.0,0.0,0.0
2012-03-23,56.63082793319465,56.898850026032285,56.32339489512275,56.84366989135742,1260600,0.0,0.0,0.0
2012-03-26,57.26956872918849,57.63374328613281,57.26956872918849,57.63374328613281,1585200,0.308,0.0,0.0
2012-03-27,57.67334185905395,57.74459552662612,57.42792531071181,57.443756103515625,2398100,0.0,0.0,0.0
2012-03-28,57.39624128669216,57.52291175286022,56.78665627820413,57.15873718261719,2864300,0.0,0.0,0.0
2012-03-29,56.84209441143803,57.13500940432156,56.55709179567174,57.055843353271484,1567300,0.0,0.0,0.0
2012-03-30,57.37249589025236,57.38041430490822,56.96874130253278,57.20624542236328,1244400,0.0,0.0,0.0
2012-04-02,57.206257748407346,57.83959213778337,57.07166883018094,57.689178466796875,2391100,0.0,0.0,0.0
2012-04-03,57.62584271144896,57.744594795911866,57.15875278989007,57.49917221069336,1861200,0.0,0.0,0.0
2012-04-04,57.0637466664845,57.07165904150745,56.644161270992555,56.85791015625,2402000,0.0,0.0,0.0
2012-04-05,56.6995904358196,56.97667462144922,56.60458755503991,56.818336486816406,1198700,0.0,0.0,0.0
2012-04-09,56.050420311693436,56.37500292425341,55.97124822279271,56.15333557128906,1735700,0.0,0.0,0.0
2012-04-10,56.0345688316576,56.177070098456745,55.076645998166995,55.10039520263672,5396000,0.0,0.0,0.0
2012-04-11,55.7100053042067,55.81292057200238,55.49625031111502,55.55958557128906,2120500,0.0,0.0,0.0
2012-04-12,55.67039418761465,56.4303988475162,55.63080815783618,56.39873123168945,1428600,0.0,0.0,0.0
2012-04-13,56.24833280432421,56.24833280432421,55.67832764539231,55.70999526977539,1567400,0.0,0.0,0.0
2012-04-16,56.01081785423668,56.08998387995679,55.448731219649076,55.65456771850586,1439000,0.0,0.0,0.0
2012-04-17,56.034577119122055,56.65208068658632,55.987078703157636,56.50166702270508,1287900,0.0,0.0,0.0
2012-04-18,56.31164238433772,56.48581123774306,56.19289638427014,56.30373001098633,1873500,0.0,0.0,0.0
2012-04-19,56.27208513534751,56.58083694023903,55.709998361314696,55.979164123535156,2368300,0.0,0.0,0.0
2012-04-20,56.256245740924555,56.43833307294599,56.05041524035646,56.066246032714844,1219600,0.0,0.0,0.0
2012-04-23,55.51205775889547,55.61497297220938,55.187469252322956,55.58330535888672,2151700,0.0,0.0,0.0
2012-04-24,55.6703970804444,55.92373198024242,55.55956343928155,55.76539993286133,2764700,0.0,0.0,0.0
2012-04-25,56.31956577058653,56.604568275873255,56.287898154445756,56.58873748779297,1536200,0.0,0.0,0.0
2012-04-26,56.50957293190974,57.07165960309794,56.44624373119829,57.00041198730469,1029400,0.0,0.0,0.0
2012-04-27,57.119163716746684,57.27749577756304,56.81832434522228,57.13499450683594,1252600,0.0,0.0,0.0
2012-04-30,57.000411222222574,57.07957725203504,56.72332709788851,56.842079162597656,1108900,0.0,0.0,0.0
2012-05-01,56.84207686794234,57.62583079941391,56.786660045312644,57.20624542236328,2125400,0.0,0.0,0.0
2012-05-02,56.89750473648388,57.12709048622961,56.67583136294943,57.079586029052734,1403700,0.0,0.0,0.0
2012-05-03,57.1033418339003,57.11917866811592,56.43833975642525,56.580841064453125,1432600,0.0,0.0,0.0
2012-05-04,56.27206550264055,56.31164549152048,55.59914529188178,55.63872528076172,1771800,0.0,0.0,0.0
2012-05-07,55.48832371525598,55.86041076395856,55.4170760880484,55.67832946777344,1105600,0.0,0.0,0.0
2012-05-08,55.36956935145737,55.55165062028749,54.74414743334045,55.47248458862305,1909000,0.0,0.0,0.0
2012-05-09,54.86289620200666,55.48039966783329,54.617473666628385,55.13998031616211,2191700,0.0,0.0,0.0
2012-05-10,55.56748467897811,55.591233883294755,55.155811670887,55.2824821472168,2928000,0.0,0.0,0.0
2012-05-11,54.9024563083055,55.60704396050028,54.87870711283488,55.132041931152344,1075400,0.0,0.0,0.0
2012-05-14,54.63330804258527,54.87872452696196,54.411640761215295,54.50663757324219,1631300,0.0,0.0,0.0
2012-05-15,54.46706479063473,54.78372892594419,54.10289016306266,54.21372985839844,1185200,0.0,0.0,0.0
2012-05-16,54.42748349595047,54.68081845025962,53.9445627955515,53.96039962768555,1893600,0.0,0.0,0.0
2012-05-17,53.96039205980143,54.03163967446704,53.02621841430664,53.02621841430664,2499400,0.0,0.0,0.0
2012-05-18,53.21621457313868,53.34287900415898,52.4878774848256,52.5828742980957,4340800,0.0,0.0,0.0
2012-05-21,52.74120772584011,53.5566291809082,52.61453726603382,53.5566291809082,2172400,0.0,0.0,0.0
2012-05-22,53.643721458012735,54.03955764283282,53.26371606299388,53.57246780395508,1907800,0.0,0.0,0.0
2012-05-23,53.22414201035497,53.74664269185855,52.69371687309483,53.667476654052734,1777100,0.0,0.0,0.0
2012-05-24,53.825817840819255,53.88915309777734,53.3033170708714,53.77040100097656,1193600,0.0,0.0,0.0
2012-05-25,53.77830156585535,53.89705362323521,53.50912983312896,53.64371871948242,692900,0.0,0.0,0.0
2012-05-29,54.03954614915907,54.37996543729978,53.88120808491946,54.29288101196289,2231400,0.0,0.0,0.0
2012-05-30,53.83372531467014,53.85747452120607,53.34288623299605,53.437889099121094,962400,0.0,0.0,0.0
2012-05-31,53.44580785970683,53.69914279769466,52.84413511699274,53.303306579589844,1701100,0.0,0.0,0.0
2012-06-01,52.44037419140486,52.62246148747758,51.90995517238092,51.9337043762207,2883200,0.0,0.0,0.0
2012-06-04,51.965377429669715,52.15537712024048,51.41120914884614,51.88621139526367,3083000,0.0,0.0,0.0
2012-06-05,51.76745899141996,52.36913172101063,51.72787295448037,52.282047271728516,1918900,0.0,0.0,0.0
2012-06-06,52.69372652443997,53.50123596191406,52.65414651827838,53.50123596191406,1571300,0.0,0.0,0.0
2012-06-07,54.134558664094136,54.150395495105634,53.37455385503773,53.437889099121094,2965700,0.0,0.0,0.0
2012-06-08,53.31121398986265,53.90496826171875,53.12913272888269,53.90496826171875,1076900,0.0,0.0,0.0
2012-06-11,54.348292971885925,54.395791366927064,53.07370035846382,53.15286636352539,1439700,0.0,0.0,0.0
2012-06-12,53.23996541311309,53.770384436778485,53.01829812202789,53.730804443359375,1324600,0.0,0.0,0.0
2012-06-13,53.55665118142328,53.89707063201848,53.16873330887883,53.334983825683594,1517100,0.0,0.0,0.0
2012-06-14,53.43788426476319,54.087055357935895,53.295382998457924,53.889137268066406,1638500,0.0,0.0,0.0
2012-06-15,54.05538820097171,54.506641208133466,54.01580820664784,54.44330596923828,3736600,0.0,0.0,0.0
2012-06-18,54.2691265074222,54.73621016131681,54.094957673773706,54.601627349853516,1790500,0.0,0.0,0.0
2012-06-19,54.91040350133022,55.40915498756864,54.82331904564042,55.179569244384766,1461100,0.0,0.0,0.0
2012-06-20,55.19540078033933,55.36165125980045,54.69664330197484,55.0766487121582,1764800,0.0,0.0,0.0
2012-06-21,55.13206336451164,55.195398603708085,53.78622275148176,53.83372116088867,1732700,0.0,0.0,0.0
2012-06-22,54.11079644934039,54.364131324790904,53.912878389145305,54.269134521484375,1218300,0.0,0.0,0.0
2012-06-25,53.693052618648586,53.70896371460218,53.183806488828296,53.382728576660156,3125500,0.346,0.0,0.0
2012-06-26,53.51800894752862,53.81240980038729,53.21564343946229,53.63736343383789,2155800,0.0,0.0,0.0
2012-06-27,53.78855166702013,54.234141440212774,53.772640565052335,54.15456771850586,2700300,0.0,0.0,0.0
2012-06-28,53.79651698792285,54.09092401147538,53.398672612074066,54.04317855834961,1266600,0.0,0.0,0.0
2012-06-29,55.053698710603655,55.459495544433594,54.878646239246805,55.459495544433594,2008600,0.0,0.0,0.0
2012-07-02,55.59477615164641,55.658426639121785,55.204884286258356,55.610687255859375,1567800,0.0,0.0,0.0
2012-07-03,55.65842131239992,56.08809393251085,55.57089507104642,56.06422424316406,1297100,0.0,0.0,0.0
2012-07-05,55.87324479814377,56.088078011907356,55.60270756421871,55.833457946777344,1128100,0.0,0.0,0.0
2012-07-06,55.332188779708325,55.411756429620674,55.01391210943636,55.308319091796875,2093000,0.0,0.0,0.0
2012-07-09,55.22079155738344,55.292400619434154,54.934343167935765,55.17304611206055,1117200,0.0,0.0,0.0
2012-07-10,55.45948552636763,55.55497033093846,54.48875066436063,54.67971420288086,1234800,0.0,0.0,0.0
2012-07-11,54.71154585060481,54.862722545570016,54.345529849739954,54.639930725097656,854400,0.0,0.0,0.0
2012-07-12,54.305747728052246,54.63198297262498,53.963601382325336,54.42510223388672,1466600,0.0,0.0,0.0
2012-07-13,54.53650989121607,55.33219867386476,54.52059271601385,55.2765007019043,2240100,0.0,0.0,0.0
2012-07-16,55.16509359482013,55.300359203548496,54.91047347872222,55.1412239074707,670900,0.0,0.0,0.0
2012-07-17,55.36401609978689,55.6027190454107,54.75133245771194,55.507240295410156,1976200,0.0,0.0,0.0
2012-07-18,55.348100817284724,56.05626323353682,55.33218971528225,55.905086517333984,1975400,0.0,0.0,0.0
2012-07-19,56.02443270118923,56.199479079685496,55.809593397045546,56.00055694580078,1023300,0.0,0.0,0.0
2012-07-20,55.714113401623585,55.761858845904406,55.43562360424498,55.4913215637207,1028600,0.0,0.0,0.0
2012-07-23,54.63195873022382,55.037755371121435,54.385291242122925,54.87862014770508,1398100,0.0,0.0,0.0
2012-07-24,54.93435358111499,54.9502646854904,54.02726886612743,54.38532638549805,1128500,0.0,0.0,0.0
2012-07-25,54.5126230792436,54.647888672863786,54.130689912444666,54.39326858520508,1299400,0.0,0.0,0.0
2012-07-26,55.19692498903534,55.35606029411076,54.87864830826174,55.220794677734375,1121000,0.0,0.0,0.0
2012-07-27,55.554992076572546,56.44616572286399,55.43563754179597,56.31089401245117,1422100,0.0,0.0,0.0
2012-07-30,56.263138944486535,56.533676219281126,56.08808648502335,56.25518035888672,1882700,0.0,0.0,0.0
2012-07-31,56.19947097345192,56.350653715996614,55.94485092163086,55.94485092163086,841100,0.0,0.0,0.0
2012-08-01,56.23130512890816,56.24722229853853,55.68228418909096,55.72206497192383,1300600,0.0,0.0,0.0
2012-08-02,55.348089995824516,55.72206456130249,54.926376063050284,55.34013748168945,1165700,0.0,0.0,0.0
2012-08-03,56.16764448120013,56.59731697045314,56.0960354349685,56.46205139160156,1486400,0.0,0.0,0.0
2012-08-06,56.597330873040804,56.82808130750391,56.55755008334738,56.605289459228516,1019600,0.0,0.0,0.0
2012-08-07,56.859926283259554,57.1941141538346,56.83605658830767,56.947452545166016,1085900,0.0,0.0,0.0
2012-08-08,56.74847533906828,57.09062146664083,56.7246056672453,57.019012451171875,945700,0.0,0.0,0.0
2012-08-09,56.91559352840937,57.19408327017636,56.899682430574565,57.066776275634766,699200,0.0,0.0,0.0
2012-08-10,56.89172093913111,57.18612783430953,56.756455367273766,57.17816925048828,1391300,0.0,0.0,0.0
2012-08-13,57.07473799219335,57.17021672568426,56.79624216452109,57.130435943603516,1489400,0.0,0.0,0.0
2012-08-14,57.35322618035431,57.3850544475211,56.96333446052716,57.11451721191406,1070300,0.0,0.0,0.0
2012-08-15,57.04293341644931,57.31346470119829,57.0190637231625,57.24185562133789,897400,0.0,0.0,0.0
2012-08-16,57.30548783565012,57.75107756050403,57.146352550745,57.67946243286133,1422600,0.0,0.0,0.0
2012-08-17,57.73516888683029,57.83861230080272,57.6396901300839,57.79086685180664,1140400,0.0,0.0,0.0
2012-08-20,57.71130569116173,57.790873354277416,57.52830067305801,57.782920837402344,1145100,0.0,0.0,0.0
2012-08-21,57.92613767834629,58.17279922376252,57.48850648103737,57.66355895996094,2609400,0.0,0.0,0.0
2012-08-22,57.464611969665306,57.71127340853312,57.3054706618311,57.5919189453125,2093300,0.0,0.0,0.0
2012-08-23,57.49647494931494,57.50442746654348,57.06680226464368,57.16228103637695,1682300,0.0,0.0,0.0
2012-08-24,57.00312439608146,57.59193219396908,56.97129612719273,57.488494873046875,969800,0.0,0.0,0.0
2012-08-27,57.623773064652916,57.70334071896469,57.39302261771277,57.48054885864258,933600,0.0,0.0,0.0
2012-08-28,57.36914799487646,57.6396852810184,57.273669246162434,57.472591400146484,884000,0.0,0.0,0.0
2012-08-29,57.57602535376262,57.69537985326868,57.3611860405273,57.54419708251953,1230700,0.0,0.0,0.0
2012-08-30,57.329356497634535,57.329356497634535,56.99516272769394,57.11451721191406,718000,0.0,0.0,0.0
2012-08-31,57.47259747140026,57.64764388607488,57.03496625815619,57.45668029785156,1273600,0.0,0.0,0.0
2012-09-04,57.400964392705035,57.59988650553549,56.98720906909099,57.4168815612793,1194900,0.0,0.0,0.0
2012-09-05,57.47257951004698,57.62375618777576,57.297527079456806,57.4168815612793,998200,0.0,0.0,0.0
2012-09-06,57.727206149361585,58.57063406126819,57.727206149361585,58.56267547607422,1738500,0.0,0.0,0.0
2012-09-07,58.68203104006206,58.849124908447266,58.62633308393365,58.849124908447266,1408300,0.0,0.0,0.0
2012-09-10,58.78547565368464,58.86504937569322,58.48311615016916,58.499027252197266,962600,0.0,0.0,0.0
2012-09-11,58.53085413697099,58.84117221944288,58.52290162145711,58.626338958740234,1335000,0.0,0.0,0.0
2012-09-12,58.87297821044922,58.912765055449725,58.658145031059085,58.87297821044922,1364800,0.0,0.0,0.0
2012-09-13,58.85708067216217,59.93125895778321,58.75363727958144,59.75620651245117,2242100,0.0,0.0,0.0
2012-09-14,59.85169015461671,60.40071716417238,59.83577298501195,60.07448196411133,5731100,0.0,0.0,0.0
2012-09-17,59.971051643664964,60.018791016808116,59.65277499125875,59.82782745361328,1347900,0.0,0.0,0.0
2012-09-18,59.708469393271585,59.80395420449204,59.56524521175184,59.72438049316406,2004200,0.0,0.0,0.0
2012-09-19,59.772125244140625,59.93921910888127,59.636853578817615,59.772125244140625,836100,0.0,0.0,0.0
2012-09-20,59.47771362687012,59.71642259810274,59.28675009225681,59.69254684448242,2569500,0.0,0.0,0.0
2012-09-21,59.994921586895195,60.002880172660504,59.692556034035775,59.708473205566406,954600,0.0,0.0,0.0
2012-09-24,59.43181089455963,59.71965547506927,59.375841453916735,59.57573318481445,1437100,0.364,0.0,0.0
2012-09-25,59.71968915620345,59.79964467361411,58.888138354659645,58.96809387207031,1619200,0.0,0.0,0.0
2012-09-26,58.904113320529795,58.91211070047564,58.40038818778508,58.5762939453125,1482600,0.0,0.0,0.0
2012-09-27,58.82412984619455,59.27188530680234,58.64822417232417,59.15994644165039,956900,0.0,0.0,0.0
2012-09-28,58.93608700051953,59.11999010760158,58.656239750796864,58.88811492919922,1398000,0.0,0.0,0.0
2012-10-01,59.159958502858586,59.543753333204556,58.87211390515208,58.99205017089844,1864000,0.0,0.0,0.0
2012-10-02,59.239908956985765,59.33585918148958,58.80814819724698,59.07999801635742,2136000,0.0,0.0,0.0
2012-10-03,59.21593303862162,59.439810833818974,58.904102380994956,59.295894622802734,1118800,0.0,0.0,0.0
2012-10-04,59.49578850454406,59.75964100102896,59.41582691751139,59.74365234375,1614500,0.0,0.0,0.0
2012-10-05,60.00752600133193,60.16743701510702,59.54377552108436,59.7276725769043,1317400,0.0,0.0,0.0
2012-10-08,59.47181169058912,59.59174800182583,59.375867521771106,59.49580383300781,1128700,0.0,0.0,0.0
2012-10-09,59.455820421057425,59.495801223120566,58.8801310325462,58.89612579345703,4611600,0.0,0.0,0.0
2012-10-10,58.88809702358362,58.93606908031746,58.46432758853957,58.55228042602539,1264000,0.0,0.0,0.0
2012-10-11,59.00805741250751,59.072018147589326,58.63225988041598,58.64025115966797,1405800,0.0,0.0,0.0
2012-10-12,58.67224795299479,58.83216507768899,58.2724642915811,58.384403228759766,2111900,0.0,0.0,0.0
2012-10-15,58.504304116506184,58.91208491225259,58.320407159745656,58.864112854003906,948800,0.0,0.0,0.0
2012-10-16,59.12796109462942,59.495767182570766,59.08798641565175,59.47177505493164,2616300,0.0,0.0,0.0
2012-10-17,59.519772774173234,59.79962001984457,59.4078338759047,59.75164794921875,1265200,0.0,0.0,0.0
2012-10-18,59.62371267419904,59.86358522123664,59.41582354011394,59.631710052490234,1156900,0.0,0.0,0.0
2012-10-19,59.44781617093764,59.44781617093764,58.45635461652504,58.600276947021484,1466500,0.0,0.0,0.0
2012-10-22,58.52032145234862,58.704218480074886,58.15252129668287,58.600276947021484,1394100,0.0,0.0,0.0
2012-10-23,57.96863220751615,58.08856852867809,57.52886772999395,57.856693267822266,2302400,0.0,0.0,0.0
2012-10-24,58.072545800594575,58.152507376339734,57.60080422479926,57.696754455566406,1250400,0.0,0.0,0.0
2012-10-25,58.11255457286754,58.20850484984003,57.5048816858045,57.856693267822266,1092600,0.0,0.0,0.0
2012-10-26,57.80868884578676,58.00058319218636,57.40890539899767,57.792694091796875,1154800,0.0,0.0,0.0
2012-10-31,58.032580924163796,58.07255561858291,57.56883054737003,57.82469177246094,1373200,0.0,0.0,0.0
2012-11-01,58.00057737274353,58.58425773037417,57.9286131874321,58.55228042602539,1519100,0.0,0.0,0.0
2012-11-02,58.85614343962314,58.872132099898494,57.91265387781952,57.944637298583984,1467200,0.0,0.0,0.0
2012-11-05,57.88065713695974,58.22447120578852,57.728737448343296,58.12852096557617,1368200,0.0,0.0,0.0
2012-11-06,58.28843205304516,58.776168382051566,58.224465232799005,58.56827926635742,1066100,0.0,0.0,0.0
2012-11-07,58.06456444079127,58.07255571956132,56.99314136496377,57.25699996948242,4727300,0.0,0.0,0.0
2012-11-08,57.24899999828661,57.50486121223712,56.529388427734375,56.529388427734375,1926100,0.0,0.0,0.0
2012-11-09,56.401472066813994,57.34496162433332,56.35349998599201,56.58536911010742,1974100,0.0,0.0,0.0
2012-11-12,56.7612509257575,56.84920377029954,56.513387145799676,56.61732864379883,3436500,0.0,0.0,0.0
2012-11-13,56.32950977511136,56.985154669732495,56.25755165141324,56.40147399902344,1497500,0.0,0.0,0.0
2012-11-14,56.59335014349604,56.6653143441561,55.46596386832543,55.609886169433594,3587700,0.0,0.0,0.0
2012-11-15,55.56990296360778,55.80177811087702,55.22608893147915,55.46596145629883,2332100,0.0,0.0,0.0
2012-11-16,55.54593569226229,55.89774722076859,55.090182621339935,55.769813537597656,1807200,0.0,0.0,0.0
2012-11-19,56.42543560938629,56.9291605578141,56.401449578538966,56.92116928100586,2239700,0.0,0.0,0.0
2012-11-20,56.849224429025924,57.04111884130059,56.53739372149958,56.98514938354492,2151200,0.0,0.0,0.0
2012-11-21,57.00912105651267,57.15304333910397,56.91317083471474,57.129051208496094,1144700,0.0,0.0,0.0
2012-11-23,57.38491006590347,57.87264633178712,57.35293276013063,57.87264633178711,787900,0.0,0.0,0.0
2012-11-26,57.61681325120705,57.800716400146484,57.42491882203705,57.800716400146484,1698500,0.0,0.0,0.0
2012-11-27,57.704747340985065,57.92063384117413,57.480869563168206,57.496864318847656,1655500,0.0,0.0,0.0
2012-11-28,57.28898689798136,57.97661512756195,56.96116144192433,57.95262908935547,1733100,0.0,0.0,0.0
2012-11-29,58.224485306138284,58.40838845269507,57.96862403715526,58.2884521484375,3237100,0.0,0.0,0.0
2012-11-30,58.29643781491263,58.38438458013506,58.08854866931955,58.27244567871094,1773800,0.0,0.0,0.0
2012-12-03,58.584278207595034,58.60027296557082,57.97661160919709,58.01658630371094,1671200,0.0,0.0,0.0
2012-12-04,58.03256139022887,58.19247231450439,57.77670025126159,57.93661117553711,1325600,0.0,0.0,0.0
2012-12-05,58.032580068096706,58.296438668264244,57.6008131133351,58.04856872558594,1913700,0.0,0.0,0.0
2012-12-06,58.00058868355347,58.2564498697144,57.91263582891578,58.23246383666992,1273000,0.0,0.0,0.0
2012-12-07,58.4563486314701,58.520315460744435,58.12053192809874,58.4003791809082,1845700,0.0,0.0,0.0
2012-12-10,58.360385494942946,58.58426324773283,58.32840208737136,58.47232437133789,1318500,0.0,0.0,0.0
2012-12-11,58.72020730191296,59.10399607762295,58.68822388723502,58.84013748168945,2300700,0.0,0.0,0.0
2012-12-12,59.11997399834832,59.279884925984504,58.79214866642001,58.864112854003906,2046200,0.0,0.0,0.0
2012-12-13,58.848129255116724,59.00004893531338,58.36839028106816,58.52830123901367,2235500,0.0,0.0,0.0
2012-12-14,58.384382803707354,58.51231645870672,58.20848317840187,58.28044128417969,1810600,0.0,0.0,0.0
2012-12-17,58.464328070866536,59.0080337524414,58.40835863747842,59.008033752441406,3289300,0.0,0.0,0.0
2012-12-18,59.11997057099782,59.735634316937336,59.00803170809973,59.69565963745117,3438600,0.0,0.0,0.0
2012-12-19,59.83957257319251,59.87155597518101,59.30386431535805,59.327850341796875,3682400,0.0,0.0,0.0
2012-12-20,59.38024849664637,59.662166511060626,59.1869341646697,59.654109954833984,4601000,0.545,0.0,0.0
2012-12-21,58.81638966469814,59.235244434931474,58.77611918567383,59.14664077758789,4402300,0.0,0.0,0.0
2012-12-24,58.96138513251082,59.0097183175713,58.88083801787793,58.94527816772461,1429200,0.0,0.0,0.0
2012-12-26,59.058030400404,59.08219391413919,58.54252162288875,58.66334533691406,2479600,0.0,0.0,0.0
2012-12-27,58.70360913034208,58.81637627850526,57.94645915629626,58.61500549316406,3277500,0.0,0.0,0.0
2012-12-28,58.260593696272124,58.542511550259086,57.97061929064315,57.978675842285156,3618600,0.0,0.0,0.0
2012-12-31,57.89813622995326,59.04997757165566,57.849809199434894,59.025814056396484,8359300,0.0,0.0,0.0
2013-01-02,60.0326947101057,60.53209677926722,60.008531184160425,60.52404022216797,5037200,0.0,0.0,0.0
2013-01-03,60.507910055990465,60.70928088880351,60.28236956114575,60.4354133605957,2634600,0.0,0.0,0.0
2013-01-04,60.52403211818922,60.83011364810018,60.403208359288264,60.74151611328125,2512900,0.0,0.0,0.0
2013-01-07,60.556238856880746,60.63678596328697,60.37097498133117,60.58040237426758,2511200,0.0,0.0,0.0
2013-01-08,60.49985481454292,60.55623840313983,60.16960369179656,60.419307708740234,1407900,0.0,0.0,0.0
2013-01-09,60.564275126221624,60.741482388173125,60.49983500453958,60.60454559326172,1421900,0.0,0.0,0.0
2013-01-10,60.91061698380297,61.031434498307505,60.58842260598211,61.02338409423828,1403700,0.0,0.0,0.0
2013-01-11,61.02341321513593,61.05563328282837,60.822042401070334,61.031463623046875,1248500,0.0,0.0,0.0
2013-01-14,61.01537950667484,61.055656142707775,60.76568157025582,60.9670524597168,2745100,0.0,0.0,0.0
2013-01-15,60.73345296910133,61.12813813636877,60.68511978357297,61.079811096191406,1109100,0.0,0.0,0.0
2013-01-16,60.95897307975105,61.1442369326452,60.88647639110567,61.031463623046875,1211300,0.0,0.0,0.0
2013-01-17,61.30535298735217,61.61949107768872,61.21674930593912,61.450340270996094,1534800,0.0,0.0,0.0
2013-01-18,61.47449668088633,61.651704023207934,61.24896229805921,61.619483947753906,2173800,0.0,0.0,0.0
2013-01-22,61.61945592794518,61.941650390625,61.482525278544436,61.941650390625,3583900,0.0,0.0,0.0
2013-01-23,61.96581787583002,62.086641575255946,61.84499417640409,62.01414489746094,2295000,0.0,0.0,0.0
2013-01-24,61.95778580477344,62.37664064223635,61.90945876404735,62.086666107177734,5386800,0.0,0.0,0.0
2013-01-25,62.32828953468941,62.449113247114816,62.118868321524616,62.433006286621094,2997100,0.0,0.0,0.0
2013-01-28,62.505506831053985,62.513563385264966,62.14304178111348,62.37663269042969,1634100,0.0,0.0,0.0
2013-01-29,62.29608124909721,62.642439346029825,62.21553414069786,62.586055755615234,2279300,0.0,0.0,0.0
2013-01-30,62.57801607275932,62.69078327291746,62.239708326933396,62.336368560791016,2074200,0.0,0.0,0.0
2013-01-31,62.28802717720312,62.424957867964956,62.143039932469975,62.22358703613281,2611300,0.0,0.0,0.0
2013-02-01,62.65048663971426,62.91629758895635,62.5135559611409,62.827693939208984,2550000,0.0,0.0,0.0
2013-02-04,62.53775427978302,62.60219445098037,62.12695587009115,62.167232513427734,2457700,0.0,0.0,0.0
2013-02-05,62.52163896953557,62.91632421110227,62.45719880693427,62.75522994995117,1609800,0.0,0.0,0.0
2013-02-06,62.569961280674676,62.876042811824476,62.50552112295314,62.86799240112305,1739400,0.0,0.0,0.0
2013-02-07,62.86799716182737,62.932431179076524,62.312211513757426,62.75522994995117,2260100,0.0,0.0,0.0
2013-02-08,62.85187488859294,63.133792877197266,62.835767922966085,63.133792877197266,4399000,0.0,0.0,0.0
2013-02-11,63.11769087103325,63.141854394047805,62.94048350845756,63.10157775878906,2112700,0.0,0.0,0.0
2013-02-12,63.101585835886326,63.31101330440569,63.05325878367128,63.206302642822266,1568600,0.0,0.0,0.0
2013-02-13,63.37541937607855,63.46402302104061,63.10155188837329,63.29487228393555,1346500,0.0,0.0,0.0
2013-02-14,63.109627674291595,63.431822286403865,63.05324407807328,63.37543869018555,1287500,0.0,0.0,0.0
2013-02-15,63.43183595820501,63.49627612358682,63.08547775096834,63.302955627441406,1248400,0.0,0.0,0.0
2013-02-19,63.39957554580326,63.76204663648664,63.39957554580326,63.745933532714844,1763000,0.0,0.0,0.0
2013-02-20,63.721792589005275,63.73789955313273,62.892145666051064,62.90019607543945,2507600,0.0,0.0,0.0
2013-02-21,62.73912346774043,62.73912346774043,62.223614403148396,62.47331237792969,2641300,0.0,0.0,0.0
2013-02-22,62.7632621874904,63.07740020751953,62.642438453936805,63.07740020751953,1833200,0.0,0.0,0.0
2013-02-25,63.375457396597135,63.45600453706237,61.901420759206935,61.91753387451172,1979400,0.0,0.0,0.0
2013-02-26,62.1752907685817,62.376661700056204,61.75643578971697,62.31222152709961,2505700,0.0,0.0,0.0
2013-02-27,62.23969677232506,63.25460753068476,62.231646363345085,63.07740020751953,1442500,0.0,0.0,0.0
2013-02-28,63.07741020988066,63.480151955356284,62.93242293569538,63.021026611328125,1564400,0.0,0.0,0.0
2013-03-01,62.7954863617593,63.23044814375718,62.43302128276979,63.16600799560547,1884800,0.0,0.0,0.0
2013-03-04,63.02101285127146,63.45597457885742,62.90824567878806,63.45597457885742,1418100,0.0,0.0,0.0
2013-03-05,63.754021700432084,64.21314706003402,63.71374506637778,64.09232330322266,1855000,0.0,0.0,0.0
2013-03-06,64.30981299504249,64.35008963651575,64.05205846753071,64.18899536132812,2045000,0.0,0.0,0.0
2013-03-07,64.27760698481374,64.39842463343075,64.21316680864904,64.342041015625,1564000,0.0,0.0,0.0
2013-03-08,64.62393688927952,64.72864752057899,64.29368574038386,64.6561508178711,1984200,0.0,0.0,0.0
2013-03-11,64.59174031126226,64.86560182136581,64.511187024429,64.84143829345703,1610000,0.0,0.0,0.0
2013-03-12,64.81724898870489,64.89779609815281,64.53533103296193,64.72864532470703,1505700,0.0,0.0,0.0
2013-03-13,64.7366896261563,64.93000388131165,64.55948233170167,64.84945678710938,1021900,0.0,0.0,0.0
2013-03-14,65.01859983023337,65.23607757336475,64.98637976729749,65.2119140625,1328200,0.0,0.0,0.0
2013-03-15,65.16359832950388,65.21998191307223,64.92195088829688,65.13943481445312,1850700,0.0,0.0,0.0
2013-03-18,64.55142803779225,65.05888027984042,64.43866087289265,64.78501892089844,1983400,0.0,0.0,0.0
2013-03-19,64.92196428408768,65.018624509585,64.18897754645712,64.60782623291016,1522500,0.0,0.0,0.0
2013-03-20,64.96223608376322,65.1877704478018,64.88973938369338,65.09111022949219,1475900,0.0,0.0,0.0
2013-03-21,64.71251647492132,64.93000037741542,64.43059858775213,64.56753540039062,1418500,0.0,0.0,0.0
2013-03-22,64.75690998932161,64.99156653649231,64.70836248762605,64.96729278564453,1648200,0.364,0.0,0.0
2013-03-25,65.17763794998596,65.29900663414956,64.5060357551661,64.748779296875,2905700,0.0,0.0,0.0
2013-03-26,65.00772935500169,65.24238583855461,64.9268148163174,65.23429870605469,1322900,0.0,0.0,0.0
2013-03-27,64.86211556979747,65.30714881603532,64.74074062141031,65.28287506103516,2494200,0.0,0.0,0.0
