Date,Open,High,Low,Close,Volume,Dividends,Stock Splits,Capital Gains
2001-06-15,36.074069852162886,36.451571464357016,35.911354153702206,36.23027801513672,1067400,0.0,0.0,0.0
2001-06-18,36.327940368735746,36.39302819950373,35.9992561340332,35.9992561340332,282600,0.0,0.0,0.0
2001-06-19,36.54596264451253,36.555725193379594,35.95042233516552,36.100120544433594,1777600,0.0,0.0,0.0
2001-06-20,36.041559893708445,36.49716475913732,36.041559893708445,36.480892181396484,476000,0.0,0.0,0.0
2001-06-21,36.44833779124032,36.920212599863525,36.366979894384876,36.77376937866211,240400,0.0,0.0,0.0
2001-06-22,36.741235383532235,36.741235383532235,36.36698847314532,36.539466857910156,180600,0.0,0.0,0.0
2001-06-25,36.60471041608268,36.66343465159942,36.14144282981359,36.3045654296875,30400,0.14,0.0,0.0
2001-06-26,35.91959528518733,36.3926523089131,35.90654517876869,36.20995330810547,146600,0.0,0.0,0.0
2001-06-27,36.27844380660335,36.43504250524901,36.040286345206,36.21319580078125,114000,0.0,0.0,0.0
2001-06-28,36.474194453326746,36.98965969638047,36.474194453326746,36.656890869140625,357400,0.0,0.0,0.0
2001-06-29,36.55576788953122,37.067972645153745,36.51009377035873,36.865699768066406,215000,0.0,0.0,0.0
2001-07-02,36.73518521161356,37.17235479056192,36.73518521161356,36.963558197021484,290000,0.0,0.0,0.0
2001-07-03,36.91462794026608,36.97987595470698,36.81022962372931,36.94398880004883,56800,0.0,0.0,0.0
2001-07-05,36.82980731421106,36.84612056402344,36.523136138916016,36.523136138916016,627600,0.0,0.0,0.0
2001-07-06,36.21320490005913,36.23930510456691,35.56071472167969,35.56071472167969,777000,0.0,0.0,0.0
2001-07-09,35.70100411434853,35.95221176531706,35.65859314417412,35.78908920288086,850000,0.0,0.0,0.0
2001-07-10,35.97177799275859,35.988088750957964,35.31602478027344,35.31602478027344,218000,0.0,0.0,0.0
2001-07-11,35.38128350611444,35.404120565751235,34.99305349228894,35.36170959472656,47200,0.0,0.0,0.0
2001-07-12,35.7075225889101,36.24256431467061,35.704261930266334,36.20015335083008,64800,0.0,0.0,0.0
2001-07-13,36.01745997986707,36.45462722448736,35.984835967277185,36.37306594848633,430000,0.0,0.0,0.0
2001-07-16,36.39264621581919,36.39264621581919,35.91306546370528,35.952213287353516,46400,0.0,0.0,0.0
2001-07-17,35.886978696814566,36.376346588134766,35.80215423205067,36.376346588134766,183400,0.0,0.0,0.0
2001-07-18,36.06640796969302,36.24257818788327,35.8576112401569,35.997894287109375,54400,0.0,0.0,0.0
2001-07-19,36.457887259674244,36.61774665005268,36.05008091448773,36.20015335083008,18600,0.0,0.0,0.0
2001-07-20,36.21320568632924,36.30781706293478,36.05008313819262,36.20341873168945,11600,0.0,0.0,0.0
2001-07-23,36.29475675210142,36.340430853609135,35.57701873779297,35.57701873779297,52000,0.0,0.0,0.0
2001-07-24,35.45305240833144,35.573763984542246,34.842975698935504,35.08439636230469,102400,0.0,0.0,0.0
2001-07-25,35.13659204960808,35.54113771708398,35.05829393195725,35.5280876159668,519200,0.0,0.0,0.0
2001-07-26,35.45632392263516,35.9815788269043,35.36171252799102,35.9815788269043,65000,0.0,0.0,0.0
2001-07-27,36.00766143497095,36.16099449369437,35.802125492611886,36.043548583984375,208000,0.0,0.0,0.0
2001-07-30,36.147956167208754,36.147956167208754,35.857598242662256,36.01419448852539,25600,0.0,0.0,0.0
2001-07-31,36.050099996420705,36.48726743511568,36.02073911877122,36.1610221862793,119200,0.0,0.0,0.0
2001-08-01,36.27845375727864,36.51987692095354,36.19689248310395,36.317604064941406,237400,0.0,0.0,0.0
2001-08-02,36.653620812092605,36.6699340557372,36.29475185337515,36.4317741394043,62200,0.0,0.0,0.0
2001-08-03,36.408963794044666,36.408963794044666,36.06314467880906,36.3045654296875,17600,0.0,0.0,0.0
2001-08-06,36.27845217931687,36.27845217931687,35.82823486151412,35.886959075927734,30400,0.0,0.0,0.0
2001-08-07,35.854341239180044,35.997887407645045,35.82171722312223,35.952213287353516,29200,0.0,0.0,0.0
2001-08-08,35.83801408794239,36.03049993942366,35.267085316662765,35.29970932006836,54400,0.0,0.0,0.0
2001-08-09,35.26383588955472,35.40412139892578,35.107239616660856,35.40412139892578,56200,0.0,0.0,0.0
2001-08-10,35.43022381521303,35.64228366664671,34.95716932967509,35.547672271728516,114200,0.0,0.0,0.0
2001-08-13,35.63901815525339,35.71079248381566,35.469371778785806,35.609657287597656,34200,0.0,0.0,0.0
2001-08-14,35.7401726724043,35.85435802659599,35.466125333290194,35.531375885009766,38600,0.0,0.0,0.0
2001-08-15,35.68795313755756,35.68795313755756,35.22468566894531,35.22468566894531,49800,0.0,0.0,0.0
2001-08-16,35.198593775006806,35.33235549926758,34.940859773108215,35.33235549926758,42800,0.0,0.0,0.0
2001-08-17,35.143122840049514,35.16922304562251,34.692903005599426,34.79404067993164,84600,0.0,0.0,0.0
2001-08-20,34.82665181184265,35.05502230351275,34.81033856712978,35.03871154785156,71800,0.0,0.0,0.0
2001-08-21,35.10398182274279,35.33235494837165,34.54936599731445,34.54936599731445,69800,0.0,0.0,0.0
2001-08-22,34.771215149472454,34.95717481998629,34.49064406918093,34.86908721923828,326800,0.0,0.0,0.0
2001-08-23,34.875598996805344,34.93106006215334,34.745100469064106,34.82339859008789,31000,0.0,0.0,0.0
2001-08-24,34.90823949320998,35.4595947265625,34.84625210322023,35.4595947265625,52400,0.0,0.0,0.0
2001-08-27,35.364979520850866,35.46285158560073,35.23448094546441,35.33235549926758,75600,0.0,0.0,0.0
2001-08-28,35.28339680642707,35.28339680642707,34.74182891845703,34.74182891845703,61600,0.0,0.0,0.0
2001-08-29,34.89191743841826,34.89191743841826,34.353614937690864,34.41559982299805,90000,0.0,0.0,0.0
2001-08-30,34.33731007830426,34.46454551747489,33.73702005647914,33.900142669677734,111800,0.0,0.0,0.0
2001-08-31,33.97842644694997,34.29488458087446,33.874028118247786,34.04367446899414,69800,0.0,0.0,0.0
2001-09-04,34.0404165528134,34.60482173754312,33.8642463684082,33.8642463684082,71600,0.0,0.0,0.0
2001-09-05,33.880559468456646,33.96864705578704,33.4466528069998,33.815311431884766,45800,0.0,0.0,0.0
2001-09-06,33.737004020062734,33.737004020062734,33.13018798828125,33.13018798828125,90600,0.0,0.0,0.0
2001-09-07,32.963817011032326,33.17261375070358,32.46139907836914,32.46139907836914,133200,0.0,0.0,0.0
2001-09-10,32.39613810950133,32.82025522883967,32.21670231617002,32.70606994628906,75200,0.0,0.0,0.0
2001-09-17,30.748611010129782,31.678409359840263,30.748611010129782,31.153154373168945,410000,0.0,0.0,0.0
2001-09-18,31.140102095291194,31.319537943715027,30.715984845735335,30.7551326751709,318400,0.0,0.0,0.0
2001-09-19,30.830159310371645,31.009595095629678,29.42730450486077,30.340791702270508,257200,0.0,0.0,0.0
2001-09-20,29.851443735758462,29.981942348261104,29.362075805664062,29.362075805664062,218200,0.0,0.0,0.0
2001-09-21,28.38332474182836,29.362060077753476,28.318076715054424,28.889005661010742,223200,0.0,0.0,0.0
2001-09-24,29.794288389278613,30.10532666449688,29.552005864436858,29.921977996826172,578000,0.1575,0.0,0.0
2001-09-25,30.105328312784756,30.33124186063241,29.794290020536923,30.20355224609375,190000,0.0,0.0,0.0
2001-09-26,30.40000211535928,30.40000211535928,29.882693986165055,29.97109603881836,244200,0.0,0.0,0.0
2001-09-27,29.99074317535921,30.41310220153855,29.715720087394452,30.269041061401367,406200,0.0,0.0,0.0
2001-09-28,30.56370357880793,31.08755874633789,30.56370357880793,31.08755874633789,365800,0.0,0.0,0.0
2001-10-01,30.84199595295899,30.97296034618623,30.550601489445842,30.805980682373047,922000,0.0,0.0,0.0
2001-10-02,30.792900159485697,31.215256705762833,30.77652866633858,31.185791015625,983400,0.0,0.0,0.0
2001-10-03,30.891116182095548,32.02068156588057,30.891116182095548,31.7358341217041,722600,0.0,0.0,0.0
2001-10-04,32.14837081018706,32.40702486601027,31.840604782104492,31.840604782104492,579000,0.0,0.0,0.0
2001-10-05,31.84061550393286,31.93883948152697,31.408434498809914,31.85698699951172,338000,0.0,0.0,0.0
2001-10-08,31.578679661647588,31.85370524004803,31.53284248157068,31.644163131713867,726800,0.0,0.0,0.0
2001-10-09,31.627792432085446,31.644163924496915,31.40188132402918,31.434621810913086,466400,0.0,0.0,0.0
2001-10-10,31.480446128334236,32.20074653720108,31.480446128334236,32.18110275268555,665600,0.0,0.0,0.0
2001-10-11,32.65913244237593,32.82611216481247,32.56090848848645,32.770450592041016,540200,0.0,0.0,0.0
2001-10-12,32.56091692688242,32.71152769466186,32.00104623967127,32.521629333496094,353400,0.0,0.0,0.0
2001-10-15,32.34809131120214,32.59364867693109,32.20075539300156,32.56745529174805,458600,0.0,0.0,0.0
2001-10-16,32.544541398115875,32.940707038878465,32.51180091088424,32.75080871582031,1283000,0.0,0.0,0.0
2001-10-17,32.99964019388782,33.07167076298668,32.08616638183594,32.08616638183594,516200,0.0,0.0,0.0
2001-10-18,32.08943057198933,32.177830106154296,31.784939401961747,31.91917610168457,476600,0.0,0.0,0.0
2001-10-19,31.79475916411978,32.11561930152204,31.595039028457187,32.00757598876953,536800,0.0,0.0,0.0
2001-10-22,31.987938998197816,32.55435909622081,31.958473312871014,32.48560333251953,449800,0.0,0.0,0.0
2001-10-23,32.642750142011636,32.7966331197796,32.33171188758479,32.36445236206055,397600,0.0,0.0,0.0
2001-10-24,32.41356444529284,32.541254044787735,32.22039389659886,32.34808349609375,445000,0.0,0.0,0.0
2001-10-25,32.08618688179631,32.839231042484094,31.88646653912539,32.806488037109375,773600,0.0,0.0,0.0
2001-10-26,32.822827216703054,33.117496489308465,32.7344276838905,32.98325729370117,308000,0.0,0.0,0.0
2001-10-29,32.87194454139121,32.87194454139121,32.217124938964844,32.217124938964844,339800,0.0,0.0,0.0
2001-10-30,32.01413740108697,32.01413740108697,31.48700729882579,31.68672752380371,436800,0.0,0.0,0.0
2001-10-31,31.873337027616223,32.13199101659828,31.726003646850582,31.726003646850586,227400,0.0,0.0,0.0
2001-11-01,31.9060898526917,32.433219927042025,31.473908937478786,32.3939323425293,343200,0.0,0.0,0.0
2001-11-02,32.1516426195596,32.574001577847554,32.1516426195596,32.446311950683594,308000,0.0,0.0,0.0
2001-11-05,33.002916487537746,33.02256028074983,32.80974336184221,32.91123962402344,241400,0.0,0.0,0.0
2001-11-06,32.878490734533784,33.399073603080616,32.740979221309516,33.389251708984375,388000,0.0,0.0,0.0
2001-11-07,33.39580705576577,33.63808966243368,33.2910359962927,33.330326080322266,154800,0.0,0.0,0.0
2001-11-08,33.57587771479679,33.88364124401599,33.32377075699425,33.3499641418457,128200,0.0,0.0,0.0
2001-11-09,33.34014461030367,33.48093094143642,33.176439690286,33.4219970703125,207400,0.0,0.0,0.0
2001-11-12,33.06185113365012,33.43837050130929,32.76063214240795,33.363067626953125,368400,0.0,0.0,0.0
2001-11-13,33.78868009845127,34.01131879474849,33.6839090941901,33.95238494873047,153400,0.0,0.0,0.0
2001-11-14,34.32889824619095,34.32889824619095,33.863977184093535,34.16191864013672,207800,0.0,0.0,0.0
2001-11-15,34.11611167145043,34.24707613522498,33.9262158218137,34.05390548706055,203800,0.0,0.0,0.0
2001-11-16,34.13245340910726,34.158646778614376,33.75920663641099,34.04077911376953,163800,0.0,0.0,0.0
2001-11-19,34.2143211211687,34.387847900390625,34.07680961664624,34.387847900390625,273800,0.0,0.0,0.0
2001-11-20,34.42713174222193,34.45005032216161,34.13900959676548,34.14228439331055,84000,0.0,0.0,0.0
2001-11-21,34.18158284367869,34.18158284367869,33.80833587998634,33.9327507019043,128600,0.0,0.0,0.0
2001-11-23,33.98514660999409,34.407503157838036,33.98514660999409,34.34857177734375,90800,0.0,0.0,0.0
2001-11-26,34.48607871966014,34.626865049442564,34.26998702829878,34.558109283447266,139000,0.0,0.0,0.0
2001-11-27,34.54173913298739,34.82003700556112,34.18158879801322,34.46316146850586,241400,0.0,0.0,0.0
2001-11-28,34.3452798821042,34.3452798821042,33.736297607421875,33.736297607421875,207600,0.0,0.0,0.0
2001-11-29,33.99169504838708,34.253623962402344,33.759234323719674,34.253623962402344,170400,0.0,0.0,0.0
2001-11-30,34.17502486494754,34.30926404597845,34.14228439331055,34.14228439331055,331800,0.0,0.0,0.0
2001-12-03,33.94255899427468,34.017864315481276,33.76903227342086,33.90654373168945,263800,0.0,0.0,0.0
2001-12-04,34.03752781564287,34.35184097290039,33.936031561157115,34.35184097290039,184600,0.0,0.0,0.0
2001-12-05,34.68907738415914,35.301334787209974,34.63669309987535,35.196563720703125,201000,0.0,0.0,0.0
2001-12-06,35.262031092488904,35.32751454499685,35.03939234983849,35.13106918334961,275800,0.0,0.0,0.0
2001-12-07,35.15072767582379,35.15072767582379,34.76765868565983,35.05577850341797,173400,0.0,0.0,0.0
2001-12-10,34.83640429434169,34.90516005471028,34.361658570931965,34.39440155029297,346800,0.0,0.0,0.0
2001-12-11,34.541723697811314,34.702153753004154,34.224135885943376,34.30598831176758,254400,0.0,0.0,0.0
2001-12-12,34.42715186751672,34.44024856341511,33.9524060084726,34.2863655090332,315400,0.0,0.0,0.0
2001-12-13,34.044076403344405,34.14229785698805,33.723213659721914,33.77560043334961,111000,0.0,0.0,0.0
2001-12-14,33.73958190039227,34.0015082494794,33.65772944793905,33.92947769165039,192400,0.0,0.0,0.0
2001-12-17,33.95240061203796,34.30600385127437,33.92948202234332,34.178314208984375,81600,0.0,0.0,0.0
2001-12-18,34.50899898224468,34.5941262433895,34.41404982518678,34.531917572021484,324600,0.0,0.0,0.0
2001-12-19,34.37804086648033,34.79712515546808,34.29946318677999,34.68907928466797,112200,0.0,0.0,0.0
2001-12-20,34.672694340704425,34.72835340081199,34.37802505493164,34.37802505493164,131800,0.0,0.0,0.0
2001-12-21,34.427145556743184,34.653056650245915,34.41077406538639,34.56138229370117,338200,0.0,0.0,0.0
2001-12-24,34.63795852661133,34.677392927297895,34.62809992643968,34.63795852661133,123200,0.1965,0.0,0.0
2001-12-26,34.55580271840186,35.0388942204588,34.55580271840186,34.8088493347168,94600,0.0,0.0,0.0
2001-12-27,34.90086967050814,35.01589337817016,34.841715552126644,35.00931930541992,94400,0.0,0.0,0.0
2001-12-28,35.144042103735664,35.249204648072116,35.05202519085037,35.114463806152344,220000,0.0,0.0,0.0
2001-12-31,35.14732976410301,35.14732976410301,34.63466262817383,34.63466262817383,137600,0.0,0.0,0.0
2002-01-02,34.8351314051011,34.946865528758394,34.37833129763494,34.91728973388672,1627600,0.0,0.0,0.0
2002-01-03,34.98630207208988,35.29193115234375,34.950152207211325,35.29193115234375,354400,0.0,0.0,0.0
2002-01-04,35.426672434948074,35.627138958104545,35.25906874190656,35.52526092529297,487200,0.0,0.0,0.0
2002-01-07,35.738870043708474,35.738870043708474,35.28206997430637,35.29521560668945,760400,0.0,0.0,0.0
2002-01-08,35.367518063591525,35.367518063591525,35.11446900839468,35.19334030151367,278600,0.0,0.0,0.0
2002-01-09,35.21305665717058,35.62056122469167,34.99287296004228,35.07503128051758,219200,0.0,0.0,0.0
2002-01-10,35.04873275756836,35.18018654455914,34.94685475633247,35.04873275756836,281000,0.0,0.0,0.0
2002-01-11,35.16375294641714,35.16375294641714,34.74638987913148,34.756248474121094,80000,0.0,0.0,0.0
2002-01-14,34.73655188207106,34.73655188207106,34.48350524902344,34.48350524902344,442600,0.0,0.0,0.0
2002-01-15,34.63795732002108,34.80556103892172,34.480212200948664,34.720115661621094,271800,0.0,0.0,0.0
2002-01-16,34.45720878979655,34.51964993323369,34.1450080871582,34.1450080871582,346400,0.0,0.0,0.0
2002-01-17,34.47363244124736,34.522927935942846,34.29288312978824,34.49992370605469,212000,0.0,0.0,0.0
2002-01-18,34.48021120948989,34.48021120948989,34.09571078360357,34.181156158447266,215800,0.0,0.0,0.0
2002-01-22,34.457204454620864,34.457204454620864,33.88209612202065,33.91495895385742,140000,0.0,0.0,0.0
2002-01-23,33.99712568227852,34.289609220215866,33.83280897524523,34.20745086669922,42000,0.0,0.0,0.0
2002-01-24,34.42433007277369,34.539351199247314,34.32902613733198,34.358604431152344,50800,0.0,0.0,0.0
2002-01-25,34.32574971507848,34.51635764488949,34.20744151776636,34.41448211669922,47000,0.0,0.0,0.0
2002-01-28,34.49006675244317,34.5295036544007,34.210728925245625,34.38819122314453,439400,0.0,0.0,0.0
2002-01-29,34.50649522860033,34.52949945846181,33.471299870287716,33.53374099731445,117800,0.0,0.0,0.0
2002-01-30,33.58631649278884,33.90180661304271,33.004636754820666,33.84922409057617,300800,0.0,0.0,0.0
2002-01-31,34.06284953146198,34.33232879638672,33.9543999168856,34.33232879638672,237400,0.0,0.0,0.0
2002-02-01,34.39805871712694,34.39805871712694,34.056279666931175,34.131866455078125,199200,0.0,0.0,0.0
2002-02-04,34.11214483871615,34.11214483871615,33.27084170583496,33.30699157714844,183000,0.0,0.0,0.0
2002-02-05,33.339853601935296,33.50745731874243,33.01450727529968,33.188682556152344,204800,0.0,0.0,0.0
2002-02-06,33.109803011496645,33.306982478348736,32.866615085954834,32.96849060058594,304200,0.0,0.0,0.0
2002-02-07,32.86989015769167,33.22152756639052,32.8304557800293,32.8304557800293,198200,0.0,0.0,0.0
2002-02-08,32.912623849479516,33.31026982170821,32.840324125933755,33.300411224365234,160600,0.0,0.0,0.0
2002-02-11,33.38255795643906,33.80320801219626,33.3398340397539,33.7604866027832,381200,0.0,0.0,0.0
2002-02-12,33.68492773628025,33.842672891319076,33.550186821843525,33.6783561706543,271000,0.0,0.0,0.0
2002-02-13,33.74406080882067,34.06940701077192,33.74406080882067,33.990535736083984,91800,0.0,0.0,0.0
2002-02-14,34.12857582059508,34.2238798011347,33.82952075025064,33.944541931152344,110200,0.0,0.0,0.0
2002-02-15,34.02997732542595,34.02997732542595,33.527166298279,33.57646179199219,51600,0.0,0.0,0.0
2002-02-19,33.51073494821524,33.51073494821524,32.906048427540384,32.952056884765625,181000,0.0,0.0,0.0
2002-02-20,33.027652892447705,33.362857818603516,32.68258685931867,33.362857818603516,121400,0.0,0.0,0.0
2002-02-21,33.280681640156324,33.461430895349665,32.8304557800293,32.8304557800293,46200,0.0,0.0,0.0
2002-02-22,32.79760597342622,33.25769061048063,32.71216060914188,33.070369720458984,47600,0.0,0.0,0.0
2002-02-25,33.24127461408892,33.71779212292729,33.24127461408892,33.65863800048828,146000,0.0,0.0,0.0
2002-02-26,33.75064314858,33.84594711842975,33.42529684272975,33.770362854003906,51400,0.0,0.0,0.0
2002-02-27,33.691499685853074,34.10886556517144,33.48774855456228,33.65206527709961,2348200,0.0,0.0,0.0
2002-02-28,33.816368061512705,34.046410375338525,33.684914236209444,33.73092269897461,161200,0.0,0.0,0.0
2002-03-01,33.809804390048704,34.404632568359375,33.80651986117896,34.404632568359375,304800,0.0,0.0,0.0
2002-03-04,34.50648745327666,35.07830854332325,34.40789648621546,35.04873275756836,302600,0.0,0.0,0.0
2002-03-05,35.04875348756591,35.199924554471856,34.80227843140479,34.8515739440918,136600,0.0,0.0,0.0
2002-03-06,34.917283397943386,35.43323750880326,34.848270715159,35.35765075683594,236600,0.0,0.0,0.0
2002-03-07,35.48254796560385,35.52198236824446,35.07832778762092,35.209781646728516,74600,0.0,0.0,0.0
2002-03-08,35.68959500210776,35.71588628194097,35.34124431977834,35.47269821166992,371200,0.0,0.0,0.0
2002-03-11,35.49239593351655,35.71915370986362,35.29521645756274,35.58769989013672,55600,0.0,0.0,0.0
2002-03-12,35.32806890060342,35.59426098952733,35.160465267038724,35.5186767578125,73000,0.0,0.0,0.0
2002-03-13,35.49239664956496,35.49239664956496,35.12104192057209,35.186767578125,344400,0.0,0.0,0.0
2002-03-14,35.1703468044534,35.28208346880961,35.09804955960405,35.157203674316406,57000,0.0,0.0,0.0
2002-03-15,35.278793116420886,35.54170082537882,35.229497607582054,35.46611404418945,60000,0.0,0.0,0.0
2002-03-18,35.68958446372132,35.71916277161843,35.34780544863315,35.49240493774414,378600,0.0,0.0,0.0
2002-03-19,35.70602999261579,35.7684686521727,35.564717488448146,35.656734466552734,97200,0.0,0.0,0.0
2002-03-20,35.4923994792429,35.4923994792429,35.081607818603516,35.081607818603516,267600,0.0,0.0,0.0
2002-03-21,35.14731729020447,35.29849075807973,34.79239536444041,35.23604965209961,70800,0.0,0.0,0.0
2002-03-22,35.22947754799193,35.29520569144281,35.01915250349371,35.098026275634766,80800,0.0,0.0,0.0
2002-03-25,35.13098904268061,35.15735436623039,34.57073974609375,34.57073974609375,294400,0.15,0.0,0.0
2002-03-26,34.66961836597971,35.058498227566695,34.64325554731524,34.81132888793945,88800,0.0,0.0,0.0
2002-03-27,34.86075814087243,35.081562115082725,34.758595633412526,35.01894760131836,63200,0.0,0.0,0.0
2002-03-28,35.04860641183325,35.282593048612554,34.969512939453125,34.969512939453125,637200,0.0,0.0,0.0
2002-04-01,34.933263491823986,35.088156666204185,34.62018336249027,34.992584228515625,3147600,0.0,0.0,0.0
2002-04-02,34.910204600028706,34.933273642426634,34.76190397237586,34.76519775390625,1023600,0.0,0.0,0.0
2002-04-03,34.81791255270437,34.81791255270437,34.27413964205459,34.38618850708008,103600,0.0,0.0,0.0
2002-04-04,34.43891516661763,34.57073926820865,34.29720469741602,34.49164581298828,103200,0.0,0.0,0.0
2002-04-05,34.68279244739033,34.68279244739033,34.36311977830769,34.43562316894531,91800,0.0,0.0,0.0
2002-04-08,34.15880956202868,34.521324157714844,34.06323709796229,34.521324157714844,155000,0.0,0.0,0.0
2002-04-09,34.60370181601561,34.62018077499578,34.29391549040848,34.34005355834961,74000,0.0,0.0,0.0
2002-04-10,34.38949409117516,34.745418548583984,34.38290401500236,34.745418548583984,39800,0.0,0.0,0.0
2002-04-11,34.70256350124583,34.70256350124583,33.961055755615234,33.961055755615234,95000,0.0,0.0,0.0
2002-04-12,34.14232600553947,34.270853867503334,33.96106998924163,34.22801208496094,79000,0.0,0.0,0.0
2002-04-15,34.25766062396022,34.32687023380751,33.901738777663866,34.02367401123047,78200,0.0,0.0,0.0
2002-04-16,34.359814800137976,34.76846716997024,34.34992843451596,34.735511779785156,77600,0.0,0.0,0.0
2002-04-17,34.75200740486835,34.89371792380653,34.60370680998871,34.68280029296875,56800,0.0,0.0,0.0
2002-04-18,34.669602598091714,34.81460934931101,34.195039391589695,34.64982986450195,71600,0.0,0.0,0.0
2002-04-19,34.768479883401845,34.768479883401845,34.590517694126675,34.663021087646484,36400,0.0,0.0,0.0
2002-04-22,34.55426903688801,34.55426903688801,34.10936478173266,34.17198181152344,66000,0.0,0.0,0.0
2002-04-23,34.20824052996347,34.2708550582646,33.944592206122955,33.99073028564453,90800,0.0,0.0,0.0
2002-04-24,34.01049504211996,34.19834361157827,33.71389389038086,33.71389389038086,53000,0.0,0.0,0.0
2002-04-25,33.63150613478424,33.802875755248486,33.549116362297596,33.769920349121094,77600,0.0,0.0,0.0
2002-04-26,33.87867903253159,33.88526910871899,33.140464782714844,33.140464782714844,133600,0.0,0.0,0.0
2002-04-29,33.26900116776608,33.32502814423439,32.9229655066589,32.98887634277344,204000,0.0,0.0,0.0
2002-04-30,33.12068685774671,33.49308770531457,32.955907321141005,33.41069793701172,109400,0.0,0.0,0.0
2002-05-01,33.41070714175255,33.687538146972656,33.02182722765217,33.687538146972656,123400,0.0,0.0,0.0
2002-05-02,33.944589546012416,33.944589546012416,33.43377190147858,33.52605056762695,63000,0.0,0.0,0.0
2002-05-03,33.48320489043863,33.48320489043863,33.13057674523613,33.21626281738281,55000,0.0,0.0,0.0
2002-05-06,33.29534002153933,33.338184293834715,32.590084075927734,32.590084075927734,88000,0.0,0.0,0.0
2002-05-07,32.857041826602895,32.857041826602895,32.44179916381836,32.44179916381836,143400,0.0,0.0,0.0
2002-05-08,33.104210924265416,33.71389727690429,33.054779070234304,33.64468765258789,201400,0.0,0.0,0.0
2002-05-09,33.565595846430035,33.565595846430035,33.19649124145508,33.19649124145508,63000,0.0,0.0,0.0
2002-05-10,33.20307105478614,33.24261904209664,32.6263427734375,32.6263427734375,99600,0.0,0.0,0.0
2002-05-13,32.774646612229816,33.24262237548828,32.6527113725497,33.24262237548828,87800,0.0,0.0,0.0
2002-05-14,33.80944440365872,33.99729537963867,33.63148482048723,33.99729537963867,99200,0.0,0.0,0.0
2002-05-15,34.0072047897956,34.1653917518893,33.69741842705216,33.80946731567383,1182800,0.0,0.0,0.0
2002-05-16,33.9149324064091,33.970956856937,33.7765156562964,33.9445915222168,33400,0.0,0.0,0.0
2002-05-17,34.12583705252978,34.2049305122167,33.921509557808186,34.185157775878906,62800,0.0,0.0,0.0
2002-05-20,34.000615589257954,34.000615589257954,33.70071808179245,33.730377197265625,64000,0.0,0.0,0.0
2002-05-21,33.80945244041559,33.92480008768221,33.31511400127976,33.32829666137695,60800,0.0,0.0,0.0
2002-05-22,33.334892666205725,33.52274119176283,33.21625122750276,33.46671676635742,68600,0.0,0.0,0.0
2002-05-23,33.62820465382799,33.8226432800293,33.33489731015543,33.8226432800293,51800,0.0,0.0,0.0
2002-05-24,33.81277464358893,33.81277464358893,33.42060089111328,33.42060089111328,53400,0.0,0.0,0.0
2002-05-28,33.55900459163309,33.55900459163309,33.0514832632819,33.21626281738281,137200,0.0,0.0,0.0
2002-05-29,33.236032784523275,33.236032784523275,33.011932509081944,33.031707763671875,94400,0.0,0.0,0.0
2002-05-30,32.873510090261696,33.077837574429665,32.636227209120996,32.932830810546875,62200,0.0,0.0,0.0
2002-05-31,33.05478558658673,33.35468312228782,32.93943786621094,32.93943786621094,55600,0.0,0.0,0.0
2002-06-03,32.95591305463742,33.074554542781044,32.132015228271484,32.132015228271484,182400,0.0,0.0,0.0
2002-06-04,32.13199965610905,32.3297345357411,31.822213418939747,32.08256530761719,114600,0.0,0.0,0.0
2002-06-05,32.24735498010321,32.435203552246094,32.132009806741124,32.435203552246094,59000,0.0,0.0,0.0
2002-06-06,32.47145893489767,32.47145893489767,31.76949893081068,31.825523376464844,64400,0.0,0.0,0.0
2002-06-07,31.324589685238568,31.993594175310843,31.324589685238568,31.87165641784668,119200,0.0,0.0,0.0
2002-06-10,31.868377371845245,32.1649811894989,31.82223927958106,31.927698135375977,58600,0.0,0.0,0.0
2002-06-11,32.13860135424391,32.13860135424391,31.36413799552076,31.38720703125,50200,0.0,0.0,0.0
2002-06-12,31.311412437355127,31.571764441731435,31.03458147137991,31.542102813720703,94200,0.0,0.0,0.0
2002-06-13,31.47289396680029,31.683811589095807,31.205951901093606,31.209245681762695,130000,0.0,0.0,0.0
2002-06-14,30.78081724373503,31.258676883335248,30.444665588643783,31.136741638183594,97800,0.0,0.0,0.0
2002-06-17,31.538792194340132,32.07267862702564,31.532202121295544,32.03313064575195,83800,0.0,0.0,0.0
2002-06-18,31.901332911360004,32.24077849938416,31.901332911360004,32.06611251831055,81000,0.0,0.0,0.0
2002-06-19,31.85187758857543,32.132002233383965,31.55527398816938,31.568456649780273,59400,0.0,0.0,0.0
2002-06-20,31.522319518332374,31.63766466790029,31.100484391720745,31.16639518737793,70600,0.0,0.0,0.0
2002-06-21,31.060950625325702,31.116975078715686,30.517177512041492,30.652297973632812,1384200,0.0,0.0,0.0
2002-06-24,30.65228696163768,30.999294992398603,30.024368988604905,30.758041381835938,497200,0.13,0.0,0.0
2002-06-25,30.93319978787145,31.095135707344827,30.140040301744595,30.19291877746582,54400,0.0,0.0,0.0
2002-06-26,29.47907468567714,30.229272306463056,29.462552052939337,30.106992721557617,739200,0.0,0.0,0.0
2002-06-27,30.4705192959072,30.612627029418945,29.875651648780767,30.612627029418945,744000,0.0,0.0,0.0
2002-06-28,30.63576149349958,30.956330285561744,30.619238862585757,30.668811798095703,739400,0.0,0.0,0.0
2002-07-01,30.734911645998803,30.734911645998803,29.90209579467773,29.902095794677734,128400,0.0,0.0,0.0
2002-07-02,29.759991939070606,29.855829779883745,29.24774233593251,29.28740119934082,147000,0.0,0.0,0.0
2002-07-03,29.13207166543039,29.432809829711914,28.804894260816393,29.432809829711914,824400,0.0,0.0,0.0
2002-07-05,29.77652437750811,30.5333309173584,29.743476574480283,30.5333309173584,70200,0.0,0.0,0.0
2002-07-08,30.536612489704595,30.586185416035615,30.004534957944774,30.06732749938965,118600,0.0,0.0,0.0
2002-07-09,30.09046391643879,30.11029208021066,29.310524203881183,29.32374382019043,406000,0.0,0.0,0.0
2002-07-10,29.429502090966363,29.4989031946586,28.421528277231737,28.428136825561523,147200,0.0,0.0,0.0
2002-07-11,28.38846192573529,28.751992359335407,27.84316501464377,28.636323928833008,209400,0.0,0.0,0.0
2002-07-12,28.537182715882214,28.900713208040738,28.28271212778617,28.57023048400879,292600,0.0,0.0,0.0
2002-07-15,28.024954227262697,28.348826095409123,27.162393555023264,28.289339065551758,309200,0.0,0.0,0.0
2002-07-16,28.190195726470737,28.421532775390958,27.77709205240982,27.932416915893555,594000,0.0,0.0,0.0
2002-07-17,28.60329259907902,28.636340380868656,27.77377991282319,28.08112907409668,629600,0.0,0.0,0.0
2002-07-18,28.14061706494732,28.14061706494732,27.231789166628545,27.25492286682129,564600,0.0,0.0,0.0
2002-07-19,27.1656963229193,27.1656963229193,26.233734544519766,26.339488983154297,518200,0.0,0.0,0.0
2002-07-22,26.17424823712935,26.41219636096622,25.400919356044312,25.585988998413086,2653800,0.0,0.0,0.0
2002-07-23,25.662004551762294,25.810720887977965,24.809357836616833,24.852319717407227,1006400,0.0,0.0,0.0
2002-07-24,24.25413641391088,26.306434631347656,24.154990549318462,26.306434631347656,338000,0.0,0.0,0.0
2002-07-25,26.09162098375354,26.57082264717105,25.48353372706612,26.085012435913086,432000,0.0,0.0,0.0
2002-07-26,26.25025401854946,26.471676932551784,25.843758985953173,26.438629150390625,742000,0.0,0.0,0.0
2002-07-29,27.149172951266912,27.925807325266632,27.043418515505902,27.90597915649414,470400,0.0,0.0,0.0
2002-07-30,27.644900461751607,28.25298790566202,27.51270677178437,28.044784545898438,270600,0.0,0.0,0.0
2002-07-31,28.04477860573393,28.183580816176622,27.618455369616193,28.11087417602539,213200,0.0,0.0,0.0
2002-08-01,27.95885577966837,28.137316867025675,27.377205108435458,27.390424728393555,629000,0.0,0.0,0.0
2002-08-02,27.307785985821766,27.32761666337338,26.524543560566553,26.752574920654297,548200,0.0,0.0,0.0
2002-08-05,26.636924946252197,26.669972736578877,25.843765371488022,25.86029052734375,703600,0.0,0.0,0.0
2002-08-06,26.455169251568947,27.09630465622036,26.455169251568947,26.703031539916992,232200,0.0,0.0,0.0
2002-08-07,27.198748166123387,27.198748166123387,26.537782257069452,27.12273597717285,767400,0.0,0.0,0.0
2002-08-08,27.264843013831598,28.008429641481552,27.155783036643925,27.97538185119629,223000,0.0,0.0,0.0
2002-08-09,27.644899844856194,28.239767654356925,27.59532689705158,28.02495574951172,402800,0.0,0.0,0.0
2002-08-12,27.6944622934789,28.051381835314473,27.628364214336084,27.958847045898438,149600,0.0,0.0,0.0
2002-08-13,27.859711236312698,28.186888621967732,27.347461700439453,27.347461700439453,89000,0.0,0.0,0.0
2002-08-14,27.43008392777921,28.3917904902106,27.149173934000586,28.388484954833984,227400,0.0,0.0,0.0
2002-08-15,28.570240168860604,28.821407830253946,28.388476121857796,28.685911178588867,231600,0.0,0.0,0.0
2002-08-16,28.421537020020935,28.9139559670544,28.421537020020935,28.66939926147461,159600,0.0,0.0,0.0
2002-08-19,28.70244325298188,29.376628762972437,28.70244325298188,29.360103607177734,1122400,0.0,0.0,0.0
2002-08-20,29.148599884841953,29.148599884841953,28.785069085459863,28.98335838317871,204000,0.0,0.0,0.0
2002-08-21,29.29730881069785,29.409671783447266,28.84785187693146,29.409671783447266,220200,0.0,0.0,0.0
2002-08-22,29.37993070371229,29.829387655380664,29.277479288812867,29.730241775512695,147800,0.0,0.0,0.0
2002-08-23,29.545166462862383,29.558386079056465,28.966821491637273,29.132062911987305,256800,0.0,0.0,0.0
2002-08-26,29.181636510039088,29.399753878771943,28.785055579294934,29.330352783203125,1022800,0.0,0.0,0.0
2002-08-27,29.47907221091629,29.47907221091629,28.801583812312863,28.854459762573242,197400,0.0,0.0,0.0
2002-08-28,28.636349499713383,28.712359169895354,28.27281874149781,28.395095825195312,676400,0.0,0.0,0.0
2002-08-29,27.991893471685998,28.58676354829655,27.945626079214485,28.42152214050293,92400,0.0,0.0,0.0
2002-08-30,28.206713369658413,28.709048760407857,28.206713369658413,28.325687408447266,117200,0.0,0.0,0.0
2002-09-03,27.859706261257777,27.86300927447955,27.21526316784873,27.221874237060547,301200,0.0,0.0,0.0
2002-09-04,27.281362031211454,27.839876369102555,27.21526394412858,27.67463493347168,854600,0.0,0.0,0.0
2002-09-05,27.24830619410262,27.572180451584256,27.083064792024658,27.3309268951416,754800,0.0,0.0,0.0
2002-09-06,27.77708592870145,27.942327361896854,27.578794191759624,27.826656341552734,148800,0.0,0.0,0.0
2002-09-09,27.59532751284078,28.190197857000893,27.463133822873537,28.044784545898438,1292800,0.0,0.0,0.0
2002-09-10,28.12408524958516,28.25627887138885,27.98197754738833,28.23975372314453,150000,0.0,0.0,0.0
2002-09-11,28.583466862157294,28.583466862157294,28.186888369245356,28.206716537475586,890200,0.0,0.0,0.0
2002-09-12,27.968769431750115,27.968769431750115,27.52922905151815,27.56227684020996,115200,0.0,0.0,0.0
2002-09-13,27.43338279405796,27.72751233645496,27.264835830210924,27.628366470336914,145000,0.0,0.0,0.0
2002-09-16,27.621762578770134,27.70107777220425,27.39372856108944,27.661418914794922,108400,0.0,0.0,0.0
2002-09-17,28.058000165326813,28.058000165326813,27.122732904826186,27.159086227416992,431600,0.0,0.0,0.0
2002-09-18,27.00045522952284,27.29128183084074,26.686497444610723,26.980627059936523,523400,0.0,0.0,0.0
2002-09-19,26.769116313926276,26.818689255821567,26.243649685436015,26.286611557006836,245000,0.0,0.0,0.0
2002-09-20,26.389060454575098,26.455158550897014,26.14119826648319,26.286611557006836,342400,0.0,0.0,0.0
2002-09-23,26.108142301147094,26.108142301147094,25.701647330593794,26.005693435668945,268200,0.0,0.0,0.0
2002-09-24,25.612423788393624,25.92307850957326,25.450487879461072,25.645471572875977,209000,0.0,0.0,0.0
2002-09-25,25.94951294327257,26.28991240553301,25.539714904668614,26.1544132232666,260800,0.0,0.0,0.0
2002-09-26,26.438628745749714,26.64683203942421,26.240339534433417,26.59065055847168,159800,0.0,0.0,0.0
2002-09-27,26.273394225699608,26.557609761172674,25.780975341796875,25.780975341796875,135200,0.0,0.0,0.0
2002-09-30,25.449221331270294,25.761075463310355,25.0245704040527,25.462491989135742,295400,0.15,0.0,0.0
2002-10-01,25.727882220384334,26.41793823242187,25.379534653864713,26.417938232421875,194000,0.0,0.0,0.0
2002-10-02,26.225522490149405,26.507516838524825,25.62835590325751,25.794235229492188,111600,0.0,0.0,0.0
2002-10-03,25.843992293661515,26.106081859424766,25.50228138232365,25.51223373413086,145000,0.0,0.0,0.0
2002-10-04,25.578601670584757,25.578601670584757,24.68285396866927,24.98807144165039,374000,0.0,0.0,0.0
2002-10-07,24.981425022432045,25.08095108945876,24.36435378862031,24.45060920715332,406600,0.0,0.0,0.0
2002-10-08,24.64968641091957,25.097560403860378,24.27479724725786,24.79897689819336,201600,0.0,0.0,0.0
2002-10-09,24.450609776627307,24.798957347127587,24.059134495856046,24.152029037475586,248200,0.0,0.0,0.0
2002-10-10,24.118858515140598,24.981433232906273,23.88662841796875,24.88190460205078,405400,0.0,0.0,0.0
2002-10-11,24.998026114588505,26.1094176346384,24.998026114588505,25.953493118286133,2286000,0.0,0.0,0.0
2002-10-14,25.69471481468034,26.106097497326278,25.67812839543848,26.09282684326172,561200,0.0,0.0,0.0
2002-10-15,26.971982442324773,27.253976821899414,26.80610309773758,27.253976821899414,260800,0.0,0.0,0.0
2002-10-16,26.955395144053767,26.98193644827933,26.43121577563029,26.633588790893555,222800,0.0,0.0,0.0
2002-10-17,27.30375105650441,27.38337246213589,27.091425620741227,27.217493057250977,5168400,0.0,0.0,0.0
2002-10-18,27.088091097708535,27.41653141392612,26.862495140956067,27.32695770263672,248000,0.0,0.0,0.0
2002-10-21,27.154445338131172,27.874361010226156,27.021741370237,27.817962646484375,228800,0.0,0.0,0.0
2002-10-22,27.403276009929467,27.69190707329993,27.27057198546769,27.469629287719727,194200,0.0,0.0,0.0
2002-10-23,27.370091878140947,27.668675204853344,27.041651484316276,27.65208625793457,232200,0.0,0.0,0.0
2002-10-24,27.751615933119073,27.8644126768811,27.204213568504823,27.287153244018555,109800,0.0,0.0,0.0
2002-10-25,27.204212892876527,27.814647674560547,27.1378621665606,27.814647674560547,228000,0.0,0.0,0.0
2002-10-28,28.066779796472304,28.066779796472304,27.41321488562695,27.516061782836914,143400,0.0,0.0,0.0
2002-10-29,27.47956355928722,27.502786558448516,26.862492403153237,27.30373191833496,151600,0.0,0.0,0.0
2002-10-30,27.270550818847152,27.63548723564353,27.267235055870295,27.506101608276367,241000,0.0,0.0,0.0
2002-10-31,27.76819020376195,27.82790684525654,27.270552368346024,27.370080947875977,125800,0.0,0.0,0.0
2002-11-01,27.237389254911093,27.99711699534439,27.20089559476361,27.93408203125,109200,0.0,0.0,0.0
2002-11-04,28.348783879946588,28.634096604466002,28.070107747784387,28.113235473632812,336200,0.0,0.0,0.0
2002-11-05,28.113234890211793,28.365372241067746,28.05020245083654,28.282432556152344,128600,0.0,0.0,0.0
2002-11-06,28.498072525587425,28.6639518737793,28.103278866933014,28.663951873779297,279000,0.0,0.0,0.0
2002-11-07,28.365363143805858,28.371997202779376,27.851136249804483,28.000429153442383,181000,0.0,0.0,0.0
2002-11-08,28.066797416824503,28.186230801965298,27.615605190985736,27.66868782043457,342800,0.0,0.0,0.0
2002-11-11,27.569141179877423,27.582411828586775,27.104678599519865,27.187618255615234,336800,0.0,0.0,0.0
2002-11-12,27.386688172418637,27.71181035786044,27.273888871568396,27.3170166015625,728200,0.0,0.0,0.0
2002-11-13,27.320316658111,27.681934801360704,27.06817944612086,27.370080947875977,478200,0.0,0.0,0.0
2002-11-14,27.834554493740537,28.050198147662403,27.73502587466339,28.023656845092773,611200,0.0,0.0,0.0
2002-11-15,27.884317953876728,28.269156704941828,27.84118770573542,28.199487686157227,579400,0.0,0.0,0.0
2002-11-18,28.464902872091905,28.464902872091905,27.940723419189453,27.940723419189453,319400,0.0,0.0,0.0
2002-11-19,27.817975442139602,28.066794547223353,27.698542069209896,27.84451675415039,255200,0.0,0.0,0.0
2002-11-20,27.81796434411089,28.38195560929999,27.78810727834941,28.378637313842773,139200,0.0,0.0,0.0
2002-11-21,28.66394825680203,29.012293325378046,28.600913302485466,28.959213256835938,210600,0.0,0.0,0.0
2002-11-22,28.87960040966387,29.062066204817857,28.816565436748242,28.89618682861328,1082000,0.0,0.0,0.0
2002-11-25,28.89617571775,29.108501035161215,28.68053210537746,28.945940017700195,152400,0.0,0.0,0.0
2002-11-26,28.829837444401452,28.84974216052282,28.34215165047978,28.398550033569336,446800,0.0,0.0,0.0
2002-11-27,28.63076510021049,29.231247291398507,28.63076510021049,29.194753646850586,93600,0.0,0.0,0.0
2002-11-29,29.277712342546128,29.277712342546128,29.01230430603027,29.012304306030273,56600,0.0,0.0,0.0
2002-12-02,29.553079485038875,29.659242217660548,28.86633875471011,29.105205535888672,284600,0.0,0.0,0.0
2002-12-03,28.863007327134575,28.863007327134575,28.59428358611558,28.647363662719727,145800,0.0,0.0,0.0
2002-12-04,28.398551822411445,28.736947204501554,28.265847800633335,28.571067810058594,183800,0.0,0.0,0.0
2002-12-05,28.663948737086596,28.663948737086596,28.219390816398946,28.249250411987305,149600,0.0,0.0,0.0
2002-12-06,28.249244957939645,28.498063904960045,27.90421571433729,28.371994018554688,458200,0.0,0.0,0.0
2002-12-09,28.133142078947138,28.19949281429816,27.701854705810547,27.701854705810547,299400,0.0,0.0,0.0
2002-12-10,27.95067697295072,28.182907104492188,27.837880203664465,28.182907104492188,195200,0.0,0.0,0.0
2002-12-11,27.934082667219663,28.332194642132816,27.934082667219663,28.232666015625,186200,0.0,0.0,0.0
2002-12-12,28.29903527328637,28.302351039890947,27.96727637222144,28.133155822753906,1674000,0.0,0.0,0.0
2002-12-13,27.871052371409462,28.02697938371451,27.701854705810547,27.701854705810547,201000,0.0,0.0,0.0
2002-12-16,27.90090146667545,28.365364074707035,27.817961805638294,28.36536407470703,512600,0.0,0.0,0.0
2002-12-17,28.31560411857291,28.378639080595235,28.06678509726538,28.139772415161133,376000,0.0,0.0,0.0
2002-12-18,27.967262344073667,27.967262344073667,27.671997272717963,27.73834800720215,507800,0.0,0.0,0.0
2002-12-19,27.67531170607167,28.033611729730666,27.456352267914387,27.569149017333984,190000,0.0,0.0,0.0
2002-12-20,27.867731962589374,27.97721294562504,27.744980327265925,27.890954971313477,1275800,0.0,0.0,0.0
2002-12-23,27.97160861594003,28.131599873416636,27.86494862528055,27.901613235473633,562200,0.196,0.0,0.0
2002-12-24,27.96494736840904,27.96494736840904,27.768291473388672,27.768291473388672,551200,0.0,0.0,0.0
2002-12-26,27.851632359659426,28.19827817104382,27.714975357436735,27.798303604125977,121800,0.0,0.0,0.0
2002-12-27,27.81495232627125,27.81495232627125,27.331649780273438,27.331649780273438,200800,0.0,0.0,0.0
2002-12-30,27.498312245081515,27.564973803030934,27.198330148358266,27.481645584106445,2337800,0.0,0.0,0.0
2002-12-31,27.498305765146675,27.578300124430513,27.148326310945784,27.541635513305664,423400,0.0,0.0,0.0
2003-01-02,27.798288759686436,28.34825540274546,27.624964675062117,28.331588745117188,442000,0.0,0.0,0.0
2003-01-03,28.348270925061207,28.424931488987536,28.184945728393902,28.314937591552734,769000,0.0,0.0,0.0
2003-01-06,28.531587074418102,29.014892361831798,28.46492550379769,28.92823028564453,554600,0.0,0.0,0.0
2003-01-07,28.914882606194332,28.95821235053679,28.634901101874554,28.718229293823242,506800,0.0,0.0,0.0
2003-01-08,28.604911933372605,28.631577574714548,28.288265707107477,28.358261108398438,201800,0.0,0.0,0.0
2003-01-09,28.58157726095204,28.89155831722132,28.58157726095204,28.79823112487793,175200,0.0,0.0,0.0
2003-01-10,28.714897051221726,28.998212411010208,28.564904771586825,28.878219604492188,235800,0.0,0.0,0.0
2003-01-13,29.148212691049903,29.148212691049903,28.72490641819859,28.851564407348633,187600,0.0,0.0,0.0
2003-01-14,28.814899486990335,28.981555938720703,28.714907141737502,28.981555938720703,86000,0.0,0.0,0.0
2003-01-15,28.9148903309961,28.9148903309961,28.54824669706556,28.6982364654541,1076400,0.0,0.0,0.0
2003-01-16,28.714918404622452,28.864908252820214,28.434934133549554,28.61492347717285,153600,0.0,0.0,0.0
2003-01-17,28.248266330534417,28.37492430834471,28.051612953699323,28.19826889038086,156600,0.0,0.0,0.0
2003-01-21,28.281581114868757,28.281581114868757,27.668286988564365,27.714950561523438,209600,0.0,0.0,0.0
2003-01-22,27.66496045878709,28.188261416348773,27.431642532348633,27.431642532348633,143600,0.0,0.0,0.0
2003-01-23,27.714966040490975,27.778293757462034,27.404984965294346,27.614971160888672,179800,0.0,0.0,0.0
2003-01-24,27.58163096326169,27.58163096326169,26.89833878625693,26.98833465576172,402800,0.0,0.0,0.0
2003-01-27,26.81502162903446,26.97167909798297,26.401714347514883,26.485042572021484,451000,0.0,0.0,0.0
2003-01-28,26.665027900563683,26.90501355854479,26.525037114399776,26.731689453125,641600,0.0,0.0,0.0
2003-01-29,26.49837870668462,27.151671763352688,26.461714079878806,27.0483455657959,244800,0.0,0.0,0.0
2003-01-30,27.031672796111064,27.031672796111064,26.3483829498291,26.3483829498291,117000,0.0,0.0,0.0
2003-01-31,26.28171356663197,26.86501096208723,26.28171356663197,26.778348922729492,422600,0.0,0.0,0.0
2003-02-03,26.89835871500859,27.065015218925563,26.815030463050103,26.878360748291016,130600,0.0,0.0,0.0
2003-02-04,26.548383776315873,26.998355865478516,26.31506312576649,26.998355865478516,590000,0.0,0.0,0.0
2003-02-05,26.748351758945343,26.948338927052777,26.37504051362994,26.465036392211914,84600,0.0,0.0,0.0
2003-02-06,26.398386656143803,26.498381566036304,26.098407012418686,26.221731185913086,616000,0.0,0.0,0.0
2003-02-07,26.43171891685636,26.465049704477618,25.89841614301186,25.96508026123047,314200,0.0,0.0,0.0
2003-02-10,26.015056347059637,26.18171269126124,25.798402591002755,26.175045013427734,2427000,0.0,0.0,0.0
2003-02-11,26.265045469303313,26.365037767574915,25.865068647293565,25.981727600097656,215000,0.0,0.0,0.0
2003-02-12,25.98172888994685,26.02172733702586,25.631752014160156,25.631752014160156,108800,0.0,0.0,0.0
2003-02-13,25.63175527284291,25.68175270230443,25.25177887769517,25.59175682067871,1149600,0.0,0.0,0.0
2003-02-14,25.765078998628802,26.025062561035156,25.545091342454374,26.025062561035156,698000,0.0,0.0,0.0
2003-02-18,26.381716499736736,26.621702194213867,26.2650574935258,26.621702194213867,125400,0.0,0.0,0.0
2003-02-19,26.481701467731558,26.57169734958138,26.22171788545413,26.408374786376953,652600,0.0,0.0,0.0
2003-02-20,26.47171897468152,26.53838310330044,26.16840545413901,26.198402404785156,51400,0.0,0.0,0.0
2003-02-21,26.281709813431434,26.648353329620676,26.095055487293163,26.551694869995117,643000,0.0,0.0,0.0
2003-02-24,26.48170787669914,26.48170787669914,26.015071868896484,26.015071868896484,316800,0.0,0.0,0.0
2003-02-25,25.76508547948684,26.32838249206543,25.625092143537547,26.32838249206543,209600,0.0,0.0,0.0
2003-02-26,26.115068363799747,26.271725852616232,25.87508263990861,25.968412399291992,1423800,0.0,0.0,0.0
2003-02-27,26.14173455836402,26.381720287295312,25.96841294467807,26.26839256286621,44200,0.0,0.0,0.0
2003-02-28,26.24838276243888,26.50170120017918,26.24838276243888,26.365041732788086,152600,0.0,0.0,0.0
2003-03-03,26.59836605674175,26.69835838448878,26.081730129635567,26.168392181396484,55200,0.0,0.0,0.0
2003-03-04,26.048400785264114,26.105063361732295,25.788417158668615,25.798416137695312,80600,0.0,0.0,0.0
2003-03-05,25.715088635104095,25.998404068278717,25.715088635104095,25.955074310302734,66800,0.0,0.0,0.0
2003-03-06,25.715092107877858,25.925078330547198,25.701759286013427,25.81508445739746,603400,0.0,0.0,0.0
2003-03-07,25.481776737435286,25.995079040527347,25.481776737435286,25.995079040527344,557200,0.0,0.0,0.0
2003-03-10,25.725080982429304,25.725080982429304,25.331771792355326,25.36176872253418,376600,0.0,0.0,0.0
2003-03-11,25.43177325682875,25.568430212571336,25.14512398227552,25.158456802368164,1562800,0.0,0.0,0.0
2003-03-12,25.1484544496563,25.255114463900053,24.795143629281732,25.248449325561523,1267400,0.0,0.0,0.0
2003-03-13,25.658423455670725,26.111726577006486,25.43177062351527,26.09839630126953,1664000,0.0,0.0,0.0
2003-03-14,26.26506653340408,26.37172659621787,25.985082279157584,26.198402404785156,1613400,0.0,0.0,0.0
2003-03-17,26.11506817767034,27.05834440230659,25.935078886034823,26.931686401367188,2038000,0.0,0.0,0.0
2003-03-18,27.148335501296007,27.181668826675317,26.85168721484514,27.17500114440918,993000,0.0,0.0,0.0
2003-03-19,27.198335658846208,27.344994167619028,26.93835197000417,27.28166389465332,2032200,0.0,0.0,0.0
2003-03-20,27.26499966477004,27.498317706911035,26.84502464594032,27.414989471435547,557400,0.0,0.0,0.0
2003-03-21,27.748302493776592,28.01828516374752,27.46498700093382,27.998287200927734,768200,0.0,0.0,0.0
2003-03-24,27.41165544944779,27.471651880314035,26.968351172299542,27.0483455657959,835800,0.0,0.0,0.0
2003-03-25,26.998348613802857,27.514984697059845,26.998348613802857,27.36832618713379,448600,0.0,0.0,0.0
2003-03-26,27.43164504481937,27.43164504481937,27.11499635225134,27.234989166259766,306400,0.0,0.0,0.0
2003-03-27,26.99834611479062,27.3483256927282,26.865020440196506,27.181669235229492,258800,0.0,0.0,0.0
2003-03-28,26.865020740151298,27.24833110527323,26.865020740151298,27.051677703857422,132200,0.0,0.0,0.0
2003-03-31,26.666938126804244,26.921196440389455,26.432754517192805,26.563228607177734,661000,0.15,0.0,0.0
2003-04-01,26.713764293668685,26.99813072224173,26.59667253512789,26.94795036315918,404200,0.0,0.0,0.0
2003-04-02,27.516688074233784,27.737491902782303,27.433050724464074,27.59363555908203,564600,0.0,0.0,0.0
2003-04-03,27.76760533960854,27.784333833668622,27.433055877685543,27.433055877685547,314600,0.0,0.0,0.0
2003-04-04,27.60032250393221,27.680613636541835,27.389557323678545,27.530067443847656,284400,0.0,0.0,0.0
2003-04-07,28.269436159954374,28.369802043024894,27.533428192138672,27.533428192138672,559000,0.0,0.0,0.0
2003-04-08,27.63379832413589,27.65052682623507,27.416340558901837,27.516706466674805,207600,0.0,0.0,0.0
2003-04-09,27.516698361575855,27.834519388556988,27.135312108234377,27.198877334594727,3984000,0.0,0.0,0.0
2003-04-10,27.2992422163659,27.342735290527344,27.051676269057157,27.342735290527344,176200,0.0,0.0,0.0
2003-04-11,27.499963344260927,27.680620350759597,27.13530567455025,27.228979110717773,247800,0.0,0.0,0.0
2003-04-14,27.332686996589295,27.797710493062365,27.289196490214604,27.79436683654785,239000,0.0,0.0,0.0
2003-04-15,27.717433906562118,27.975038528442383,27.623760426755076,27.975038528442383,203000,0.0,0.0,0.0
2003-04-16,28.06870519217098,28.098813423764373,27.556844835801154,27.603681564331055,257000,0.0,0.0,0.0
2003-04-17,27.687324279579,28.05198210089048,27.570232435690485,28.031909942626953,143200,0.0,0.0,0.0
2003-04-21,28.09881837189964,28.18245576648999,27.92150750375381,28.025217056274414,198000,0.0,0.0,0.0
2003-04-22,27.801058806540894,28.60397799765888,27.801058806540894,28.597288131713867,209400,0.0,0.0,0.0
2003-04-23,28.66084119090282,28.8682626994532,28.570513992649087,28.838151931762695,775200,0.0,0.0,0.0
2003-04-24,28.603980298121865,28.76456517022433,28.453434054358887,28.60732650756836,242000,0.0,0.0,0.0
2003-04-25,28.603975230659582,28.603975230659582,28.16571630997841,28.212553024291992,350800,0.0,0.0,0.0
2003-04-28,28.349726392674206,28.81475003411762,28.31961816020005,28.711040496826172,224600,0.0,0.0,0.0
2003-04-29,28.871617993628934,29.008781938204315,28.607323626987448,28.804706573486328,379800,0.0,0.0,0.0
2003-04-30,28.754533285833524,28.971991007478152,28.627405373560155,28.851552963256836,477600,0.0,0.0,0.0
2003-05-01,28.75452141803869,28.89503411324374,28.396553643349346,28.818086624145508,241000,0.0,0.0,0.0
2003-05-02,28.787991299097833,29.269740940570887,28.69431527618995,29.222904205322266,446400,0.0,0.0,0.0
2003-05-05,29.306519038508327,29.416920923360003,29.13589817577471,29.20615577697754,720000,0.0,0.0,0.0
2003-05-06,29.229585794534835,29.554096610673188,29.229585794534835,29.406896591186523,314400,0.0,0.0,0.0
2003-05-07,29.239624938723747,29.544063636982006,29.216206577319262,29.306533813476562,494600,0.0,0.0,0.0
2003-05-08,29.062299822715815,29.283101042677977,29.005424499511715,29.00542449951172,213600,0.0,0.0,0.0
2003-05-09,29.1058049588377,29.426972155542572,29.095768882754733,29.423625946044922,200000,0.0,0.0,0.0
2003-05-12,29.403552233921676,29.868575785434647,29.273078146945224,29.77490234375,204200,0.0,0.0,0.0
2003-05-13,29.825084813573685,29.895339893752812,29.627699305290587,29.74144744873047,199800,0.0,0.0,0.0
2003-05-14,29.93882853912608,29.93882853912608,29.55075251768753,29.634389877319336,248400,0.0,0.0,0.0
2003-05-15,29.771560200247478,29.92545266866175,29.617667731833205,29.868579864501953,219200,0.0,0.0,0.0
2003-05-16,29.841799028089312,29.938818639470583,29.60761551951991,29.80499839782715,165000,0.0,0.0,0.0
2003-05-19,29.707994521772168,29.707994521772168,29.05562151142332,29.105804443359375,596600,0.0,0.0,0.0
2003-05-20,29.25301352066519,29.256357178435554,28.824790504291215,29.075702667236328,502600,0.0,0.0,0.0
2003-05-21,28.928481372227928,29.22623007583931,28.928481372227928,29.19611930847168,266200,0.0,0.0,0.0
2003-05-22,29.239611524253316,29.574160849353675,29.189428615006502,29.39015769958496,266800,0.0,0.0,0.0
2003-05-23,29.540728277723925,29.607637171270998,29.343342702661896,29.51396369934082,148000,0.0,0.0,0.0
2003-05-27,29.44034569177061,30.179699521604377,29.356708346055353,30.102754592895508,227600,0.0,0.0,0.0
2003-05-28,30.276719618316847,30.373739247139792,30.10609871573792,30.13620948791504,323200,0.0,0.0,0.0
2003-05-29,30.276735553631642,30.46073883486658,29.9789866457501,30.086042404174805,346400,0.0,0.0,0.0
2003-05-30,30.009085904232798,30.594547466318577,30.009085904232798,30.53432846069336,336400,0.0,0.0,0.0
2003-06-02,30.828741372586187,31.04619908936636,30.631355811923708,30.661466598510742,314200,0.0,0.0,0.0
2003-06-03,30.628015242172726,30.848816638960614,30.58117850490224,30.845470428466797,236400,0.0,0.0,0.0
2003-06-04,30.87891164666634,31.340588914835447,30.761817310925178,31.287059783935547,354400,0.0,0.0,0.0
2003-06-05,31.203429056984557,31.474415872990416,31.02611823994479,31.457687377929688,270000,0.0,0.0,0.0
2003-06-06,31.882571134934924,32.02642753450256,31.31718161414881,31.380746841430664,370000,0.0,0.0,0.0
2003-06-09,31.213484343133377,31.246938798698448,30.82875172310669,30.96257209777832,240800,0.0,0.0,0.0
2003-06-10,31.213476628752968,31.246931076049805,30.962564445410617,31.246931076049805,194800,0.0,0.0,0.0
2003-06-11,31.246922571919946,31.6651094303439,31.12983076204324,31.62161636352539,191600,0.0,0.0,0.0
2003-06-12,31.815658586320392,31.815658586320392,31.49449135598575,31.685184478759766,247800,0.0,0.0,0.0
2003-06-13,31.77885857286429,31.77885857286429,31.25361592223477,31.374053955078125,301800,0.0,0.0,0.0
2003-06-16,31.54802065489666,32.016387939453125,31.514563661076682,32.016387939453125,428400,0.0,0.0,0.0
2003-06-17,32.116749398702616,32.16693233012007,31.929402510648025,32.066566467285156,225400,0.0,0.0,0.0
2003-06-18,31.879218666257326,32.16358519959919,31.818999660762945,31.999656677246094,238800,0.0,0.0,0.0
2003-06-19,31.966197615708552,32.06656090873616,31.501174133175038,31.507863998413086,314800,0.0,0.0,0.0
2003-06-20,31.68183525409548,31.738710606458874,31.507870644705715,31.548017501831055,182000,0.0,0.0,0.0
2003-06-23,31.47753400959152,31.47753400959152,30.9774651539225,31.09493064880371,378800,0.15,0.0,0.0
2003-06-24,31.0110244367915,31.306366599988447,31.0110244367915,31.1788330078125,266400,0.0,0.0,0.0
2003-06-25,31.17882869914379,31.427184632978467,30.933827092665968,30.977458953857422,172800,0.0,0.0,0.0
2003-06-26,31.06136887383212,31.333217951355255,30.977464584665157,31.313081741333008,136400,0.0,0.0,0.0
2003-06-27,31.329881462164,31.433924589652868,30.97748475454567,31.047964096069336,213000,0.0,0.0,0.0
2003-06-30,31.313091586417805,31.313091586417805,30.97411743465151,31.027814865112305,252200,0.0,0.0,0.0
2003-07-01,30.943898627157647,31.26273643972535,30.655267688037863,31.249311447143555,347600,0.0,0.0,0.0
2003-07-02,31.27951080960595,31.628552879825147,31.26273149195091,31.59499168395996,138200,0.0,0.0,0.0
2003-07-03,31.480897069274935,31.662128119443093,31.346649665713567,31.380210876464844,128200,0.0,0.0,0.0
2003-07-07,31.715824906842133,32.03130588931457,31.699043022880666,31.98431968688965,310000,0.0,0.0,0.0
2003-07-08,31.984315454460102,32.202464553755924,31.85342497066035,32.16890335083008,186200,0.0,0.0,0.0
2003-07-09,32.1689143527134,32.252818669001414,31.917201403849354,32.051448822021484,260800,0.0,0.0,0.0
2003-07-10,31.883643242079952,31.883643242079952,31.46076473054489,31.648712158203125,168600,0.0,0.0,0.0
2003-07-11,31.732592708246333,31.967523616111297,31.71581083173247,31.88697624206543,92400,0.0,0.0,0.0
2003-07-14,32.26623591129477,32.46089449282799,31.917193732166353,32.131988525390625,293400,0.0,0.0,0.0
2003-07-15,32.35013649834897,32.35013649834897,31.9138331843233,31.970890045166016,222400,0.0,0.0,0.0
2003-07-16,32.168911395669745,32.168911395669745,31.65206054757897,31.80644416809082,140400,0.0,0.0,0.0
2003-07-17,31.615150431981,31.732618542100347,31.286246893206265,31.393644332885742,145200,0.0,0.0,0.0
2003-07-18,31.554741932301248,31.759468719425733,31.353372035612765,31.715839385986328,132800,0.0,0.0,0.0
2003-07-21,31.621846669482917,31.621846669482917,31.178832156505774,31.249311447143555,148600,0.0,0.0,0.0
2003-07-22,31.430549020464763,31.621850708216172,31.188904244240703,31.561439514160156,130600,0.0,0.0,0.0
2003-07-23,31.588276701353262,31.61512411851015,31.28286396613105,31.598344802856445,142600,0.0,0.0,0.0
2003-07-24,31.809806574465597,31.92056089552771,31.35336685180664,31.35336685180664,98400,0.0,0.0,0.0
2003-07-25,31.447332726643513,31.903772354125977,31.26274479058688,31.903772354125977,162000,0.0,0.0,0.0
2003-07-28,31.933980693761065,31.977610012881595,31.719185866380077,31.87356948852539,211600,0.0,0.0,0.0
2003-07-29,31.94404721375192,31.967540316811842,31.5211687981171,31.678909301757812,302000,0.0,0.0,0.0
2003-07-30,31.816514762104273,31.82993719815562,31.57151305498848,31.672199249267578,78000,0.0,0.0,0.0
2003-07-31,31.917198264508052,32.16219997061582,31.712471548057476,31.7493896484375,215200,0.0,0.0,0.0
2003-08-01,31.699050117277878,31.699050117277878,31.38021473510108,31.38357162475586,186200,0.0,0.0,0.0
2003-08-04,31.329860142592654,31.54801180013021,30.980818002643687,31.464107513427734,197600,0.0,0.0,0.0
2003-08-05,31.430563670869596,31.430563670869596,30.89021956121349,30.903644561767578,293400,0.0,0.0,0.0
2003-08-06,30.84322923829225,31.205696523383804,30.759324916403834,30.927133560180664,196200,0.0,0.0,0.0
2003-08-07,30.943905680662212,31.162057378870777,30.81637206289781,31.128496170043945,170200,0.0,0.0,0.0
2003-08-08,31.162057387412585,31.292947894262383,31.08150997409489,31.215757369995117,97000,0.0,0.0,0.0
2003-08-11,31.27617138447901,31.484252434320045,31.148635194647323,31.36343002319336,91600,0.0,0.0,0.0
2003-08-12,31.430565152297884,31.715839385986328,31.32987892367506,31.715839385986328,96400,0.0,0.0,0.0
2003-08-13,31.799721124886542,31.803078012937014,31.457392799843458,31.52787208557129,143200,0.0,0.0,0.0
2003-08-14,31.594996775926692,31.766162231146453,31.447324417654304,31.722530364990234,76800,0.0,0.0,0.0
2003-08-15,31.6487046470743,31.779595157106925,31.6487046470743,31.699045181274414,26000,0.0,0.0,0.0
2003-08-18,31.749387882455856,32.09171887410998,31.749387882455856,32.0615119934082,102400,0.0,0.0,0.0
2003-08-19,32.21925677377341,32.21925677377341,32.00110504392302,32.17898178100586,287000,0.0,0.0,0.0
2003-08-20,32.11856797213771,32.26624037310818,32.05144555018183,32.17562484741211,208400,0.0,0.0,0.0
2003-08-21,32.31657795627875,32.45753655467073,32.20582367444683,32.3199348449707,199800,0.0,0.0,0.0
2003-08-22,32.58507221225908,32.58842910116257,31.954112807870207,31.98431968688965,202800,0.0,0.0,0.0
2003-08-25,31.98433702525324,31.98433702525324,31.79638955311329,31.950773239135742,117600,0.0,0.0,0.0
2003-08-26,31.86684955888883,32.09171501086897,31.615136679085424,32.05815124511719,275600,0.0,0.0,0.0
2003-08-27,32.0682263572896,32.14541688388684,31.95075828198361,32.10178756713867,255400,0.0,0.0,0.0
2003-08-28,32.18233589481416,32.37699450223328,31.930622972979307,32.33671951293945,104800,0.0,0.0,0.0
2003-08-29,32.23603206056133,32.54815614907201,32.23603206056133,32.50788116455078,511600,0.0,0.0,0.0
2003-09-02,32.63541667429126,32.981101989746094,32.403842541343934,32.981101989746094,274200,0.0,0.0,0.0
2003-09-03,33.09186019767709,33.21268261200967,33.007955885532596,33.07508087158203,461800,0.0,0.0,0.0
2003-09-04,33.095218521011454,33.2093271614048,32.99117798882264,33.17240905761719,184400,0.0,0.0,0.0
2003-09-05,33.07171134434903,33.21266992035333,32.86362780794597,32.9945182800293,516000,0.0,0.0,0.0
2003-09-08,33.07508176128129,33.33350592299297,33.05829987417841,33.31001281738281,148200,0.0,0.0,0.0
2003-09-09,33.29323003471259,33.29323003471259,32.99117655943754,33.07508087158203,329200,0.0,0.0,0.0
2003-09-10,32.94082149920417,32.97438269976459,32.558218179593325,32.611915588378906,303600,0.0,0.0,0.0
2003-09-11,32.766299769791345,32.93410833627496,32.63876618106378,32.82335662841797,127000,0.0,0.0,0.0
2003-09-12,32.739451171025976,32.93075282753434,32.47095645005913,32.913970947265625,192600,0.0,0.0,0.0
2003-09-15,32.93744989047029,32.93744989047029,32.739437103271484,32.739437103271484,145000,0.0,0.0,0.0
2003-09-16,32.887127346783274,33.25966262817383,32.887127346783274,33.25966262817383,138200,0.0,0.0,0.0
2003-09-17,33.20932288973804,33.283159087815825,33.06165305413866,33.1422004699707,193000,0.0,0.0,0.0
2003-09-18,33.20597214429872,33.56172561645508,33.12542215921858,33.56172561645508,227600,0.0,0.0,0.0
2003-09-19,33.49459505758249,33.541581257193634,33.350279570046574,33.440895080566406,342800,0.0,0.0,0.0
2003-09-22,33.19253594348406,33.19253594348406,32.92068431656902,33.05828857421875,272400,0.0,0.0,0.0
2003-09-23,33.13213129604974,33.2898717940348,33.021377002499875,33.24288558959961,277200,0.0,0.0,0.0
2003-09-24,33.293227891795226,33.299941670246234,32.63877532341455,32.66897964477539,273800,0.0,0.0,0.0
2003-09-25,32.77302629663416,32.8166556190938,32.39042282104492,32.39042282104492,278000,0.0,0.0,0.0
2003-09-26,32.40383693788165,32.40383693788165,32.1521240747512,32.17226028442383,206200,0.0,0.0,0.0
2003-09-29,32.23627190109396,32.478776919814315,32.08807381861567,32.36089324951172,197000,0.17,0.0,0.0
2003-09-30,32.31371769554308,32.36760623527615,31.943222742574044,32.16551971435547,243000,0.0,0.0,0.0
2003-10-01,32.34741233261789,32.84926129986712,32.27668214821396,32.80884552001953,145400,0.0,0.0,0.0
2003-10-02,32.8526090155385,32.98396535492909,32.75156449154466,32.9570198059082,125000,0.0,0.0,0.0
2003-10-03,33.49592695818943,33.563290848882254,33.202902385102114,33.31741714477539,258600,0.0,0.0,0.0
2003-10-06,33.364585442199356,33.50941465960089,33.25343946997977,33.46226119995117,194800,0.0,0.0,0.0
2003-10-07,33.394898515124574,33.620561858673874,33.21301979102387,33.613826751708984,188800,0.0,0.0,0.0
2003-10-08,33.6778148586388,33.6778148586388,33.37805252931343,33.48583221435547,101000,0.0,0.0,0.0
2003-10-09,33.731704371730345,33.94726373149861,33.5498256801127,33.573402404785156,196400,0.0,0.0,0.0
2003-10-10,33.65760703466971,33.701391648477035,33.52288178569357,33.62729263305664,139000,0.0,0.0,0.0
2003-10-13,33.846225544198354,34.00115870266347,33.775495356834114,33.86643600463867,192600,0.0,0.0,0.0
2003-10-14,33.87989984692586,34.01799392700195,33.721600449550955,34.01799392700195,214800,0.0,0.0,0.0
2003-10-15,34.199862938328195,34.199862938328195,33.812528939812225,33.90010070800781,143400,0.0,0.0,0.0
2003-10-16,33.88327485029283,34.125779816730834,33.819282340022774,34.0382080078125,126400,0.0,0.0,0.0
2003-10-17,34.06514693710865,34.0752508804629,33.566666887383924,33.671077728271484,160800,0.0,0.0,0.0
2003-10-20,33.72833065774164,33.7990608215332,33.57002871368295,33.7990608215332,150000,0.0,0.0,0.0
2003-10-21,33.81253744202336,33.964101728842195,33.735072164643135,33.84621810913086,119600,0.0,0.0,0.0
2003-10-22,33.61046354336851,33.61383238225062,33.27365160594985,33.4117431640625,247600,0.0,0.0,0.0
2003-10-23,33.17934044205282,33.51615233650561,33.17934044205282,33.46226119995117,216200,0.0,0.0,0.0
2003-10-24,33.1928093678876,33.31742810976022,32.99072019896993,33.273643493652344,170200,0.0,0.0,0.0
2003-10-27,33.42856863276121,33.60707846217185,33.36457357328574,33.46561813354492,121400,0.0,0.0,0.0
2003-10-28,33.54645609532449,33.933790194606395,33.54645609532449,33.910213470458984,499400,0.0,0.0,0.0
2003-10-29,33.87989155356588,34.0752429786817,33.81926790749852,34.051666259765625,154000,0.0,0.0,0.0
2003-10-30,34.23355637343974,34.23692521146175,33.933794031243586,33.95737075805664,316200,0.0,0.0,0.0
2003-10-31,34.149342741063144,34.183023401748635,34.04829818933699,34.1122932434082,121000,0.0,0.0,0.0
2003-11-03,34.28407933526003,34.472693153451395,34.19313869458166,34.321128845214844,231800,0.0,0.0,0.0
2003-11-04,34.35143773714687,34.408697701054564,34.213346223417325,34.2200813293457,188600,0.0,0.0,0.0
2003-11-05,34.233551051994695,34.311018896435854,34.00451892583967,34.280704498291016,158200,0.0,0.0,0.0
2003-11-06,34.25039229174896,34.48952835808924,34.10219427949919,34.425533294677734,252200,0.0,0.0,0.0
2003-11-07,34.573734336243476,34.61751894839451,34.27060317993164,34.27060317993164,367400,0.0,0.0,0.0
2003-11-10,34.35143237984207,34.354801217116034,34.06177404635946,34.09882354736328,196200,0.0,0.0,0.0
2003-11-11,34.68150612590702,34.68150612590702,33.93041479670991,34.034828186035156,180000,0.0,0.0,0.0
2003-11-12,34.10218530648839,34.48951928316263,34.09881646991365,34.44573211669922,238400,0.0,0.0,0.0
2003-11-13,34.4053268934426,34.53331445611672,34.321123940971944,34.4996337890625,250600,0.0,0.0,0.0
2003-11-14,34.536689855204166,34.671415118687136,34.16956357645485,34.233558654785156,175200,0.0,0.0,0.0
2003-11-17,33.984321789837736,34.04157919707017,33.69129450687676,33.964111328125,281400,0.0,0.0,0.0
2003-11-18,34.07862524755953,34.15272427040727,33.677818298339844,33.677818298339844,200200,0.0,0.0,0.0
2003-11-19,34.35481049628948,34.35481049628948,33.64076841187341,33.916954040527344,141600,0.0,0.0,0.0
2003-11-20,33.79233064955489,34.07525134602027,33.623924738895894,33.66770935058594,187600,0.0,0.0,0.0
2003-11-21,33.78222909185166,33.809172086510486,33.596981549176,33.68791961669922,130800,0.0,0.0,0.0
2003-11-24,34.00115269217217,34.27060317993164,33.98431364273114,34.27060317993164,191200,0.0,0.0,0.0
2003-11-25,34.31775929818361,34.53331867728369,34.24366027980474,34.35480880737305,166600,0.0,0.0,0.0
2003-11-26,34.553538090820716,34.56364460824637,34.25377564897661,34.543434143066406,180200,0.0,0.0,0.0
2003-11-28,34.48952329235154,34.657929165293034,34.48952329235154,34.62424850463867,54600,0.0,0.0,0.0
2003-12-01,34.7926603233469,35.058739386755754,34.74550687643874,34.9779052734375,343400,0.0,0.0,0.0
2003-12-02,34.927396044900924,35.05201738383907,34.85329957896939,34.89034652709961,332600,0.0,0.0,0.0
2003-12-03,35.07558281113713,35.11263231699727,34.765716552734375,34.765716552734375,202800,0.0,0.0,0.0
2003-12-04,34.82970334792521,34.89706466821417,34.62424798047334,34.89369583129883,197800,0.0,0.0,0.0
2003-12-05,34.809495324804416,34.8330720455175,34.556886501591514,34.60067367553711,259600,0.0,0.0,0.0
2003-12-08,34.620888861749776,34.88697052001953,34.55689379074289,34.88697052001953,233600,0.0,0.0,0.0
2003-12-09,34.95770819224453,34.95770819224453,34.49290868491678,34.51985168457031,128000,0.0,0.0,0.0
2003-12-10,34.54680152205028,34.60069266735729,34.24703909287595,34.42218017578125,575200,0.0,0.0,0.0
2003-12-11,34.50300946155081,34.95770498103131,34.4794327329754,34.88360595703125,298800,0.0,0.0,0.0
2003-12-12,34.96107030622072,35.00148608276268,34.72530047448737,34.9947509765625,187000,0.0,0.0,0.0
2003-12-15,35.31134615402373,35.314714991366834,34.71855926513672,34.71855926513672,978200,0.0,0.0,0.0
2003-12-16,34.802757791941765,34.95769088434209,34.65792864061782,34.89369583129883,157200,0.0,0.0,0.0
2003-12-17,34.9408598482793,34.9947509765625,34.77582276483526,34.9947509765625,353400,0.0,0.0,0.0
2003-12-18,35.05873822527827,35.398918854991535,34.99474573212016,35.365238189697266,245200,0.0,0.0,0.0
2003-12-19,35.432615263643235,35.43935294149779,35.23052861241676,35.31473159790039,272400,0.0,0.0,0.0
2003-12-22,35.29847793006505,35.514949798583984,35.29847793006505,35.514949798583984,217600,0.221,0.0,0.0
2003-12-23,35.52849132185562,35.67055054853603,35.504814784075556,35.6502571105957,241600,0.0,0.0,0.0
2003-12-24,35.56569601691178,35.653638544793196,35.51834294356386,35.616432189941406,92000,0.0,0.0,0.0
2003-12-26,35.663785263289334,35.73481487331122,35.616432189941406,35.616432189941406,131000,0.0,0.0,0.0
2003-12-29,35.836293445594265,36.13732487751985,35.76864691862993,36.056148529052734,331600,0.0,0.0,0.0
2003-12-30,36.042595686670985,36.1575978057165,36.02230225765328,36.11024475097656,200800,0.0,0.0,0.0
2003-12-31,36.188054649680225,36.24555702601374,36.00540596258647,36.0087890625,286200,0.0,0.0,0.0
2004-01-02,36.32334002172896,36.38083980130589,35.941132416804834,36.03245544433594,390200,0.0,0.0,0.0
2004-01-05,36.32333656679825,36.482308655665314,36.23201354795342,36.43495559692383,368200,0.0,0.0,0.0
2004-01-06,36.4552591375842,36.60070145278151,36.36393609341328,36.56011199951172,244000,0.0,0.0,0.0
2004-01-07,36.54659151110149,36.664974212646484,36.36055970828124,36.664974212646484,209800,0.0,0.0,0.0
2004-01-08,36.817153705434926,36.823919900972676,36.64803494465613,36.80024337768555,250400,0.0,0.0,0.0
2004-01-09,36.688640688906716,36.8679062421505,36.53981528747477,36.56349182128906,227200,0.0,0.0,0.0
2004-01-12,36.67849592136047,36.77996568000903,36.52967051201738,36.73261260986328,454000,0.0,0.0,0.0
2004-01-13,36.86451261325522,36.86451261325522,36.38759897391717,36.648040771484375,448000,0.0,0.0,0.0
2004-01-14,36.72922422781311,36.91187286376953,36.65481411439242,36.91187286376953,157200,0.0,0.0,0.0
2004-01-15,37.02011747611153,37.11820672472137,36.69540957410087,37.06747055053711,334000,0.0,0.0,0.0
2004-01-16,37.06407760070104,37.21290039303363,37.013341443532774,37.1790771484375,397800,0.0,0.0,0.0
2004-01-20,37.32452461637661,37.34143753130217,37.097906007445765,37.27378845214844,416400,0.0,0.0,0.0
2004-01-21,37.23657229485874,37.54098661949015,37.08774952102059,37.4327507019043,298600,0.0,0.0,0.0
2004-01-22,37.659363560238276,37.68642318068258,37.331275339404016,37.40568542480469,307400,0.0,0.0,0.0
2004-01-23,37.48688771127251,37.615417117878366,37.20614977996464,37.33806228637695,222800,0.0,0.0,0.0
2004-01-26,37.385415235215355,37.77438913407481,37.32114924185493,37.73041915893555,920600,0.0,0.0,0.0
2004-01-27,37.77778011697751,37.77778011697751,37.40909957885742,37.40909957885742,332000,0.0,0.0,0.0
2004-01-28,37.490260234388394,37.55790931334372,36.79010839562895,36.935550689697266,293600,0.0,0.0,0.0
2004-01-29,37.02011086568171,37.0404068800607,36.62775652185142,37.00320053100586,293200,0.0,0.0,0.0
2004-01-30,36.965994336193404,37.01334740236105,36.80025860460666,36.94908142089844,345400,0.0,0.0,0.0
2004-02-02,37.00320907240868,37.277180814554356,36.78673712642088,37.01673889160156,234600,0.0,0.0,0.0
2004-02-03,36.969381628747385,37.10129412525541,36.8848222037782,37.006587982177734,150200,0.0,0.0,0.0
2004-02-04,36.83410405415289,36.92542714235888,36.61763202676451,36.66160202026367,289400,0.0,0.0,0.0
2004-02-05,36.68186996546822,36.87466531147342,36.63113638537343,36.810401916503906,138600,0.0,0.0,0.0
2004-02-06,36.8679021214395,37.29408226301151,36.80025562683051,37.283935546875,186400,0.0,0.0,0.0
2004-02-09,37.307619713003014,37.37188312186848,37.209530469362285,37.23658752441406,148600,0.0,0.0,0.0
2004-02-10,37.30761479465816,37.520703590686395,37.20614246480744,37.473350524902344,133600,0.0,0.0,0.0
2004-02-11,37.47674704591063,37.875867729422815,37.35836175850362,37.784542083740234,341400,0.0,0.0,0.0
2004-02-12,37.84878393211692,37.84878393211692,37.64922242744882,37.683048248291016,200400,0.0,0.0,0.0
2004-02-13,37.76085992315391,37.798066279850936,37.3786522177334,37.49026870727539,209000,0.0,0.0,0.0
2004-02-17,37.74732237022103,37.88261795043945,37.68305896954241,37.88261795043945,298000,0.0,0.0,0.0
2004-02-18,37.86568774849295,37.86568774849295,37.584952579847496,37.71348190307617,170400,0.0,0.0,0.0
2004-02-19,37.89952853127093,37.91305576596587,37.47673148197317,37.507171630859375,250600,0.0,0.0,0.0
2004-02-20,37.51056408369879,37.54100424017576,37.155413441506504,37.392181396484375,298000,0.0,0.0,0.0
2004-02-23,37.45304913246968,37.456429650344084,37.05054557828771,37.141868591308594,224600,0.0,0.0,0.0
2004-02-24,37.03702482088007,37.30761598877718,36.98967175358037,37.158790588378906,138600,0.0,0.0,0.0
2004-02-25,37.124955241137535,37.37525031253234,37.124955241137535,37.35833740234375,262400,0.0,0.0,0.0
2004-02-26,37.32452544197214,37.503790989734874,37.15202351200013,37.41246795654297,539400,0.0,0.0,0.0
2004-02-27,37.459815820404444,37.64246444197108,37.29408011178866,37.46657943725586,219800,0.0,0.0,0.0
2004-03-01,37.50717840863236,37.91306261708458,37.466588955567595,37.831886291503906,315400,0.0,0.0,0.0
2004-03-02,37.87923212383767,37.91643847023245,37.59849684724297,37.69320297241211,231200,0.0,0.0,0.0
2004-03-03,37.66274576108812,37.76083494745239,37.446273963783305,37.71348190307617,110000,0.0,0.0,0.0
2004-03-04,37.75746908714141,37.88261795043945,37.62893970523562,37.88261795043945,195400,0.0,0.0,0.0
2004-03-05,37.66275045854817,38.149813353506254,37.66275045854817,38.0009880065918,182800,0.0,0.0,0.0
2004-03-08,38.00099510548692,38.09232070562578,37.652610778808594,37.652610778808594,266000,0.0,0.0,0.0
2004-03-09,37.52747339701054,37.608652306497596,37.28394441019628,37.456443786621094,371600,0.0,0.0,0.0
2004-03-10,37.429387725502096,37.449681163138756,36.749529178634745,36.78673553466797,268800,0.0,0.0,0.0
2004-03-11,36.54658729749076,36.97953117353902,36.26584936580197,36.316585540771484,805800,0.0,0.0,0.0
2004-03-12,36.495849127733734,36.83070373535156,36.42481951887837,36.83070373535156,311000,0.0,0.0,0.0
2004-03-15,36.63791474707036,36.68526782791446,36.15761773819491,36.27261734008789,482600,0.0,0.0,0.0
2004-03-16,36.29288723572961,36.58715222907254,36.14067880211145,36.47215270996094,292000,0.0,0.0,0.0
2004-03-17,36.648045343139465,36.928783185019974,36.644662244410675,36.86451721191406,179400,0.0,0.0,0.0
2004-03-18,36.86450751685633,36.93215657089989,36.50597656234184,36.82053756713867,394000,0.0,0.0,0.0
2004-03-19,36.84085235549754,36.84085235549754,36.394378662109375,36.394378662109375,152600,0.0,0.0,0.0
2004-03-22,36.15760308937659,36.19142633619796,35.768629299560125,35.93098449707031,449800,0.0,0.0,0.0
2004-03-23,36.137315831666285,36.14408203099876,35.80922741941145,35.890403747558594,289600,0.0,0.0,0.0
2004-03-24,35.85656684471645,36.052742681357316,35.59950555945342,35.85318374633789,243400,0.0,0.0,0.0
2004-03-25,36.039217606954665,36.42480826766425,35.95465820626312,36.36054229736328,178000,0.0,0.0,0.0
2004-03-26,36.36055904712999,36.614237366063456,36.326735787382056,36.44850158691406,1082200,0.0,0.0,0.0
2004-03-29,36.65548967713703,36.920176936444804,36.6147705518263,36.811588287353516,1192000,0.175,0.0,0.0
2004-03-30,36.88965626306096,37.089868237399024,36.81839516374171,37.01521301269531,227800,0.0,0.0,0.0
2004-03-31,37.072881436219575,37.19164987497425,36.8557041227945,37.08306121826172,206600,0.0,0.0,0.0
2004-04-01,37.08984910963325,37.39186138912142,37.08984910963325,37.27309036254883,202400,0.0,0.0,0.0
2004-04-02,37.5818912264025,37.724413352818665,37.46990844609359,37.612430572509766,367000,0.0,0.0,0.0
2004-04-05,37.65314806084222,37.8906875004826,37.59885503309649,37.860145568847656,735200,0.0,0.0,0.0
2004-04-06,37.860153380158266,37.860153380158266,37.615828232499545,37.75835037231445,228800,0.0,0.0,0.0
2004-04-07,37.673494917892064,37.75832984866362,37.463105946510844,37.60223388671875,157400,0.0,0.0,0.0
2004-04-08,37.71762448269506,37.87032637814403,37.334168798948525,37.54795455932617,198000,0.0,0.0,0.0
2004-04-12,37.68368937117352,37.76513020592812,37.602245947461455,37.66672134399414,789000,0.0,0.0,0.0
2004-04-13,37.802454311048166,37.802454311048166,37.05590519622711,37.161102294921875,731600,0.0,0.0,0.0
2004-04-14,36.86928191795709,37.23576964388299,36.814986289394106,37.0389518737793,794400,0.0,0.0,0.0
2004-04-15,37.222175087545,37.23914052034072,36.78103241155025,37.0558967590332,230800,0.0,0.0,0.0
2004-04-16,37.096624410912675,37.32058990699251,36.94392254646337,37.23236083984375,183200,0.0,0.0,0.0
2004-04-19,37.17806895760988,37.30701974304483,37.042335104036496,37.2764778137207,133000,0.0,0.0,0.0
2004-04-20,37.33077659940717,37.442756779227736,36.68263626098633,36.68263626098633,168200,0.0,0.0,0.0
2004-04-21,36.79121525306379,36.96767337374012,36.652087301142885,36.920166015625,181400,0.0,0.0,0.0
2004-04-22,36.86928218885613,37.56153592437207,36.86588806480649,37.507240295410156,359800,0.0,0.0,0.0
2004-04-23,37.57509740744074,37.57509740744074,37.25272304222783,37.50383377075195,191800,0.0,0.0,0.0
2004-04-26,37.54795995638187,37.66672840202007,37.26291309789223,37.344356536865234,245000,0.0,0.0,0.0
2004-04-27,37.3273809762609,37.666720803317816,37.3273809762609,37.42918395996094,164400,0.0,0.0,0.0
2004-04-28,37.317204728717215,37.317204728717215,36.85570231311012,36.9032096862793,184000,0.0,0.0,0.0
2004-04-29,36.8183842377504,37.066103538123016,36.333128010136925,36.5536994934082,218400,0.0,0.0,0.0
2004-04-30,36.49599659768148,36.71317386299394,36.10575530911911,36.25845718383789,322800,0.0,0.0,0.0
2004-05-03,36.529946550721924,36.679254369928216,36.105771608398065,36.645320892333984,644200,0.0,0.0,0.0
2004-05-04,36.69960428860392,36.947320922492686,36.47903287436279,36.68263626098633,111800,0.0,0.0,0.0
2004-05-05,36.74710190307104,36.8896239769731,36.61475960745387,36.835330963134766,131000,0.0,0.0,0.0
2004-05-06,36.607978116812504,36.618160485932876,36.20755703366923,36.47224426269531,176200,0.0,0.0,0.0
2004-05-07,36.394202085075015,36.57744593072376,35.902160295265524,35.96324157714844,271600,0.0,0.0,0.0
2004-05-10,35.545849714582104,35.71551964162068,35.223477888791855,35.46440887451172,1250200,0.0,0.0,0.0
2004-05-11,35.630694092538434,35.834297540989844,35.562827139374065,35.773216247558594,348600,0.0,0.0,0.0
2004-05-12,35.732498296428886,35.90216827392578,35.17258685289747,35.90216827392578,310200,0.0,0.0,0.0
2004-05-13,35.69855101380974,36.037890862188,35.69855101380974,35.80035400390625,744200,0.0,0.0,0.0
2004-05-14,35.83429632382275,36.003966289928876,35.52888986704007,35.78678894042969,193400,0.0,0.0,0.0
2004-05-17,35.3592078578351,35.559419695907856,35.22347400234678,35.37957000732422,1502200,0.0,0.0,0.0
2004-05-18,35.47796794016966,35.71889882511665,35.47796794016966,35.66120910644531,402800,0.0,0.0,0.0
2004-05-19,35.970016296881525,36.17361964492152,35.55262723278605,35.61370849609375,462400,0.0,0.0,0.0
2004-05-20,35.56281600971798,35.71212377774424,35.450833241980156,35.627288818359375,145000,0.0,0.0,0.0
2004-05-21,35.8003280516601,35.92588463656675,35.63405237139885,35.76300048828125,174000,0.0,0.0,0.0
2004-05-24,36.003948618761505,36.05485010140193,35.75623203964541,35.89875411987305,435200,0.0,0.0,0.0
2004-05-25,35.800348595526216,36.50617599487305,35.74944710816768,36.50617599487305,959600,0.0,0.0,0.0
2004-05-26,36.46205862521911,36.6249428600995,36.380617802257454,36.58082962036133,223800,0.0,0.0,0.0
2004-05-27,36.80141008183216,36.86588548948089,36.536725381528,36.750511169433594,441200,0.0,0.0,0.0
2004-05-28,36.80141979132609,36.81499370119961,36.669077406257486,36.784454345703125,179400,0.0,0.0,0.0
2004-06-01,36.75051912069396,36.84892543192743,36.563881104992284,36.81838607788086,193400,0.0,0.0,0.0
2004-06-02,36.89641233656744,37.02875463259626,36.73692223905658,36.920166015625,419600,0.0,0.0,0.0
2004-06-03,36.903220515656024,36.903220515656024,36.624961853027344,36.624961853027344,123600,0.0,0.0,0.0
2004-06-04,36.920152263136316,37.04231473534396,36.770841999559,36.845497131347656,147600,0.0,0.0,0.0
2004-06-07,37.05590480134719,37.408818500945195,37.01518568263481,37.39524459838867,207800,0.0,0.0,0.0
2004-06-08,37.36131581624904,37.46311880369592,37.27987497966605,37.44275665283203,451600,0.0,0.0,0.0
2004-06-09,37.39524315038742,37.39524315038742,37.07287139126362,37.110198974609375,202400,0.0,0.0,0.0
2004-06-10,37.17468209369188,37.22897512415046,37.12717472118151,37.19504165649414,351400,0.0,0.0,0.0
2004-06-14,37.089846862459794,37.089846862459794,36.750507010429814,36.811588287353516,611000,0.0,0.0,0.0
2004-06-15,36.98802599449124,37.259498780492066,36.974452096295565,37.113582611083984,141400,0.0,0.0,0.0
2004-06-16,37.191644747766524,37.191644747766524,37.02197483323386,37.140743255615234,137800,0.0,0.0,0.0
2004-06-17,37.100018676491345,37.13734625931509,36.90320098323109,37.130558013916016,154600,0.0,0.0,0.0
2004-06-18,37.06609066794512,37.3239870739854,37.005009395155064,37.140743255615234,829800,0.0,0.0,0.0
2004-06-21,37.208611987207405,37.262905012450766,37.032153830012376,37.04912185668945,130800,0.0,0.0,0.0
2004-06-22,36.99143739800707,37.18825254140196,36.86927484613021,37.14753341674805,314400,0.0,0.0,0.0
2004-06-23,37.13058453045447,37.547973896033234,37.08307713456211,37.531005859375,92000,0.0,0.0,0.0
2004-06-24,37.5309816594618,37.5852772705913,37.3986393435302,37.459720611572266,312200,0.0,0.0,0.0
2004-06-25,37.44616561101658,37.59208190338677,37.300249318646394,37.41901779174805,157800,0.0,0.0,0.0
2004-06-28,37.55862191317697,37.57564602119128,37.1942727484153,37.22151184082031,535600,0.19,0.0,0.0
2004-06-29,37.26917601894475,37.43262353011921,37.214695247159966,37.38154602050781,122600,0.0,0.0,0.0
2004-06-30,37.4564549300895,37.63352066486054,37.29981915758557,37.531368255615234,494000,0.0,0.0,0.0
2004-07-01,37.558613472148174,37.60287926052966,37.01379017992377,37.167022705078125,351200,0.0,0.0,0.0
2004-07-02,37.184068516356426,37.201095228394436,36.98997594951605,37.07170104980469,675000,0.0,0.0,0.0
2004-07-06,37.013794003601554,37.030820707458744,36.65285074343945,36.772029876708984,357000,0.0,0.0,0.0
2004-07-07,36.7754188894945,36.928648762370436,36.72434139923284,36.79584884643555,230400,0.0,0.0,0.0
2004-07-08,36.74139059813498,36.823113073860426,36.45195477326141,36.46897888183594,264000,0.0,0.0,0.0
2004-07-09,36.50303301401273,36.65626559257204,36.496223889546286,36.58135223388672,331600,0.0,0.0,0.0
2004-07-12,36.57112503051758,36.649441626316595,36.353196749644624,36.57112503051758,206000,0.0,0.0,0.0
2004-07-13,36.5711151160841,36.669864247507206,36.537064318537006,36.63581085205078,86200,0.0,0.0,0.0
2004-07-14,36.45195477326141,36.76522642846784,36.40087725171651,36.46897888183594,171400,0.0,0.0,0.0
2004-07-15,36.55409843596784,36.62560590978608,36.36681769918007,36.380435943603516,174200,0.0,0.0,0.0
2004-07-16,36.57114412602403,36.58135911360023,36.17955314883088,36.21360397338867,262200,0.0,0.0,0.0
2004-07-19,36.28170822041566,36.315759044973454,36.02972640328289,36.21360397338867,244000,0.0,0.0,0.0
2004-07-20,36.14549224190266,36.46897888183594,36.14549224190266,36.46897888183594,173600,0.0,0.0,0.0
2004-07-21,36.67328616181312,36.68690700734177,35.856056213378906,35.856056213378906,253800,0.0,0.0,0.0
2004-07-22,35.787929502135185,36.08077100224837,35.56659544769024,35.97861862182617,400000,0.0,0.0,0.0
2004-07-23,35.78795235616664,35.84583900182962,35.535973206054955,35.58364486694336,332400,0.0,0.0,0.0
2004-07-26,35.6517368246876,35.72665015659052,35.28398448302507,35.47807693481445,497800,0.0,0.0,0.0
2004-07-27,35.58024714560654,35.890115610179315,35.532575473812464,35.82882308959961,247800,0.0,0.0,0.0
2004-07-28,35.75049531000948,35.961614518837685,35.437223656582326,35.856056213378906,396400,0.0,0.0,0.0
2004-07-29,35.99226174908884,36.13868260039362,35.8901092980295,36.08420181274414,160200,0.0,0.0,0.0
2004-07-30,36.050139103004405,36.19655990600586,35.94798408773456,36.19655990600586,248800,0.0,0.0,0.0
2004-08-02,35.92416772340141,36.288516998291016,35.92416772340141,36.288516998291016,127400,0.0,0.0,0.0
2004-08-03,36.26464308069107,36.26464308069107,36.00925827026367,36.00925827026367,59800,0.0,0.0,0.0
2004-08-04,35.78794956550081,36.05695540120074,35.71303621911469,35.9139404296875,247200,0.0,0.0,0.0
2004-08-05,35.95820940810709,35.95820940810709,35.31123352050781,35.31123352050781,345800,0.0,0.0,0.0
2004-08-06,35.10693314132135,35.12395985151441,34.76641972075002,34.81749725341797,519800,0.0,0.0,0.0
2004-08-09,34.89579814628277,34.9536847738631,34.78342815304342,34.827693939208984,387600,0.0,0.0,0.0
2004-08-10,34.98775230628857,35.28399990340003,34.940080637499754,35.24313735961914,207400,0.0,0.0,0.0
2004-08-11,35.05584524685993,35.239722751367346,34.837916929942345,35.15459442138672,137400,0.0,0.0,0.0
2004-08-12,35.10691645698679,35.134158141184756,34.76640319824219,34.76640319824219,181800,0.0,0.0,0.0
2004-08-13,34.868563990271625,34.95369231905749,34.6983073326999,34.820892333984375,170800,0.0,0.0,0.0
2004-08-16,34.91623932685821,35.335069293801034,34.902618481067535,35.26015853881836,169000,0.0,0.0,0.0
2004-08-17,35.42357780300329,35.590428496593795,35.35887948189503,35.437198638916016,106000,0.0,0.0,0.0
2004-08-18,35.34529382514888,35.86287307739258,35.34529382514888,35.86287307739258,206600,0.0,0.0,0.0
2004-08-19,35.75730066616172,35.83902312687466,35.56320819827462,35.7538948059082,163400,0.0,0.0,0.0
2004-08-20,35.71985288848833,36.094417074395174,35.68580207120786,36.05355453491211,488600,0.0,0.0,0.0
2004-08-23,36.12846045155812,36.12846045155812,35.924152992038536,35.971824645996094,261600,0.0,0.0,0.0
2004-08-24,36.14548959219437,36.14548959219437,35.856053788538404,35.9139404296875,463200,0.0,0.0,0.0
2004-08-25,36.02629933392506,36.26806340581749,35.85604272572676,36.234012603759766,379400,0.0,0.0,0.0
2004-08-26,36.23061989930575,36.28850654361315,36.17954237871838,36.21699905395508,808600,0.0,0.0,0.0
2004-08-27,36.26463752049752,36.407652368911364,36.247610829916155,36.34976577758789,278400,0.0,0.0,0.0
2004-08-30,36.29872440910326,36.315751116620625,36.084201923102825,36.09101104736328,58200,0.0,0.0,0.0
2004-08-31,36.145491564297004,36.21699905395508,35.91394238915678,36.21699905395508,980600,0.0,0.0,0.0
2004-09-01,36.24764235601096,36.44854656839133,36.09441239914106,36.285099029541016,664800,0.0,0.0,0.0
2004-09-02,36.36681790304256,36.765217801367534,36.32595537581305,36.69371032714844,90400,0.0,0.0,0.0
2004-09-03,36.693710013247376,36.82650997821965,36.564313310415905,36.57112503051758,143400,0.0,0.0,0.0
2004-09-07,36.84353548814018,36.94569051028198,36.69030555283763,36.82651138305664,532800,0.0,0.0,0.0
2004-09-08,36.86056981802937,36.904835617897874,36.67328643798828,36.67328643798828,1112400,0.0,0.0,0.0
2004-09-09,36.70734333472706,36.884409148916134,36.60518828175315,36.74820327758789,268200,0.0,0.0,0.0
2004-09-10,36.75840743289096,37.02741323507949,36.62560746189931,36.99336242675781,654400,0.0,0.0,0.0
2004-09-13,37.0648636689887,37.19085449628738,36.99335620416828,37.05124282836914,245800,0.0,0.0,0.0
2004-09-14,37.11594767911687,37.184049296244766,37.01719851574431,37.160213470458984,502400,0.0,0.0,0.0
2004-09-15,37.1159408412018,37.1159408412018,36.880985888949326,36.92865753173828,756000,0.0,0.0,0.0
2004-09-16,36.9797321066113,37.14658284316381,36.9797321066113,37.04783630371094,559800,0.0,0.0,0.0
2004-09-17,37.201075999481816,37.258962633831544,37.03422521898137,37.160213470458984,437200,0.0,0.0,0.0
2004-09-20,37.08189118546577,37.132968689436,36.94568537418177,37.01719284057617,555400,0.0,0.0,0.0
2004-09-21,37.08189172236946,37.31003496577531,37.03422007741629,37.25555419921875,435000,0.0,0.0,0.0
2004-09-22,37.01038138051172,37.01038138051172,36.70051311447238,36.744781494140625,391800,0.0,0.0,0.0
2004-09-23,36.775444865783,36.775444865783,36.58135234401892,36.58816146850586,300200,0.0,0.0,0.0
2004-09-24,36.55410783737121,36.79587200567258,36.55410783737121,36.669883728027344,188800,0.0,0.0,0.0
2004-09-27,36.49796866972472,36.60048948633153,36.40227892403447,36.48429870605469,193600,0.1935,0.0,0.0
2004-09-28,36.42964148266236,36.72012122108899,36.36812791157244,36.68252944946289,408000,0.0,0.0,0.0
2004-09-29,36.56632718769232,36.78162331569072,36.56632718769232,36.7645378112793,439800,0.0,0.0,0.0
2004-09-30,36.80554355006992,36.914900681338196,36.703022706100725,36.8260498046875,283200,0.0,0.0,0.0
2004-10-01,37.02767411782353,37.420677185058594,37.02767411782353,37.420677185058594,205200,0.0,0.0,0.0
2004-10-04,37.59153710839976,37.74873776888871,37.54369354248047,37.54369354248047,198800,0.0,0.0,0.0
2004-10-05,37.59155412215839,37.63939770973147,37.451438896208685,37.5334587097168,80400,0.0,0.0,0.0
2004-10-06,37.48902652067516,37.762420654296875,37.48902652067516,37.762420654296875,76000,0.0,0.0,0.0
2004-10-07,37.72824491625471,37.759000385734545,37.36599731849949,37.420677185058594,236400,0.0,0.0,0.0
2004-10-08,37.386511570202366,37.482198749871635,37.03793386451563,37.10969924926758,259200,0.0,0.0,0.0
2004-10-11,37.23269806939449,37.23269806939449,37.10625550976838,37.198524475097656,630200,0.0,0.0,0.0
2004-10-12,36.942250132356556,37.198556219223896,36.897824682587135,37.116539001464844,155600,0.0,0.0,0.0
2004-10-13,37.164385095979924,37.219064983018086,36.703034630037656,36.84314727783203,159000,0.0,0.0,0.0
2004-10-14,36.87389756697024,36.87389756697024,36.49114626049982,36.51506805419922,238000,0.0,0.0,0.0
2004-10-15,36.651750932901734,36.846543351051174,36.48088029918191,36.71326446533203,243200,0.0,0.0,0.0
2004-10-18,36.668845647137466,36.92173350057665,36.52189677136617,36.8738899230957,121000,0.0,0.0,0.0
2004-10-19,36.97642842174605,37.02769016704413,36.54583601871577,36.549251556396484,388600,0.0,0.0,0.0
2004-10-20,36.48090377335521,36.617600889746626,36.262189430041204,36.559505462646484,177200,0.0,0.0,0.0
2004-10-21,36.63467234347158,36.788457518136674,36.49455974320832,36.72694396972656,225200,0.0,0.0,0.0
2004-10-22,36.80553141790563,36.80553141790563,36.381772999834006,36.395442962646484,1027600,0.0,0.0,0.0
2004-10-25,36.56291844540758,36.56291844540758,36.22117698194889,36.368125915527344,1294200,0.0,0.0,0.0
2004-10-26,36.39544096383603,36.94222640991211,36.39544096383603,36.94222640991211,1373200,0.0,0.0,0.0
2004-10-27,36.9080762889253,37.410436633356085,36.822640927145386,37.396766662597656,737600,0.0,0.0,0.0
2004-10-28,37.35233948587524,37.509540231407506,37.20197242176604,37.379676818847656,218400,0.0,0.0,0.0
2004-10-29,37.42068550424735,37.523208973198436,37.30791020985719,37.48903274536133,127400,0.0,0.0,0.0
2004-11-01,37.54027539997801,37.59153710839976,37.40699652244871,37.54369354248047,285200,0.0,0.0,0.0
2004-11-02,37.58471644513476,37.84785614880828,37.42067944283979,37.45485305786133,730600,0.0,0.0,0.0
2004-11-03,38.13148227592538,38.151985912818844,37.817081009593274,37.94010543823242,862400,0.0,0.0,0.0
2004-11-04,37.99480374312529,38.538171243076896,37.92645651541502,38.53475570678711,877200,0.0,0.0,0.0
2004-11-05,38.70220703793419,38.852574062962894,38.53133636668503,38.671451568603516,455800,0.0,0.0,0.0
2004-11-08,38.65095104074166,38.69196094653718,38.545012043203144,38.575767517089844,297000,0.0,0.0,0.0
2004-11-09,38.59968740097247,38.76372440876048,38.54501013656299,38.61677551269531,184000,0.0,0.0,0.0
2004-11-10,38.62360191575682,38.84915243305829,38.58259462699605,38.637271881103516,143200,0.0,0.0,0.0
2004-11-11,38.719306726576924,39.02687194097596,38.70221861143017,38.999534606933594,180400,0.0,0.0,0.0
2004-11-12,39.06103158985443,39.344674887009575,38.92775269158368,39.33442306518555,219000,0.0,0.0,0.0
2004-11-15,39.351514992366525,39.4027767137411,39.24899154961737,39.36176681518555,814600,0.0,0.0,0.0
2004-11-16,39.35153082307905,39.35153082307905,39.09864286511758,39.129398345947266,924000,0.0,0.0,0.0
2004-11-17,39.399362563845074,39.58048507141807,39.214821912559465,39.35835266113281,343400,0.0,0.0,0.0
2004-11-18,39.30026711148871,39.41987609863281,39.23533540106175,39.41987609863281,125000,0.0,0.0,0.0
2004-11-19,39.35151650294558,39.40277822628793,38.87991177693142,38.94142532348633,799800,0.0,0.0,0.0
2004-11-22,38.94144395946164,39.21142006480462,38.83892307099368,39.197750091552734,1622400,0.0,0.0,0.0
2004-11-23,39.19773292580096,39.30025637665192,39.00977674228043,39.211402893066406,527800,0.0,0.0,0.0
2004-11-24,39.351534381786266,39.43696975708008,39.2490108885214,39.43696975708008,189000,0.0,0.0,0.0
2004-11-26,39.43696975708008,39.59075238969665,39.43013346697936,39.43696975708008,362200,0.0,0.0,0.0
2004-11-29,39.607818894959074,39.631740682696766,39.14305049838739,39.35151290893555,237600,0.0,0.0,0.0
2004-11-30,39.36860743190436,39.382277400498374,39.19773673539908,39.26608657836914,146000,0.0,0.0,0.0
2004-12-01,39.38571391114138,39.8060571677655,39.38571391114138,39.775299072265625,566600,0.0,0.0,0.0
2004-12-02,39.761617312189415,39.93590618228085,39.69327006488472,39.754783630371094,272600,0.0,0.0,0.0
2004-12-03,39.812862211821496,40.0076546522577,39.71033877694803,39.761600494384766,212800,0.0,0.0,0.0
2004-12-06,39.79577774420867,39.86070943272062,39.62490707530734,39.7376823425293,281400,0.0,0.0,0.0
2004-12-07,39.81285947906224,39.81969315752109,39.317335661504856,39.34809112548828,138200,0.0,0.0,0.0
2004-12-08,39.37885978910618,39.54631233282062,39.26608450960716,39.50530242919922,198400,0.0,0.0,0.0
2004-12-09,39.38569261554223,39.72401583942484,39.160142061434016,39.689842224121094,215200,0.0,0.0,0.0
2004-12-10,39.641998291015625,39.78552903839114,39.5053012237286,39.641998291015625,206200,0.0,0.0,0.0
2004-12-13,39.915389167026085,40.01791000366211,39.71034227919506,40.01791000366211,156400,0.0,0.0,0.0
2004-12-14,40.03499882751241,40.284468547661405,40.02816254058038,40.19561767578125,627400,0.0,0.0,0.0
2004-12-15,40.19561683119253,40.36990303510427,40.12043332019712,40.325477600097656,316600,0.0,0.0,0.0
2004-12-16,40.2468866803636,40.383583772516985,40.089685936935275,40.25714111328125,687400,0.0,0.0,0.0
2004-12-17,39.96663911779266,40.15459785278106,39.94613547662261,40.05207443237305,935200,0.0,0.0,0.0
2004-12-20,40.20587052026185,40.270799604088374,39.908554605874414,39.98031997680664,1990600,0.0,0.0,0.0
2004-12-21,40.171702639838315,40.356240701555635,40.03842370233138,40.35282516479492,243600,0.0,0.0,0.0
2004-12-22,40.35965832641142,40.592042579869,40.35965832641142,40.50318908691406,168400,0.0,0.0,0.0
2004-12-23,40.564708188423666,40.66381351963839,40.49636094282468,40.54762268066406,1108200,0.0,0.0,0.0
2004-12-27,40.57685017096891,40.659416234455975,40.353240966796875,40.353240966796875,423200,0.3925,0.0,0.0
2004-12-28,40.40483743151096,40.690372467041016,40.40483743151096,40.690372467041016,295000,0.0,0.0,0.0
2004-12-29,40.6112545471736,40.74885940551758,40.6112545471736,40.74885940551758,226200,0.0,0.0,0.0
2004-12-30,40.73167183423436,40.821117117618286,40.70070889494389,40.71446990966797,163800,0.0,0.0,0.0
2004-12-31,40.80045981094546,40.869264860160136,40.55964870030475,40.61125183105469,286200,0.0,0.0,0.0
2005-01-03,40.869258390773915,40.88645768187183,40.21562496224463,40.31882858276367,525000,0.0,0.0,0.0
2005-01-04,40.422069006831485,40.422069006831485,39.65834949586543,39.782196044921875,244200,0.0,0.0,0.0
2005-01-05,39.82002279982578,39.88882524508625,39.50696563720703,39.50696563720703,380800,0.0,0.0,0.0
2005-01-06,39.5964168531378,39.83378978677643,39.51385338151605,39.69618225097656,201800,0.0,0.0,0.0
2005-01-07,39.768424221293394,39.78562614690682,39.46224884282092,39.56889343261719,271200,0.0,0.0,0.0
2005-01-10,39.596406399004046,39.940423835354466,39.589527205120724,39.727134704589844,584200,0.0,0.0,0.0
2005-01-11,39.665195702448166,39.665195702448166,39.39686000400053,39.486305236816406,212200,0.0,0.0,0.0
2005-01-12,39.527610882641035,39.66177749633789,39.21799461078474,39.66177749633789,434200,0.0,0.0,0.0
2005-01-13,39.57233239633782,39.65145757576439,39.27991804780917,39.3521614074707,151200,0.0,0.0,0.0
2005-01-14,39.458801896827964,39.634251537594366,39.3659183368016,39.52760696411133,243400,0.0,0.0,0.0
2005-01-18,39.54136177868734,40.00234384631571,39.427835403950965,39.95762252807617,266000,0.0,0.0,0.0
2005-01-19,39.940422401086686,39.99202553961512,39.59984588623047,39.59984588623047,199800,0.0,0.0,0.0
2005-01-20,39.47600398454302,39.53448632349422,39.26271221204193,39.359039306640625,227800,0.0,0.0,0.0
2005-01-21,39.3899873580758,39.50007280727854,39.114772422746874,39.15605545043945,390400,0.0,0.0,0.0
2005-01-24,39.149172912467,39.27989855202218,38.90148001676757,38.94620132446289,239600,0.0,0.0,0.0
2005-01-25,39.06318428398455,39.27303514805405,38.946216980819514,39.045982360839844,227000,0.0,0.0,0.0
2005-01-26,39.18358148289493,39.334947350652136,39.111338145515354,39.28678512573242,132600,0.0,0.0,0.0
2005-01-27,39.21110553638164,39.42783555975288,39.166381593320835,39.34183120727539,148800,0.0,0.0,0.0
2005-01-28,39.341824762827684,39.36590587259096,39.02876771126102,39.19733810424805,171400,0.0,0.0,0.0
2005-01-31,39.4759918494733,39.603279216866376,39.441590638585595,39.596397399902344,291400,0.0,0.0,0.0
2005-02-01,39.59639552705891,39.88537145906468,39.57919623475063,39.82000732421875,174800,0.0,0.0,0.0
2005-02-02,39.90601777357626,40.07802647087616,39.84753544640896,40.002342224121094,167000,0.0,0.0,0.0
2005-02-03,39.90601311042576,39.936973412492605,39.77872574442579,39.80280685424805,176000,0.0,0.0,0.0
2005-02-04,39.88881709572719,40.33604077248677,39.88881709572719,40.301639556884766,125200,0.0,0.0,0.0
2005-02-07,40.353240324026714,40.42892194405109,40.21563284505123,40.2844352722168,267600,0.0,0.0,0.0
2005-02-08,40.28443591389099,40.43236349683315,40.25347560856663,40.353240966796875,181600,0.0,0.0,0.0
2005-02-09,40.38764932931352,40.391090238728935,39.94042559252457,39.97482681274414,199600,0.0,0.0,0.0
2005-02-10,40.112430572509766,40.194994018255805,39.92322256664824,40.112430572509766,134400,0.0,0.0,0.0
2005-02-11,40.11243658854693,40.51837730926087,39.974829075235505,40.43925476074219,290000,0.0,0.0,0.0
2005-02-14,40.439238158108154,40.48395946609957,40.346352009283926,40.44955825805664,268000,0.0,0.0,0.0
2005-02-15,40.490845095901456,40.680055707187975,40.41860176013142,40.594051361083984,150000,0.0,0.0,0.0
2005-02-16,40.52526668072775,40.68007352164962,40.43238047645824,40.600948333740234,246400,0.0,0.0,0.0
2005-02-17,40.64566052839585,40.680061747016175,40.311963196024735,40.33604431152344,164800,0.0,0.0,0.0
2005-02-18,40.301629291665755,40.38763362108687,40.205304862657115,40.31882858276367,351200,0.0,0.0,0.0
2005-02-22,40.14684680991583,40.3566977242102,39.70994567871094,39.70994567871094,361200,0.0,0.0,0.0
2005-02-23,39.871614693484965,40.00578126112978,39.73056630846926,39.919776916503906,156600,0.0,0.0,0.0
2005-02-24,39.909453056665036,40.2500294944097,39.730562566889205,40.22250747680664,129800,0.0,0.0,0.0
2005-02-25,40.25004509541492,40.66286502089448,40.23284317158449,40.625022888183594,505200,0.0,0.0,0.0
2005-02-28,40.62845658748485,40.63877669009355,40.2293977469622,40.42204666137695,207400,0.0,0.0,0.0
2005-03-01,40.49086108916921,40.70759380672975,40.49086108916921,40.652549743652344,90600,0.0,0.0,0.0
2005-03-02,40.439253250941846,40.85895234513695,40.439253250941846,40.618141174316406,199200,0.0,0.0,0.0
2005-03-03,40.69728380413446,40.81768944120015,40.44614979712941,40.662879943847656,128400,0.0,0.0,0.0
2005-03-04,40.86240327005343,41.13417744353167,40.817681934409755,41.0722541809082,213600,0.0,0.0,0.0
2005-03-07,41.04127517146707,41.28552720040197,41.04127517146707,41.17544174194336,202600,0.0,0.0,0.0
2005-03-08,41.12728942557447,41.16169064750931,40.88647562274062,40.913997650146484,118800,0.0,0.0,0.0
2005-03-09,40.817687963812304,40.90369236212432,40.514950801980596,40.54247283935547,200400,0.0,0.0,0.0
2005-03-10,40.59405751619236,40.618138631767025,40.27756210445543,40.470211029052734,114800,0.0,0.0,0.0
2005-03-11,40.54935135197411,40.683517992420455,40.2362941078355,40.339500427246094,191800,0.0,0.0,0.0
2005-03-14,40.35326099429267,40.53902816772461,40.31197794206018,40.53902816772461,184000,0.0,0.0,0.0
2005-03-15,40.680074650520105,40.741997913536316,40.305096786721506,40.32573699951172,227400,0.0,0.0,0.0
2005-03-16,40.19843862836776,40.215640550777394,39.875064009154514,39.978267669677734,317600,0.0,0.0,0.0
2005-03-17,39.97825837129044,40.16402806659861,39.90601503833352,40.02642059326172,183800,0.0,0.0,0.0
2005-03-18,40.09523147236138,40.09523147236138,39.782174359383276,39.94042205810547,535200,0.0,0.0,0.0
2005-03-21,39.957622493894135,39.988582800807826,39.64800630153459,39.81657409667969,280600,0.0,0.0,0.0
2005-03-22,39.89913278413898,40.0780206484992,39.475990295410156,39.475990295410156,257800,0.0,0.0,0.0
2005-03-23,39.4760057845261,39.56201015442703,39.310876239472485,39.445045471191406,305600,0.0,0.0,0.0
2005-03-24,39.47197216756018,39.706801147465605,39.42707672592403,39.45470428466797,216800,0.219,0.0,0.0
2005-03-28,39.50650662248452,39.67572081472066,39.4788790628148,39.48923873901367,139800,0.0,0.0,0.0
2005-03-29,39.43742126442733,39.67225015419788,39.0920848168064,39.15769958496094,239600,0.0,0.0,0.0
2005-03-30,39.351102226065656,39.710252585329876,39.31656909501715,39.68953323364258,268600,0.0,0.0,0.0
2005-03-31,39.73098575291605,39.80350613893946,39.64465158364392,39.66537094116211,227200,0.0,0.0,0.0
2005-04-01,39.92090197897778,40.03831776816131,39.347644714425684,39.49613952636719,340200,0.0,0.0,0.0
2005-04-04,39.47197613358845,39.67572347170162,39.28894551455126,39.627376556396484,249800,0.0,0.0,0.0
2005-04-05,39.62737614942982,39.81731233954173,39.62737614942982,39.7516975402832,218800,0.0,0.0,0.0
2005-04-06,39.83457967649585,40.021061772547036,39.7689675085087,39.841487884521484,163200,0.0,0.0,0.0
2005-04-07,39.86910770852862,40.07631176742143,39.80694701780258,40.059043884277344,268000,0.0,0.0,0.0
2005-04-08,40.05904740043309,40.06940707734523,39.71371078491211,39.71371078491211,99400,0.0,0.0,0.0
2005-04-11,39.76551249774102,39.782777747992625,39.59284418696899,39.68263244628906,133400,0.0,0.0,0.0
2005-04-12,39.64464845563572,40.003796252926,39.33729904805395,39.886383056640625,164600,0.0,0.0,0.0
2005-04-13,39.85184187880774,39.87601533403143,39.33383700854952,39.45470428466797,153000,0.0,0.0,0.0
2005-04-14,39.454702523221165,39.461608095244344,38.98849868774414,38.98849868774414,217400,0.0,0.0,0.0
2005-04-15,38.92979795436324,38.99886422380976,38.35999200994688,38.36689758300781,447600,0.0,0.0,0.0
2005-04-18,38.36690021730383,38.605183342260815,38.242578815996666,38.505035400390625,850200,0.0,0.0,0.0
2005-04-19,38.72951435627104,38.85038168345532,38.65699395996047,38.82966232299805,338200,0.0,0.0,0.0
2005-04-20,38.850374999483755,38.88490813920803,38.24603583282512,38.27711486816406,199600,0.0,0.0,0.0
2005-04-21,38.67770206478676,39.03685247155347,38.48086029359541,39.0023193359375,159800,0.0,0.0,0.0
2005-04-22,38.919433435250845,39.002316115536836,38.40142853965455,38.74676513671875,191400,0.0,0.0,0.0
2005-04-25,38.953983402441914,39.16118490926881,38.881460372077896,39.126651763916016,193800,0.0,0.0,0.0
2005-04-26,38.93668945342414,39.17842394381926,38.70531463623047,38.70531463623047,317200,0.0,0.0,0.0
2005-04-27,38.59135646520494,38.957412336667474,38.41868820361565,38.84690475463867,252800,0.0,0.0,0.0
2005-04-28,38.76404159992665,38.78130948748534,38.33237075805664,38.33237075805664,158800,0.0,0.0,0.0
2005-04-29,38.57411174120737,38.79167556762695,38.20460154497762,38.79167556762695,166400,0.0,0.0,0.0
2005-05-02,38.86763141702179,38.98849868774414,38.7260421608121,38.98849868774414,190000,0.0,0.0,0.0
2005-05-03,38.90215836223893,39.17842598929878,38.819278337591825,39.10935974121094,278200,0.0,0.0,0.0
2005-05-04,39.088651100563936,39.48924019167471,38.988503169108945,39.4443473815918,352200,0.0,0.0,0.0
2005-05-05,39.471974101196004,39.58593317585654,39.18534409328166,39.371826171875,265000,0.0,0.0,0.0
2005-05-06,39.610109423065865,39.610109423065865,39.33384170675493,39.36146926879883,169000,0.0,0.0,0.0
2005-05-09,39.40291047215397,39.64119359912933,39.27168349620016,39.57903289794922,272600,0.0,0.0,0.0
2005-05-10,39.36836634153233,39.4719683594725,39.12663181261696,39.219871520996094,232200,0.0,0.0,0.0
2005-05-11,39.33385271347142,39.43745214806205,38.96779400072967,39.41673278808594,411800,0.0,0.0,0.0
2005-05-12,39.45469921766926,39.48923234430973,38.93669441393618,38.9677734375,309600,0.0,0.0,0.0
2005-05-13,39.0230477516169,39.12664981723085,38.54302994137824,38.802032470703125,421800,0.0,0.0,0.0
2005-05-16,38.850381110028465,39.212985720939436,38.82966174987701,39.188812255859375,253400,0.0,0.0,0.0
2005-05-17,39.126637582684154,39.516866989683514,39.02303554946563,39.458160400390625,176400,0.0,0.0,0.0
2005-05-18,39.713726662358916,39.989997119111635,39.658471517124234,39.93474197387695,217200,0.0,0.0,0.0
2005-05-19,39.9727105068503,40.13847323021118,39.91400391856567,40.11429977416992,267800,0.0,0.0,0.0
2005-05-20,40.03141632513043,40.12811014743558,39.91745461968119,40.059043884277344,124200,0.0,0.0,0.0
2005-05-23,40.11431188505944,40.36640619778384,40.08323021236019,40.266258239746094,236600,0.0,0.0,0.0
2005-05-24,40.21445720838728,40.31115369645502,40.11085778037955,40.266258239746094,230600,0.0,0.0,0.0
2005-05-25,40.21444207747429,40.21444207747429,39.96234785960178,40.11774826049805,214200,0.0,0.0,0.0
2005-05-26,40.24898259372705,40.41128858583708,40.210995356185975,40.34567642211914,296600,0.0,0.0,0.0
2005-05-27,40.31803343410446,40.44926034603742,40.304219658947055,40.40782165527344,147400,0.0,0.0,0.0
2005-05-31,40.40784420659361,40.438923242011576,40.24208144690207,40.29733657836914,138600,0.0,0.0,0.0
2005-06-01,40.300775911025895,40.73590071880253,40.28696476702819,40.632301330566406,278800,0.0,0.0,0.0
2005-06-02,40.49072588926086,40.72900904250522,40.49072588926086,40.69447326660156,132000,0.0,0.0,0.0
2005-06-03,40.69446688007867,40.746267901094804,40.40438537792331,40.45964050292969,171600,0.0,0.0,0.0
2005-06-06,40.490723971037816,40.54943057175719,40.33532352567249,40.5252571105957,180000,0.0,0.0,0.0
2005-06-07,40.62886145502795,40.918943005323406,40.54252728391005,40.552886962890625,305200,0.0,0.0,0.0
2005-06-08,40.66338784829461,40.684107202817316,40.380211919410364,40.45964050292969,233200,0.0,0.0,0.0
2005-06-09,40.36985451897072,40.68065802788718,40.318053495033055,40.67029571533203,186400,0.0,0.0,0.0
2005-06-10,40.71518595359214,40.73245120288819,40.42165036846737,40.618492126464844,285200,0.0,0.0,0.0
2005-06-13,40.60468126039853,40.877497512064366,40.51834710359451,40.711734771728516,200600,0.0,0.0,0.0
2005-06-14,40.69791221868763,40.94655495824573,40.673738765381074,40.84986114501953,135000,0.0,0.0,0.0
2005-06-15,40.991458825805566,40.99836703416281,40.65993596181484,40.90512466430664,177800,0.0,0.0,0.0
2005-06-16,40.88785699277039,41.122686003536835,40.88785699277039,41.09505844116211,156800,0.0,0.0,0.0
2005-06-17,41.35405160358686,41.381679159743996,41.17447775798302,41.27117156982422,139600,0.0,0.0,0.0
2005-06-20,41.1468634092927,41.354064877561946,41.09506238354798,41.267730712890625,278800,0.0,0.0,0.0
2005-06-21,41.284989914276444,41.29534959030402,41.129586869735604,41.18829345703125,206200,0.0,0.0,0.0
2005-06-22,41.354064877561946,41.39895769469557,41.11923584426757,41.267730712890625,146000,0.0,0.0,0.0
2005-06-23,41.267720003489934,41.28843935452709,40.76698303222656,40.76698303222656,185200,0.0,0.0,0.0
2005-06-24,40.76699037885868,40.76699037885868,40.3698527259217,40.421653747558594,412200,0.0,0.0,0.0
2005-06-27,40.509314107391894,40.647926487578026,40.37416776375851,40.46080017089844,378400,0.2015,0.0,0.0
2005-06-28,40.6098045390088,40.890492668083745,40.38802580722916,40.873165130615234,143400,0.0,0.0,0.0
2005-06-29,40.94247973242586,40.9528751991842,40.776144332858,40.80386734008789,235200,0.0,0.0,0.0
2005-06-30,40.90090580999126,40.9667473082544,40.564771530792115,40.60289001464844,243400,0.0,0.0,0.0
2005-07-01,40.68259482396048,40.79348424269234,40.630614830595974,40.75189971923828,101400,0.0,0.0,0.0
2005-07-05,40.69992387861208,41.13308612782597,40.658341994727586,41.10536575317383,225000,0.0,0.0,0.0
2005-07-06,41.074158937095845,41.133068343003096,40.79000473022461,40.79000473022461,130600,0.0,0.0,0.0
2005-07-07,40.37071099427715,40.92862403583177,40.37071099427715,40.907833099365234,287000,0.0,0.0,0.0
2005-07-08,40.92514776559883,41.444942197788,40.900890797849115,41.4102897644043,767400,0.0,0.0,0.0
2005-07-11,41.410299524264296,41.70484924316406,41.410299524264296,41.70484924316406,186400,0.0,0.0,0.0
2005-07-12,41.7152464165455,41.885047881566045,41.569704569795256,41.7741584777832,191600,0.0,0.0,0.0
2005-07-13,41.81573444628917,41.846923491223436,41.68058808713433,41.82612991333008,97800,0.0,0.0,0.0
2005-07-14,42.016729446147764,42.13801432197218,41.78108912576946,41.86772155761719,206800,0.0,0.0,0.0
2005-07-15,41.88504555426576,41.954350436349706,41.71178070524411,41.90237045288086,188200,0.0,0.0,0.0
2005-07-18,41.836521437053186,41.836521437053186,41.67018605915347,41.729095458984375,162200,0.0,0.0,0.0
2005-07-19,41.70485287022698,42.02019619653205,41.70485287022698,42.00286865234375,234400,0.0,0.0,0.0
2005-07-20,41.919706758136776,42.255841058513646,41.791489791286246,42.13801956176758,165800,0.0,0.0,0.0
2005-07-21,42.16573460509666,42.20731912146393,41.82267093745511,41.8815803527832,246000,0.0,0.0,0.0
2005-07-22,41.93010821287891,42.172678029312635,41.89545575964734,42.165748596191406,179000,0.0,0.0,0.0
2005-07-25,42.276616910919806,42.293944450784906,41.96473970002779,42.061767578125,174000,0.0,0.0,0.0
2005-07-26,42.08603507396469,42.1726675073354,42.01673018479294,42.1137580871582,167000,0.0,0.0,0.0
2005-07-27,42.138008081116496,42.280086517333984,42.00286171895487,42.280086517333984,552200,0.0,0.0,0.0
2005-07-28,42.363272507257555,42.57812195763549,42.276640048142504,42.571189880371094,137400,0.0,0.0,0.0
2005-07-29,42.56078283417318,42.58157377268673,42.269699119735016,42.38058853149414,464200,0.0,0.0,0.0
2005-08-01,42.39792277411256,42.446436737208295,42.26624239482594,42.321685791015625,148800,0.0,0.0,0.0
2005-08-02,42.40484902139216,42.62316182531033,42.35979845913039,42.58157730102539,167800,0.0,0.0,0.0
2005-08-03,42.522661691206366,42.65780807071519,42.498404716520476,42.61622619628906,154200,0.0,0.0,0.0
2005-08-04,42.56077905453967,42.56077905453967,42.23850631713867,42.23850631713867,212200,0.0,0.0,0.0
2005-08-05,42.186520439298384,42.186520439298384,41.85038624313117,41.91276168823242,149400,0.0,0.0,0.0
2005-08-08,42.00979879129823,42.117222157640754,41.73950339100387,41.7741584777832,116000,0.0,0.0,0.0
2005-08-09,41.9647414425544,42.08949233209131,41.888504494080564,41.98899841308594,341800,0.0,0.0,0.0
2005-08-10,42.2073162858152,42.40137206153474,41.87464546485077,42.05137634277344,191600,0.0,0.0,0.0
2005-08-11,42.051371180850246,42.28008201171195,41.94048180207797,42.25582504272461,167400,0.0,0.0,0.0
2005-08-12,42.10336071391338,42.15534070034727,41.857324931525724,41.99593734741211,157800,0.0,0.0,0.0
2005-08-15,42.10336915346978,42.47762195823783,41.909313318617805,42.210792541503906,194600,0.0,0.0,0.0
2005-08-16,42.14838383491618,42.14838383491618,41.6597785949707,41.6597785949707,192200,0.0,0.0,0.0
2005-08-17,41.694456219120994,41.8815825870386,41.61821925695323,41.65633773803711,182200,0.0,0.0,0.0
2005-08-18,41.57664134583898,41.77069716344829,41.48654286888656,41.61129379272461,209800,0.0,0.0,0.0
2005-08-19,41.798412823338055,41.82613318968135,41.68752342652958,41.75682830810547,96800,0.0,0.0,0.0
2005-08-22,41.86426900970264,41.98555656842069,41.56625313661395,41.718727111816406,737400,0.0,0.0,0.0
2005-08-23,41.756819433500816,41.756819433500816,41.51078371924127,41.66325759887695,216200,0.0,0.0,0.0
2005-08-24,41.60436167988196,41.87119107266855,41.375653415591394,41.3895149230957,179600,0.0,0.0,0.0
2005-08-25,41.50386309991152,41.552379692666406,41.406835202025604,41.52119064331055,229400,0.0,0.0,0.0
2005-08-26,41.52118040713263,41.52118040713263,41.20237378015632,41.23702621459961,170400,0.0,0.0,0.0
2005-08-29,41.219710348518525,41.548915178485785,41.067239065027316,41.524658203125,339000,0.0,0.0,0.0
2005-08-30,41.365260237476384,41.40337872427188,41.157340257205554,41.386051177978516,269400,0.0,0.0,0.0
2005-08-31,41.33752682588706,41.92662623834872,41.282080806741085,41.91969680786133,312000,0.0,0.0,0.0
2005-09-01,41.878110772221646,42.11028502038505,41.72563951273234,41.916229248046875,243600,0.0,0.0,0.0
2005-09-02,41.957807588007384,41.97166909025102,41.76028580770524,41.808799743652344,270000,0.0,0.0,0.0
2005-09-06,41.89545079680082,42.300890003589444,41.8642617419181,42.29396057128906,182400,0.0,0.0,0.0
2005-09-07,42.32861406119655,42.44643291988681,42.200397088081445,42.43257141113281,228800,0.0,0.0,0.0
2005-09-08,42.29741939876227,42.404845416412634,42.200391494158424,42.2835578918457,181400,0.0,0.0,0.0
2005-09-09,42.37020194070911,42.62316988460269,42.34941099654161,42.571189880371094,317000,0.0,0.0,0.0
2005-09-12,42.560786360789095,42.654348235664784,42.553856928647775,42.58157730102539,312600,0.0,0.0,0.0
2005-09-13,42.60584440218208,42.60584440218208,42.276642099099526,42.31129455566406,518600,0.0,0.0,0.0
2005-09-14,42.31128444700824,42.34940293326618,42.07564409732844,42.13801956176758,340000,0.0,0.0,0.0
2005-09-15,42.28355718252339,42.28355718252339,42.03405799364698,42.14841079711914,207600,0.0,0.0,0.0
2005-09-16,42.32167969806807,42.46375817225998,42.20386084574413,42.43603515625,142000,0.0,0.0,0.0
2005-09-19,42.32860046047858,42.397905338167554,42.1137511095442,42.280086517333984,199000,0.0,0.0,0.0
2005-09-20,42.35980317525831,42.415249213811315,41.84000846098075,41.86426544189453,173600,0.0,0.0,0.0
2005-09-21,41.729112357541474,41.791487819036945,41.46575164794922,41.46575164794922,739800,0.0,0.0,0.0
2005-09-22,41.32712661955857,41.6875177712488,41.27861268027444,41.60781478881836,574800,0.0,0.0,0.0
2005-09-23,41.49693464764892,41.78108891693671,41.42069768499405,41.69099044799805,158600,0.0,0.0,0.0
2005-09-26,41.89988943794095,41.952116856431154,41.607420144630765,41.74320983886719,365000,0.285,0.0,0.0
2005-09-27,41.79891979362923,41.85810962826626,41.569120214831074,41.74320983886719,979000,0.0,0.0,0.0
2005-09-28,41.8685656785965,41.87204821579144,41.590021143747435,41.78152084350586,153000,0.0,0.0,0.0
2005-09-29,41.71189689648112,42.16801110104502,41.59003197051217,42.12971115112305,198200,0.0,0.0,0.0
2005-09-30,42.48831074827683,42.48831074827683,42.077459153169904,42.251548767089844,204800,0.0,0.0,0.0
2005-10-03,42.338597932460594,42.43957023769603,42.157545884160584,42.27244567871094,388800,0.0,0.0,0.0
2005-10-04,42.3211925025983,42.331637455963914,41.75714111328125,41.75714111328125,142200,0.0,0.0,0.0
2005-10-05,41.746681101819405,41.746681101819405,41.11299514770508,41.11299514770508,271200,0.0,0.0,0.0
2005-10-06,41.17220944997838,41.29755423248591,40.569857986461805,40.945892333984375,488600,0.0,0.0,0.0
2005-10-07,40.94590925788274,41.21400896432368,40.91457437750328,41.09214401245117,374000,0.0,0.0,0.0
2005-10-10,41.10256565335064,41.10256565335064,40.71608643452138,40.73349380493164,256200,0.0,0.0,0.0
2005-10-11,40.77528157646357,40.97374368844226,40.59074695646203,40.5942268371582,356400,0.0,0.0,0.0
2005-10-12,40.636006122769885,40.80313335697701,40.200781994144045,40.29130935668945,595600,0.0,0.0,0.0
2005-10-13,40.294787855873906,40.3957575059681,39.98838839992903,40.25996780395508,665400,0.0,0.0,0.0
2005-10-14,40.49326046053548,40.705650081755515,40.24953331572022,40.68824005126953,353000,0.0,0.0,0.0
2005-10-17,40.580303602534734,40.830990498820846,40.56289357277708,40.796173095703125,289000,0.0,0.0,0.0
2005-10-18,40.803136421581776,40.803136421581776,40.3609471861039,40.381839752197266,214600,0.0,0.0,0.0
2005-10-19,40.22516109699908,40.98767474660689,40.0684814473197,40.97374725341797,316800,0.0,0.0,0.0
2005-10-20,40.973743010135664,41.043377812471114,40.15203959186965,40.36094665527344,399600,0.0,0.0,0.0
2005-10-21,40.58378320380363,40.719572934505635,40.30524132438307,40.524593353271484,235400,0.0,0.0,0.0
2005-10-24,40.74393281817358,41.23138427734375,40.684742985893486,41.23138427734375,391600,0.0,0.0,0.0
2005-10-25,41.116500820542235,41.26621805696254,40.83099384136837,41.130428314208984,265800,0.0,0.0,0.0
2005-10-26,41.06775479377414,41.34629934666869,40.89714764973504,40.977230072021484,180400,0.0,0.0,0.0
2005-10-27,40.858846286782075,40.914556257983236,40.42362209826417,40.43754959106445,321200,0.0,0.0,0.0
2005-10-28,40.69170632390786,41.08166534950682,40.472351715611815,41.07122039794922,158600,0.0,0.0,0.0
2005-10-31,41.294060406787175,41.60393974094387,41.248798058520535,41.25924301147461,252200,0.0,0.0,0.0
2005-11-01,41.381096842273394,41.47162417686897,41.25923465516191,41.33583450317383,159200,0.0,0.0,0.0
2005-11-02,41.38111366319773,41.83374786376953,41.38111366319773,41.83374786376953,343200,0.0,0.0,0.0
2005-11-03,42.0670208804952,42.16799319136812,41.83722393496145,41.9869384765625,289200,0.0,0.0,0.0
2005-11-04,42.025250742889135,42.056588268892845,41.78152623573981,41.98347091674805,298600,0.0,0.0,0.0
2005-11-07,42.12970084705438,42.15755583225728,41.875528755773736,42.014801025390625,267800,0.0,0.0,0.0
2005-11-08,41.94516275494454,42.063542447684654,41.84767297118272,41.99042510986328,573000,0.0,0.0,0.0
2005-11-09,41.990412597060235,42.23761951976131,41.84766050091864,42.09138488769531,2139200,0.0,0.0,0.0
2005-11-10,42.060066185630006,42.394318040025766,41.79544913808425,42.34209060668945,633800,0.0,0.0,0.0
2005-11-11,42.425627897537105,42.554455136307155,42.331620698064285,42.53008270263672,158800,0.0,0.0,0.0
2005-11-14,42.582326440647265,42.582326440647265,42.38734424008852,42.44305419921875,250800,0.0,0.0,0.0
2005-11-15,42.52314314695143,42.63108055202457,42.171483915332004,42.275936126708984,161200,0.0,0.0,0.0
2005-11-16,42.35600662231445,42.40823404149893,42.19236194852164,42.35600662231445,148800,0.0,0.0,0.0
2005-11-17,42.51268136584334,42.80515328601955,42.4326016344546,42.752925872802734,206800,0.0,0.0,0.0
2005-11-18,42.916563580602016,43.03494321876013,42.71810156762225,43.02798080444336,219000,0.0,0.0,0.0
2005-11-21,43.062795245299455,43.2717021936728,42.913078111959294,43.21947479248047,452800,0.0,0.0,0.0
2005-11-22,43.29609499067181,43.522412064687636,43.139415369797824,43.459739685058594,229000,0.0,0.0,0.0
2005-11-23,43.48760008833658,43.81488686151894,43.48760008833658,43.66168975830078,269600,0.0,0.0,0.0
2005-11-25,43.66167732358709,43.73479464538076,43.60248749019176,43.72086715698242,66200,0.0,0.0,0.0
2005-11-28,43.8357682988661,43.83925083517252,43.261272002562755,43.32742691040039,456800,0.0,0.0,0.0
2005-11-29,43.36573006390075,43.59900954222976,43.303057687711174,43.33439254760742,270600,0.0,0.0,0.0
2005-11-30,43.41794956651401,43.445804542865,43.08718035563551,43.163780212402344,278600,0.0,0.0,0.0
2005-12-01,43.39706010486792,43.727829319118506,43.34135280799479,43.70345687866211,1010400,0.0,0.0,0.0
2005-12-02,43.70348735792637,43.759197350049014,43.54332511517173,43.71741485595703,275600,0.0,0.0,0.0
2005-12-05,43.65819204695345,43.65819204695345,43.41794753585676,43.61989212036133,232200,0.0,0.0,0.0
2005-12-06,43.734807796273586,43.94719740951857,43.567680541635816,43.612945556640625,216400,0.0,0.0,0.0
2005-12-07,43.61642791069517,43.66517546571011,43.254323708509666,43.42841339111328,304800,0.0,0.0,0.0
2005-12-08,43.43188504744456,43.67561215077357,43.24386790706981,43.435367584228516,151000,0.0,0.0,0.0
2005-12-09,43.52590529380631,43.654729965070004,43.34833306516963,43.53635025024414,226800,0.0,0.0,0.0
2005-12-12,43.71737453955488,43.71737453955488,43.42838785521934,43.609439849853516,177800,0.0,0.0,0.0
2005-12-13,43.53983991552382,43.96461659978792,43.53983991552382,43.85668182373047,392800,0.0,0.0,0.0
2005-12-14,43.905406579224454,44.093423708774594,43.77658194600466,43.94370651245117,165200,0.0,0.0,0.0
2005-12-15,44.013349198431854,44.013349198431854,43.74873217094661,43.83229446411133,718000,0.0,0.0,0.0
2005-12-16,43.9402181281175,43.98896300821031,43.71738363157985,43.78005599975586,254600,0.0,0.0,0.0
2005-12-19,43.78008008201886,43.814897493180624,43.39360070840752,43.4110107421875,280400,0.0,0.0,0.0
2005-12-20,43.42143596826684,43.59552560136376,43.30653617288759,43.44580841064453,208600,0.0,0.0,0.0
2005-12-21,43.64079056382298,43.78702788324597,43.487593483870874,43.60249328613281,346400,0.0,0.0,0.0
2005-12-22,43.68954619224954,43.804443359375,43.59553627976785,43.804443359375,168600,0.0,0.0,0.0
2005-12-23,43.82184950951542,43.870594401894614,43.741767096951065,43.83229446411133,162400,0.0,0.0,0.0
2005-12-27,43.934501063332384,43.952001851314186,43.40242690041252,43.4304313659668,396000,0.336,0.0,0.0
2005-12-28,43.52845060176186,43.58095831458478,43.39893460353898,43.493446350097656,316000,0.0,0.0,0.0
2005-12-29,43.57394652978799,43.57744508453346,43.33241271972656,43.33241271972656,222600,0.0,0.0,0.0
2005-12-30,43.164391896816895,43.26940730150995,43.09088218179283,43.17139434814453,1390200,0.0,0.0,0.0
2006-01-03,43.30441720314639,43.91700091235619,43.00687707851796,43.80848693847656,1769800,0.0,0.0,0.0
2006-01-04,43.86800614460519,44.12704086303711,43.84350289651911,44.12704086303711,763600,0.0,0.0,0.0
2006-01-05,44.09553212910944,44.14453861894413,43.95201121555542,44.09903335571289,258200,0.0,0.0,0.0
2006-01-06,44.396562627837596,44.55058184210382,44.186534484272585,44.5330810546875,436000,0.0,0.0,0.0
2006-01-09,44.57159151338327,44.76411622042233,44.533086037844846,44.697608947753906,689600,0.0,0.0,0.0
2006-01-10,44.57510010872193,44.76762752977787,44.50159036722429,44.76062774658203,271000,0.0,0.0,0.0
2006-01-11,44.80262028191832,44.946138501133916,44.70110609239853,44.88663101196289,498000,0.0,0.0,0.0
2006-01-12,44.8621363922077,44.876135956861226,44.57859580088772,44.631103515625,309800,0.0,0.0,0.0
2006-01-13,44.673103520725135,44.715107549691844,44.4945783856579,44.68010330200195,512800,0.0,0.0,0.0
2006-01-17,44.51559581224746,44.52609682312478,44.3650750914803,44.52259826660156,377000,0.0,0.0,0.0
2006-01-18,44.1725332479463,44.459572340442925,44.11652431738461,44.38606262207031,468800,0.0,0.0,0.0
2006-01-19,44.48758574593712,44.74662311141216,44.39307398926354,44.62760543823242,337000,0.0,0.0,0.0
2006-01-20,44.603105391241414,44.60660661822961,43.82949980737864,43.843502044677734,596600,0.0,0.0,0.0
2006-01-23,43.94151675811573,44.09903993091699,43.86100722880616,43.9730224609375,593600,0.0,0.0,0.0
2006-01-24,44.099025914428424,44.29155061467706,44.01151395868279,44.10602569580078,769200,0.0,0.0,0.0
2006-01-25,44.270554395257186,44.31956088323783,43.85049535029746,44.008018493652344,522600,0.0,0.0,0.0
2006-01-26,44.3335656832565,44.43857844758166,44.13403849331989,44.382572174072266,252200,0.0,0.0,0.0
2006-01-27,44.45609411902643,44.82714412871763,44.4385906515053,44.73613357543945,516400,0.0,0.0,0.0
2006-01-30,44.77112664540393,44.872640856205024,44.72561870948931,44.7816276550293,526800,0.0,0.0,0.0
2006-01-31,44.70461826044703,44.7956314648195,44.512093512361474,44.561100006103516,385400,0.0,0.0,0.0
2006-02-01,44.58909171734926,44.767616858805994,44.5610899205869,44.73261260986328,578000,0.0,0.0,0.0
2006-02-02,44.64860454420494,44.708112038025995,44.221545737906695,44.333560943603516,428800,0.0,0.0,0.0
2006-02-03,44.14454347606691,44.34407068396264,43.98352175308559,44.116539001464844,452600,0.0,0.0,0.0
2006-02-06,44.1375441873564,44.2215576171875,44.039531189874,44.2215576171875,348200,0.0,0.0,0.0
2006-02-07,44.106024861580764,44.21804005599041,43.75597704521901,43.79098129272461,570000,0.0,0.0,0.0
2006-02-08,43.83998860255122,44.16903441076376,43.75947909883089,44.10602569580078,396400,0.0,0.0,0.0
2006-02-09,44.22853388474546,44.42456244613595,43.980000295944755,44.02200698852539,213000,0.0,0.0,0.0
2006-02-10,43.98701470927291,44.19704288798976,43.68947189621642,44.11302947998047,359000,0.0,0.0,0.0
2006-02-13,44.085023279373495,44.085023279373495,43.78748049602688,43.91349792480469,334200,0.0,0.0,0.0
2006-02-14,43.91350881741934,44.43858067735175,43.861003767948965,44.3300666809082,131000,0.0,0.0,0.0
2006-02-15,44.33706712739214,44.533093091616664,44.263554720154474,44.49808883666992,204600,0.0,0.0,0.0
2006-02-16,44.57158671084122,44.879630481957186,44.55408325269954,44.84462356567383,194200,0.0,0.0,0.0
2006-02-17,44.869153097226004,44.911162492144356,44.718635010919705,44.792144775390625,240600,0.0,0.0,0.0
2006-02-21,44.9286572593059,44.998665782197854,44.6206133490118,44.66611862182617,294200,0.0,0.0,0.0
2006-02-22,44.69761420806597,45.06866410257323,44.69761420806597,45.01615905761719,287600,0.0,0.0,0.0
2006-02-23,44.93214112597749,45.100162594247195,44.785121673578224,44.904136657714844,153800,0.0,0.0,0.0
2006-02-24,44.855136610113334,45.05116257477462,44.80613011894801,44.974151611328125,180400,0.0,0.0,0.0
2006-02-27,45.05115782990381,45.261188679238316,45.05115782990381,45.103668212890625,460600,0.0,0.0,0.0
2006-02-28,45.01617290650613,45.04417204489194,44.61361451987446,44.659122467041016,358400,0.0,0.0,0.0
2006-03-01,44.85863151209581,45.12116740937606,44.732616738402285,45.0511589050293,216400,0.0,0.0,0.0
2006-03-02,44.981147843914485,45.07215836026151,44.809622477904036,45.0196533203125,148800,0.0,0.0,0.0
2006-03-03,44.89712618453394,45.30668144475977,44.876124172415466,44.94613265991211,323200,0.0,0.0,0.0
2006-03-06,45.03016404219711,45.03016404219711,44.55059743220369,44.61710739135742,279800,0.0,0.0,0.0
2006-03-07,44.50859504179621,44.56460132211819,44.33357107597763,44.43508529663086,218400,0.0,0.0,0.0
2006-03-08,44.35807157737015,44.62760729295136,44.176045168625194,44.561100006103516,491800,0.0,0.0,0.0
2006-03-09,44.62759515696413,44.71860833658656,44.3195540414035,44.323055267333984,258400,0.0,0.0,0.0
2006-03-10,44.312566313947464,44.75012622780185,44.281063282063755,44.66961669921875,246800,0.0,0.0,0.0
2006-03-13,44.86912482475774,44.900633186420016,44.673101580339235,44.778114318847656,309200,0.0,0.0,0.0
2006-03-14,44.80262609089577,45.24368715445911,44.68361109712257,45.24018859863281,331000,0.0,0.0,0.0
2006-03-15,45.208670066813,45.50621282565677,45.152666479650456,45.443206787109375,341800,0.0,0.0,0.0
2006-03-16,45.593734291130176,45.71274928299,45.506222325120326,45.541229248046875,210000,0.0,0.0,0.0
2006-03-17,45.56223334513049,45.68825079558944,45.509722958343644,45.57623291015625,262600,0.0,0.0,0.0
2006-03-20,45.74352021554187,45.74352021554187,45.4658630849307,45.47991943359375,268800,0.263,0.0,0.0
2006-03-21,45.48344683198079,45.73650406337009,45.16712261125781,45.226871490478516,247000,0.0,0.0,0.0
2006-03-22,45.25148164266171,45.54320057564305,45.205789110094365,45.50102615356445,252200,0.0,0.0,0.0
2006-03-23,45.44476466863213,45.508026266465826,45.307692510355466,45.49045181274414,295000,0.0,0.0,0.0
2006-03-24,45.5115664471468,45.65918227665299,45.36395061764061,45.550228118896484,443800,0.0,0.0,0.0
2006-03-27,45.49750943748434,45.57132004135734,45.40964248014545,45.51859664916992,240800,0.0,0.0,0.0
2006-03-28,45.56780282467224,45.6908187125493,45.20579138237223,45.25148391723633,195800,0.0,0.0,0.0
2006-03-29,45.251480363834354,45.74353315075669,45.251480363834354,45.673240661621094,175200,0.0,0.0,0.0
2006-03-30,45.72244390516725,45.90520865916331,45.45181756589236,45.550228118896484,203600,0.0,0.0,0.0
2006-03-31,45.63809609447383,45.69432686676131,45.39909520110318,45.5748291015625,271600,0.0,0.0,0.0
2006-04-03,45.65567234147406,45.898186020148785,45.47993841350384,45.525630950927734,173400,0.0,0.0,0.0
2006-04-04,45.60293762144195,45.84193310180179,45.420172901596715,45.789215087890625,207000,0.0,0.0,0.0
2006-04-05,45.817335122664495,46.0387615165705,45.73298093380217,45.95792007446289,317200,0.0,0.0,0.0
2006-04-06,45.961453010904414,46.03525825736717,45.6908212602686,45.93684768676758,223000,0.0,0.0,0.0
2006-04-07,46.038779085384554,46.13367155072283,45.395592227665304,45.44479751586914,276600,0.0,0.0,0.0
2006-04-10,45.58537558743357,45.64512447380895,45.34286193139777,45.504539489746094,381200,0.0,0.0,0.0
2006-04-11,45.60996544902715,45.616990941767526,44.94568902151021,45.09330749511719,453600,0.0,0.0,0.0
2006-04-12,45.124958748405604,45.251487393695285,45.072240714107394,45.18470764160156,346800,0.0,0.0,0.0
2006-04-13,45.02303521211243,45.31474881779719,44.9808581033889,45.174163818359375,322200,0.0,0.0,0.0
2006-04-17,45.114398736082194,45.346368728588374,44.921090408993706,45.10385513305664,211600,0.0,0.0,0.0
2006-04-18,45.29014799766367,45.968478383404154,45.283117138932866,45.880611419677734,369600,0.0,0.0,0.0
2006-04-19,45.93682978931925,46.08093284118675,45.768126785873164,46.01766586303711,508200,0.0,0.0,0.0
2006-04-20,46.00010796787893,46.334001309550366,45.894666553937135,46.0809440612793,115800,0.0,0.0,0.0
2006-04-21,46.316422572063786,46.32345342913716,45.90520592231886,46.059852600097656,704200,0.0,0.0,0.0
2006-04-24,46.01768357494435,46.01768357494435,45.78220075619353,45.92630386352539,196000,0.0,0.0,0.0
2006-04-25,45.947381928833934,46.04227973220445,45.64160667271791,45.77867889404297,158800,0.0,0.0,0.0
2006-04-26,45.87005116354506,46.05984673956909,45.75055342336513,45.789215087890625,260400,0.0,0.0,0.0
2006-04-27,45.508051895719355,46.172325861931,45.45884661536936,45.922786712646484,313200,0.0,0.0,0.0
2006-04-28,45.901700281334925,46.16178304061499,45.8700641010934,46.01065444946289,155400,0.0,0.0,0.0
2006-05-01,46.20746254149227,46.218006144274504,45.75758427954393,45.789215087890625,403400,0.0,0.0,0.0
2006-05-02,46.01767282062997,46.077427061294806,45.90169317526847,46.059852600097656,188600,0.0,0.0,0.0
2006-05-03,46.02823254450601,46.06689422298593,45.78220075619353,45.92630386352539,196000,0.0,0.0,0.0
2006-05-04,46.14418352205409,46.20393773952512,45.98954226727246,46.14067077636719,245800,0.0,0.0,0.0
2006-05-05,46.302371410394024,46.66086471672691,46.302371410394024,46.53433609008789,428800,0.0,0.0,0.0
2006-05-08,46.558929295068644,46.66437068365764,46.523780377881714,46.57650375366211,267800,0.0,0.0,0.0
2006-05-09,46.55894169404,46.65383950533923,46.51676727256178,46.572998046875,577200,0.0,0.0,0.0
2006-05-10,46.56245695180908,46.59760588025139,46.32697414757148,46.50973892211914,677600,0.0,0.0,0.0
2006-05-11,46.4148248392823,46.42185569510145,45.82787440821685,45.90871047973633,310200,0.0,0.0,0.0
2006-05-12,45.690823437084106,45.820864833791774,45.28663752879186,45.293663024902344,431600,0.0,0.0,0.0
2006-05-15,45.13197610904586,45.37800246714489,44.991385788009,45.34285354614258,304400,0.0,0.0,0.0
2006-05-16,45.42721674390983,45.45884756129873,45.13901055088176,45.19876480102539,786400,0.0,0.0,0.0
2006-05-17,45.0054496160298,45.13549097649762,44.372806549072266,44.372806549072266,654400,0.0,0.0,0.0
2006-05-18,44.52744327424134,44.748866957435844,44.13028306152195,44.16543197631836,627600,0.0,0.0,0.0
2006-05-19,44.320084045111514,44.583684865381585,43.958072680978404,44.414981842041016,636000,0.0,0.0,0.0
2006-05-22,44.130300182326565,44.4185036976629,43.789375955827786,44.151390075683594,405600,0.0,0.0,0.0
2006-05-23,44.58367377743383,44.62233543597719,43.799902368386824,43.80693054199219,2607000,0.0,0.0,0.0
2006-05-24,43.80694141820325,44.26033515065403,43.48359172236565,43.958072662353516,788000,0.0,0.0,0.0
2006-05-25,44.284929659751874,44.566104888916016,44.14082661739668,44.566104888916016,282400,0.0,0.0,0.0
2006-05-26,44.713721759053264,44.82970674500024,44.548531509035286,44.81916046142578,350800,0.0,0.0,0.0
2006-05-30,44.780520777837474,44.780520777837474,44.00728988647461,44.00728988647461,415400,0.0,0.0,0.0
2006-05-31,44.249794505311904,44.5274543762207,44.1759865925113,44.5274543762207,402600,0.0,0.0,0.0
2006-06-01,44.530957023537006,45.09330749511719,44.44660552539429,45.09330749511719,246000,0.0,0.0,0.0
2006-06-02,45.311208917240855,45.33932697287354,44.928110464815596,45.18116760253906,370600,0.0,0.0,0.0
2006-06-05,45.00544626397521,45.07222599425977,44.31305437045465,44.4220085144043,275200,0.0,0.0,0.0
2006-06-06,44.47825236830923,44.53800125237213,43.89481451737989,44.2216796875,599400,0.0,0.0,0.0
2006-06-07,44.30250237416895,44.55907228031289,43.9334602355957,43.9334602355957,213000,0.0,0.0,0.0
2006-06-08,43.775306445409875,44.04241998710723,43.14617889266135,43.89128875732422,996600,0.0,0.0,0.0
2006-06-09,44.130281070741006,44.190032614307995,43.71203635468569,43.72257995605469,277200,0.0,0.0,0.0
2006-06-12,43.97213231496889,43.97213231496889,43.13915274618034,43.149696350097656,536200,0.0,0.0,0.0
2006-06-13,43.11454338926433,43.441408467181,42.618975311995335,42.63654708862305,1091200,0.0,0.0,0.0
2006-06-14,42.59788368280325,42.949351378804884,42.527591216197216,42.90717697143555,2880400,0.0,0.0,0.0
2006-06-15,43.335990251682375,44.007292501526905,43.09699198836629,43.898338317871094,554000,0.0,0.0,0.0
2006-06-16,43.89832304581724,43.89832304581724,43.53279625958814,43.66986846923828,415400,0.0,0.0,0.0
2006-06-19,43.86319210965658,43.89482293146373,43.19891803683543,43.23054885864258,461400,0.0,0.0,0.0
2006-06-20,43.26566860805728,43.571446438993895,43.205919749139866,43.241065979003906,2345200,0.0,0.0,0.0
2006-06-21,43.35353781922616,43.92291642652245,43.26918632678858,43.72257995605469,226400,0.0,0.0,0.0
2006-06-22,43.72258350688687,43.72258350688687,43.34651316576583,43.483585357666016,385800,0.0,0.0,0.0
2006-06-23,43.525779196660395,43.817498168718025,43.3711351591796,43.550384521484375,485600,0.0,0.0,0.0
2006-06-26,43.73569127972698,43.80275790071615,43.52742468530238,43.76393127441406,277600,0.2675,0.0,0.0
2006-06-27,43.73569886305136,43.89807482098525,43.347408294677734,43.347408294677734,238600,0.0,0.0,0.0
2006-06-28,43.541545580688386,43.654502868652344,43.252092361961104,43.654502868652344,202200,0.0,0.0,0.0
2006-06-29,43.84157646561389,44.60757064819336,43.84157646561389,44.60757064819336,400800,0.0,0.0,0.0
2006-06-30,44.79819250703382,44.801720486139715,44.49814730997568,44.586395263671875,463000,0.0,0.0,0.0
2006-07-03,44.829980427797565,44.94293775107214,44.68172444595875,44.92881774902344,199800,0.0,0.0,0.0
2006-07-05,44.64642273477109,44.70643071953886,44.3640280993354,44.561702728271484,324600,0.0,0.0,0.0
2006-07-06,44.6499447163899,44.83702999265693,44.54757674212569,44.706424713134766,194000,0.0,0.0,0.0
2006-07-07,44.70642366126486,44.73466365897285,44.24753312441045,44.33578109741211,2556200,0.0,0.0,0.0
2006-07-10,44.47697324354653,44.63229051984432,44.26870934406914,44.38872528076172,333400,0.0,0.0,0.0
2006-07-11,44.381663302169734,44.58286853451361,44.074559445175865,44.55109786987305,243600,0.0,0.0,0.0
2006-07-12,44.572275317032584,44.58286733370341,43.99689962782018,44.07455825805664,227000,0.0,0.0,0.0
2006-07-13,43.841599982830495,43.94749864717809,43.41801071166992,43.41801071166992,433400,0.0,0.0,0.0
2006-07-14,43.31210865563546,43.442716639021185,42.906170091359385,43.16385269165039,689800,0.0,0.0,0.0
2006-07-17,43.107360903380794,43.3615127449351,42.99440363165206,43.0897102355957,489800,0.0,0.0,0.0
2006-07-18,43.10736638106892,43.34033960537624,42.72260385799491,43.23444366455078,419600,0.0,0.0,0.0
2006-07-19,43.368584202888165,44.123986638693445,43.368584202888165,43.94749069213867,469400,0.0,0.0,0.0
2006-07-20,44.11692708450117,44.14163640878945,43.49919128417969,43.49919128417969,252400,0.0,0.0,0.0
2006-07-21,43.523897997853545,43.552135300264766,43.12501546712107,43.153255462646484,304600,0.0,0.0,0.0
2006-07-24,43.38271075574943,44.00397733555097,43.35094008015037,43.993385314941406,235000,0.0,0.0,0.0
2006-07-25,43.89453616831216,44.37460530150501,43.85217886975133,44.141632080078125,338200,0.0,0.0,0.0
2006-07-26,44.15927070299539,44.4451958732871,43.95806549810825,44.26163864135742,211400,0.0,0.0,0.0
2006-07-27,44.4593288024145,44.50168880000684,43.95102229687874,44.14869689941406,223800,0.0,0.0,0.0
2006-07-28,44.16633607730181,44.63934380829986,44.16633607730181,44.5369758605957,293600,0.0,0.0,0.0
2006-07-31,44.526397363681625,44.614645337320304,44.42049871806944,44.5334587097168,233800,0.0,0.0,0.0
2006-08-01,44.353423309195016,44.37107128456049,44.123978084532666,44.30400466918945,211400,0.0,0.0,0.0
2006-08-02,44.48754975879773,44.76641356407765,44.45225112247023,44.58285903930664,171000,0.0,0.0,0.0
2006-08-03,44.26518635457935,44.829972875809155,44.251066354909284,44.68171691894531,172000,0.0,0.0,0.0
2006-08-04,45.11235038509132,45.17235834110974,44.43813479522947,44.660518646240234,258600,0.0,0.0,0.0
2006-08-07,44.57933355371283,44.62522151696545,44.38871766363373,44.512264251708984,153200,0.0,0.0,0.0
2006-08-08,44.632291636799465,44.75936892183893,44.19811046406228,44.30753707885742,208400,0.0,0.0,0.0
2006-08-09,44.62522701025731,44.72406429288422,44.05338196274046,44.08161926269531,314600,0.0,0.0,0.0
2006-08-10,43.92630482914247,44.33930462993265,43.894534163558774,44.25105667114258,164000,0.0,0.0,0.0
2006-08-11,44.26164015167271,44.26164015167271,43.91570970703079,44.11338424682617,433800,0.0,0.0,0.0
2006-08-14,44.388726679615516,44.55110261308295,44.10280413297875,44.194580078125,194800,0.0,0.0,0.0
2006-08-15,44.6181526006349,44.81935776724065,44.45577673750683,44.75934982299805,294000,0.0,0.0,0.0
2006-08-16,44.94644610147668,45.23942993896319,44.9217367834425,45.19706726074219,292800,0.0,0.0,0.0
2006-08-17,45.16529986856637,45.40533709412642,45.101761236650766,45.2994384765625,653400,0.0,0.0,0.0
2006-08-18,45.35240342819965,45.4794807434082,45.11237149182217,45.4794807434082,448400,0.0,0.0,0.0
2006-08-21,45.246489945234615,45.31355925437713,45.15118602972162,45.30650329589844,278200,0.0,0.0,0.0
2006-08-22,45.18648667296179,45.40534529176805,45.147660045499755,45.32062530517578,200200,0.0,0.0,0.0
2006-08-23,45.27474523791109,45.377115918953464,44.9005746354355,45.10177993774414,167600,0.0,0.0,0.0
2006-08-24,45.23944483180242,45.23944483180242,44.93587157138109,45.09824752807617,175200,0.0,0.0,0.0
2006-08-25,45.11236633763493,45.257094310742715,45.02058768866693,45.11589431762695,297800,0.0,0.0,0.0
2006-08-28,44.98880493945333,45.44063402366988,44.98880493945333,45.377098083496094,214000,0.0,0.0,0.0
2006-08-29,45.338277628028024,45.51830154659066,45.13354169263969,45.465354919433594,203600,0.0,0.0,0.0
2006-08-30,45.504185750741335,45.613612374647886,45.47594575324468,45.56419372558594,240200,0.0,0.0,0.0
2006-08-31,45.6347875468877,45.67008888762424,45.500648915562884,45.55712890625,349000,0.0,0.0,0.0
2006-09-01,45.76539653060308,45.87835652115473,45.60302327697109,45.821876525878906,154800,0.0,0.0,0.0
2006-09-05,45.8253949393131,45.97011747392034,45.72302430800024,45.91364288330078,340000,0.0,0.0,0.0
2006-09-06,45.73011082717165,45.73011082717165,45.38418020444051,45.423004150390625,169400,0.0,0.0,0.0
2006-09-07,45.25708866363169,45.46181920220285,45.10176869058494,45.25355529785156,299200,0.0,0.0,0.0
2006-09-08,45.21826723644266,45.3877018503854,45.1935552165816,45.34534454345703,169200,0.0,0.0,0.0
2006-09-11,45.281785042164664,45.468870254396556,45.009982556926815,45.35944366455078,345200,0.0,0.0,0.0
2006-09-12,45.45830266821131,45.91013193110747,45.40888401090172,45.87483596801758,158800,0.0,0.0,0.0
2006-09-13,45.924244096881004,46.15721463579917,45.793633443325724,46.118385314941406,213800,0.0,0.0,0.0
2006-09-14,46.03014346471299,46.06191683053035,45.90659952646029,46.019554138183594,499400,0.0,0.0,0.0
2006-09-15,46.23839927101893,46.29487386725706,46.06190336548424,46.12896728515625,251800,0.0,0.0,0.0
2006-09-18,46.07954090479384,46.30898877517376,46.02659429652053,46.16426086425781,275400,0.0,0.0,0.0
2006-09-19,46.25958719576033,46.25958719576033,45.790107346531364,46.04426193237305,276400,0.0,0.0,0.0
2006-09-20,46.29486425639387,46.436064183244916,46.192499022375024,46.319576263427734,314400,0.0,0.0,0.0
2006-09-21,46.418433153395064,46.43608382499572,45.956014643093205,46.0301399230957,195400,0.0,0.0,0.0
2006-09-22,45.956000172822215,46.019536107104365,45.74067497404319,45.91364288330078,177200,0.0,0.0,0.0
2006-09-25,46.033788161064535,46.388221379654254,45.7289753767485,46.306697845458984,497400,0.2645,0.0,0.0
2006-09-26,46.30671772211637,46.62925338745117,46.20039203747768,46.62925338745117,1265000,0.0,0.0,0.0
2006-09-27,46.60797167173169,46.78518829405767,46.55480884832274,46.68594741821289,188400,0.0,0.0,0.0
2006-09-28,46.76747286095088,46.827725872973915,46.551268331586854,46.732032775878906,229400,0.0,0.0,0.0
2006-09-29,46.696596807750865,46.78520515083958,46.58672332763672,46.58672332763672,310200,0.0,0.0,0.0
2006-10-02,46.60799306363684,46.710776372143144,46.38824608172533,46.455589294433594,299400,0.0,0.0,0.0
2006-10-03,46.39531855140835,46.64696858348976,46.22519207531317,46.52646255493164,200600,0.0,0.0,0.0
2006-10-04,46.46621930185622,47.05812241046966,46.39887609286125,47.019134521484375,673000,0.0,0.0,0.0
2006-10-05,47.06874358460564,47.28140032085992,46.99785800585421,47.2459602355957,424800,0.0,0.0,0.0
2006-10-06,47.182175360561466,47.182175360561466,46.9340730470454,47.1538200378418,562000,0.0,0.0,0.0
2006-10-09,47.146712054141595,47.2884831897246,47.02974843358565,47.19987487792969,148000,0.0,0.0,0.0
2006-10-10,47.28141570253747,47.37711423950737,47.16445743407118,47.30622863769531,204200,0.0,0.0,0.0
2006-10-11,47.245977639595125,47.34876095541353,46.96242981191592,47.22116470336914,202400,0.0,0.0,0.0
2006-10-12,47.41610445689041,47.71737503964608,47.34876123898797,47.692562103271484,220200,0.0,0.0,0.0
2006-10-13,47.72444066292159,47.876849790944,47.632289953849025,47.859127044677734,193000,0.0,0.0,0.0
2006-10-16,47.859145328396124,48.032819654998036,47.795349907333126,47.99028396606445,252000,0.0,0.0,0.0
2006-10-17,47.87686641078376,47.89813155039605,47.52597538250676,47.802433013916016,392600,0.0,0.0,0.0
2006-10-18,48.14976009269628,48.14976009269628,47.69253816288506,47.869754791259766,182800,0.0,0.0,0.0
2006-10-19,47.844955907931244,47.97609450595791,47.724444468644364,47.92293167114258,184000,0.0,0.0,0.0
2006-10-20,47.97964566625853,47.97964566625853,47.749266128964805,47.90876007080078,117800,0.0,0.0,0.0
2006-10-23,47.77405293610609,48.21000970515266,47.73506506427807,48.11431121826172,441400,0.0,0.0,0.0
2006-10-24,48.09306012549325,48.23128890991211,47.99027142966536,48.23128890991211,254800,0.0,0.0,0.0
2006-10-25,48.25608359629221,48.415582881311366,48.13912538600385,48.390769958496094,187600,0.0,0.0,0.0
2006-10-26,48.58216637478317,48.68140724845119,48.291528524596835,48.64596176147461,423600,0.0,0.0,0.0
2006-10-27,48.5715224809501,48.60696796360566,48.21000451732584,48.273799896240234,460800,0.0,0.0,0.0
2006-10-30,48.19586257384279,48.394344455175904,48.07889887772313,48.291561126708984,221800,0.0,0.0,0.0
2006-10-31,48.39078282913026,48.42977071233678,48.05761462867877,48.23128890991211,211200,0.0,0.0,0.0
2006-11-01,48.447491129613375,48.45103351583497,47.82368502832443,47.841407775878906,335600,0.0,0.0,0.0
2006-11-02,47.80243200561344,47.89104035761211,47.657118418586315,47.81306457519531,157200,0.0,0.0,0.0
2006-11-03,47.97609572222656,48.02571617205325,47.642927527008744,47.80596923828125,122800,0.0,0.0,0.0
2006-11-06,47.85558645466809,48.408501546299306,47.85558645466809,48.337615966796875,254600,0.0,0.0,0.0
2006-11-07,48.45103936200519,48.66015374699966,48.34470827207149,48.504207611083984,252800,0.0,0.0,0.0
2006-11-08,48.319894866205885,48.709768270864416,48.21710617543559,48.62825012207031,231200,0.0,0.0,0.0
2006-11-09,48.74166917194239,48.74166917194239,48.27381461767595,48.362422943115234,220800,0.0,0.0,0.0
2006-11-10,48.40140827877851,48.472293853759766,48.273812080523165,48.472293853759766,165400,0.0,0.0,0.0
2006-11-13,48.51130045671708,48.7026975320912,48.40497475731456,48.582191467285156,188400,0.0,0.0,0.0
2006-11-14,48.77004173960064,48.98269855095775,48.42624088260383,48.96143341064453,703000,0.0,0.0,0.0
2006-11-15,49.01813664881815,49.3016844293331,48.97914876139455,49.14573287963867,285000,0.0,0.0,0.0
2006-11-16,49.30168802551071,49.337128120520106,49.177634172416624,49.25206756591797,501600,0.0,0.0,0.0
2006-11-17,49.07131281226846,49.23080679203369,49.00396958769023,49.227264404296875,370600,0.0,0.0,0.0
2006-11-20,49.30167803881137,49.37610600901188,49.15990146281904,49.25559997558594,249200,0.0,0.0,0.0
2006-11-21,49.344206089109385,49.38319396972656,49.22724244725787,49.38319396972656,282800,0.0,0.0,0.0
2006-11-22,49.49661041177878,49.53559829286429,49.351296862481135,49.52142333984375,168800,0.0,0.0,0.0
2006-11-24,49.32295485784695,49.49662376827286,49.266244214015174,49.37611770629883,130000,0.0,0.0,0.0
2006-11-27,49.35485270233031,49.35485270233031,48.59282302856445,48.59282302856445,489200,0.0,0.0,0.0
2006-11-28,48.53964897378223,48.8196543648834,48.45813081292798,48.77711868286133,326000,0.0,0.0,0.0
2006-11-29,49.01103431914403,49.31938954710451,48.98622680141822,49.276859283447266,312200,0.0,0.0,0.0
2006-11-30,49.37257733668997,49.54624625421263,49.092571901468915,49.354854583740234,342800,0.0,0.0,0.0
2006-12-01,49.425735803801786,49.42928359901202,48.837375070691024,49.21662139892578,248000,0.0,0.0,0.0
2006-12-04,49.3300366060379,49.76599356949845,49.32295183216204,49.69865036010742,360600,0.0,0.0,0.0
2006-12-05,49.790790018191544,49.921934020861734,49.68091655709015,49.879398345947266,237400,0.0,0.0,0.0
2006-12-06,49.88650446567765,49.95029988609791,49.73410068919048,49.85105895996094,197000,0.0,0.0,0.0
2006-12-07,49.98219520981416,50.01763530177913,49.62067165913771,49.62776184082031,159200,0.0,0.0,0.0
2006-12-08,49.66673786698302,49.893574952639874,49.500153790679406,49.71281051635742,204000,0.0,0.0,0.0
2006-12-11,49.77663399325929,49.914862820791704,49.68447783608755,49.81916427612305,209600,0.0,0.0,0.0
2006-12-12,49.826234916418095,49.83686748296371,49.48952435661968,49.74116897583008,186000,0.0,0.0,0.0
2006-12-13,49.98928067764441,49.98928067764441,49.719913260428115,49.82624435424805,281000,0.0,0.0,0.0
2006-12-14,49.88295224068553,50.26574091238962,49.868771877905495,50.205482482910156,280400,0.0,0.0,0.0
2006-12-15,50.432306982982816,50.432306982982816,50.19129495831979,50.21965026855469,309000,0.0,0.0,0.0
2006-12-18,50.34725203416999,50.38978230011942,49.939650488670146,50.01408386230469,274600,0.0,0.0,0.0
2006-12-19,49.90421713340305,50.162951966527835,49.70218752645066,50.08497619628906,305800,0.0,0.0,0.0
2006-12-20,50.15232905835177,50.24447980082668,50.024732810496225,50.063720703125,228800,0.0,0.0,0.0
2006-12-21,50.14877980685851,50.18421989916339,49.76244332069976,49.8687744140625,406800,0.0,0.0,0.0
2006-12-22,49.92650468596847,49.92650468596847,49.58452095448255,49.58808135986328,409200,0.356,0.0,0.0
2006-12-26,49.64504714194008,49.88728500285774,49.60942136910878,49.8765983581543,219400,0.0,0.0,0.0
2006-12-27,50.036918979823035,50.254223192117294,50.036918979823035,50.218597412109375,274000,0.0,0.0,0.0
2006-12-28,50.25778261713015,50.25778261713015,50.06185170236376,50.1473503112793,358400,0.0,0.0,0.0
2006-12-29,50.17587840512578,50.239998321508146,49.87307541580769,49.9478874206543,433800,0.0,0.0,0.0
2007-01-03,50.282722090388084,50.35753406124969,49.53462956042889,49.85523986816406,798600,0.0,0.0,0.0
2007-01-04,49.8552370924605,50.083227960668616,49.57737339169845,49.95498275756836,3305000,0.0,0.0,0.0
2007-01-05,49.87304450143945,49.87304450143945,49.46337523875553,49.55955505371094,382000,0.0,0.0,0.0
2007-01-08,49.70207051887442,49.805376613455856,49.39214136366528,49.74125671386719,299000,0.0,0.0,0.0
2007-01-09,49.837436563250186,49.837436563250186,49.4633929441848,49.74125671386719,267000,0.0,0.0,0.0
2007-01-10,49.58092645852592,49.908668379073475,49.50611993863049,49.85166931152344,359200,0.0,0.0,0.0
2007-01-11,49.99774251537107,50.33972615271093,49.94430383497103,50.22929382324219,336400,0.0,0.0,0.0
2007-01-12,50.26491764674644,50.56058883666992,50.19366607566292,50.56058883666992,346200,0.0,0.0,0.0
2007-01-16,50.638957262437806,50.638957262437806,50.407405981690744,50.46440505981445,390000,0.0,0.0,0.0
2007-01-17,50.43234641106968,50.63539815796603,50.393160223320365,50.50002670288086,334000,0.0,0.0,0.0
2007-01-18,50.50003132244724,50.539217513781175,50.15804768510738,50.22929382324219,444600,0.0,0.0,0.0
2007-01-19,50.158051006400456,50.439475173174074,50.158051006400456,50.425228118896484,328600,0.0,0.0,0.0
2007-01-22,50.475072082987865,50.475072082987865,50.058276678252795,50.2257080078125,379600,0.0,0.0,0.0
2007-01-23,50.2150233556935,50.503573613820286,50.12239852714855,50.368202209472656,295400,0.0,0.0,0.0
2007-01-24,50.51428908074516,50.827773208384784,50.40741714452899,50.81352615356445,284800,0.0,0.0,0.0
2007-01-25,50.87761999413052,50.87761999413052,50.16870851061833,50.24351501464844,425400,0.0,0.0,0.0
2007-01-26,50.39671583077669,50.425215367857454,50.01910647698566,50.21147155761719,192600,0.0,0.0,0.0
2007-01-29,50.289842243494604,50.42877408478434,50.1366633520065,50.2221565246582,274600,0.0,0.0,0.0
2007-01-30,50.39672275636195,50.51071548461914,50.264917135515056,50.51071548461914,190800,0.0,0.0,0.0
2007-01-31,50.46798015125468,50.97740072717624,50.37536069914751,50.877655029296875,272000,0.0,0.0,0.0
2007-02-01,51.012990256964954,51.19467408209932,50.93105750516236,51.169734954833984,452400,0.0,0.0,0.0
2007-02-02,51.23386764526367,51.294427117132194,51.11986950828974,51.23386764526367,468800,0.0,0.0,0.0
2007-02-05,51.29800544246725,51.29800544246725,51.10207447342248,51.2944450378418,306000,0.0,0.0,0.0
2007-02-06,51.404868434227765,51.404868434227765,51.09850518202034,51.297996520996094,386200,0.0,0.0,0.0
2007-02-07,51.447606880613215,51.51529259613574,51.29442799662474,51.46541976928711,511400,0.0,0.0,0.0
2007-02-08,51.290870020960384,51.454741011860946,51.1733114605661,51.401302337646484,178200,0.0,0.0,0.0
2007-02-09,51.40486615554704,51.52598511516601,50.82063921627373,51.013004302978516,591800,0.0,0.0,0.0
2007-02-12,51.08424626218717,51.08424626218717,50.728010220091775,50.831321716308594,273400,0.0,0.0,0.0
2007-02-13,50.87051084100145,51.262367248535156,50.87051084100145,51.262367248535156,235600,0.0,0.0,0.0
2007-02-14,51.34431924359114,51.67561626171265,51.29800680357022,51.6043701171875,361400,0.0,0.0,0.0
2007-02-15,51.63639403682391,51.70051932716487,51.515275132070386,51.615020751953125,396800,0.0,0.0,0.0
2007-02-16,51.52954089871348,51.650665283203125,51.44404772816853,51.650665283203125,323800,0.0,0.0,0.0
2007-02-20,51.61860398955753,51.85728693814767,51.408426014376786,51.80384826660156,372400,0.0,0.0,0.0
2007-02-21,51.700535041101986,51.83946687071784,51.56872401812163,51.82521438598633,348200,0.0,0.0,0.0
2007-02-22,51.93564110522047,51.97482728042909,51.568718480871425,51.807395935058594,293800,0.0,0.0,0.0
2007-02-23,51.73259208942957,51.753965379603116,51.508161671147484,51.63997268676758,239600,0.0,0.0,0.0
2007-02-26,51.796717333716465,51.88577634249915,51.39773471380381,51.57229232788086,396200,0.0,0.0,0.0
2007-02-27,50.99518690663167,51.04149933122452,48.152424831949034,49.6593017578125,1636800,0.0,0.0,0.0
2007-02-28,49.88373895295236,50.35397319812361,49.65930847814506,50.051170349121094,942400,0.0,0.0,0.0
2007-03-01,49.14632365358501,50.15090640223327,48.9361402708752,49.908668518066406,1121000,0.0,0.0,0.0
2007-03-02,49.712723242840184,49.880154558480825,49.17836936800291,49.19618225097656,387000,0.0,0.0,0.0
2007-03-05,48.73310025116589,49.363639679020984,48.565668846957294,48.62622833251953,808200,0.0,0.0,0.0
2007-03-06,49.05369866067718,49.62011262552122,49.01807832026507,49.445560455322266,541200,0.0,0.0,0.0
2007-03-07,49.50966665132452,49.72341037766666,49.35648781483804,49.4063606262207,320200,0.0,0.0,0.0
2007-03-08,49.855227119572675,50.00128518416755,49.65573582926259,49.81960678100586,474800,0.0,0.0,0.0
2007-03-09,50.15804096417719,50.15804096417719,49.63081308974722,49.837425231933594,600800,0.0,0.0,0.0
2007-03-12,49.819612167944825,50.076102550571804,49.723426915527064,49.96923065185547,242000,0.0,0.0,0.0
2007-03-13,49.69492333164665,49.873041336419575,48.97532507035959,49.071510314941406,451400,0.0,0.0,0.0
2007-03-14,49.075088528473955,49.32801857876598,48.48374066917114,49.320892333984375,543000,0.0,0.0,0.0
2007-03-15,49.38502098883589,49.609446075103804,49.249649507536304,49.51682662963867,331800,0.0,0.0,0.0
2007-03-16,49.50613106845551,49.65930998173691,49.21045445426311,49.30307388305664,192200,0.0,0.0,0.0
2007-03-19,49.65930725701948,49.92292391244204,49.556001185792276,49.86592483520508,519400,0.0,0.0,0.0
2007-03-20,49.94072098523084,50.204332121425544,49.81603622273426,50.19364547729492,359200,0.0,0.0,0.0
2007-03-21,50.30052667617649,51.14124392987654,50.15446859835073,50.99518585205078,377600,0.0,0.0,0.0
2007-03-22,51.155496483753396,51.155496483753396,50.859819924245315,51.023685455322266,302200,0.0,0.0,0.0
2007-03-23,51.09494406163941,51.18400309160314,50.99519838293858,51.123443603515625,600000,0.0,0.0,0.0
2007-03-26,51.19535593805787,51.19535593805787,50.64082795374448,51.037940979003906,380600,0.3055,0.0,0.0
2007-03-27,51.016487104675626,51.016487104675626,50.701657119861565,50.83402633666992,383800,0.0,0.0,0.0
2007-03-28,50.701641303463724,50.737419412022376,50.318836285983295,50.50129699707031,663600,0.0,0.0,0.0
2007-03-29,50.962812186337445,50.962812186337445,50.2794905998676,50.640830993652344,863000,0.0,0.0,0.0
2007-03-30,50.819687390044635,50.88050578932008,50.172144214202795,50.612186431884766,493200,0.0,0.0,0.0
2007-04-02,50.79467173523241,50.79467173523241,50.461958155122645,50.73743438720703,342800,0.0,0.0,0.0
2007-04-03,51.07013527874452,51.31699004599693,50.905563614251854,51.19892883300781,216600,0.0,0.0,0.0
2007-04-04,51.2096836836605,51.60322123327156,51.10593585274972,51.25261306762695,1362600,0.0,0.0,0.0
2007-04-05,51.25258775848648,51.477977830961194,51.19535042778755,51.395694732666016,411800,0.0,0.0,0.0
2007-04-09,51.599613964436244,51.60319505060018,51.41000200282319,51.456512451171875,335800,0.0,0.0,0.0
2007-04-10,51.499460076579965,51.617521323428825,51.474419759416435,51.599632263183594,237600,0.0,0.0,0.0
2007-04-11,51.67832646700985,51.67832646700985,51.16673332124513,51.27048110961914,265400,0.0,0.0,0.0
2007-04-12,51.1774822700655,51.60679244995118,51.08804242179868,51.60679244995117,316200,0.0,0.0,0.0
2007-04-13,51.69979212413674,51.77849960327148,51.46367514570598,51.778499603271484,235200,0.0,0.0,0.0
2007-04-16,52.00031055850265,52.340180763276095,52.00031055850265,52.30082702636719,697600,0.0,0.0,0.0
2007-04-17,52.37594570434225,52.515471576668425,52.265041223643536,52.38310241699219,307600,0.0,0.0,0.0
2007-04-18,52.2686358717673,52.554838944359346,52.211393073659416,52.42962646484375,847000,0.0,0.0,0.0
2007-04-19,52.15415865149323,52.443942857364824,52.04682975254738,52.333038330078125,452600,0.0,0.0,0.0
2007-04-20,52.73369621783671,52.81956037856398,52.54050867991457,52.798095703125,387800,0.0,0.0,0.0
2007-04-23,52.82316002525003,52.898291882422754,52.63354802735443,52.694366455078125,231200,0.0,0.0,0.0
2007-04-24,52.81243020169745,52.81243020169745,52.41174150159453,52.687217712402344,185400,0.0,0.0,0.0
2007-04-25,53.030654418404836,53.21669076505398,52.726562317988424,53.1558723449707,330400,0.0,0.0,0.0
2007-04-26,53.188063612881294,53.266771079524105,52.99129494627426,53.17375564575195,376600,0.0,0.0,0.0
2007-04-27,53.095051431786,53.22384497973044,52.94121211611515,53.11651611328125,554800,0.0,0.0,0.0
2007-04-30,53.216701330571354,53.216701330571354,52.63713295202781,52.647865295410156,471000,0.0,0.0,0.0
2007-05-01,52.69796264324836,52.79097812542643,52.3902893296127,52.76593780517578,310000,0.0,0.0,0.0
2007-05-02,52.89470960956057,53.270352471311824,52.823153389252546,53.1558723449707,438600,0.0,0.0,0.0
2007-05-03,53.19521438758542,53.42775567554279,53.1737497098013,53.39198303222656,406400,0.0,0.0,0.0
2007-05-04,53.59592986763274,53.65674830491264,53.34549940266413,53.54941940307617,440400,0.0,0.0,0.0
2007-05-07,53.58159602542455,53.69250050215289,53.58159602542455,53.635257720947266,329800,0.0,0.0,0.0
2007-05-08,53.44207811579923,53.592336344608874,53.28823880077344,53.58160400390625,349600,0.0,0.0,0.0
2007-05-09,53.513630244781844,53.84634373303493,53.32401827554605,53.771217346191406,423600,0.0,0.0,0.0
2007-05-10,53.617364695288686,53.653142795633315,53.01990754054073,53.09503936767578,513000,0.0,0.0,0.0
2007-05-11,53.28108049929643,53.59591037445113,53.180908349742246,53.59233474731445,279800,0.0,0.0,0.0
2007-05-14,53.65673917333235,53.731871029523965,53.25605049757383,53.43135452270508,419400,0.0,0.0,0.0
2007-05-15,53.556550291705015,53.78909704336932,53.28465526928326,53.288230895996094,439000,0.0,0.0,0.0
2007-05-16,53.54584474183793,53.74618911743164,53.284681927865755,53.74618911743164,676800,0.0,0.0,0.0
2007-05-17,53.69968589740039,53.846363096498536,53.5422708944902,53.61739730834961,290600,0.0,0.0,0.0
2007-05-18,53.84277002846104,54.050271059727244,53.778375980295614,54.01807403564453,263800,0.0,0.0,0.0
2007-05-21,54.050268681524386,54.36867419882564,54.0252229134688,54.171905517578125,502600,0.0,0.0,0.0
2007-05-22,54.23990009111843,54.37942603165644,54.125414468638546,54.16476821899414,446200,0.0,0.0,0.0
2007-05-23,54.39730167177388,54.53682757788841,54.12182548724954,54.136138916015625,426000,0.0,0.0,0.0
2007-05-24,54.22557174092824,54.390137937683754,53.48500747860973,53.58160400390625,859800,0.0,0.0,0.0
2007-05-25,53.824888194537955,53.96441410992223,53.688943366069914,53.842777252197266,289400,0.0,0.0,0.0
2007-05-29,54.00734418568151,54.16117805826644,53.83204017041112,54.057430267333984,242600,0.0,0.0,0.0
2007-05-30,53.753322760397154,54.52250289916992,53.753322760397154,54.52250289916992,295200,0.0,0.0,0.0
2007-05-31,54.68352267884081,54.715719712452454,54.46528924162605,54.60839080810547,245400,0.0,0.0,0.0
2007-06-01,54.75506235470003,54.94109872056459,54.66562252905007,54.8301887512207,456600,0.0,0.0,0.0
2007-06-04,54.758626139661544,54.958970432352515,54.636989313238104,54.91961669921875,265800,0.0,0.0,0.0
2007-06-05,54.787284804099535,54.787284804099535,54.42952533549265,54.640602111816406,390400,0.0,0.0,0.0
2007-06-06,54.46524809988653,54.46524809988653,53.98942783525215,54.08244323730469,544000,0.0,0.0,0.0
2007-06-07,54.01091629071166,54.068159082859246,53.0163459777832,53.0163459777832,791800,0.0,0.0,0.0
2007-06-08,53.23457440742108,53.76763216529341,53.00918434610868,53.742591857910156,1175600,0.0,0.0,0.0
2007-06-11,53.671042962720925,54.003756437160106,53.56371409842762,53.80698776245117,882000,0.0,0.0,0.0
2007-06-12,53.61378613852853,53.832019437171006,53.14512252807617,53.14512252807617,408000,0.0,0.0,0.0
2007-06-13,53.49932291216805,53.97514343261719,53.39557511790745,53.97514343261719,488400,0.0,0.0,0.0
2007-06-14,54.03238099335055,54.418761652032394,54.03238099335055,54.36151885986328,445000,0.0,0.0,0.0
2007-06-15,54.74790268734849,54.851655936531884,54.58691210165622,54.65130615234375,364000,0.0,0.0,0.0
2007-06-18,54.71927881083404,54.76578926242819,54.50820215339983,54.56544494628906,532800,0.0,0.0,0.0
2007-06-19,54.522512800832565,54.73717055522676,54.382986898168376,54.71570587158203,588000,0.0,0.0,0.0
2007-06-20,54.84808149309295,54.84808149309295,53.97872894967561,53.996612548828125,806200,0.0,0.0,0.0
2007-06-21,53.97515034532679,54.325758432017885,53.671058179083715,54.26493453979492,957400,0.0,0.0,0.0
2007-06-22,54.021645491037795,54.15759574974084,53.57802206614608,53.80698776245117,670600,0.0,0.0,0.0
2007-06-25,53.68167087894755,54.01565790922157,53.257908634691695,53.42669677734375,642600,0.2855,0.0,0.0
2007-06-26,53.66729411479196,53.685251344726936,52.97059523962173,52.99214172363281,603000,0.0,0.0,0.0
2007-06-27,52.96700601394482,53.77503204345703,52.8484948720431,53.77503204345703,456600,0.0,0.0,0.0
2007-06-28,53.760668794638164,54.065925291205254,53.728349065762416,53.767852783203125,310800,0.0,0.0,0.0
2007-06-29,53.97971424952897,54.177232764946964,53.344065747102235,53.64573287963867,292400,0.0,0.0,0.0
2007-07-02,53.68886748856045,54.32092174848091,53.68886748856045,54.26705551147461,412600,0.0,0.0,0.0
2007-07-03,54.40708783647435,54.51123100604938,54.35322162458683,54.500457763671875,221400,0.0,0.0,0.0
2007-07-05,54.57588557569931,54.57588557569931,54.22753606458428,54.471736907958984,375800,0.0,0.0,0.0
2007-07-06,54.56868536890286,54.798523644858285,54.36757756241396,54.77338790893555,285400,0.0,0.0,0.0
2007-07-09,54.891912505136816,54.891912505136816,54.593839976055584,54.74467086791992,272400,0.0,0.0,0.0
2007-07-10,54.49686823769772,54.55432918327613,53.933042983792156,53.99409866333008,365000,0.0,0.0,0.0
2007-07-11,53.98691019783785,54.399899065404924,53.83607933803656,54.38912582397461,417200,0.0,0.0,0.0
2007-07-12,54.62974247269115,55.27975367224452,54.550735041607346,55.211524963378906,375800,0.0,0.0,0.0
2007-07-13,55.24025372049994,55.54550471313466,55.16124629187042,55.37671661376953,341600,0.0,0.0,0.0
2007-07-16,55.391079479527114,55.5598675633203,55.20792342106652,55.33720779418945,338400,0.0,0.0,0.0
2007-07-17,55.37313149997499,55.52396238051534,55.240257850879885,55.30489730834961,493600,0.0,0.0,0.0
2007-07-18,54.88831071612853,55.2222976678706,54.71234410479215,55.17919921875,984400,0.0,0.0,0.0
2007-07-19,55.44135712865533,55.49881258871739,55.27974755038636,55.31207275390625,335200,0.0,0.0,0.0
2007-07-20,55.36954829456533,55.36954829456533,54.5579327741596,54.81650161743164,795600,0.0,0.0,0.0
2007-07-23,55.01759095861947,55.18278979495048,54.902674555770176,54.92422103881836,803200,0.0,0.0,0.0
2007-07-24,54.55791403679553,54.6620626772279,53.72834156611387,53.961769104003906,619400,0.0,0.0,0.0
2007-07-25,54.28858301245543,54.313724234115575,53.53442855932166,53.97255325317383,666400,0.0,0.0,0.0
2007-07-26,53.32971758188379,53.60264884392651,52.11588117901659,52.694068908691406,996000,0.0,0.0,0.0
2007-07-27,52.852099373130656,53.16094518603252,51.64544660176742,51.70290756225586,1243600,0.0,0.0,0.0
2007-07-30,52.05125077937353,52.625843875142465,51.7675407462776,52.46783447265625,1127400,0.0,0.0,0.0
2007-07-31,52.91673299411035,53.09269961323575,51.69212324981204,51.74958419799805,1254400,0.0,0.0,0.0
2007-08-01,51.738793053583485,52.241562476808944,51.23960740368543,52.05481719970703,1423000,0.0,0.0,0.0
2007-08-02,52.23438589641175,52.539642326503945,52.00454763038373,52.496543884277344,456400,0.0,0.0,0.0
2007-08-03,52.395997241591296,52.4319117017911,50.891277803299374,51.13188934326172,1675600,0.0,0.0,0.0
2007-08-06,51.32939911645798,52.0727856522695,50.69375595427999,51.993778228759766,1626600,0.0,0.0,0.0
2007-08-07,51.80345017503621,52.83054133010672,51.69212301329622,52.38522720336914,513000,0.0,0.0,0.0
2007-08-08,52.8377168038237,53.47335994354061,52.53246036197928,53.17529296875,1631000,0.0,0.0,0.0
2007-08-09,52.30622147661525,52.880820015039525,51.706487197515465,51.73162841796875,703200,0.0,0.0,0.0
2007-08-10,51.27195931249823,52.15539825638981,50.89487930873928,51.61312484741211,968800,0.0,0.0,0.0
2007-08-13,52.320583203812326,52.320583203812326,51.71366500854492,51.71366500854492,1150000,0.0,0.0,0.0
2007-08-14,51.80343220828392,51.889623600275186,50.812255859375,50.812255859375,920200,0.0,0.0,0.0
2007-08-15,50.787153295294246,51.30788033702501,49.98631086615576,50.13355255126953,1019000,0.0,0.0,0.0
2007-08-16,49.63075424234003,50.45673751831055,48.7473155010862,50.45673751831055,2626200,0.0,0.0,0.0
2007-08-17,51.61310562867435,51.89322084607032,50.57165217730743,51.37608337402344,1781400,0.0,0.0,0.0
2007-08-20,51.602363585448884,51.71369079303022,50.955941354580034,51.48385238647461,1095800,0.0,0.0,0.0
2007-08-21,51.37248239946937,51.84293206802237,51.293474999278374,51.49099349975586,608400,0.0,0.0,0.0
2007-08-22,52.05842055186798,52.24875511358661,51.75675336821012,52.209251403808594,1192200,0.0,0.0,0.0
2007-08-23,52.50731485781643,52.51808809683949,51.817794681686635,52.12664031982422,1235400,0.0,0.0,0.0
2007-08-24,52.10870267306406,52.73716735839844,52.03687375377553,52.73716735839844,994200,0.0,0.0,0.0
2007-08-27,52.58633840504246,52.60429563738927,52.18771743774414,52.18771743774414,1178400,0.0,0.0,0.0
2007-08-28,51.9183862480957,51.965068486225206,51.01698450571383,51.11753845214844,2046000,0.0,0.0,0.0
2007-08-29,51.38327732936828,52.17693543936676,51.22885171661253,52.13384246826172,2224400,0.0,0.0,0.0
2007-08-30,51.641836141682674,52.36726540058457,51.641836141682674,51.99736404418945,1506400,0.0,0.0,0.0
2007-08-31,52.58633799655043,52.819771055689785,52.25594574709177,52.51092529296875,1065600,0.0,0.0,0.0
2007-09-04,52.46784781375235,53.41593186863138,52.46784781375235,53.1214485168457,1268600,0.0,0.0,0.0
2007-09-05,52.83772379977388,52.86645427290961,52.37086320092899,52.65456771850586,2152400,0.0,0.0,0.0
2007-09-06,52.66894464243031,52.934691974470674,52.40678108544674,52.812591552734375,1160400,0.0,0.0,0.0
2007-09-07,52.108712702041075,52.26313285272172,51.728037987788646,52.04765701293945,2222800,0.0,0.0,0.0
2007-09-10,52.18411197282598,52.23438892519187,51.31862506159178,51.824989318847656,816200,0.0,0.0,0.0
2007-09-11,52.00097636429694,52.525292521392984,51.997381629664986,52.503746032714844,636800,0.0,0.0,0.0
2007-09-12,52.41395798807402,52.76949144070619,52.28826832849688,52.68330001831055,997400,0.0,0.0,0.0
2007-09-13,52.762294846674635,53.110644227604524,52.6330104838576,52.88080596923828,753600,0.0,0.0,0.0
2007-09-14,52.543222637310684,52.97057937479345,52.525265412753946,52.927486419677734,782600,0.0,0.0,0.0
2007-09-17,52.78026592412691,52.8269536306608,52.46783091523763,52.64739227294922,573000,0.0,0.0,0.0
2007-09-18,52.91311763029731,54.159273374371544,52.7012366312191,54.116180419921875,1233200,0.0,0.0,0.0
2007-09-19,54.52918732301706,54.8703527787361,54.29575976904544,54.50764083862305,1256800,0.0,0.0,0.0
2007-09-20,54.45376824919885,54.539954176679544,54.04795790805502,54.177242279052734,770800,0.0,0.0,0.0
2007-09-21,54.46095011488873,54.60100773545797,54.3065299987793,54.3065299987793,503400,0.0,0.0,0.0
2007-09-24,54.36855893485214,54.581343350559955,54.033153551089654,54.152164459228516,823000,0.321,0.0,0.0
2007-09-25,53.780703889727604,54.12693402989135,53.71217877321614,54.02595138549805,1025000,0.0,0.0,0.0
2007-09-26,54.41545552747914,54.5561103111242,54.17742266188253,54.422664642333984,321400,0.0,0.0,0.0
2007-09-27,54.621009881919264,54.740026280983635,54.45871679342769,54.72199249267578,549400,0.0,0.0,0.0
2007-09-28,54.945608441939484,54.945608441939484,54.34692181524861,54.530853271484375,518800,0.0,0.0,0.0
2007-10-01,54.639035383952596,55.30624692818044,54.639035383952596,55.23411178588867,579200,0.0,0.0,0.0
2007-10-02,55.32430123848782,55.34594509324115,55.071844631112036,55.14397430419922,802200,0.0,0.0,0.0
2007-10-03,55.08986871554503,55.270195618050906,54.923965543857875,55.057411193847656,528000,0.0,0.0,0.0
2007-10-04,55.21610394021956,55.21610394021956,54.97085647256093,55.16200256347656,399000,0.0,0.0,0.0
2007-10-05,55.51905517459187,55.933804905505134,55.37479033108298,55.76069259643555,573600,0.0,0.0,0.0
2007-10-08,55.767916230904575,55.767916230904575,55.47939200037953,55.68857192993164,343800,0.0,0.0,0.0
